text_embedding_idx,xlsx_row_idx,chapter,story_quartile,is_chapter_heading,text,segmented_words,character_count,token_count,present_keyword_ids,present_keywords,core_keyword_ids,main_keyword_ids,extended_keyword_ids,keyword_count_all,core_count,main_count,extended_count
16,18,1,1,true,1,,1,0,,,,,,0,0,0,0
17,19,1,1,false,"我六岁那年,",我|六岁|那|年,6,4,lpw_b70bb4acc0|lpw_5a2362a202,我|那,lpw_b70bb4acc0|lpw_5a2362a202,lpw_b70bb4acc0|lpw_5a2362a202,lpw_b70bb4acc0|lpw_5a2362a202,2,2,2,2
18,20,1,1,false,"在一本描写原始森林的名叫《真实的故事》的书上,",在|一本|描写|原始森林|的|名叫|真实|的|故事|的|书|上,23,12,lpw_12404a0b63|lpw_8af2350cfd|lpw_1be968f125|lpw_db5ba671d2,在|的|书|上,lpw_12404a0b63|lpw_8af2350cfd|lpw_db5ba671d2,lpw_12404a0b63|lpw_8af2350cfd|lpw_db5ba671d2,lpw_12404a0b63|lpw_8af2350cfd|lpw_db5ba671d2,4,3,3,3
19,21,1,1,false,"看见过一幅精彩的插图,",看见|过|一幅|精彩|的|插图,11,6,lpw_7205426737|lpw_f777893480|lpw_8af2350cfd,看见|过|的,lpw_8af2350cfd,lpw_f777893480|lpw_8af2350cfd,lpw_7205426737|lpw_f777893480|lpw_8af2350cfd,3,1,2,3
20,22,1,1,false,画的是一条蟒蛇在吞吃一头猛兽。,画|的是|一条|蟒蛇|在|吞|吃|一头|猛|兽,15,10,lpw_de9f18b00a|lpw_5e1dc2a833|lpw_7d2bda9879|lpw_12404a0b63|lpw_c814805bc6,画|的是|蟒蛇|在|吃,lpw_12404a0b63,lpw_12404a0b63,lpw_12404a0b63,5,1,1,1
21,23,1,1,false,我现在把它照样画在上面。,我|现在|把|它|照样|画|在|上面,12,8,lpw_b70bb4acc0|lpw_43584f37c1|lpw_2442748e41|lpw_7e9260e925|lpw_de9f18b00a|lpw_12404a0b63,我|现在|把|它|画|在,lpw_b70bb4acc0|lpw_7e9260e925|lpw_12404a0b63,lpw_b70bb4acc0|lpw_2442748e41|lpw_7e9260e925|lpw_12404a0b63,lpw_b70bb4acc0|lpw_2442748e41|lpw_7e9260e925|lpw_12404a0b63,6,3,4,4
22,24,1,1,false,书中写道:,书|中|写|道,5,4,lpw_1be968f125|lpw_a567bdaa11|lpw_00a9d5bd97,书|中|道,,,,3,0,0,0
23,25,1,1,false,"“蟒蛇把猎物囫囵吞下,",蟒蛇|把|猎物|囫|囵|吞下,11,6,lpw_7d2bda9879|lpw_2442748e41,蟒蛇|把,,lpw_2442748e41,lpw_2442748e41,2,0,1,1
24,26,1,1,false,嚼都不嚼。,嚼|都不|嚼,5,3,,,,,,0,0,0,0
25,27,1,1,false,"然后它就无法动弹,",然后|它|就|无法|动弹,9,5,lpw_ca4f5ee82e|lpw_7e9260e925|lpw_2f9d9872e5,然后|它|就,lpw_7e9260e925|lpw_2f9d9872e5,lpw_7e9260e925|lpw_2f9d9872e5,lpw_7e9260e925|lpw_2f9d9872e5,3,2,2,2
26,28,1,1,false,躺上六个月来消化它们。”,躺上|六个月|来|消化|它们,12,5,lpw_6d8229118c|lpw_c40b3d2880,来|它们,lpw_6d8229118c,lpw_6d8229118c|lpw_c40b3d2880,lpw_6d8229118c|lpw_c40b3d2880,2,1,2,2
27,29,1,1,false,"当时,",当时,3,1,,,,,,0,0,0,0
28,30,1,1,false,"我对丛林里的奇妙景象想得很多,",我|对|丛林|里|的|奇妙|景象|想得|很多,15,9,lpw_b70bb4acc0|lpw_74570c7270|lpw_79f43de6e3|lpw_8af2350cfd,我|对|里|的,lpw_b70bb4acc0|lpw_74570c7270|lpw_8af2350cfd,lpw_b70bb4acc0|lpw_74570c7270|lpw_79f43de6e3|lpw_8af2350cfd,lpw_b70bb4acc0|lpw_74570c7270|lpw_79f43de6e3|lpw_8af2350cfd,4,3,4,4
29,31,1,1,false,于是我也用彩色铅笔画了我的第一幅画:,于是|我也|用|彩色|铅笔|画|了|我|的|第一|幅|画,18,12,lpw_3617c85a66|lpw_04e45efb3b|lpw_de9f18b00a|lpw_b2dd27e84f|lpw_b70bb4acc0|lpw_8af2350cfd,于是|用|画|了|我|的,lpw_b2dd27e84f|lpw_b70bb4acc0|lpw_8af2350cfd,lpw_b2dd27e84f|lpw_b70bb4acc0|lpw_8af2350cfd,lpw_04e45efb3b|lpw_b2dd27e84f|lpw_b70bb4acc0|lpw_8af2350cfd,6,3,3,4
30,32,1,1,false,我的作品一号。,我|的|作品|一号,7,4,lpw_b70bb4acc0|lpw_8af2350cfd,我|的,lpw_b70bb4acc0|lpw_8af2350cfd,lpw_b70bb4acc0|lpw_8af2350cfd,lpw_b70bb4acc0|lpw_8af2350cfd,2,2,2,2
31,33,1,1,false,它就像这样:,它|就像|这样,6,3,lpw_7e9260e925|lpw_3a1a30dbb2|lpw_b7fc681861,它|就像|这样,lpw_7e9260e925,lpw_7e9260e925|lpw_b7fc681861,lpw_7e9260e925|lpw_b7fc681861,3,1,2,2
32,34,1,1,false,"我把这幅杰作给大人看,",我把|这|幅|杰作|给|大人|看,11,7,lpw_5ebf3d1bfd|lpw_d409ab2ab3|lpw_6e55fb9d8a|lpw_44dd6014a5|lpw_61f43315f9,我把|这|给|大人|看,lpw_d409ab2ab3|lpw_6e55fb9d8a,lpw_d409ab2ab3|lpw_6e55fb9d8a,lpw_d409ab2ab3|lpw_6e55fb9d8a|lpw_44dd6014a5|lpw_61f43315f9,5,2,2,4
33,35,1,1,false,问他们我的图画吓不吓人。,问|他们|我|的|图画|吓|不|吓|人,12,9,lpw_4628c0e06f|lpw_10518f8f0a|lpw_b70bb4acc0|lpw_8af2350cfd|lpw_b02dfe2160|lpw_50f5d65d57,问|他们|我|的|不|人,lpw_10518f8f0a|lpw_b70bb4acc0|lpw_8af2350cfd|lpw_50f5d65d57,lpw_4628c0e06f|lpw_10518f8f0a|lpw_b70bb4acc0|lpw_8af2350cfd|lpw_b02dfe2160|lpw_50f5d65d57,lpw_4628c0e06f|lpw_10518f8f0a|lpw_b70bb4acc0|lpw_8af2350cfd|lpw_b02dfe2160|lpw_50f5d65d57,6,4,6,6
34,36,1,1,false,他们回答说:,他们|回答|说,6,3,lpw_10518f8f0a|lpw_f3f5126487|lpw_ccca744613,他们|回答|说,lpw_10518f8f0a|lpw_ccca744613,lpw_10518f8f0a|lpw_f3f5126487|lpw_ccca744613,lpw_10518f8f0a|lpw_f3f5126487|lpw_ccca744613,3,2,3,3
35,37,1,1,false,“一顶帽子怎么会吓人呢?”,一顶|帽子|怎么|会|吓|人|呢,13,7,lpw_5ee8091a38|lpw_5ba1e3c0eb|lpw_50f5d65d57|lpw_02811cec0b,怎么|会|人|呢,lpw_5ba1e3c0eb|lpw_50f5d65d57|lpw_02811cec0b,lpw_5ba1e3c0eb|lpw_50f5d65d57|lpw_02811cec0b,lpw_5ba1e3c0eb|lpw_50f5d65d57|lpw_02811cec0b,4,3,3,3
36,38,1,1,false,我画的不是一顶帽子。,我|画|的|不是|一顶|帽子,10,6,lpw_b70bb4acc0|lpw_de9f18b00a|lpw_8af2350cfd|lpw_584cd0fcf3,我|画|的|不是,lpw_b70bb4acc0|lpw_8af2350cfd,lpw_b70bb4acc0|lpw_8af2350cfd,lpw_b70bb4acc0|lpw_8af2350cfd,4,2,2,2
37,39,1,1,false,我画的是一条蟒蛇在消化大象。,我|画|的是|一条|蟒蛇|在|消化|大象,14,8,lpw_b70bb4acc0|lpw_de9f18b00a|lpw_5e1dc2a833|lpw_7d2bda9879|lpw_12404a0b63,我|画|的是|蟒蛇|在,lpw_b70bb4acc0|lpw_12404a0b63,lpw_b70bb4acc0|lpw_12404a0b63,lpw_b70bb4acc0|lpw_12404a0b63,5,2,2,2
38,40,1,1,false,"于是我把蟒蛇肚子的内部画出来,",于是|我把|蟒蛇|肚子|的|内部|画|出来,15,8,lpw_3617c85a66|lpw_5ebf3d1bfd|lpw_7d2bda9879|lpw_8af2350cfd|lpw_de9f18b00a,于是|我把|蟒蛇|的|画,lpw_8af2350cfd,lpw_8af2350cfd,lpw_8af2350cfd,5,1,1,1
39,41,1,1,false,好让这些大人看得明白。,好|让|这些|大人|看得|明白,11,6,lpw_f867f34178|lpw_ad37574404|lpw_7a590a22cd|lpw_44dd6014a5|lpw_8e37cd5f7f,好|让|这些|大人|明白,lpw_ad37574404,lpw_f867f34178|lpw_ad37574404,lpw_f867f34178|lpw_ad37574404|lpw_7a590a22cd|lpw_44dd6014a5,5,1,2,4
40,42,1,1,false,他们老是要人给他们解释。,他们|老是|要|人|给|他们|解释,12,7,lpw_10518f8f0a|lpw_975f35218e|lpw_50f5d65d57|lpw_6e55fb9d8a,他们|要|人|给,lpw_10518f8f0a|lpw_50f5d65d57|lpw_6e55fb9d8a,lpw_10518f8f0a|lpw_975f35218e|lpw_50f5d65d57|lpw_6e55fb9d8a,lpw_10518f8f0a|lpw_975f35218e|lpw_50f5d65d57|lpw_6e55fb9d8a,4,3,4,4
41,43,1,1,false,我的作品二号是这样的:,我|的|作品|二号|是|这样|的,11,7,lpw_b70bb4acc0|lpw_8af2350cfd|lpw_b5141d3d19|lpw_b7fc681861,我|的|是|这样,lpw_b70bb4acc0|lpw_8af2350cfd|lpw_b5141d3d19,lpw_b70bb4acc0|lpw_8af2350cfd|lpw_b5141d3d19|lpw_b7fc681861,lpw_b70bb4acc0|lpw_8af2350cfd|lpw_b5141d3d19|lpw_b7fc681861,4,3,4,4
42,44,1,1,false,"那些大人劝我别再画蟒蛇,",那些|大人|劝|我|别再|画|蟒蛇,12,7,lpw_abd258db99|lpw_44dd6014a5|lpw_b70bb4acc0|lpw_de9f18b00a|lpw_7d2bda9879,那些|大人|我|画|蟒蛇,lpw_b70bb4acc0,lpw_b70bb4acc0,lpw_abd258db99|lpw_44dd6014a5|lpw_b70bb4acc0,5,1,1,3
43,45,1,1,false,"甭管它是剖开的,",甭|管|它是|剖|开|的,8,6,lpw_39eae64cfc|lpw_8af2350cfd,开|的,lpw_8af2350cfd,lpw_8af2350cfd,lpw_8af2350cfd,2,1,1,1
44,46,1,1,false,"还是没剖开的,",还是|没|剖|开|的,7,5,lpw_dfaa7d6f73|lpw_279e8b3573|lpw_39eae64cfc|lpw_8af2350cfd,还是|没|开|的,lpw_8af2350cfd,lpw_279e8b3573|lpw_8af2350cfd,lpw_279e8b3573|lpw_8af2350cfd,4,1,2,2
45,47,1,1,false,全都丢开。,全都|丢|开,5,3,lpw_39eae64cfc,开,,,,1,0,0,0
46,48,1,1,false,"他们说,",他们|说,4,2,lpw_10518f8f0a|lpw_ccca744613,他们|说,lpw_10518f8f0a|lpw_ccca744613,lpw_10518f8f0a|lpw_ccca744613,lpw_10518f8f0a|lpw_ccca744613,2,2,2,2
47,49,1,1,false,我还是把心思放在地理、历史、算术和语法上好。,我还是|把|心思|放在|地理|历史|算术|和|语法|上|好,22,11,lpw_2442748e41|lpw_3d7114281f|lpw_db5ba671d2|lpw_f867f34178,把|和|上|好,lpw_db5ba671d2,lpw_2442748e41|lpw_3d7114281f|lpw_db5ba671d2|lpw_f867f34178,lpw_2442748e41|lpw_3d7114281f|lpw_db5ba671d2|lpw_f867f34178,4,1,4,4
48,50,1,1,false,"就这样,",就|这样,4,2,lpw_2f9d9872e5|lpw_b7fc681861,就|这样,lpw_2f9d9872e5,lpw_2f9d9872e5|lpw_b7fc681861,lpw_2f9d9872e5|lpw_b7fc681861,2,1,2,2
49,51,1,1,false,"我才六岁,",我|才|六岁,5,3,lpw_b70bb4acc0,我,lpw_b70bb4acc0,lpw_b70bb4acc0,lpw_b70bb4acc0,1,1,1,1
50,52,1,1,false,就放弃了辉煌的画家生涯。,就|放弃|了|辉煌|的|画家|生涯,12,7,lpw_2f9d9872e5|lpw_b2dd27e84f|lpw_8af2350cfd,就|了|的,lpw_2f9d9872e5|lpw_b2dd27e84f|lpw_8af2350cfd,lpw_2f9d9872e5|lpw_b2dd27e84f|lpw_8af2350cfd,lpw_2f9d9872e5|lpw_b2dd27e84f|lpw_8af2350cfd,3,3,3,3
51,53,1,1,false,"作品一号和作品二号都没成功,",作品|一号|和|作品|二号|都没|成功,14,7,lpw_3d7114281f,和,,lpw_3d7114281f,lpw_3d7114281f,1,0,1,1
52,54,1,1,false,我泄了气。,我|泄了|气,5,3,lpw_b70bb4acc0,我,lpw_b70bb4acc0,lpw_b70bb4acc0,lpw_b70bb4acc0,1,1,1,1
53,55,1,1,false,"那些大人自个儿什么也弄不懂,",那些|大人|自|个儿|什么|也|弄|不懂,14,8,lpw_abd258db99|lpw_44dd6014a5|lpw_c1b52e0e64|lpw_658605835b,那些|大人|什么|也,lpw_c1b52e0e64,lpw_c1b52e0e64|lpw_658605835b,lpw_abd258db99|lpw_44dd6014a5|lpw_c1b52e0e64|lpw_658605835b,4,1,2,4
54,56,1,1,false,"老要孩子们一遍一遍给他们解释,",老|要|孩子|们|一遍|一遍|给|他们|解释,15,9,lpw_975f35218e|lpw_5f887419f4|lpw_b4dcb3305a|lpw_6e55fb9d8a|lpw_10518f8f0a,要|孩子|们|给|他们,lpw_6e55fb9d8a|lpw_10518f8f0a,lpw_975f35218e|lpw_6e55fb9d8a|lpw_10518f8f0a,lpw_975f35218e|lpw_6e55fb9d8a|lpw_10518f8f0a,5,2,3,3
55,57,1,1,false,真烦人。,真|烦|人,4,3,lpw_827d018e1b|lpw_50f5d65d57,真|人,lpw_50f5d65d57,lpw_50f5d65d57,lpw_50f5d65d57,2,1,1,1
56,58,1,1,false,"我只好另外选择一个职业,",我|只好|另外|选择|一个|职业,12,6,lpw_b70bb4acc0|lpw_e1dbc1c99f,我|一个,lpw_b70bb4acc0|lpw_e1dbc1c99f,lpw_b70bb4acc0|lpw_e1dbc1c99f,lpw_b70bb4acc0|lpw_e1dbc1c99f,2,2,2,2
57,59,1,1,false,学会了开飞机。,学会|了|开|飞机,7,4,lpw_b2dd27e84f|lpw_39eae64cfc|lpw_c05f7cd6ed,了|开|飞机,lpw_b2dd27e84f,lpw_b2dd27e84f,lpw_b2dd27e84f,3,1,1,1
58,60,1,1,false,世界各地我差不多都飞过。,世界|各地|我|差不多|都|飞过,12,6,lpw_b70bb4acc0|lpw_7eabb36ba1,我|都,lpw_b70bb4acc0,lpw_b70bb4acc0|lpw_7eabb36ba1,lpw_b70bb4acc0|lpw_7eabb36ba1,2,1,2,2
59,61,1,1,false,"的确,",的确,3,1,,,,,,0,0,0,0
60,62,1,1,false,地理学对我非常有用。,地理|学|对|我|非常|有用,10,6,lpw_74570c7270|lpw_b70bb4acc0|lpw_2ccec3b419,对|我|非常,lpw_74570c7270|lpw_b70bb4acc0,lpw_74570c7270|lpw_b70bb4acc0,lpw_74570c7270|lpw_b70bb4acc0,3,2,2,2
61,63,1,1,false,"我一眼就能认出哪是中国,",我|一眼|就|能|认出|哪|是|中国,12,8,lpw_b70bb4acc0|lpw_2f9d9872e5|lpw_413c06bcef|lpw_b5141d3d19,我|就|能|是,lpw_b70bb4acc0|lpw_2f9d9872e5|lpw_b5141d3d19,lpw_b70bb4acc0|lpw_2f9d9872e5|lpw_b5141d3d19,lpw_b70bb4acc0|lpw_2f9d9872e5|lpw_b5141d3d19,4,3,3,3
62,64,1,1,false,哪是亚利桑那。,哪|是|亚利桑那,7,3,lpw_b5141d3d19,是,lpw_b5141d3d19,lpw_b5141d3d19,lpw_b5141d3d19,1,1,1,1
63,65,1,1,false,"要是夜里迷了路,",要是|夜里|迷|了|路,8,5,lpw_467b2562ed|lpw_41f8d30e7f|lpw_b2dd27e84f,要是|夜里|了,lpw_b2dd27e84f,lpw_b2dd27e84f,lpw_467b2562ed|lpw_b2dd27e84f,3,1,1,2
64,66,1,1,false,这很有用。,这|很有|用,5,3,lpw_d409ab2ab3|lpw_04e45efb3b,这|用,lpw_d409ab2ab3,lpw_d409ab2ab3,lpw_d409ab2ab3|lpw_04e45efb3b,2,1,1,2
65,67,1,1,false,"就这样,",就|这样,4,2,lpw_2f9d9872e5|lpw_b7fc681861,就|这样,lpw_2f9d9872e5,lpw_2f9d9872e5|lpw_b7fc681861,lpw_2f9d9872e5|lpw_b7fc681861,2,1,2,2
66,68,1,1,false,"我这一生中,",我|这|一生|中,6,4,lpw_b70bb4acc0|lpw_d409ab2ab3|lpw_a567bdaa11,我|这|中,lpw_b70bb4acc0|lpw_d409ab2ab3,lpw_b70bb4acc0|lpw_d409ab2ab3,lpw_b70bb4acc0|lpw_d409ab2ab3,3,2,2,2
67,69,1,1,false,跟好多严肃的人打过好多交道。,跟|好多|严肃|的|人|打|过|好多|交道,14,9,lpw_383a53d95c|lpw_8af2350cfd|lpw_50f5d65d57|lpw_f777893480,跟|的|人|过,lpw_8af2350cfd|lpw_50f5d65d57,lpw_8af2350cfd|lpw_50f5d65d57|lpw_f777893480,lpw_383a53d95c|lpw_8af2350cfd|lpw_50f5d65d57|lpw_f777893480,4,2,3,4
68,70,1,1,false,我在那些大人中间生活过很长时间。,我在|那些|大人|中间|生活|过|很|长|时间,16,9,lpw_33f40475f8|lpw_abd258db99|lpw_44dd6014a5|lpw_f777893480|lpw_f2b91797ea|lpw_597ae23d84|lpw_8b6ff49851,我在|那些|大人|过|很|长|时间,lpw_f2b91797ea,lpw_f777893480|lpw_f2b91797ea,lpw_abd258db99|lpw_44dd6014a5|lpw_f777893480|lpw_f2b91797ea,7,1,2,4
69,71,1,1,false,我仔细地观察过他们。,我|仔细|地|观察|过|他们,10,6,lpw_b70bb4acc0|lpw_bdbd41e490|lpw_f777893480|lpw_10518f8f0a,我|地|过|他们,lpw_b70bb4acc0|lpw_bdbd41e490|lpw_10518f8f0a,lpw_b70bb4acc0|lpw_bdbd41e490|lpw_f777893480|lpw_10518f8f0a,lpw_b70bb4acc0|lpw_bdbd41e490|lpw_f777893480|lpw_10518f8f0a,4,3,4,4
70,72,1,1,false,观察下来印象并没好多少。,观察|下来|印象|并|没|好|多少,12,7,lpw_279e8b3573|lpw_f867f34178,没|好,,lpw_279e8b3573|lpw_f867f34178,lpw_279e8b3573|lpw_f867f34178,2,0,2,2
71,73,1,1,false,"要是碰上一个人,",要是|碰上|一个|人,8,4,lpw_467b2562ed|lpw_e1dbc1c99f|lpw_50f5d65d57,要是|一个|人,lpw_e1dbc1c99f|lpw_50f5d65d57,lpw_e1dbc1c99f|lpw_50f5d65d57,lpw_467b2562ed|lpw_e1dbc1c99f|lpw_50f5d65d57,3,2,2,3
72,74,1,1,false,"看上去头脑稍许清楚些,",看上去|头脑|稍|许|清楚|些,11,6,lpw_af76fed85c,些,,,,1,0,0,0
73,75,1,1,false,"我就拿出一直保存着的作品一号,",我|就|拿出|一直|保存|着|的|作品|一号,15,9,lpw_b70bb4acc0|lpw_2f9d9872e5|lpw_9e5bf0d2d9|lpw_8af2350cfd,我|就|着|的,lpw_b70bb4acc0|lpw_2f9d9872e5|lpw_9e5bf0d2d9|lpw_8af2350cfd,lpw_b70bb4acc0|lpw_2f9d9872e5|lpw_9e5bf0d2d9|lpw_8af2350cfd,lpw_b70bb4acc0|lpw_2f9d9872e5|lpw_9e5bf0d2d9|lpw_8af2350cfd,4,4,4,4
74,76,1,1,false,让他试试看。,让|他|试试看,6,3,lpw_ad37574404|lpw_8b7b91e000,让|他,lpw_ad37574404|lpw_8b7b91e000,lpw_ad37574404|lpw_8b7b91e000,lpw_ad37574404|lpw_8b7b91e000,2,2,2,2
75,77,1,1,false,"我想知道,",我想|知道,5,2,lpw_42230da180|lpw_d7b6472b11,我想|知道,,lpw_d7b6472b11,lpw_d7b6472b11,2,0,1,1
76,78,1,1,false,他是不是真的能看懂。,他|是不是|真的|能|看懂,10,5,lpw_8b7b91e000|lpw_413c06bcef,他|能,lpw_8b7b91e000,lpw_8b7b91e000,lpw_8b7b91e000,2,1,1,1
77,79,1,1,false,可是人家总是回答我:,可是|人家|总是|回答|我,10,5,lpw_38ca4a9c76|lpw_f3f5126487|lpw_b70bb4acc0,可是|回答|我,lpw_b70bb4acc0,lpw_38ca4a9c76|lpw_f3f5126487|lpw_b70bb4acc0,lpw_38ca4a9c76|lpw_f3f5126487|lpw_b70bb4acc0,3,1,3,3
78,80,1,1,false,“这是一顶帽子。”,这|是|一顶|帽子,9,4,lpw_d409ab2ab3|lpw_b5141d3d19,这|是,lpw_d409ab2ab3|lpw_b5141d3d19,lpw_d409ab2ab3|lpw_b5141d3d19,lpw_d409ab2ab3|lpw_b5141d3d19,2,2,2,2
79,81,1,1,false,"这时候,",这|时候,4,2,lpw_d409ab2ab3|lpw_5484678be4,这|时候,lpw_d409ab2ab3,lpw_d409ab2ab3,lpw_d409ab2ab3,2,1,1,1
80,82,1,1,false,"我就不跟他说什么蟒蛇啊,",我|就不|跟|他|说|什么|蟒蛇|啊,12,8,lpw_b70bb4acc0|lpw_383a53d95c|lpw_8b7b91e000|lpw_ccca744613|lpw_c1b52e0e64|lpw_7d2bda9879|lpw_7c2c50fbaf,我|跟|他|说|什么|蟒蛇|啊,lpw_b70bb4acc0|lpw_8b7b91e000|lpw_ccca744613|lpw_c1b52e0e64,lpw_b70bb4acc0|lpw_8b7b91e000|lpw_ccca744613|lpw_c1b52e0e64,lpw_b70bb4acc0|lpw_383a53d95c|lpw_8b7b91e000|lpw_ccca744613|lpw_c1b52e0e64,7,4,4,5
81,83,1,1,false,"原始森林啊,",原始森林|啊,6,2,lpw_7c2c50fbaf,啊,,,,1,0,0,0
82,84,1,1,false,"星星啊,",星星|啊,4,2,lpw_6a9fec7faf|lpw_7c2c50fbaf,星星|啊,lpw_6a9fec7faf,lpw_6a9fec7faf,lpw_6a9fec7faf,2,1,1,1
83,85,1,1,false,都不说了。,都不|说|了,5,3,lpw_ccca744613|lpw_b2dd27e84f,说|了,lpw_ccca744613|lpw_b2dd27e84f,lpw_ccca744613|lpw_b2dd27e84f,lpw_ccca744613|lpw_b2dd27e84f,2,2,2,2
84,86,1,1,false,我就说些他能懂的事情。,我|就|说|些|他|能|懂|的|事情,11,9,lpw_b70bb4acc0|lpw_2f9d9872e5|lpw_ccca744613|lpw_af76fed85c|lpw_8b7b91e000|lpw_413c06bcef|lpw_8af2350cfd|lpw_e66d9fac19,我|就|说|些|他|能|的|事情,lpw_b70bb4acc0|lpw_2f9d9872e5|lpw_ccca744613|lpw_8b7b91e000|lpw_8af2350cfd,lpw_b70bb4acc0|lpw_2f9d9872e5|lpw_ccca744613|lpw_8b7b91e000|lpw_8af2350cfd,lpw_b70bb4acc0|lpw_2f9d9872e5|lpw_ccca744613|lpw_8b7b91e000|lpw_8af2350cfd,8,5,5,5
85,87,1,1,false,"我跟他说桥,",我|跟|他|说|桥,6,5,lpw_b70bb4acc0|lpw_383a53d95c|lpw_8b7b91e000|lpw_ccca744613,我|跟|他|说,lpw_b70bb4acc0|lpw_8b7b91e000|lpw_ccca744613,lpw_b70bb4acc0|lpw_8b7b91e000|lpw_ccca744613,lpw_b70bb4acc0|lpw_383a53d95c|lpw_8b7b91e000|lpw_ccca744613,4,3,3,4
86,88,1,1,false,"高尔夫,",高尔夫,4,1,,,,,,0,0,0,0
87,89,1,1,false,"政治,",政治,3,1,,,,,,0,0,0,0
88,90,1,1,false,还有领带。,还有|领带,5,2,lpw_83eec76b39,还有,,,,1,0,0,0
89,91,1,1,false,"于是大人觉得很高兴,",于是|大人|觉得|很|高兴,10,5,lpw_3617c85a66|lpw_44dd6014a5|lpw_78c82d9f41|lpw_f2b91797ea,于是|大人|觉得|很,lpw_f2b91797ea,lpw_f2b91797ea,lpw_44dd6014a5|lpw_78c82d9f41|lpw_f2b91797ea,4,1,1,3
90,92,1,1,false,认识了这么个通情达理的人。,认识|了|这么|个|通|情|达|理|的|人,13,10,lpw_b2dd27e84f|lpw_7677ca84c6|lpw_3a116815bc|lpw_8af2350cfd|lpw_50f5d65d57,了|这么|个|的|人,lpw_b2dd27e84f|lpw_8af2350cfd|lpw_50f5d65d57,lpw_b2dd27e84f|lpw_3a116815bc|lpw_8af2350cfd|lpw_50f5d65d57,lpw_b2dd27e84f|lpw_7677ca84c6|lpw_3a116815bc|lpw_8af2350cfd|lpw_50f5d65d57,5,3,4,5
91,93,2,1,true,2,,1,0,,,,,,0,0,0,0
92,94,2,1,false,"我孤独地生活着,",我|孤独|地|生活|着,8,5,lpw_b70bb4acc0|lpw_bdbd41e490|lpw_9e5bf0d2d9,我|地|着,lpw_b70bb4acc0|lpw_bdbd41e490|lpw_9e5bf0d2d9,lpw_b70bb4acc0|lpw_bdbd41e490|lpw_9e5bf0d2d9,lpw_b70bb4acc0|lpw_bdbd41e490|lpw_9e5bf0d2d9,3,3,3,3
93,95,2,1,false,"没有一个真正谈得来的人,",没有|一个|真正|谈得来|的|人,12,6,lpw_f127804b92|lpw_e1dbc1c99f|lpw_8af2350cfd|lpw_50f5d65d57,没有|一个|的|人,lpw_e1dbc1c99f|lpw_8af2350cfd|lpw_50f5d65d57,lpw_f127804b92|lpw_e1dbc1c99f|lpw_8af2350cfd|lpw_50f5d65d57,lpw_f127804b92|lpw_e1dbc1c99f|lpw_8af2350cfd|lpw_50f5d65d57,4,3,4,4
94,96,2,1,false,"直到六年前,",直到|六年|前,6,3,,,,,,0,0,0,0
95,97,2,1,false,"有一次飞机出了故障,",有|一次|飞机|出了|故障,10,5,lpw_90ce0f66f0|lpw_c05f7cd6ed,有|飞机,lpw_90ce0f66f0,lpw_90ce0f66f0,lpw_90ce0f66f0,2,1,1,1
96,98,2,1,false,降落在撒哈拉大沙漠。,降落在|撒哈拉|大|沙漠,10,4,lpw_7d4ca7f48e|lpw_4fbf406572,大|沙漠,,,lpw_4fbf406572,2,0,0,1
97,99,2,1,false,发动机里有样什么东西碎掉了。,发动|机|里|有样|什么东西|碎|掉了,14,7,lpw_79f43de6e3,里,,lpw_79f43de6e3,lpw_79f43de6e3,1,0,1,1
98,100,2,1,false,"因为我身边既没有机械师,",因为|我|身边|既|没有|机械|师,12,7,lpw_795cfc96d4|lpw_b70bb4acc0|lpw_f127804b92,因为|我|没有,lpw_b70bb4acc0,lpw_795cfc96d4|lpw_b70bb4acc0|lpw_f127804b92,lpw_795cfc96d4|lpw_b70bb4acc0|lpw_f127804b92,3,1,3,3
99,101,2,1,false,"也没有乘客,",也没有|乘客,6,2,,,,,,0,0,0,0
100,102,2,1,false,我就打算单枪匹马来完成一项困难的修复工作。,我|就|打算|单枪匹马|来|完成|一项|困难|的|修复|工作,21,11,lpw_b70bb4acc0|lpw_2f9d9872e5|lpw_6d8229118c|lpw_8af2350cfd,我|就|来|的,lpw_b70bb4acc0|lpw_2f9d9872e5|lpw_6d8229118c|lpw_8af2350cfd,lpw_b70bb4acc0|lpw_2f9d9872e5|lpw_6d8229118c|lpw_8af2350cfd,lpw_b70bb4acc0|lpw_2f9d9872e5|lpw_6d8229118c|lpw_8af2350cfd,4,4,4,4
101,103,2,1,false,这在我是个生死攸关的问题。,这|在|我是|个|生死|攸关|的|问题,13,8,lpw_d409ab2ab3|lpw_12404a0b63|lpw_06ba27715e|lpw_3a116815bc|lpw_8af2350cfd|lpw_33a8618cb6,这|在|我是|个|的|问题,lpw_d409ab2ab3|lpw_12404a0b63|lpw_8af2350cfd,lpw_d409ab2ab3|lpw_12404a0b63|lpw_3a116815bc|lpw_8af2350cfd,lpw_d409ab2ab3|lpw_12404a0b63|lpw_3a116815bc|lpw_8af2350cfd,6,3,4,4
102,104,2,1,false,我带的水只够喝一星期了。,我|带|的|水|只够|喝|一星期|了,12,8,lpw_b70bb4acc0|lpw_8af2350cfd|lpw_327b54d04f|lpw_b2dd27e84f,我|的|水|了,lpw_b70bb4acc0|lpw_8af2350cfd|lpw_b2dd27e84f,lpw_b70bb4acc0|lpw_8af2350cfd|lpw_b2dd27e84f,lpw_b70bb4acc0|lpw_8af2350cfd|lpw_b2dd27e84f,4,3,3,3
103,105,2,1,false,"第一天晚上,",第一|天|晚上,6,3,lpw_49da61ceee|lpw_a9b1124b34,天|晚上,,,lpw_49da61ceee,2,0,0,1
104,106,2,1,false,"我睡在这片远离人烟的大沙漠上,",我|睡在|这|片|远离|人|烟|的|大|沙漠|上,15,11,lpw_b70bb4acc0|lpw_d409ab2ab3|lpw_50f5d65d57|lpw_8af2350cfd|lpw_7d4ca7f48e|lpw_4fbf406572|lpw_db5ba671d2,我|这|人|的|大|沙漠|上,lpw_b70bb4acc0|lpw_d409ab2ab3|lpw_50f5d65d57|lpw_8af2350cfd|lpw_db5ba671d2,lpw_b70bb4acc0|lpw_d409ab2ab3|lpw_50f5d65d57|lpw_8af2350cfd|lpw_db5ba671d2,lpw_b70bb4acc0|lpw_d409ab2ab3|lpw_50f5d65d57|lpw_8af2350cfd|lpw_4fbf406572|lpw_db5ba671d2,7,5,5,6
105,107,2,1,false,比靠一块船板在大海中漂流的遇难者还孤独。,比|靠|一块|船板|在|大海|中|漂流|的|遇难|者|还|孤独,20,13,lpw_ab158a8483|lpw_12404a0b63|lpw_a567bdaa11|lpw_8af2350cfd|lpw_1bc709b8bf,比|在|中|的|还,lpw_12404a0b63|lpw_8af2350cfd,lpw_12404a0b63|lpw_8af2350cfd,lpw_12404a0b63|lpw_8af2350cfd|lpw_1bc709b8bf,5,2,2,3
106,108,2,1,false,"所以,",所以,3,1,lpw_a2f7e42081,所以,,,,1,0,0,0
107,109,2,1,false,"当天蒙蒙亮,",当天|蒙蒙|亮,6,3,,,,,,0,0,0,0
108,110,2,1,false,"有个奇怪的声音轻轻把我喊醒的时候,",有|个|奇怪|的|声音|轻轻|把|我|喊醒|的|时候,17,11,lpw_90ce0f66f0|lpw_3a116815bc|lpw_8af2350cfd|lpw_473400815c|lpw_2442748e41|lpw_b70bb4acc0|lpw_5484678be4,有|个|的|声音|把|我|时候,lpw_90ce0f66f0|lpw_8af2350cfd|lpw_b70bb4acc0,lpw_90ce0f66f0|lpw_3a116815bc|lpw_8af2350cfd|lpw_2442748e41|lpw_b70bb4acc0,lpw_90ce0f66f0|lpw_3a116815bc|lpw_8af2350cfd|lpw_2442748e41|lpw_b70bb4acc0,7,3,5,5
109,111,2,1,false,你们可以想象我有多么惊讶。,你们|可以|想象|我有|多么|惊讶,13,6,lpw_8a5d477bda|lpw_0ef5c86fab|lpw_59cbe38d1c,你们|可以|我有,,lpw_8a5d477bda,lpw_8a5d477bda|lpw_0ef5c86fab,3,0,1,2
110,112,2,1,false,这个声音说:,这个|声音|说,6,3,lpw_979e2bc35b|lpw_473400815c|lpw_ccca744613,这个|声音|说,lpw_ccca744613,lpw_979e2bc35b|lpw_ccca744613,lpw_979e2bc35b|lpw_ccca744613,3,1,2,2
111,113,2,1,false,“对不起......,对不起,10,1,,,,,,0,0,0,0
112,114,2,1,false,请给我画只绵羊!”,请|给|我|画|只|绵羊,9,6,lpw_88d5840fab|lpw_6e55fb9d8a|lpw_b70bb4acc0|lpw_de9f18b00a|lpw_409e2c3882|lpw_238b95ae07,请|给|我|画|只|绵羊,lpw_6e55fb9d8a|lpw_b70bb4acc0,lpw_6e55fb9d8a|lpw_b70bb4acc0|lpw_409e2c3882,lpw_6e55fb9d8a|lpw_b70bb4acc0|lpw_409e2c3882,6,2,3,3
113,115,2,1,false,“嗯!”,嗯,4,1,,,,,,0,0,0,0
114,116,2,1,false,“请给我画只绵羊......”,请|给|我|画|只|绵羊,15,6,lpw_88d5840fab|lpw_6e55fb9d8a|lpw_b70bb4acc0|lpw_de9f18b00a|lpw_409e2c3882|lpw_238b95ae07,请|给|我|画|只|绵羊,lpw_6e55fb9d8a|lpw_b70bb4acc0,lpw_6e55fb9d8a|lpw_b70bb4acc0|lpw_409e2c3882,lpw_6e55fb9d8a|lpw_b70bb4acc0|lpw_409e2c3882,6,2,3,3
115,117,2,1,false,"我像遭了雷击似的,",我像|遭|了|雷|击|似的,9,6,lpw_b2dd27e84f,了,lpw_b2dd27e84f,lpw_b2dd27e84f,lpw_b2dd27e84f,1,1,1,1
116,118,2,1,false,猛地一下子跳了起来。,猛|地|一下子|跳了|起来,10,5,lpw_bdbd41e490|lpw_b8a694b2df,地|起来,lpw_bdbd41e490,lpw_bdbd41e490,lpw_bdbd41e490|lpw_b8a694b2df,2,1,1,2
117,119,2,1,false,"我使劲地揉了揉眼睛,",我|使劲|地|揉|了|揉|眼睛,10,7,lpw_b70bb4acc0|lpw_bdbd41e490|lpw_b2dd27e84f,我|地|了,lpw_b70bb4acc0|lpw_bdbd41e490|lpw_b2dd27e84f,lpw_b70bb4acc0|lpw_bdbd41e490|lpw_b2dd27e84f,lpw_b70bb4acc0|lpw_bdbd41e490|lpw_b2dd27e84f,3,3,3,3
118,120,2,1,false,仔细地看了看。,仔细|地|看了|看,7,4,lpw_bdbd41e490|lpw_61f43315f9,地|看,lpw_bdbd41e490,lpw_bdbd41e490,lpw_bdbd41e490|lpw_61f43315f9,2,1,1,2
119,121,2,1,false,"只见一个从没见过的小人儿,",只|见|一个|从|没|见过|的|小人儿,13,8,lpw_409e2c3882|lpw_e1dbc1c99f|lpw_2719a8ea30|lpw_279e8b3573|lpw_8af2350cfd,只|一个|从|没|的,lpw_e1dbc1c99f|lpw_8af2350cfd,lpw_409e2c3882|lpw_e1dbc1c99f|lpw_279e8b3573|lpw_8af2350cfd,lpw_409e2c3882|lpw_e1dbc1c99f|lpw_2719a8ea30|lpw_279e8b3573|lpw_8af2350cfd,5,2,4,5
120,122,2,1,false,正一本正经地看着我呢。,正|一本|正经|地|看|着|我|呢,11,8,lpw_d657ee1d4a|lpw_bdbd41e490|lpw_61f43315f9|lpw_9e5bf0d2d9|lpw_b70bb4acc0|lpw_02811cec0b,正|地|看|着|我|呢,lpw_bdbd41e490|lpw_9e5bf0d2d9|lpw_b70bb4acc0|lpw_02811cec0b,lpw_bdbd41e490|lpw_9e5bf0d2d9|lpw_b70bb4acc0|lpw_02811cec0b,lpw_bdbd41e490|lpw_61f43315f9|lpw_9e5bf0d2d9|lpw_b70bb4acc0|lpw_02811cec0b,6,4,4,5
121,123,2,1,false,"后来我给他画了一幅非常出色的肖像,",后来|我|给|他|画|了|一幅|非常|出色|的|肖像,17,11,lpw_b70bb4acc0|lpw_6e55fb9d8a|lpw_8b7b91e000|lpw_de9f18b00a|lpw_b2dd27e84f|lpw_2ccec3b419|lpw_8af2350cfd,我|给|他|画|了|非常|的,lpw_b70bb4acc0|lpw_6e55fb9d8a|lpw_8b7b91e000|lpw_b2dd27e84f|lpw_8af2350cfd,lpw_b70bb4acc0|lpw_6e55fb9d8a|lpw_8b7b91e000|lpw_b2dd27e84f|lpw_8af2350cfd,lpw_b70bb4acc0|lpw_6e55fb9d8a|lpw_8b7b91e000|lpw_b2dd27e84f|lpw_8af2350cfd,7,5,5,5
122,124,2,1,false,就是旁边的这幅。,就是|旁边|的|这|幅,8,5,lpw_88aa006eb3|lpw_8af2350cfd|lpw_d409ab2ab3,就是|的|这,lpw_8af2350cfd|lpw_d409ab2ab3,lpw_88aa006eb3|lpw_8af2350cfd|lpw_d409ab2ab3,lpw_88aa006eb3|lpw_8af2350cfd|lpw_d409ab2ab3,3,2,3,3
123,125,2,1,false,"不过我的画,",不过|我|的|画,6,4,lpw_72113362c6|lpw_b70bb4acc0|lpw_8af2350cfd|lpw_de9f18b00a,不过|我|的|画,lpw_b70bb4acc0|lpw_8af2350cfd,lpw_b70bb4acc0|lpw_8af2350cfd,lpw_72113362c6|lpw_b70bb4acc0|lpw_8af2350cfd,4,2,2,3
124,126,2,1,false,当然远远不及本人可爱。,当然|远远|不及|本人|可爱,11,5,lpw_0002e2d87f,当然,,,,1,0,0,0
125,127,2,1,false,这不是我的错。,这|不是|我|的|错,7,5,lpw_d409ab2ab3|lpw_584cd0fcf3|lpw_b70bb4acc0|lpw_8af2350cfd,这|不是|我|的,lpw_d409ab2ab3|lpw_b70bb4acc0|lpw_8af2350cfd,lpw_d409ab2ab3|lpw_b70bb4acc0|lpw_8af2350cfd,lpw_d409ab2ab3|lpw_b70bb4acc0|lpw_8af2350cfd,4,3,3,3
126,128,2,1,false,"我的画家生涯在六岁那年就让大人给断送了,",我|的|画家|生涯|在|六岁|那|年|就|让|大人|给|断|送|了,20,15,lpw_b70bb4acc0|lpw_8af2350cfd|lpw_12404a0b63|lpw_5a2362a202|lpw_2f9d9872e5|lpw_ad37574404|lpw_44dd6014a5|lpw_6e55fb9d8a|lpw_b2dd27e84f,我|的|在|那|就|让|大人|给|了,lpw_b70bb4acc0|lpw_8af2350cfd|lpw_12404a0b63|lpw_5a2362a202|lpw_2f9d9872e5|lpw_ad37574404|lpw_6e55fb9d8a|lpw_b2dd27e84f,lpw_b70bb4acc0|lpw_8af2350cfd|lpw_12404a0b63|lpw_5a2362a202|lpw_2f9d9872e5|lpw_ad37574404|lpw_6e55fb9d8a|lpw_b2dd27e84f,lpw_b70bb4acc0|lpw_8af2350cfd|lpw_12404a0b63|lpw_5a2362a202|lpw_2f9d9872e5|lpw_ad37574404|lpw_44dd6014a5|lpw_6e55fb9d8a|lpw_b2dd27e84f,9,8,8,9
127,129,2,1,false,"除了画剖开和不剖开的蟒蛇,",除了|画|剖|开|和|不|剖|开|的|蟒蛇,13,10,lpw_de9f18b00a|lpw_39eae64cfc|lpw_3d7114281f|lpw_b02dfe2160|lpw_8af2350cfd|lpw_7d2bda9879,画|开|和|不|的|蟒蛇,lpw_8af2350cfd,lpw_3d7114281f|lpw_b02dfe2160|lpw_8af2350cfd,lpw_3d7114281f|lpw_b02dfe2160|lpw_8af2350cfd,6,1,3,3
128,130,2,1,false,后来再没画过什么。,后来|再没|画|过|什么,9,5,lpw_de9f18b00a|lpw_f777893480|lpw_c1b52e0e64,画|过|什么,lpw_c1b52e0e64,lpw_f777893480|lpw_c1b52e0e64,lpw_f777893480|lpw_c1b52e0e64,3,1,2,2
129,131,2,1,false,我吃惊地瞪大眼睛瞧着他。,我|吃惊|地|瞪|大|眼睛|瞧|着|他,12,9,lpw_b70bb4acc0|lpw_bdbd41e490|lpw_7d4ca7f48e|lpw_9e5bf0d2d9|lpw_8b7b91e000,我|地|大|着|他,lpw_b70bb4acc0|lpw_bdbd41e490|lpw_9e5bf0d2d9|lpw_8b7b91e000,lpw_b70bb4acc0|lpw_bdbd41e490|lpw_9e5bf0d2d9|lpw_8b7b91e000,lpw_b70bb4acc0|lpw_bdbd41e490|lpw_9e5bf0d2d9|lpw_8b7b91e000,5,4,4,4
130,132,2,1,false,"你们别忘记,",你们|别|忘记,6,3,lpw_8a5d477bda,你们,,lpw_8a5d477bda,lpw_8a5d477bda,1,0,1,1
131,133,2,1,false,这儿离有人住的地方好远好远呢。,这儿|离|有人|住|的|地方|好|远|好|远|呢,15,11,lpw_19a29e87c9|lpw_cbba0a98ab|lpw_8af2350cfd|lpw_1462a7d853|lpw_f867f34178|lpw_057c8f7842|lpw_02811cec0b,这儿|住|的|地方|好|远|呢,lpw_8af2350cfd|lpw_02811cec0b,lpw_19a29e87c9|lpw_8af2350cfd|lpw_f867f34178|lpw_02811cec0b,lpw_19a29e87c9|lpw_8af2350cfd|lpw_1462a7d853|lpw_f867f34178|lpw_02811cec0b,7,2,4,5
132,134,2,1,false,"可是这个小人儿,",可是|这个|小人儿,8,3,lpw_38ca4a9c76|lpw_979e2bc35b,可是|这个,,lpw_38ca4a9c76|lpw_979e2bc35b,lpw_38ca4a9c76|lpw_979e2bc35b,2,0,2,2
133,135,2,1,false,"看上去并不像迷了路,",看上去|并不|像|迷|了|路,10,6,lpw_5b693ea232|lpw_cf8cedd58b|lpw_b2dd27e84f,并不|像|了,lpw_b2dd27e84f,lpw_b2dd27e84f,lpw_cf8cedd58b|lpw_b2dd27e84f,3,1,1,2
134,136,2,1,false,也不像累得要命、饿得要命、渴得要命或怕得要命。,也不|像|累|得|要命|饿|得|要命|渴得|要命|或|怕得要命,23,12,lpw_941252022a|lpw_cf8cedd58b|lpw_71b1ed1114,也不|像|得,,lpw_71b1ed1114,lpw_cf8cedd58b|lpw_71b1ed1114,3,0,1,2
135,137,2,1,false,他一点不像在远离人类,他|一点|不像|在|远离|人类,10,6,lpw_8b7b91e000|lpw_148b16e603|lpw_12404a0b63,他|一点|在,lpw_8b7b91e000|lpw_12404a0b63,lpw_8b7b91e000|lpw_12404a0b63,lpw_8b7b91e000|lpw_12404a0b63,3,2,2,2
136,138,2,1,false,居住的沙漠里迷路的孩子。,居住|的|沙漠|里|迷路|的|孩子,12,7,lpw_8af2350cfd|lpw_4fbf406572|lpw_79f43de6e3|lpw_5f887419f4,的|沙漠|里|孩子,lpw_8af2350cfd,lpw_8af2350cfd|lpw_79f43de6e3,lpw_8af2350cfd|lpw_4fbf406572|lpw_79f43de6e3,4,1,2,3
137,139,2,1,false,"等我总算说得出话时,",等|我|总算|说得|出|话|时,10,7,lpw_b70bb4acc0|lpw_036f781126|lpw_7d58b6422c,我|话|时,lpw_b70bb4acc0,lpw_b70bb4acc0,lpw_b70bb4acc0,3,1,1,1
138,140,2,1,false,我对他说:,我|对|他|说,5,4,lpw_b70bb4acc0|lpw_74570c7270|lpw_8b7b91e000|lpw_ccca744613,我|对|他|说,lpw_b70bb4acc0|lpw_74570c7270|lpw_8b7b91e000|lpw_ccca744613,lpw_b70bb4acc0|lpw_74570c7270|lpw_8b7b91e000|lpw_ccca744613,lpw_b70bb4acc0|lpw_74570c7270|lpw_8b7b91e000|lpw_ccca744613,4,4,4,4
139,141,2,1,false,“可是......,可是,9,1,lpw_38ca4a9c76,可是,,lpw_38ca4a9c76,lpw_38ca4a9c76,1,0,1,1
140,142,2,1,false,你在这儿干吗?”,你在|这儿|干|吗,8,4,lpw_19a29e87c9|lpw_9ee0280bc4|lpw_5ac1612110,这儿|干|吗,,lpw_19a29e87c9,lpw_19a29e87c9|lpw_5ac1612110,3,0,1,2
141,143,2,1,false,"他轻声轻气地又说了一遍,",他|轻声|轻气|地|又|说|了|一遍,12,8,lpw_8b7b91e000|lpw_bdbd41e490|lpw_e71ce5deab|lpw_ccca744613|lpw_b2dd27e84f,他|地|又|说|了,lpw_8b7b91e000|lpw_bdbd41e490|lpw_e71ce5deab|lpw_ccca744613|lpw_b2dd27e84f,lpw_8b7b91e000|lpw_bdbd41e490|lpw_e71ce5deab|lpw_ccca744613|lpw_b2dd27e84f,lpw_8b7b91e000|lpw_bdbd41e490|lpw_e71ce5deab|lpw_ccca744613|lpw_b2dd27e84f,5,5,5,5
142,144,2,1,false,好像那是件很要紧的事情:,好像|那是|件|很|要紧|的|事情,12,7,lpw_f2b91797ea|lpw_8af2350cfd|lpw_e66d9fac19,很|的|事情,lpw_f2b91797ea|lpw_8af2350cfd,lpw_f2b91797ea|lpw_8af2350cfd,lpw_f2b91797ea|lpw_8af2350cfd,3,2,2,2
143,145,2,1,false,后来我给他画了这幅非常出色的肖像“对不起......,后来|我|给|他|画|了|这|幅|非常|出色|的|肖像|对不起,26,13,lpw_b70bb4acc0|lpw_6e55fb9d8a|lpw_8b7b91e000|lpw_de9f18b00a|lpw_b2dd27e84f|lpw_d409ab2ab3|lpw_2ccec3b419|lpw_8af2350cfd,我|给|他|画|了|这|非常|的,lpw_b70bb4acc0|lpw_6e55fb9d8a|lpw_8b7b91e000|lpw_b2dd27e84f|lpw_d409ab2ab3|lpw_8af2350cfd,lpw_b70bb4acc0|lpw_6e55fb9d8a|lpw_8b7b91e000|lpw_b2dd27e84f|lpw_d409ab2ab3|lpw_8af2350cfd,lpw_b70bb4acc0|lpw_6e55fb9d8a|lpw_8b7b91e000|lpw_b2dd27e84f|lpw_d409ab2ab3|lpw_8af2350cfd,8,6,6,6
144,146,2,1,false,请给我画一只绵羊......”,请|给|我|画|一只|绵羊,15,6,lpw_88d5840fab|lpw_6e55fb9d8a|lpw_b70bb4acc0|lpw_de9f18b00a|lpw_216a478784|lpw_238b95ae07,请|给|我|画|一只|绵羊,lpw_6e55fb9d8a|lpw_b70bb4acc0,lpw_6e55fb9d8a|lpw_b70bb4acc0,lpw_6e55fb9d8a|lpw_b70bb4acc0,6,2,2,2
145,147,2,1,false,"受到神秘事物强烈冲击时,",受到|神秘|事物|强烈|冲击|时,12,6,lpw_7d58b6422c,时,,,,1,0,0,0
146,148,2,1,false,一个人是不敢不听从的。,一个|人|是|不敢|不|听从|的,11,7,lpw_e1dbc1c99f|lpw_50f5d65d57|lpw_b5141d3d19|lpw_b02dfe2160|lpw_8af2350cfd,一个|人|是|不|的,lpw_e1dbc1c99f|lpw_50f5d65d57|lpw_b5141d3d19|lpw_8af2350cfd,lpw_e1dbc1c99f|lpw_50f5d65d57|lpw_b5141d3d19|lpw_b02dfe2160|lpw_8af2350cfd,lpw_e1dbc1c99f|lpw_50f5d65d57|lpw_b5141d3d19|lpw_b02dfe2160|lpw_8af2350cfd,5,4,5,5
147,149,2,1,false,"尽管在我看来,",尽管|在|我|看来,7,4,lpw_12404a0b63|lpw_b70bb4acc0,在|我,lpw_12404a0b63|lpw_b70bb4acc0,lpw_12404a0b63|lpw_b70bb4acc0,lpw_12404a0b63|lpw_b70bb4acc0,2,2,2,2
148,150,2,1,false,"离一切有人居住的地方远而又远,",离|一切|有人|居住|的|地方|远|而又|远,15,9,lpw_8af2350cfd|lpw_1462a7d853|lpw_057c8f7842,的|地方|远,lpw_8af2350cfd,lpw_8af2350cfd,lpw_8af2350cfd|lpw_1462a7d853,3,1,1,2
149,151,2,1,false,"又处于死亡的威胁之下,",又|处于|死亡|的|威胁|之下,11,6,lpw_e71ce5deab|lpw_8af2350cfd,又|的,lpw_e71ce5deab|lpw_8af2350cfd,lpw_e71ce5deab|lpw_8af2350cfd,lpw_e71ce5deab|lpw_8af2350cfd,2,2,2,2
150,152,2,1,false,"在这儿想到画画真是匪夷所思,",在|这儿|想到|画|画|真是|匪夷所思,14,7,lpw_12404a0b63|lpw_19a29e87c9|lpw_de9f18b00a,在|这儿|画,lpw_12404a0b63,lpw_12404a0b63|lpw_19a29e87c9,lpw_12404a0b63|lpw_19a29e87c9,3,1,2,2
151,153,2,1,false,可我还是从口袋里掏出一张纸、一支钢笔。,可|我还是|从|口袋|里|掏出|一张|纸|一支|钢笔,19,10,lpw_8b9cefa38e|lpw_2719a8ea30|lpw_79f43de6e3|lpw_dc50d5e51e,可|从|里|一张,,lpw_8b9cefa38e|lpw_79f43de6e3,lpw_8b9cefa38e|lpw_2719a8ea30|lpw_79f43de6e3,4,0,2,3
152,154,2,1,false,"但我想起我只学了地理、历史、算术和语法,",但|我|想起|我只|学|了|地理|历史|算术|和|语法,20,11,lpw_1f863793c6|lpw_b70bb4acc0|lpw_b2dd27e84f|lpw_3d7114281f,但|我|了|和,lpw_b70bb4acc0|lpw_b2dd27e84f,lpw_b70bb4acc0|lpw_b2dd27e84f|lpw_3d7114281f,lpw_b70bb4acc0|lpw_b2dd27e84f|lpw_3d7114281f,4,2,3,3
153,155,2,1,false,"所以我就(有点没好气地)对那小人儿说,",所以|我|就|有点|没好气|地|对|那|小人儿|说,19,10,lpw_a2f7e42081|lpw_b70bb4acc0|lpw_2f9d9872e5|lpw_29506aa712|lpw_bdbd41e490|lpw_74570c7270|lpw_5a2362a202|lpw_ccca744613,所以|我|就|有点|地|对|那|说,lpw_b70bb4acc0|lpw_2f9d9872e5|lpw_bdbd41e490|lpw_74570c7270|lpw_5a2362a202|lpw_ccca744613,lpw_b70bb4acc0|lpw_2f9d9872e5|lpw_bdbd41e490|lpw_74570c7270|lpw_5a2362a202|lpw_ccca744613,lpw_b70bb4acc0|lpw_2f9d9872e5|lpw_29506aa712|lpw_bdbd41e490|lpw_74570c7270|lpw_5a2362a202|lpw_ccca744613,8,6,6,7
154,156,2,1,false,我不会画画。,我不会|画|画,6,3,lpw_de9f18b00a,画,,,,1,0,0,0
155,157,2,1,false,他回答说:,他|回答|说,5,3,lpw_8b7b91e000|lpw_f3f5126487|lpw_ccca744613,他|回答|说,lpw_8b7b91e000|lpw_ccca744613,lpw_8b7b91e000|lpw_f3f5126487|lpw_ccca744613,lpw_8b7b91e000|lpw_f3f5126487|lpw_ccca744613,3,2,3,3
156,158,2,1,false,“没关系。,没关系,5,1,,,,,,0,0,0,0
157,159,2,1,false,请给我画一只绵羊。”,请|给|我|画|一只|绵羊,10,6,lpw_88d5840fab|lpw_6e55fb9d8a|lpw_b70bb4acc0|lpw_de9f18b00a|lpw_216a478784|lpw_238b95ae07,请|给|我|画|一只|绵羊,lpw_6e55fb9d8a|lpw_b70bb4acc0,lpw_6e55fb9d8a|lpw_b70bb4acc0,lpw_6e55fb9d8a|lpw_b70bb4acc0,6,2,2,2
158,160,2,1,false,"我因为从没画过绵羊,",我|因为|从|没|画|过|绵羊,10,7,lpw_b70bb4acc0|lpw_795cfc96d4|lpw_2719a8ea30|lpw_279e8b3573|lpw_de9f18b00a|lpw_f777893480|lpw_238b95ae07,我|因为|从|没|画|过|绵羊,lpw_b70bb4acc0,lpw_b70bb4acc0|lpw_795cfc96d4|lpw_279e8b3573|lpw_f777893480,lpw_b70bb4acc0|lpw_795cfc96d4|lpw_2719a8ea30|lpw_279e8b3573|lpw_f777893480,7,1,4,5
159,161,2,1,false,就在我只会画的两张图画里挑一张给他画了:,就在|我只|会|画|的|两|张|图画|里|挑|一张|给|他|画|了,20,15,lpw_5ba1e3c0eb|lpw_de9f18b00a|lpw_8af2350cfd|lpw_83385d2eda|lpw_79f43de6e3|lpw_dc50d5e51e|lpw_6e55fb9d8a|lpw_8b7b91e000|lpw_b2dd27e84f,会|画|的|两|里|一张|给|他|了,lpw_5ba1e3c0eb|lpw_8af2350cfd|lpw_6e55fb9d8a|lpw_8b7b91e000|lpw_b2dd27e84f,lpw_5ba1e3c0eb|lpw_8af2350cfd|lpw_79f43de6e3|lpw_6e55fb9d8a|lpw_8b7b91e000|lpw_b2dd27e84f,lpw_5ba1e3c0eb|lpw_8af2350cfd|lpw_79f43de6e3|lpw_6e55fb9d8a|lpw_8b7b91e000|lpw_b2dd27e84f,9,5,6,6
160,162,2,1,false,没剖开的蟒蛇图。,没|剖|开|的|蟒蛇|图,8,6,lpw_279e8b3573|lpw_39eae64cfc|lpw_8af2350cfd|lpw_7d2bda9879,没|开|的|蟒蛇,lpw_8af2350cfd,lpw_279e8b3573|lpw_8af2350cfd,lpw_279e8b3573|lpw_8af2350cfd,4,1,2,2
161,163,2,1,false,"可我听到小人儿下面说的话,",可|我|听到|小人儿|下面|说|的话,13,7,lpw_8b9cefa38e|lpw_b70bb4acc0|lpw_ccca744613|lpw_9b952dd4e3,可|我|说|的话,lpw_b70bb4acc0|lpw_ccca744613,lpw_8b9cefa38e|lpw_b70bb4acc0|lpw_ccca744613,lpw_8b9cefa38e|lpw_b70bb4acc0|lpw_ccca744613,4,2,3,3
162,164,2,1,false,简直惊呆了:,简直|惊|呆了,6,3,,,,,,0,0,0,0
163,165,2,1,false,“不对!不对!,不对|不对,7,2,,,,,,0,0,0,0
164,166,2,1,false,我不要在蟒蛇肚子里的大象。,我|不要|在|蟒蛇|肚子|里|的|大象,13,8,lpw_b70bb4acc0|lpw_12404a0b63|lpw_7d2bda9879|lpw_79f43de6e3|lpw_8af2350cfd,我|在|蟒蛇|里|的,lpw_b70bb4acc0|lpw_12404a0b63|lpw_8af2350cfd,lpw_b70bb4acc0|lpw_12404a0b63|lpw_79f43de6e3|lpw_8af2350cfd,lpw_b70bb4acc0|lpw_12404a0b63|lpw_79f43de6e3|lpw_8af2350cfd,5,3,4,4
165,167,2,1,false,"蟒蛇很危险,大象呢,",蟒蛇|很|危险|大象|呢,10,5,lpw_7d2bda9879|lpw_f2b91797ea|lpw_02811cec0b,蟒蛇|很|呢,lpw_f2b91797ea|lpw_02811cec0b,lpw_f2b91797ea|lpw_02811cec0b,lpw_f2b91797ea|lpw_02811cec0b,3,2,2,2
166,168,2,1,false,"太占地方。在我那儿,",太|占|地方|在|我|那儿,10,6,lpw_e7ace7adf2|lpw_1462a7d853|lpw_12404a0b63|lpw_b70bb4acc0|lpw_b4444021ad,太|地方|在|我|那儿,lpw_12404a0b63|lpw_b70bb4acc0,lpw_12404a0b63|lpw_b70bb4acc0,lpw_e7ace7adf2|lpw_1462a7d853|lpw_12404a0b63|lpw_b70bb4acc0,5,2,2,4
167,169,2,1,false,什么都是小小的。,什么|都是|小小的,8,3,lpw_c1b52e0e64|lpw_ef4e15ff45,什么|都是,lpw_c1b52e0e64,lpw_c1b52e0e64,lpw_c1b52e0e64,2,1,1,1
168,170,2,1,false,我要的是一只绵羊。,我要|的是|一只|绵羊,9,4,lpw_30bc5c7b4c|lpw_5e1dc2a833|lpw_216a478784|lpw_238b95ae07,我要|的是|一只|绵羊,,,,4,0,0,0
169,171,2,1,false,请给我画一只绵羊。”,请|给|我|画|一只|绵羊,10,6,lpw_88d5840fab|lpw_6e55fb9d8a|lpw_b70bb4acc0|lpw_de9f18b00a|lpw_216a478784|lpw_238b95ae07,请|给|我|画|一只|绵羊,lpw_6e55fb9d8a|lpw_b70bb4acc0,lpw_6e55fb9d8a|lpw_b70bb4acc0,lpw_6e55fb9d8a|lpw_b70bb4acc0,6,2,2,2
170,172,2,1,false,我只得画了起来。,我|只得|画|了|起来,8,5,lpw_b70bb4acc0|lpw_de9f18b00a|lpw_b2dd27e84f|lpw_b8a694b2df,我|画|了|起来,lpw_b70bb4acc0|lpw_b2dd27e84f,lpw_b70bb4acc0|lpw_b2dd27e84f,lpw_b70bb4acc0|lpw_b2dd27e84f|lpw_b8a694b2df,4,2,2,3
171,173,2,1,false,"他专心地看了一会儿,",他|专心|地|看了|一|会|儿,10,7,lpw_8b7b91e000|lpw_bdbd41e490|lpw_51a75f4634|lpw_5ba1e3c0eb|lpw_1ed5efc3dc,他|地|一|会|儿,lpw_8b7b91e000|lpw_bdbd41e490|lpw_5ba1e3c0eb,lpw_8b7b91e000|lpw_bdbd41e490|lpw_51a75f4634|lpw_5ba1e3c0eb,lpw_8b7b91e000|lpw_bdbd41e490|lpw_51a75f4634|lpw_5ba1e3c0eb,5,3,4,4
172,174,2,1,false,然后说:,然后|说,4,2,lpw_ca4f5ee82e|lpw_ccca744613,然后|说,lpw_ccca744613,lpw_ccca744613,lpw_ccca744613,2,1,1,1
173,175,2,1,false,“不对!,不对,4,1,,,,,,0,0,0,0
174,176,2,1,false,这只羊已经病得不轻了。,这|只|羊|已经|病得|不轻|了,11,7,lpw_d409ab2ab3|lpw_409e2c3882|lpw_8ee12e2310|lpw_b2dd27e84f,这|只|已经|了,lpw_d409ab2ab3|lpw_b2dd27e84f,lpw_d409ab2ab3|lpw_409e2c3882|lpw_b2dd27e84f,lpw_d409ab2ab3|lpw_409e2c3882|lpw_b2dd27e84f,4,2,3,3
175,177,2,1,false,另外画一只吧。”,另外|画|一只|吧,8,4,lpw_de9f18b00a|lpw_216a478784|lpw_bad8b6c7ae,画|一只|吧,,,lpw_bad8b6c7ae,3,0,0,1
176,178,2,1,false,我画了右面的这只。,我|画|了|右面|的|这|只,9,7,lpw_b70bb4acc0|lpw_de9f18b00a|lpw_b2dd27e84f|lpw_8af2350cfd|lpw_d409ab2ab3|lpw_409e2c3882,我|画|了|的|这|只,lpw_b70bb4acc0|lpw_b2dd27e84f|lpw_8af2350cfd|lpw_d409ab2ab3,lpw_b70bb4acc0|lpw_b2dd27e84f|lpw_8af2350cfd|lpw_d409ab2ab3|lpw_409e2c3882,lpw_b70bb4acc0|lpw_b2dd27e84f|lpw_8af2350cfd|lpw_d409ab2ab3|lpw_409e2c3882,6,4,5,5
177,179,2,1,false,"我的朋友温和地笑了,",我|的|朋友|温和|地|笑了,10,6,lpw_b70bb4acc0|lpw_8af2350cfd|lpw_677aad1a0e|lpw_bdbd41e490,我|的|朋友|地,lpw_b70bb4acc0|lpw_8af2350cfd|lpw_bdbd41e490,lpw_b70bb4acc0|lpw_8af2350cfd|lpw_bdbd41e490,lpw_b70bb4acc0|lpw_8af2350cfd|lpw_677aad1a0e|lpw_bdbd41e490,4,3,3,4
178,180,2,1,false,口气宽容地说:,口气|宽容|地|说,7,4,lpw_bdbd41e490|lpw_ccca744613,地|说,lpw_bdbd41e490|lpw_ccca744613,lpw_bdbd41e490|lpw_ccca744613,lpw_bdbd41e490|lpw_ccca744613,2,2,2,2
179,181,2,1,false,“你看看......,你|看看,10,2,lpw_a0c7716669,你,lpw_a0c7716669,lpw_a0c7716669,lpw_a0c7716669,1,1,1,1
180,182,2,1,false,"这只不是绵羊,",这|只|不是|绵羊,7,4,lpw_d409ab2ab3|lpw_409e2c3882|lpw_584cd0fcf3|lpw_238b95ae07,这|只|不是|绵羊,lpw_d409ab2ab3,lpw_d409ab2ab3|lpw_409e2c3882,lpw_d409ab2ab3|lpw_409e2c3882,4,1,2,2
181,183,2,1,false,是山羊。,是|山羊,4,2,lpw_b5141d3d19,是,lpw_b5141d3d19,lpw_b5141d3d19,lpw_b5141d3d19,1,1,1,1
182,184,2,1,false,头上长着角......”,头|上|长|着|角,12,5,lpw_db5ba671d2|lpw_597ae23d84|lpw_9e5bf0d2d9,上|长|着,lpw_db5ba671d2|lpw_9e5bf0d2d9,lpw_db5ba671d2|lpw_9e5bf0d2d9,lpw_db5ba671d2|lpw_9e5bf0d2d9,3,2,2,2
183,185,2,1,false,于是我又画了一张。,于是|我又|画|了|一张,9,5,lpw_3617c85a66|lpw_de9f18b00a|lpw_b2dd27e84f|lpw_dc50d5e51e,于是|画|了|一张,lpw_b2dd27e84f,lpw_b2dd27e84f,lpw_b2dd27e84f,4,1,1,1
184,186,2,1,false,"但这一张也跟前几张一样,",但|这|一张|也|跟前|几|张|一样,12,8,lpw_1f863793c6|lpw_d409ab2ab3|lpw_dc50d5e51e|lpw_658605835b|lpw_9dc5c0158d,但|这|一张|也|一样,lpw_d409ab2ab3,lpw_d409ab2ab3|lpw_658605835b,lpw_d409ab2ab3|lpw_658605835b|lpw_9dc5c0158d,5,1,2,3
185,187,2,1,false,没能通过:,没能|通过,5,2,,,,,,0,0,0,0
186,188,2,1,false,“这只太老了。,这|只|太|老了,7,4,lpw_d409ab2ab3|lpw_409e2c3882|lpw_e7ace7adf2,这|只|太,lpw_d409ab2ab3,lpw_d409ab2ab3|lpw_409e2c3882,lpw_d409ab2ab3|lpw_409e2c3882|lpw_e7ace7adf2,3,1,2,3
187,189,2,1,false,我要一只可以活得很久的绵羊。”,我要|一只|可以|活得|很久|的|绵羊,15,7,lpw_30bc5c7b4c|lpw_216a478784|lpw_0ef5c86fab|lpw_8af2350cfd|lpw_238b95ae07,我要|一只|可以|的|绵羊,lpw_8af2350cfd,lpw_8af2350cfd,lpw_0ef5c86fab|lpw_8af2350cfd,5,1,1,2
188,190,2,1,false,"我已经没有耐心了,",我|已经|没有|耐心|了,9,5,lpw_b70bb4acc0|lpw_8ee12e2310|lpw_f127804b92|lpw_b2dd27e84f,我|已经|没有|了,lpw_b70bb4acc0|lpw_b2dd27e84f,lpw_b70bb4acc0|lpw_f127804b92|lpw_b2dd27e84f,lpw_b70bb4acc0|lpw_f127804b92|lpw_b2dd27e84f,4,2,3,3
189,191,2,1,false,"因为我急于要去把发动机拆下来,",因为|我|急于|要|去|把|发动|机|拆下来,15,9,lpw_795cfc96d4|lpw_b70bb4acc0|lpw_975f35218e|lpw_99ae21ea6c|lpw_2442748e41,因为|我|要|去|把,lpw_b70bb4acc0,lpw_795cfc96d4|lpw_b70bb4acc0|lpw_975f35218e|lpw_99ae21ea6c|lpw_2442748e41,lpw_795cfc96d4|lpw_b70bb4acc0|lpw_975f35218e|lpw_99ae21ea6c|lpw_2442748e41,5,1,5,5
190,192,2,1,false,所以我就胡乱画了一张。,所以|我|就|胡乱|画|了|一张,11,7,lpw_a2f7e42081|lpw_b70bb4acc0|lpw_2f9d9872e5|lpw_de9f18b00a|lpw_b2dd27e84f|lpw_dc50d5e51e,所以|我|就|画|了|一张,lpw_b70bb4acc0|lpw_2f9d9872e5|lpw_b2dd27e84f,lpw_b70bb4acc0|lpw_2f9d9872e5|lpw_b2dd27e84f,lpw_b70bb4acc0|lpw_2f9d9872e5|lpw_b2dd27e84f,6,3,3,3
191,193,2,1,false,我随口说道:,我|随|口|说道,6,4,lpw_b70bb4acc0,我,lpw_b70bb4acc0,lpw_b70bb4acc0,lpw_b70bb4acc0,1,1,1,1
192,194,2,1,false,"“这个呢,是个箱子。",这个|呢|是|个|箱子,10,5,lpw_979e2bc35b|lpw_02811cec0b|lpw_b5141d3d19|lpw_3a116815bc,这个|呢|是|个,lpw_02811cec0b|lpw_b5141d3d19,lpw_979e2bc35b|lpw_02811cec0b|lpw_b5141d3d19|lpw_3a116815bc,lpw_979e2bc35b|lpw_02811cec0b|lpw_b5141d3d19|lpw_3a116815bc,4,2,4,4
193,195,2,1,false,你要的绵羊就在里面。”,你要|的|绵羊|就在|里面,11,5,lpw_642b100e13|lpw_8af2350cfd|lpw_238b95ae07,你要|的|绵羊,lpw_8af2350cfd,lpw_8af2350cfd,lpw_8af2350cfd,3,1,1,1
194,196,2,1,false,"但是令我吃惊的是,",但是|令|我|吃惊|的是,9,5,lpw_8cb1f721c8|lpw_b70bb4acc0|lpw_5e1dc2a833,但是|我|的是,lpw_b70bb4acc0,lpw_b70bb4acc0,lpw_b70bb4acc0,3,1,1,1
195,197,2,1,false,这个小评判的脸上顿时变得容光焕发了:,这个|小|评判|的|脸|上|顿时|变得|容|光|焕发|了,18,12,lpw_979e2bc35b|lpw_6a7339bb75|lpw_8af2350cfd|lpw_db5ba671d2|lpw_23e89ba0a1|lpw_b2dd27e84f,这个|小|的|上|变得|了,lpw_8af2350cfd|lpw_db5ba671d2|lpw_b2dd27e84f,lpw_979e2bc35b|lpw_6a7339bb75|lpw_8af2350cfd|lpw_db5ba671d2|lpw_b2dd27e84f,lpw_979e2bc35b|lpw_6a7339bb75|lpw_8af2350cfd|lpw_db5ba671d2|lpw_b2dd27e84f,6,3,5,5
196,198,2,1,false,“我要的就是这个!,我要|的|就是|这个,9,4,lpw_30bc5c7b4c|lpw_8af2350cfd|lpw_88aa006eb3|lpw_979e2bc35b,我要|的|就是|这个,lpw_8af2350cfd,lpw_8af2350cfd|lpw_88aa006eb3|lpw_979e2bc35b,lpw_8af2350cfd|lpw_88aa006eb3|lpw_979e2bc35b,4,1,3,3
197,199,2,1,false,"你说,",你|说,3,2,lpw_a0c7716669|lpw_ccca744613,你|说,lpw_a0c7716669|lpw_ccca744613,lpw_a0c7716669|lpw_ccca744613,lpw_a0c7716669|lpw_ccca744613,2,2,2,2
198,200,2,1,false,这只绵羊会要很多草吗?”,这|只|绵羊|会|要|很多|草|吗,12,8,lpw_d409ab2ab3|lpw_409e2c3882|lpw_238b95ae07|lpw_5ba1e3c0eb|lpw_975f35218e|lpw_5ac1612110,这|只|绵羊|会|要|吗,lpw_d409ab2ab3|lpw_5ba1e3c0eb,lpw_d409ab2ab3|lpw_409e2c3882|lpw_5ba1e3c0eb|lpw_975f35218e,lpw_d409ab2ab3|lpw_409e2c3882|lpw_5ba1e3c0eb|lpw_975f35218e|lpw_5ac1612110,6,2,4,5
199,201,2,1,false,“问这干嘛?”,问|这|干|嘛,7,4,lpw_4628c0e06f|lpw_d409ab2ab3|lpw_9ee0280bc4,问|这|干,lpw_d409ab2ab3,lpw_4628c0e06f|lpw_d409ab2ab3,lpw_4628c0e06f|lpw_d409ab2ab3,3,1,2,2
200,202,2,1,false,“因为我那儿样样都很小......”,因为|我|那儿|样样|都很|小,18,6,lpw_795cfc96d4|lpw_b70bb4acc0|lpw_b4444021ad|lpw_6a7339bb75,因为|我|那儿|小,lpw_b70bb4acc0,lpw_795cfc96d4|lpw_b70bb4acc0|lpw_6a7339bb75,lpw_795cfc96d4|lpw_b70bb4acc0|lpw_6a7339bb75,4,1,3,3
201,203,2,1,false,“肯定够了。,肯定|够|了,6,3,lpw_b2dd27e84f,了,lpw_b2dd27e84f,lpw_b2dd27e84f,lpw_b2dd27e84f,1,1,1,1
202,204,2,1,false,我给你的是只很小的绵羊。”,我|给|你|的|是|只|很小|的|绵羊,13,9,lpw_b70bb4acc0|lpw_6e55fb9d8a|lpw_a0c7716669|lpw_8af2350cfd|lpw_b5141d3d19|lpw_409e2c3882|lpw_238b95ae07,我|给|你|的|是|只|绵羊,lpw_b70bb4acc0|lpw_6e55fb9d8a|lpw_a0c7716669|lpw_8af2350cfd|lpw_b5141d3d19,lpw_b70bb4acc0|lpw_6e55fb9d8a|lpw_a0c7716669|lpw_8af2350cfd|lpw_b5141d3d19|lpw_409e2c3882,lpw_b70bb4acc0|lpw_6e55fb9d8a|lpw_a0c7716669|lpw_8af2350cfd|lpw_b5141d3d19|lpw_409e2c3882,7,5,6,6
203,205,2,1,false,他低下头去看那幅画:,他|低下头去|看|那|幅|画,10,6,lpw_8b7b91e000|lpw_61f43315f9|lpw_5a2362a202|lpw_de9f18b00a,他|看|那|画,lpw_8b7b91e000|lpw_5a2362a202,lpw_8b7b91e000|lpw_5a2362a202,lpw_8b7b91e000|lpw_61f43315f9|lpw_5a2362a202,4,2,2,3
204,206,2,1,false,“不算太小......瞧!,不算|太|小|瞧,13,4,lpw_e7ace7adf2|lpw_6a7339bb75,太|小,,lpw_6a7339bb75,lpw_e7ace7adf2|lpw_6a7339bb75,2,0,1,2
205,207,2,1,false,它睡着了......”,它|睡着了,11,2,lpw_7e9260e925,它,lpw_7e9260e925,lpw_7e9260e925,lpw_7e9260e925,1,1,1,1
206,208,2,1,false,"就这样,",就|这样,4,2,lpw_2f9d9872e5|lpw_b7fc681861,就|这样,lpw_2f9d9872e5,lpw_2f9d9872e5|lpw_b7fc681861,lpw_2f9d9872e5|lpw_b7fc681861,2,1,2,2
207,209,2,1,false,我认识了小王子。,我|认识|了|小王子,8,4,lpw_b70bb4acc0|lpw_b2dd27e84f|lpw_87f2a033cf,我|了|小王子,lpw_b70bb4acc0|lpw_b2dd27e84f|lpw_87f2a033cf,lpw_b70bb4acc0|lpw_b2dd27e84f|lpw_87f2a033cf,lpw_b70bb4acc0|lpw_b2dd27e84f|lpw_87f2a033cf,3,3,3,3
208,210,3,1,true,3,,1,0,,,,,,0,0,0,0
209,211,3,1,false,"很久以后,",很久|以后,5,2,lpw_e6ad7a1dbc,以后,,,,1,0,0,0
210,212,3,1,false,我才弄明白他是从哪儿来的。,我|才|弄|明白|他是|从|哪儿|来|的,13,9,lpw_b70bb4acc0|lpw_8e37cd5f7f|lpw_2719a8ea30|lpw_1ca2298198|lpw_6d8229118c|lpw_8af2350cfd,我|明白|从|哪儿|来|的,lpw_b70bb4acc0|lpw_6d8229118c|lpw_8af2350cfd,lpw_b70bb4acc0|lpw_6d8229118c|lpw_8af2350cfd,lpw_b70bb4acc0|lpw_2719a8ea30|lpw_6d8229118c|lpw_8af2350cfd,6,3,3,4
211,213,3,1,false,"这个小王子,",这个|小王子,6,2,lpw_979e2bc35b|lpw_87f2a033cf,这个|小王子,lpw_87f2a033cf,lpw_979e2bc35b|lpw_87f2a033cf,lpw_979e2bc35b|lpw_87f2a033cf,2,1,2,2
212,214,3,1,false,"对我提了好多问题,",对|我|提了|好多|问题,9,5,lpw_74570c7270|lpw_b70bb4acc0|lpw_33a8618cb6,对|我|问题,lpw_74570c7270|lpw_b70bb4acc0,lpw_74570c7270|lpw_b70bb4acc0,lpw_74570c7270|lpw_b70bb4acc0,3,2,2,2
213,215,3,1,false,而对我的问题总像没听见似的。,而|对|我|的|问题|总|像|没|听见|似的,14,10,lpw_08e2725ce1|lpw_74570c7270|lpw_b70bb4acc0|lpw_8af2350cfd|lpw_33a8618cb6|lpw_cf8cedd58b|lpw_279e8b3573,而|对|我|的|问题|像|没,lpw_74570c7270|lpw_b70bb4acc0|lpw_8af2350cfd,lpw_74570c7270|lpw_b70bb4acc0|lpw_8af2350cfd|lpw_279e8b3573,lpw_08e2725ce1|lpw_74570c7270|lpw_b70bb4acc0|lpw_8af2350cfd|lpw_cf8cedd58b|lpw_279e8b3573,7,3,4,6
214,216,3,1,false,"我是从他偶尔漏出来的那些话里,",我是|从|他|偶尔|漏|出来|的|那些|话|里,15,10,lpw_06ba27715e|lpw_2719a8ea30|lpw_8b7b91e000|lpw_8af2350cfd|lpw_abd258db99|lpw_036f781126|lpw_79f43de6e3,我是|从|他|的|那些|话|里,lpw_8b7b91e000|lpw_8af2350cfd,lpw_8b7b91e000|lpw_8af2350cfd|lpw_79f43de6e3,lpw_2719a8ea30|lpw_8b7b91e000|lpw_8af2350cfd|lpw_abd258db99|lpw_79f43de6e3,7,2,3,5
215,217,3,1,false,一点一点知道这一切的。,一点|一点|知道|这|一切|的,11,6,lpw_148b16e603|lpw_d7b6472b11|lpw_d409ab2ab3|lpw_8af2350cfd,一点|知道|这|的,lpw_d409ab2ab3|lpw_8af2350cfd,lpw_d7b6472b11|lpw_d409ab2ab3|lpw_8af2350cfd,lpw_d7b6472b11|lpw_d409ab2ab3|lpw_8af2350cfd,4,2,3,3
216,218,3,1,false,"比如,",比如,3,1,,,,,,0,0,0,0
217,219,3,1,false,"他第一次瞧见我的飞机时(我没画我的飞机,",他|第一次|瞧|见|我|的|飞机|时|我没|画|我|的|飞机,20,13,lpw_8b7b91e000|lpw_b70bb4acc0|lpw_8af2350cfd|lpw_c05f7cd6ed|lpw_7d58b6422c|lpw_6af7322be2|lpw_de9f18b00a,他|我|的|飞机|时|我没|画,lpw_8b7b91e000|lpw_b70bb4acc0|lpw_8af2350cfd,lpw_8b7b91e000|lpw_b70bb4acc0|lpw_8af2350cfd,lpw_8b7b91e000|lpw_b70bb4acc0|lpw_8af2350cfd,7,3,3,3
218,220,3,1,false,"对我来说,",对|我|来说,5,3,lpw_74570c7270|lpw_b70bb4acc0|lpw_a0cc5593ee,对|我|来说,lpw_74570c7270|lpw_b70bb4acc0,lpw_74570c7270|lpw_b70bb4acc0,lpw_74570c7270|lpw_b70bb4acc0|lpw_a0cc5593ee,3,2,2,3
219,221,3,1,false,"这样的画实在太复杂了),",这样|的|画|实在|太|复杂|了,12,7,lpw_b7fc681861|lpw_8af2350cfd|lpw_de9f18b00a|lpw_e7ace7adf2|lpw_b2dd27e84f,这样|的|画|太|了,lpw_8af2350cfd|lpw_b2dd27e84f,lpw_b7fc681861|lpw_8af2350cfd|lpw_b2dd27e84f,lpw_b7fc681861|lpw_8af2350cfd|lpw_e7ace7adf2|lpw_b2dd27e84f,5,2,3,4
220,222,3,1,false,就问我:,就问|我,4,2,lpw_b70bb4acc0,我,lpw_b70bb4acc0,lpw_b70bb4acc0,lpw_b70bb4acc0,1,1,1,1
221,223,3,1,false,“这是什么东西?”,这|是|什么东西,9,3,lpw_d409ab2ab3|lpw_b5141d3d19,这|是,lpw_d409ab2ab3|lpw_b5141d3d19,lpw_d409ab2ab3|lpw_b5141d3d19,lpw_d409ab2ab3|lpw_b5141d3d19,2,2,2,2
222,224,3,1,false,"“这不是什么东西,",这|不是|什么东西,9,3,lpw_d409ab2ab3|lpw_584cd0fcf3,这|不是,lpw_d409ab2ab3,lpw_d409ab2ab3,lpw_d409ab2ab3,2,1,1,1
223,225,3,1,false,它会飞。,它|会|飞,4,3,lpw_7e9260e925|lpw_5ba1e3c0eb,它|会,lpw_7e9260e925|lpw_5ba1e3c0eb,lpw_7e9260e925|lpw_5ba1e3c0eb,lpw_7e9260e925|lpw_5ba1e3c0eb,2,2,2,2
224,226,3,1,false,"这是一架飞机,",这|是|一架|飞机,7,4,lpw_d409ab2ab3|lpw_b5141d3d19|lpw_c05f7cd6ed,这|是|飞机,lpw_d409ab2ab3|lpw_b5141d3d19,lpw_d409ab2ab3|lpw_b5141d3d19,lpw_d409ab2ab3|lpw_b5141d3d19,3,2,2,2
225,227,3,1,false,是我的飞机。”,是|我|的|飞机,7,4,lpw_b5141d3d19|lpw_b70bb4acc0|lpw_8af2350cfd|lpw_c05f7cd6ed,是|我|的|飞机,lpw_b5141d3d19|lpw_b70bb4acc0|lpw_8af2350cfd,lpw_b5141d3d19|lpw_b70bb4acc0|lpw_8af2350cfd,lpw_b5141d3d19|lpw_b70bb4acc0|lpw_8af2350cfd,4,3,3,3
226,228,3,1,false,"我自豪地讲给他听,",我|自豪|地|讲给|他|听,9,6,lpw_b70bb4acc0|lpw_bdbd41e490|lpw_8b7b91e000|lpw_1f2eb2608d,我|地|他|听,lpw_b70bb4acc0|lpw_bdbd41e490|lpw_8b7b91e000,lpw_b70bb4acc0|lpw_bdbd41e490|lpw_8b7b91e000,lpw_b70bb4acc0|lpw_bdbd41e490|lpw_8b7b91e000,4,3,3,3
227,229,3,1,false,我在天上飞。,我在|天上|飞,6,3,lpw_33f40475f8,我在,,,,1,0,0,0
228,230,3,1,false,他听了就大声说:,他|听|了|就|大声|说,8,6,lpw_8b7b91e000|lpw_1f2eb2608d|lpw_b2dd27e84f|lpw_2f9d9872e5|lpw_ccca744613,他|听|了|就|说,lpw_8b7b91e000|lpw_b2dd27e84f|lpw_2f9d9872e5|lpw_ccca744613,lpw_8b7b91e000|lpw_b2dd27e84f|lpw_2f9d9872e5|lpw_ccca744613,lpw_8b7b91e000|lpw_b2dd27e84f|lpw_2f9d9872e5|lpw_ccca744613,5,4,4,4
229,231,3,1,false,“怎么!,怎么,4,1,lpw_5ee8091a38,怎么,,,,1,0,0,0
230,232,3,1,false,你是天上掉下来的?”,你是|天上|掉|下来|的,10,5,lpw_8af2350cfd,的,lpw_8af2350cfd,lpw_8af2350cfd,lpw_8af2350cfd,1,1,1,1
231,233,3,1,false,"“是的,”",是|的,5,2,lpw_b5141d3d19|lpw_8af2350cfd,是|的,lpw_b5141d3d19|lpw_8af2350cfd,lpw_b5141d3d19|lpw_8af2350cfd,lpw_b5141d3d19|lpw_8af2350cfd,2,2,2,2
232,234,3,1,false,我谦虚地说。,我|谦虚|地|说,6,4,lpw_b70bb4acc0|lpw_bdbd41e490|lpw_ccca744613,我|地|说,lpw_b70bb4acc0|lpw_bdbd41e490|lpw_ccca744613,lpw_b70bb4acc0|lpw_bdbd41e490|lpw_ccca744613,lpw_b70bb4acc0|lpw_bdbd41e490|lpw_ccca744613,3,3,3,3
233,235,3,1,false,“喔!真有趣......”,喔|真|有趣,13,3,lpw_827d018e1b,真,,,,1,0,0,0
234,236,3,1,false,"小王子发出一阵清脆的笑声,",小王子|发出|一阵|清脆|的|笑声,13,6,lpw_87f2a033cf|lpw_8af2350cfd,小王子|的,lpw_87f2a033cf|lpw_8af2350cfd,lpw_87f2a033cf|lpw_8af2350cfd,lpw_87f2a033cf|lpw_8af2350cfd,2,2,2,2
235,237,3,1,false,这下可把我惹恼了。,这下|可把|我|惹|恼|了,9,6,lpw_b70bb4acc0|lpw_b2dd27e84f,我|了,lpw_b70bb4acc0|lpw_b2dd27e84f,lpw_b70bb4acc0|lpw_b2dd27e84f,lpw_b70bb4acc0|lpw_b2dd27e84f,2,2,2,2
236,238,3,1,false,我不喜欢别人拿我的不幸逗趣儿。,我不|喜欢|别人|拿|我|的|不幸|逗趣|儿,15,9,lpw_3e63e3d08e|lpw_653b04330b|lpw_b70bb4acc0|lpw_8af2350cfd|lpw_1ed5efc3dc,我不|喜欢|我|的|儿,lpw_b70bb4acc0|lpw_8af2350cfd,lpw_b70bb4acc0|lpw_8af2350cfd,lpw_b70bb4acc0|lpw_8af2350cfd,5,2,2,2
237,239,3,1,false,接着他又说:,接着|他|又|说,6,4,lpw_58ed4c69fb|lpw_8b7b91e000|lpw_e71ce5deab|lpw_ccca744613,接着|他|又|说,lpw_8b7b91e000|lpw_e71ce5deab|lpw_ccca744613,lpw_8b7b91e000|lpw_e71ce5deab|lpw_ccca744613,lpw_8b7b91e000|lpw_e71ce5deab|lpw_ccca744613,4,3,3,3
238,240,3,1,false,"“这么说,",这么|说,5,2,lpw_7677ca84c6|lpw_ccca744613,这么|说,lpw_ccca744613,lpw_ccca744613,lpw_7677ca84c6|lpw_ccca744613,2,1,1,2
239,241,3,1,false,你也是从天上来的!,你|也是|从|天|上来|的,9,6,lpw_a0c7716669|lpw_256c0476ed|lpw_2719a8ea30|lpw_49da61ceee|lpw_8af2350cfd,你|也是|从|天|的,lpw_a0c7716669|lpw_8af2350cfd,lpw_a0c7716669|lpw_8af2350cfd,lpw_a0c7716669|lpw_2719a8ea30|lpw_49da61ceee|lpw_8af2350cfd,5,2,2,4
240,242,3,1,false,你从哪个星球来?”,你|从|哪个|星球|来,9,5,lpw_a0c7716669|lpw_2719a8ea30|lpw_62f2d6c1a1|lpw_6d8229118c,你|从|星球|来,lpw_a0c7716669|lpw_62f2d6c1a1|lpw_6d8229118c,lpw_a0c7716669|lpw_62f2d6c1a1|lpw_6d8229118c,lpw_a0c7716669|lpw_2719a8ea30|lpw_62f2d6c1a1|lpw_6d8229118c,4,3,3,4
241,243,3,1,false,"我脑子里闪过一个念头,",我|脑子里|闪|过|一个|念头,11,6,lpw_b70bb4acc0|lpw_f777893480|lpw_e1dbc1c99f,我|过|一个,lpw_b70bb4acc0|lpw_e1dbc1c99f,lpw_b70bb4acc0|lpw_f777893480|lpw_e1dbc1c99f,lpw_b70bb4acc0|lpw_f777893480|lpw_e1dbc1c99f,3,2,3,3
242,244,3,1,false,"他的降临之谜好像有了线索,",他|的|降临|之|谜|好像|有了|线索,13,8,lpw_8b7b91e000|lpw_8af2350cfd,他|的,lpw_8b7b91e000|lpw_8af2350cfd,lpw_8b7b91e000|lpw_8af2350cfd,lpw_8b7b91e000|lpw_8af2350cfd,2,2,2,2
243,245,3,1,false,我突如其来地发问:,我|突如|其|来|地|发|问,9,7,lpw_b70bb4acc0|lpw_6d8229118c|lpw_bdbd41e490|lpw_4628c0e06f,我|来|地|问,lpw_b70bb4acc0|lpw_6d8229118c|lpw_bdbd41e490,lpw_b70bb4acc0|lpw_6d8229118c|lpw_bdbd41e490|lpw_4628c0e06f,lpw_b70bb4acc0|lpw_6d8229118c|lpw_bdbd41e490|lpw_4628c0e06f,4,3,4,4
244,246,3,1,false,“那你是从别的星球来的啰?”,那|你是|从|别的|星球|来|的|啰,14,8,lpw_5a2362a202|lpw_2719a8ea30|lpw_3966c0d55d|lpw_62f2d6c1a1|lpw_6d8229118c|lpw_8af2350cfd,那|从|别的|星球|来|的,lpw_5a2362a202|lpw_62f2d6c1a1|lpw_6d8229118c|lpw_8af2350cfd,lpw_5a2362a202|lpw_62f2d6c1a1|lpw_6d8229118c|lpw_8af2350cfd,lpw_5a2362a202|lpw_2719a8ea30|lpw_62f2d6c1a1|lpw_6d8229118c|lpw_8af2350cfd,6,4,4,5
245,247,3,1,false,可是他没有回答。,可是|他|没有|回答,8,4,lpw_38ca4a9c76|lpw_8b7b91e000|lpw_f127804b92|lpw_f3f5126487,可是|他|没有|回答,lpw_8b7b91e000,lpw_38ca4a9c76|lpw_8b7b91e000|lpw_f127804b92|lpw_f3f5126487,lpw_38ca4a9c76|lpw_8b7b91e000|lpw_f127804b92|lpw_f3f5126487,4,1,4,4
246,248,3,1,false,"他看着我的飞机,",他|看|着|我|的|飞机,8,6,lpw_8b7b91e000|lpw_61f43315f9|lpw_9e5bf0d2d9|lpw_b70bb4acc0|lpw_8af2350cfd|lpw_c05f7cd6ed,他|看|着|我|的|飞机,lpw_8b7b91e000|lpw_9e5bf0d2d9|lpw_b70bb4acc0|lpw_8af2350cfd,lpw_8b7b91e000|lpw_9e5bf0d2d9|lpw_b70bb4acc0|lpw_8af2350cfd,lpw_8b7b91e000|lpw_61f43315f9|lpw_9e5bf0d2d9|lpw_b70bb4acc0|lpw_8af2350cfd,6,4,4,5
247,249,3,1,false,轻轻地点了点头:,轻轻|地点|了|点头,8,4,lpw_b2dd27e84f,了,lpw_b2dd27e84f,lpw_b2dd27e84f,lpw_b2dd27e84f,1,1,1,1
248,250,3,1,false,"“是啊,就靠它,",是|啊|就|靠|它,8,5,lpw_b5141d3d19|lpw_7c2c50fbaf|lpw_2f9d9872e5|lpw_7e9260e925,是|啊|就|它,lpw_b5141d3d19|lpw_2f9d9872e5|lpw_7e9260e925,lpw_b5141d3d19|lpw_2f9d9872e5|lpw_7e9260e925,lpw_b5141d3d19|lpw_2f9d9872e5|lpw_7e9260e925,4,3,3,3
249,251,3,1,false,你来的地方不会太远......”,你来|的|地方|不会|太|远,16,6,lpw_8af2350cfd|lpw_1462a7d853|lpw_c7ae73a94d|lpw_e7ace7adf2|lpw_057c8f7842,的|地方|不会|太|远,lpw_8af2350cfd,lpw_8af2350cfd,lpw_8af2350cfd|lpw_1462a7d853|lpw_e7ace7adf2,5,1,1,3
250,252,3,1,false,"说着,",说|着,3,2,lpw_ccca744613|lpw_9e5bf0d2d9,说|着,lpw_ccca744613|lpw_9e5bf0d2d9,lpw_ccca744613|lpw_9e5bf0d2d9,lpw_ccca744613|lpw_9e5bf0d2d9,2,2,2,2
251,253,3,1,false,他出神地遐想了很久。,他|出|神|地|遐想|了|很久,10,7,lpw_8b7b91e000|lpw_bdbd41e490|lpw_b2dd27e84f,他|地|了,lpw_8b7b91e000|lpw_bdbd41e490|lpw_b2dd27e84f,lpw_8b7b91e000|lpw_bdbd41e490|lpw_b2dd27e84f,lpw_8b7b91e000|lpw_bdbd41e490|lpw_b2dd27e84f,3,3,3,3
252,254,3,1,false,"而后,",而后,3,1,,,,,,0,0,0,0
253,255,3,1,false,"从袋里拿出我画的绵羊,",从|袋|里|拿出|我|画|的|绵羊,11,8,lpw_2719a8ea30|lpw_79f43de6e3|lpw_b70bb4acc0|lpw_de9f18b00a|lpw_8af2350cfd|lpw_238b95ae07,从|里|我|画|的|绵羊,lpw_b70bb4acc0|lpw_8af2350cfd,lpw_79f43de6e3|lpw_b70bb4acc0|lpw_8af2350cfd,lpw_2719a8ea30|lpw_79f43de6e3|lpw_b70bb4acc0|lpw_8af2350cfd,6,2,3,4
254,256,3,1,false,全神贯注地凝望着这宝贝。,全神贯注|地|凝望|着|这|宝贝,12,6,lpw_bdbd41e490|lpw_9e5bf0d2d9|lpw_d409ab2ab3,地|着|这,lpw_bdbd41e490|lpw_9e5bf0d2d9|lpw_d409ab2ab3,lpw_bdbd41e490|lpw_9e5bf0d2d9|lpw_d409ab2ab3,lpw_bdbd41e490|lpw_9e5bf0d2d9|lpw_d409ab2ab3,3,3,3,3
255,257,3,1,false,"你想想看,",你|想想看,5,2,lpw_a0c7716669,你,lpw_a0c7716669,lpw_a0c7716669,lpw_a0c7716669,1,1,1,1
256,258,3,1,false,这个跟“别的星球”,这个|跟|别的|星球,9,4,lpw_979e2bc35b|lpw_383a53d95c|lpw_3966c0d55d|lpw_62f2d6c1a1,这个|跟|别的|星球,lpw_62f2d6c1a1,lpw_979e2bc35b|lpw_62f2d6c1a1,lpw_979e2bc35b|lpw_383a53d95c|lpw_62f2d6c1a1,4,1,2,3
257,259,3,1,false,"有关,",有关,3,1,,,,,,0,0,0,0
258,260,3,1,false,"说了一半打住的话头,",说|了|一半|打住|的话|头,10,6,lpw_ccca744613|lpw_b2dd27e84f|lpw_9b952dd4e3,说|了|的话,lpw_ccca744613|lpw_b2dd27e84f,lpw_ccca744613|lpw_b2dd27e84f,lpw_ccca744613|lpw_b2dd27e84f,3,2,2,2
259,261,3,1,false,会让我多么惊讶啊。,会|让|我|多么|惊讶|啊,9,6,lpw_5ba1e3c0eb|lpw_ad37574404|lpw_b70bb4acc0|lpw_7c2c50fbaf,会|让|我|啊,lpw_5ba1e3c0eb|lpw_ad37574404|lpw_b70bb4acc0,lpw_5ba1e3c0eb|lpw_ad37574404|lpw_b70bb4acc0,lpw_5ba1e3c0eb|lpw_ad37574404|lpw_b70bb4acc0,4,3,3,3
260,262,3,1,false,我竭力想多知道一些:,我|竭力|想|多|知道|一些,10,6,lpw_b70bb4acc0|lpw_df0d251938|lpw_1940119f05|lpw_d7b6472b11,我|想|多|知道,lpw_b70bb4acc0,lpw_b70bb4acc0|lpw_d7b6472b11,lpw_b70bb4acc0|lpw_df0d251938|lpw_d7b6472b11,4,1,2,3
261,263,3,1,false,"“你从哪儿来,",你|从|哪儿|来,7,4,lpw_a0c7716669|lpw_2719a8ea30|lpw_1ca2298198|lpw_6d8229118c,你|从|哪儿|来,lpw_a0c7716669|lpw_6d8229118c,lpw_a0c7716669|lpw_6d8229118c,lpw_a0c7716669|lpw_2719a8ea30|lpw_6d8229118c,4,2,2,3
262,264,3,1,false,我的小家伙?,我|的|小|家伙,6,4,lpw_b70bb4acc0|lpw_8af2350cfd|lpw_6a7339bb75,我|的|小,lpw_b70bb4acc0|lpw_8af2350cfd,lpw_b70bb4acc0|lpw_8af2350cfd|lpw_6a7339bb75,lpw_b70bb4acc0|lpw_8af2350cfd|lpw_6a7339bb75,3,2,3,3
263,265,3,1,false,‘我那儿’是哪儿?,我|那儿|是|哪儿,9,4,lpw_b70bb4acc0|lpw_b4444021ad|lpw_b5141d3d19|lpw_1ca2298198,我|那儿|是|哪儿,lpw_b70bb4acc0|lpw_b5141d3d19,lpw_b70bb4acc0|lpw_b5141d3d19,lpw_b70bb4acc0|lpw_b5141d3d19,4,2,2,2
264,266,3,1,false,你要把我画的绵羊带到哪儿去?”,你要|把|我|画|的|绵羊|带到|哪儿|去,15,9,lpw_642b100e13|lpw_2442748e41|lpw_b70bb4acc0|lpw_de9f18b00a|lpw_8af2350cfd|lpw_238b95ae07|lpw_1ca2298198|lpw_99ae21ea6c,你要|把|我|画|的|绵羊|哪儿|去,lpw_b70bb4acc0|lpw_8af2350cfd,lpw_2442748e41|lpw_b70bb4acc0|lpw_8af2350cfd|lpw_99ae21ea6c,lpw_2442748e41|lpw_b70bb4acc0|lpw_8af2350cfd|lpw_99ae21ea6c,8,2,4,4
265,267,3,1,false,"他若有所思地沉默了一会儿,",他|若有所思|地|沉默|了一|会|儿,13,7,lpw_8b7b91e000|lpw_bdbd41e490|lpw_5ba1e3c0eb|lpw_1ed5efc3dc,他|地|会|儿,lpw_8b7b91e000|lpw_bdbd41e490|lpw_5ba1e3c0eb,lpw_8b7b91e000|lpw_bdbd41e490|lpw_5ba1e3c0eb,lpw_8b7b91e000|lpw_bdbd41e490|lpw_5ba1e3c0eb,4,3,3,3
266,268,3,1,false,然后开口对我说:,然后|开口|对|我|说,8,5,lpw_ca4f5ee82e|lpw_74570c7270|lpw_b70bb4acc0|lpw_ccca744613,然后|对|我|说,lpw_74570c7270|lpw_b70bb4acc0|lpw_ccca744613,lpw_74570c7270|lpw_b70bb4acc0|lpw_ccca744613,lpw_74570c7270|lpw_b70bb4acc0|lpw_ccca744613,4,3,3,3
267,269,3,1,false,"“你给了我这个箱子,",你|给|了|我|这个|箱子,10,6,lpw_a0c7716669|lpw_6e55fb9d8a|lpw_b2dd27e84f|lpw_b70bb4acc0|lpw_979e2bc35b,你|给|了|我|这个,lpw_a0c7716669|lpw_6e55fb9d8a|lpw_b2dd27e84f|lpw_b70bb4acc0,lpw_a0c7716669|lpw_6e55fb9d8a|lpw_b2dd27e84f|lpw_b70bb4acc0|lpw_979e2bc35b,lpw_a0c7716669|lpw_6e55fb9d8a|lpw_b2dd27e84f|lpw_b70bb4acc0|lpw_979e2bc35b,5,4,5,5
268,270,3,1,false,"这就好了,",这|就好|了,5,3,lpw_d409ab2ab3|lpw_b2dd27e84f,这|了,lpw_d409ab2ab3|lpw_b2dd27e84f,lpw_d409ab2ab3|lpw_b2dd27e84f,lpw_d409ab2ab3|lpw_b2dd27e84f,2,2,2,2
269,271,3,1,false,晚上可以给它当屋子。”,晚上|可以|给|它|当|屋子,11,6,lpw_a9b1124b34|lpw_0ef5c86fab|lpw_6e55fb9d8a|lpw_7e9260e925|lpw_142d843e71,晚上|可以|给|它|当,lpw_6e55fb9d8a|lpw_7e9260e925,lpw_6e55fb9d8a|lpw_7e9260e925,lpw_0ef5c86fab|lpw_6e55fb9d8a|lpw_7e9260e925,5,2,2,3
270,272,3,1,false,"“当然。要是你乖,",当然|要是|你|乖,9,4,lpw_0002e2d87f|lpw_467b2562ed|lpw_a0c7716669,当然|要是|你,lpw_a0c7716669,lpw_a0c7716669,lpw_467b2562ed|lpw_a0c7716669,3,1,1,2
271,273,3,1,false,"我还会给你一根绳子,",我还|会|给|你|一根|绳子,10,6,lpw_5ba1e3c0eb|lpw_6e55fb9d8a|lpw_a0c7716669,会|给|你,lpw_5ba1e3c0eb|lpw_6e55fb9d8a|lpw_a0c7716669,lpw_5ba1e3c0eb|lpw_6e55fb9d8a|lpw_a0c7716669,lpw_5ba1e3c0eb|lpw_6e55fb9d8a|lpw_a0c7716669,3,3,3,3
272,274,3,1,false,白天可以把它拴住。,白天|可以|把|它|拴住,9,5,lpw_0ef5c86fab|lpw_2442748e41|lpw_7e9260e925,可以|把|它,lpw_7e9260e925,lpw_2442748e41|lpw_7e9260e925,lpw_0ef5c86fab|lpw_2442748e41|lpw_7e9260e925,3,1,2,3
273,275,3,1,false,木桩也有。”,木|桩|也有,6,3,,,,,,0,0,0,0
274,276,3,1,false,这个提议好像使小王子很不以为然:,这个|提议|好像|使|小王子|很|不以为然,16,7,lpw_979e2bc35b|lpw_22c95798a9|lpw_87f2a033cf|lpw_f2b91797ea,这个|使|小王子|很,lpw_87f2a033cf|lpw_f2b91797ea,lpw_979e2bc35b|lpw_87f2a033cf|lpw_f2b91797ea,lpw_979e2bc35b|lpw_87f2a033cf|lpw_f2b91797ea,4,2,3,3
275,277,3,1,false,“拴住?真是怪念头!”,拴住|真是|怪|念头,11,4,,,,,,0,0,0,0
276,278,3,1,false,"“可要是你不把它拴住,",可|要是|你|不把|它|拴住,11,6,lpw_8b9cefa38e|lpw_467b2562ed|lpw_a0c7716669|lpw_7e9260e925,可|要是|你|它,lpw_a0c7716669|lpw_7e9260e925,lpw_8b9cefa38e|lpw_a0c7716669|lpw_7e9260e925,lpw_8b9cefa38e|lpw_467b2562ed|lpw_a0c7716669|lpw_7e9260e925,4,2,3,4
277,279,3,1,false,"它就会到处跑,",它|就|会|到处|跑,7,5,lpw_7e9260e925|lpw_2f9d9872e5|lpw_5ba1e3c0eb,它|就|会,lpw_7e9260e925|lpw_2f9d9872e5|lpw_5ba1e3c0eb,lpw_7e9260e925|lpw_2f9d9872e5|lpw_5ba1e3c0eb,lpw_7e9260e925|lpw_2f9d9872e5|lpw_5ba1e3c0eb,3,3,3,3
278,280,3,1,false,还会跑丢了......”,还|会|跑|丢|了,12,5,lpw_1bc709b8bf|lpw_5ba1e3c0eb|lpw_b2dd27e84f,还|会|了,lpw_5ba1e3c0eb|lpw_b2dd27e84f,lpw_5ba1e3c0eb|lpw_b2dd27e84f,lpw_1bc709b8bf|lpw_5ba1e3c0eb|lpw_b2dd27e84f,3,2,2,3
279,281,3,1,false,小王子在B612小行星上,小王子|在|B612|小行星|上,12,5,lpw_87f2a033cf|lpw_12404a0b63|lpw_68cf5e71c2|lpw_db5ba671d2,小王子|在|小行星|上,lpw_87f2a033cf|lpw_12404a0b63|lpw_db5ba671d2,lpw_87f2a033cf|lpw_12404a0b63|lpw_db5ba671d2,lpw_87f2a033cf|lpw_12404a0b63|lpw_db5ba671d2,4,3,3,3
280,282,3,1,false,我的朋友又咯咯地笑了起来:,我|的|朋友|又|咯咯|地|笑了起来,13,7,lpw_b70bb4acc0|lpw_8af2350cfd|lpw_677aad1a0e|lpw_e71ce5deab|lpw_bdbd41e490,我|的|朋友|又|地,lpw_b70bb4acc0|lpw_8af2350cfd|lpw_e71ce5deab|lpw_bdbd41e490,lpw_b70bb4acc0|lpw_8af2350cfd|lpw_e71ce5deab|lpw_bdbd41e490,lpw_b70bb4acc0|lpw_8af2350cfd|lpw_677aad1a0e|lpw_e71ce5deab|lpw_bdbd41e490,5,4,4,5
281,283,3,1,false,“你叫它往哪儿跑呀?”,你|叫|它|往|哪儿|跑|呀,11,7,lpw_a0c7716669|lpw_7e9260e925|lpw_1ca2298198|lpw_03fe6b38e7,你|它|哪儿|呀,lpw_a0c7716669|lpw_7e9260e925,lpw_a0c7716669|lpw_7e9260e925,lpw_a0c7716669|lpw_7e9260e925|lpw_03fe6b38e7,4,2,2,3
282,284,3,1,false,“到处跑。,到处|跑,5,2,,,,,,0,0,0,0
283,285,3,1,false,笔直往前......”,笔直|往前,11,2,,,,,,0,0,0,0
284,286,3,1,false,"这时,",这时,3,1,,,,,,0,0,0,0
285,287,3,1,false,小王子一本正经地说:,小王子|一本|正经|地|说,10,5,lpw_87f2a033cf|lpw_bdbd41e490|lpw_ccca744613,小王子|地|说,lpw_87f2a033cf|lpw_bdbd41e490|lpw_ccca744613,lpw_87f2a033cf|lpw_bdbd41e490|lpw_ccca744613,lpw_87f2a033cf|lpw_bdbd41e490|lpw_ccca744613,3,3,3,3
286,288,3,1,false,"“那也没关系,",那|也|没关系,7,3,lpw_5a2362a202|lpw_658605835b,那|也,lpw_5a2362a202,lpw_5a2362a202|lpw_658605835b,lpw_5a2362a202|lpw_658605835b,2,1,2,2
287,289,3,1,false,我那儿就一丁点儿大!”,我|那儿|就|一丁点儿|大,11,5,lpw_b70bb4acc0|lpw_b4444021ad|lpw_2f9d9872e5|lpw_7d4ca7f48e,我|那儿|就|大,lpw_b70bb4acc0|lpw_2f9d9872e5,lpw_b70bb4acc0|lpw_2f9d9872e5,lpw_b70bb4acc0|lpw_2f9d9872e5,4,2,2,2
288,290,3,1,false,"然后,",然后,3,1,lpw_ca4f5ee82e,然后,,,,1,0,0,0
289,291,3,1,false,"他又说了一句,",他|又|说|了|一句,7,5,lpw_8b7b91e000|lpw_e71ce5deab|lpw_ccca744613|lpw_b2dd27e84f,他|又|说|了,lpw_8b7b91e000|lpw_e71ce5deab|lpw_ccca744613|lpw_b2dd27e84f,lpw_8b7b91e000|lpw_e71ce5deab|lpw_ccca744613|lpw_b2dd27e84f,lpw_8b7b91e000|lpw_e71ce5deab|lpw_ccca744613|lpw_b2dd27e84f,4,4,4,4
290,292,3,1,false,语气中仿佛有点儿忧郁:,语气|中|仿佛|有|点儿|忧郁,11,6,lpw_a567bdaa11|lpw_90ce0f66f0,中|有,lpw_90ce0f66f0,lpw_90ce0f66f0,lpw_90ce0f66f0,2,1,1,1
291,293,3,1,false,"“就是笔直往前跑,",就是|笔直|往前|跑,9,4,lpw_88aa006eb3,就是,,lpw_88aa006eb3,lpw_88aa006eb3,1,0,1,1
292,294,3,1,false,也跑不了多远......”,也|跑不了|多|远,13,4,lpw_658605835b|lpw_1940119f05|lpw_057c8f7842,也|多|远,,lpw_658605835b,lpw_658605835b,3,0,1,1
293,295,4,1,true,4,,1,0,,,,,,0,0,0,0
294,296,4,1,false,我由此知道了另一件很重要的事情:,我|由此|知道|了|另一|件|很|重要|的|事情,16,10,lpw_b70bb4acc0|lpw_d7b6472b11|lpw_b2dd27e84f|lpw_f2b91797ea|lpw_a8cd9642aa|lpw_8af2350cfd|lpw_e66d9fac19,我|知道|了|很|重要|的|事情,lpw_b70bb4acc0|lpw_b2dd27e84f|lpw_f2b91797ea|lpw_8af2350cfd,lpw_b70bb4acc0|lpw_d7b6472b11|lpw_b2dd27e84f|lpw_f2b91797ea|lpw_8af2350cfd,lpw_b70bb4acc0|lpw_d7b6472b11|lpw_b2dd27e84f|lpw_f2b91797ea|lpw_8af2350cfd,7,4,5,5
295,297,4,1,false,他居住的星球比一座房子大不了多少!,他|居住|的|星球|比|一座|房子|大|不了|多少,17,10,lpw_8b7b91e000|lpw_8af2350cfd|lpw_62f2d6c1a1|lpw_ab158a8483|lpw_e2d5460909|lpw_7d4ca7f48e,他|的|星球|比|一座|大,lpw_8b7b91e000|lpw_8af2350cfd|lpw_62f2d6c1a1,lpw_8b7b91e000|lpw_8af2350cfd|lpw_62f2d6c1a1,lpw_8b7b91e000|lpw_8af2350cfd|lpw_62f2d6c1a1,6,3,3,3
296,298,4,1,false,这并没让我感到很吃惊。,这|并|没|让|我|感到|很|吃惊,11,8,lpw_d409ab2ab3|lpw_279e8b3573|lpw_ad37574404|lpw_b70bb4acc0|lpw_15c2457566|lpw_f2b91797ea,这|没|让|我|感到|很,lpw_d409ab2ab3|lpw_ad37574404|lpw_b70bb4acc0|lpw_f2b91797ea,lpw_d409ab2ab3|lpw_279e8b3573|lpw_ad37574404|lpw_b70bb4acc0|lpw_f2b91797ea,lpw_d409ab2ab3|lpw_279e8b3573|lpw_ad37574404|lpw_b70bb4acc0|lpw_15c2457566|lpw_f2b91797ea,6,4,5,6
297,299,4,1,false,"我知道,",我|知道,4,2,lpw_b70bb4acc0|lpw_d7b6472b11,我|知道,lpw_b70bb4acc0,lpw_b70bb4acc0|lpw_d7b6472b11,lpw_b70bb4acc0|lpw_d7b6472b11,2,1,2,2
298,300,4,1,false,除了像地球、木星、火,除了|像|地球|木星|火,10,5,lpw_cf8cedd58b|lpw_eeef861b87,像|地球,,,lpw_cf8cedd58b|lpw_eeef861b87,2,0,0,2
299,301,4,1,false,"星、金星这些取了名字的大星球,",星|金星|这些|取|了|名字|的|大|星球,15,9,lpw_7a590a22cd|lpw_b2dd27e84f|lpw_8af2350cfd|lpw_7d4ca7f48e|lpw_62f2d6c1a1,这些|了|的|大|星球,lpw_b2dd27e84f|lpw_8af2350cfd|lpw_62f2d6c1a1,lpw_b2dd27e84f|lpw_8af2350cfd|lpw_62f2d6c1a1,lpw_7a590a22cd|lpw_b2dd27e84f|lpw_8af2350cfd|lpw_62f2d6c1a1,5,3,3,4
300,302,4,1,false,"还有成千上万的星球,",还有|成千上万|的|星球,10,4,lpw_83eec76b39|lpw_8af2350cfd|lpw_62f2d6c1a1,还有|的|星球,lpw_8af2350cfd|lpw_62f2d6c1a1,lpw_8af2350cfd|lpw_62f2d6c1a1,lpw_8af2350cfd|lpw_62f2d6c1a1,3,2,2,2
301,303,4,1,false,"它们有时候非常非常小,",它们|有|时候|非常|非常|小,11,6,lpw_c40b3d2880|lpw_90ce0f66f0|lpw_5484678be4|lpw_2ccec3b419|lpw_6a7339bb75,它们|有|时候|非常|小,lpw_90ce0f66f0,lpw_c40b3d2880|lpw_90ce0f66f0|lpw_6a7339bb75,lpw_c40b3d2880|lpw_90ce0f66f0|lpw_6a7339bb75,5,1,3,3
302,304,4,1,false,用望远镜都不大看得见。,用|望远镜|都不|大|看得见,11,5,lpw_04e45efb3b|lpw_7d4ca7f48e,用|大,,,lpw_04e45efb3b,2,0,0,1
303,305,4,1,false,"天文学家找到其中的一个星球,",天文学家|找到|其中|的|一个|星球,14,6,lpw_8af2350cfd|lpw_e1dbc1c99f|lpw_62f2d6c1a1,的|一个|星球,lpw_8af2350cfd|lpw_e1dbc1c99f|lpw_62f2d6c1a1,lpw_8af2350cfd|lpw_e1dbc1c99f|lpw_62f2d6c1a1,lpw_8af2350cfd|lpw_e1dbc1c99f|lpw_62f2d6c1a1,3,3,3,3
304,306,4,1,false,给它编一个号码就算名字了。,给|它|编|一个|号码|就算|名字|了,13,8,lpw_6e55fb9d8a|lpw_7e9260e925|lpw_e1dbc1c99f|lpw_b2dd27e84f,给|它|一个|了,lpw_6e55fb9d8a|lpw_7e9260e925|lpw_e1dbc1c99f|lpw_b2dd27e84f,lpw_6e55fb9d8a|lpw_7e9260e925|lpw_e1dbc1c99f|lpw_b2dd27e84f,lpw_6e55fb9d8a|lpw_7e9260e925|lpw_e1dbc1c99f|lpw_b2dd27e84f,4,4,4,4
305,307,4,1,false,"比如说,",比如|说,4,2,lpw_ccca744613,说,lpw_ccca744613,lpw_ccca744613,lpw_ccca744613,1,1,1,1
306,308,4,1,false,他把它叫作“3251号小行星”。,他|把|它|叫作|号|小行星,16,6,lpw_8b7b91e000|lpw_2442748e41|lpw_7e9260e925|lpw_68cf5e71c2,他|把|它|小行星,lpw_8b7b91e000|lpw_7e9260e925,lpw_8b7b91e000|lpw_2442748e41|lpw_7e9260e925,lpw_8b7b91e000|lpw_2442748e41|lpw_7e9260e925,4,2,3,3
307,309,4,1,false,"我有很可靠的理由,",我有|很|可靠|的|理由,9,5,lpw_59cbe38d1c|lpw_f2b91797ea|lpw_8af2350cfd,我有|很|的,lpw_f2b91797ea|lpw_8af2350cfd,lpw_f2b91797ea|lpw_8af2350cfd,lpw_f2b91797ea|lpw_8af2350cfd,3,2,2,2
308,310,4,1,false,"足以相信小王子原先住的那个星球,",足以|相信|小王子|原先|住|的|那个|星球,16,8,lpw_87f2a033cf|lpw_cbba0a98ab|lpw_8af2350cfd|lpw_fa6e73c549|lpw_62f2d6c1a1,小王子|住|的|那个|星球,lpw_87f2a033cf|lpw_8af2350cfd|lpw_62f2d6c1a1,lpw_87f2a033cf|lpw_8af2350cfd|lpw_62f2d6c1a1,lpw_87f2a033cf|lpw_8af2350cfd|lpw_62f2d6c1a1,5,3,3,3
309,311,4,1,false,就是B612号小行星。,就是|B612号|小行星,11,3,lpw_88aa006eb3|lpw_68cf5e71c2,就是|小行星,,lpw_88aa006eb3,lpw_88aa006eb3,2,0,1,1
310,312,4,1,false,这颗小行星只在一九〇九,这|颗|小行星|只在|一九|九,11,6,lpw_d409ab2ab3|lpw_09901d3de2|lpw_68cf5e71c2,这|颗|小行星,lpw_d409ab2ab3,lpw_d409ab2ab3,lpw_d409ab2ab3,3,1,1,1
311,313,4,1,false,"年被人用望远镜望见过一次,",年|被人|用|望远镜|望|见过|一次,13,7,lpw_04e45efb3b|lpw_260bd80462,用|望,,,lpw_04e45efb3b,2,0,0,1
312,314,4,1,false,那人是一个土耳其天文学家。,那|人|是|一个|土耳其天文学家,13,5,lpw_5a2362a202|lpw_50f5d65d57|lpw_b5141d3d19|lpw_e1dbc1c99f,那|人|是|一个,lpw_5a2362a202|lpw_50f5d65d57|lpw_b5141d3d19|lpw_e1dbc1c99f,lpw_5a2362a202|lpw_50f5d65d57|lpw_b5141d3d19|lpw_e1dbc1c99f,lpw_5a2362a202|lpw_50f5d65d57|lpw_b5141d3d19|lpw_e1dbc1c99f,4,4,4,4
313,315,4,1,false,"当时,",当时,3,1,,,,,,0,0,0,0
314,316,4,1,false,他在一次国际天文学大会上作了长篇论证。,他在|一次|国际|天文学|大会|上|作了|长篇|论证,19,9,lpw_db5ba671d2,上,lpw_db5ba671d2,lpw_db5ba671d2,lpw_db5ba671d2,1,1,1,1
315,317,4,1,false,"可是就为了他的服装的缘故,",可是|就|为了|他|的|服装|的|缘故,13,8,lpw_38ca4a9c76|lpw_2f9d9872e5|lpw_2ed64c1d92|lpw_8b7b91e000|lpw_8af2350cfd,可是|就|为了|他|的,lpw_2f9d9872e5|lpw_8b7b91e000|lpw_8af2350cfd,lpw_38ca4a9c76|lpw_2f9d9872e5|lpw_8b7b91e000|lpw_8af2350cfd,lpw_38ca4a9c76|lpw_2f9d9872e5|lpw_8b7b91e000|lpw_8af2350cfd,5,3,4,4
316,318,4,1,false,谁也不信他的话。,谁|也不|信|他|的话,8,5,lpw_056b9c6262|lpw_941252022a|lpw_8b7b91e000|lpw_9b952dd4e3,谁|也不|他|的话,lpw_8b7b91e000,lpw_8b7b91e000,lpw_8b7b91e000,4,1,1,1
317,319,4,1,false,"大人哪,",大人|哪,4,2,lpw_44dd6014a5,大人,,,lpw_44dd6014a5,1,0,0,1
318,320,4,1,false,就是这样。,就是|这样,5,2,lpw_88aa006eb3|lpw_b7fc681861,就是|这样,,lpw_88aa006eb3|lpw_b7fc681861,lpw_88aa006eb3|lpw_b7fc681861,2,0,2,2
319,321,4,1,false,"幸好,",幸好,3,1,,,,,,0,0,0,0
320,322,4,1,false,"有一个土耳其独裁者下令,",有|一个|土耳其|独裁|者|下令,12,6,lpw_90ce0f66f0|lpw_e1dbc1c99f,有|一个,lpw_90ce0f66f0|lpw_e1dbc1c99f,lpw_90ce0f66f0|lpw_e1dbc1c99f,lpw_90ce0f66f0|lpw_e1dbc1c99f,2,2,2,2
321,323,4,1,false,"全国百姓都要穿欧洲的服装,",全国|百姓|都要|穿|欧洲|的|服装,13,7,lpw_8af2350cfd,的,lpw_8af2350cfd,lpw_8af2350cfd,lpw_8af2350cfd,1,1,1,1
322,324,4,1,false,"违令者处死,",违|令|者|处死,6,4,,,,,,0,0,0,0
323,325,4,1,false,这一下B612号小行星的名声总算保全了。,这|一下|B612号|小行星|的|名声|总算|保全|了,20,9,lpw_d409ab2ab3|lpw_68cf5e71c2|lpw_8af2350cfd|lpw_b2dd27e84f,这|小行星|的|了,lpw_d409ab2ab3|lpw_8af2350cfd|lpw_b2dd27e84f,lpw_d409ab2ab3|lpw_8af2350cfd|lpw_b2dd27e84f,lpw_d409ab2ab3|lpw_8af2350cfd|lpw_b2dd27e84f,4,3,3,3
324,326,4,1,false,"那个天文学家在一九二〇年重新作报告,",那个|天文学家|在|一九|二|年|重新|作|报告,18,9,lpw_fa6e73c549|lpw_12404a0b63|lpw_7ff9df9923,那个|在|作,lpw_12404a0b63,lpw_12404a0b63,lpw_12404a0b63,3,1,1,1
325,327,4,1,false,穿着一套非常体面的西装。,穿着|一套|非常|体面|的|西装,12,6,lpw_2ccec3b419|lpw_8af2350cfd,非常|的,lpw_8af2350cfd,lpw_8af2350cfd,lpw_8af2350cfd,2,1,1,1
326,328,4,1,false,这一回所有的人都同意了他的观点。,这|一回|所有|的|人|都|同意|了|他|的|观点,16,11,lpw_d409ab2ab3|lpw_ae99f297e9|lpw_8af2350cfd|lpw_50f5d65d57|lpw_7eabb36ba1|lpw_b2dd27e84f|lpw_8b7b91e000,这|所有|的|人|都|了|他,lpw_d409ab2ab3|lpw_8af2350cfd|lpw_50f5d65d57|lpw_b2dd27e84f|lpw_8b7b91e000,lpw_d409ab2ab3|lpw_8af2350cfd|lpw_50f5d65d57|lpw_7eabb36ba1|lpw_b2dd27e84f|lpw_8b7b91e000,lpw_d409ab2ab3|lpw_8af2350cfd|lpw_50f5d65d57|lpw_7eabb36ba1|lpw_b2dd27e84f|lpw_8b7b91e000,7,5,6,6
327,329,4,1,false,我之所以要跟你们一五一,我|之所以|要|跟|你们|一|五一,11,7,lpw_b70bb4acc0|lpw_975f35218e|lpw_383a53d95c|lpw_8a5d477bda|lpw_51a75f4634,我|要|跟|你们|一,lpw_b70bb4acc0,lpw_b70bb4acc0|lpw_975f35218e|lpw_8a5d477bda|lpw_51a75f4634,lpw_b70bb4acc0|lpw_975f35218e|lpw_383a53d95c|lpw_8a5d477bda|lpw_51a75f4634,5,1,4,5
328,330,4,1,false,"十地介绍B612号小行星,",十|地|介绍|B612号|小行星,13,5,lpw_bdbd41e490|lpw_68cf5e71c2,地|小行星,lpw_bdbd41e490,lpw_bdbd41e490,lpw_bdbd41e490,2,1,1,1
329,331,4,1,false,"还把它的编号也讲得明明白白,",还把|它|的|编号|也|讲|得|明|明白|白,14,10,lpw_7e9260e925|lpw_8af2350cfd|lpw_658605835b|lpw_71b1ed1114|lpw_8e37cd5f7f,它|的|也|得|明白,lpw_7e9260e925|lpw_8af2350cfd,lpw_7e9260e925|lpw_8af2350cfd|lpw_658605835b|lpw_71b1ed1114,lpw_7e9260e925|lpw_8af2350cfd|lpw_658605835b|lpw_71b1ed1114,5,2,4,4
330,332,4,1,false,完全是为了大人。,完全|是|为了|大人,8,4,lpw_b5141d3d19|lpw_2ed64c1d92|lpw_44dd6014a5,是|为了|大人,lpw_b5141d3d19,lpw_b5141d3d19,lpw_b5141d3d19|lpw_44dd6014a5,3,1,1,2
331,333,4,1,false,那些大人就喜欢数字。,那些|大人|就|喜欢|数字,10,5,lpw_abd258db99|lpw_44dd6014a5|lpw_2f9d9872e5|lpw_653b04330b,那些|大人|就|喜欢,lpw_2f9d9872e5,lpw_2f9d9872e5,lpw_abd258db99|lpw_44dd6014a5|lpw_2f9d9872e5,4,1,1,3
332,334,4,1,false,"你跟他们讲起一个新朋友,",你|跟|他们|讲起|一个|新|朋友,12,7,lpw_a0c7716669|lpw_383a53d95c|lpw_10518f8f0a|lpw_e1dbc1c99f|lpw_677aad1a0e,你|跟|他们|一个|朋友,lpw_a0c7716669|lpw_10518f8f0a|lpw_e1dbc1c99f,lpw_a0c7716669|lpw_10518f8f0a|lpw_e1dbc1c99f,lpw_a0c7716669|lpw_383a53d95c|lpw_10518f8f0a|lpw_e1dbc1c99f|lpw_677aad1a0e,5,3,3,5
333,335,4,1,false,他们总爱问些无关紧要的问题。,他们|总|爱|问|些|无关|紧要|的|问题,14,9,lpw_10518f8f0a|lpw_bafe3b2ee7|lpw_4628c0e06f|lpw_af76fed85c|lpw_8af2350cfd|lpw_33a8618cb6,他们|爱|问|些|的|问题,lpw_10518f8f0a|lpw_8af2350cfd,lpw_10518f8f0a|lpw_4628c0e06f|lpw_8af2350cfd,lpw_10518f8f0a|lpw_4628c0e06f|lpw_8af2350cfd,6,2,3,3
334,336,4,1,false,他们不会问你:,他们|不会|问|你,7,4,lpw_10518f8f0a|lpw_c7ae73a94d|lpw_4628c0e06f|lpw_a0c7716669,他们|不会|问|你,lpw_10518f8f0a|lpw_a0c7716669,lpw_10518f8f0a|lpw_4628c0e06f|lpw_a0c7716669,lpw_10518f8f0a|lpw_4628c0e06f|lpw_a0c7716669,4,2,3,3
335,337,4,1,false,“他说话的声音是怎样的?,他|说话|的|声音|是|怎样|的,12,7,lpw_8b7b91e000|lpw_8af2350cfd|lpw_473400815c|lpw_b5141d3d19,他|的|声音|是,lpw_8b7b91e000|lpw_8af2350cfd|lpw_b5141d3d19,lpw_8b7b91e000|lpw_8af2350cfd|lpw_b5141d3d19,lpw_8b7b91e000|lpw_8af2350cfd|lpw_b5141d3d19,4,3,3,3
336,338,4,1,false,他喜欢玩哪些游戏?,他|喜欢|玩|哪些|游戏,9,5,lpw_8b7b91e000|lpw_653b04330b,他|喜欢,lpw_8b7b91e000,lpw_8b7b91e000,lpw_8b7b91e000,2,1,1,1
337,339,4,1,false,他是不是收集蝴蝶标本?”,他|是不是|收集|蝴蝶|标本,12,5,lpw_8b7b91e000,他,lpw_8b7b91e000,lpw_8b7b91e000,lpw_8b7b91e000,1,1,1,1
338,340,4,1,false,他们问的是:,他们|问|的是,6,3,lpw_10518f8f0a|lpw_4628c0e06f|lpw_5e1dc2a833,他们|问|的是,lpw_10518f8f0a,lpw_10518f8f0a|lpw_4628c0e06f,lpw_10518f8f0a|lpw_4628c0e06f,3,1,2,2
339,341,4,1,false,“他几岁?,他|几|岁,5,3,lpw_8b7b91e000,他,lpw_8b7b91e000,lpw_8b7b91e000,lpw_8b7b91e000,1,1,1,1
340,342,4,1,false,有几个兄弟?,有|几个|兄弟,6,3,lpw_90ce0f66f0,有,lpw_90ce0f66f0,lpw_90ce0f66f0,lpw_90ce0f66f0,1,1,1,1
341,343,4,1,false,他有多重?,他有|多重,5,2,,,,,,0,0,0,0
342,344,4,1,false,他父亲挣多少钱?”,他|父亲|挣|多少钱,9,4,lpw_8b7b91e000,他,lpw_8b7b91e000,lpw_8b7b91e000,lpw_8b7b91e000,1,1,1,1
343,345,4,1,false,"这样问过以后,",这样|问过|以后,7,3,lpw_b7fc681861|lpw_e6ad7a1dbc,这样|以后,,lpw_b7fc681861,lpw_b7fc681861,2,0,1,1
344,346,4,1,false,他们就以为了解他了。,他们|就|以为|了解|他|了,10,6,lpw_10518f8f0a|lpw_2f9d9872e5|lpw_8b7b91e000|lpw_b2dd27e84f,他们|就|他|了,lpw_10518f8f0a|lpw_2f9d9872e5|lpw_8b7b91e000|lpw_b2dd27e84f,lpw_10518f8f0a|lpw_2f9d9872e5|lpw_8b7b91e000|lpw_b2dd27e84f,lpw_10518f8f0a|lpw_2f9d9872e5|lpw_8b7b91e000|lpw_b2dd27e84f,4,4,4,4
345,347,4,1,false,你要是对大人说:,你要|是|对|大人|说,8,5,lpw_642b100e13|lpw_b5141d3d19|lpw_74570c7270|lpw_44dd6014a5|lpw_ccca744613,你要|是|对|大人|说,lpw_b5141d3d19|lpw_74570c7270|lpw_ccca744613,lpw_b5141d3d19|lpw_74570c7270|lpw_ccca744613,lpw_b5141d3d19|lpw_74570c7270|lpw_44dd6014a5|lpw_ccca744613,5,3,3,4
346,348,4,1,false,"“我看见一幢漂亮的房子,",我|看见|一|幢|漂亮|的|房子,12,7,lpw_b70bb4acc0|lpw_7205426737|lpw_51a75f4634|lpw_8af2350cfd,我|看见|一|的,lpw_b70bb4acc0|lpw_8af2350cfd,lpw_b70bb4acc0|lpw_51a75f4634|lpw_8af2350cfd,lpw_b70bb4acc0|lpw_7205426737|lpw_51a75f4634|lpw_8af2350cfd,4,2,3,4
347,349,4,1,false,"红砖墙,",红|砖|墙,4,3,,,,,,0,0,0,0
348,350,4,1,false,"窗前种着天竺葵,",窗|前|种|着|天竺葵,8,5,lpw_9e5bf0d2d9,着,lpw_9e5bf0d2d9,lpw_9e5bf0d2d9,lpw_9e5bf0d2d9,1,1,1,1
349,351,4,1,false,屋顶上停着鸽子......”,屋顶|上|停|着|鸽子,14,5,lpw_db5ba671d2|lpw_9e5bf0d2d9,上|着,lpw_db5ba671d2|lpw_9e5bf0d2d9,lpw_db5ba671d2|lpw_9e5bf0d2d9,lpw_db5ba671d2|lpw_9e5bf0d2d9,2,2,2,2
350,352,4,1,false,他们想象不出这幢房子是怎样的。,他们|想象|不出|这|幢|房子|是|怎样|的,15,9,lpw_10518f8f0a|lpw_d409ab2ab3|lpw_b5141d3d19|lpw_8af2350cfd,他们|这|是|的,lpw_10518f8f0a|lpw_d409ab2ab3|lpw_b5141d3d19|lpw_8af2350cfd,lpw_10518f8f0a|lpw_d409ab2ab3|lpw_b5141d3d19|lpw_8af2350cfd,lpw_10518f8f0a|lpw_d409ab2ab3|lpw_b5141d3d19|lpw_8af2350cfd,4,4,4,4
351,353,4,1,false,你得这么跟他们说:,你|得|这么|跟|他们|说,9,6,lpw_a0c7716669|lpw_71b1ed1114|lpw_7677ca84c6|lpw_383a53d95c|lpw_10518f8f0a|lpw_ccca744613,你|得|这么|跟|他们|说,lpw_a0c7716669|lpw_10518f8f0a|lpw_ccca744613,lpw_a0c7716669|lpw_71b1ed1114|lpw_10518f8f0a|lpw_ccca744613,lpw_a0c7716669|lpw_71b1ed1114|lpw_7677ca84c6|lpw_383a53d95c|lpw_10518f8f0a|lpw_ccca744613,6,3,4,6
352,354,4,1,false,“我看见一幢十万法郎的房子。”,我|看见|一|幢|十万|法郎|的|房子,15,8,lpw_b70bb4acc0|lpw_7205426737|lpw_51a75f4634|lpw_8af2350cfd,我|看见|一|的,lpw_b70bb4acc0|lpw_8af2350cfd,lpw_b70bb4acc0|lpw_51a75f4634|lpw_8af2350cfd,lpw_b70bb4acc0|lpw_7205426737|lpw_51a75f4634|lpw_8af2350cfd,4,2,3,4
353,355,4,1,false,他们马上会大声嚷嚷:,他们|马上|会|大声嚷嚷,10,4,lpw_10518f8f0a|lpw_5ba1e3c0eb,他们|会,lpw_10518f8f0a|lpw_5ba1e3c0eb,lpw_10518f8f0a|lpw_5ba1e3c0eb,lpw_10518f8f0a|lpw_5ba1e3c0eb,2,2,2,2
354,356,4,1,false,“多漂亮的房子!”,多|漂亮|的|房子,9,4,lpw_1940119f05|lpw_8af2350cfd,多|的,lpw_8af2350cfd,lpw_8af2350cfd,lpw_8af2350cfd,2,1,1,1
355,357,4,1,false,"所以,",所以,3,1,lpw_a2f7e42081,所以,,,,1,0,0,0
356,358,4,1,false,如果你对他们说:,如果|你|对|他们|说,8,5,lpw_7ca71b72d7|lpw_a0c7716669|lpw_74570c7270|lpw_10518f8f0a|lpw_ccca744613,如果|你|对|他们|说,lpw_a0c7716669|lpw_74570c7270|lpw_10518f8f0a|lpw_ccca744613,lpw_a0c7716669|lpw_74570c7270|lpw_10518f8f0a|lpw_ccca744613,lpw_a0c7716669|lpw_74570c7270|lpw_10518f8f0a|lpw_ccca744613,5,4,4,4
357,359,4,1,false,"“小王子是存在的,",小王子|是|存在|的,9,4,lpw_87f2a033cf|lpw_b5141d3d19|lpw_8af2350cfd,小王子|是|的,lpw_87f2a033cf|lpw_b5141d3d19|lpw_8af2350cfd,lpw_87f2a033cf|lpw_b5141d3d19|lpw_8af2350cfd,lpw_87f2a033cf|lpw_b5141d3d19|lpw_8af2350cfd,3,3,3,3
358,360,4,1,false,"证据就是他那么可爱,",证据|就是|他|那么|可爱,10,5,lpw_88aa006eb3|lpw_8b7b91e000|lpw_a61f02e145,就是|他|那么,lpw_8b7b91e000,lpw_88aa006eb3|lpw_8b7b91e000,lpw_88aa006eb3|lpw_8b7b91e000|lpw_a61f02e145,3,1,2,3
359,361,4,1,false,"他咯咯地笑,",他|咯咯|地|笑,6,4,lpw_8b7b91e000|lpw_bdbd41e490|lpw_1d8fb5e34e,他|地|笑,lpw_8b7b91e000|lpw_bdbd41e490,lpw_8b7b91e000|lpw_bdbd41e490,lpw_8b7b91e000|lpw_bdbd41e490,3,2,2,2
360,362,4,1,false,他还想要一只绵羊。,他|还|想要|一只|绵羊,9,5,lpw_8b7b91e000|lpw_1bc709b8bf|lpw_216a478784|lpw_238b95ae07,他|还|一只|绵羊,lpw_8b7b91e000,lpw_8b7b91e000,lpw_8b7b91e000|lpw_1bc709b8bf,4,1,1,2
361,363,4,1,false,"一个人想要有只绵羊,",一个|人|想要|有|只|绵羊,10,6,lpw_e1dbc1c99f|lpw_50f5d65d57|lpw_90ce0f66f0|lpw_409e2c3882|lpw_238b95ae07,一个|人|有|只|绵羊,lpw_e1dbc1c99f|lpw_50f5d65d57|lpw_90ce0f66f0,lpw_e1dbc1c99f|lpw_50f5d65d57|lpw_90ce0f66f0|lpw_409e2c3882,lpw_e1dbc1c99f|lpw_50f5d65d57|lpw_90ce0f66f0|lpw_409e2c3882,5,3,4,4
362,364,4,1,false,"这就是他存在的证据嘛”,",这|就是|他|存在|的|证据|嘛,12,7,lpw_d409ab2ab3|lpw_88aa006eb3|lpw_8b7b91e000|lpw_8af2350cfd,这|就是|他|的,lpw_d409ab2ab3|lpw_8b7b91e000|lpw_8af2350cfd,lpw_d409ab2ab3|lpw_88aa006eb3|lpw_8b7b91e000|lpw_8af2350cfd,lpw_d409ab2ab3|lpw_88aa006eb3|lpw_8b7b91e000|lpw_8af2350cfd,4,3,4,4
363,365,4,1,false,"他们会耸耸肩膀,",他们|会|耸耸|肩膀,8,4,lpw_10518f8f0a|lpw_5ba1e3c0eb,他们|会,lpw_10518f8f0a|lpw_5ba1e3c0eb,lpw_10518f8f0a|lpw_5ba1e3c0eb,lpw_10518f8f0a|lpw_5ba1e3c0eb,2,2,2,2
364,366,4,1,false,只当你还是个孩子!,只|当|你|还是|个|孩子,9,6,lpw_409e2c3882|lpw_142d843e71|lpw_a0c7716669|lpw_dfaa7d6f73|lpw_3a116815bc|lpw_5f887419f4,只|当|你|还是|个|孩子,lpw_a0c7716669,lpw_409e2c3882|lpw_a0c7716669|lpw_3a116815bc,lpw_409e2c3882|lpw_a0c7716669|lpw_3a116815bc,6,1,3,3
365,367,4,1,false,可要是你对他们说:,可|要是|你|对|他们|说,9,6,lpw_8b9cefa38e|lpw_467b2562ed|lpw_a0c7716669|lpw_74570c7270|lpw_10518f8f0a|lpw_ccca744613,可|要是|你|对|他们|说,lpw_a0c7716669|lpw_74570c7270|lpw_10518f8f0a|lpw_ccca744613,lpw_8b9cefa38e|lpw_a0c7716669|lpw_74570c7270|lpw_10518f8f0a|lpw_ccca744613,lpw_8b9cefa38e|lpw_467b2562ed|lpw_a0c7716669|lpw_74570c7270|lpw_10518f8f0a|lpw_ccca744613,6,4,5,6
366,368,4,1,false,"“他来自B612号小行星”,",他|来自|B612号|小行星,14,4,lpw_8b7b91e000|lpw_68cf5e71c2,他|小行星,lpw_8b7b91e000,lpw_8b7b91e000,lpw_8b7b91e000,2,1,1,1
367,369,4,1,false,"他们就会深信不疑,",他们|就|会|深信不疑,9,4,lpw_10518f8f0a|lpw_2f9d9872e5|lpw_5ba1e3c0eb,他们|就|会,lpw_10518f8f0a|lpw_2f9d9872e5|lpw_5ba1e3c0eb,lpw_10518f8f0a|lpw_2f9d9872e5|lpw_5ba1e3c0eb,lpw_10518f8f0a|lpw_2f9d9872e5|lpw_5ba1e3c0eb,3,3,3,3
368,370,4,1,false,不再问这问那地烦你了。,不再|问|这|问|那|地|烦|你|了,11,9,lpw_4628c0e06f|lpw_d409ab2ab3|lpw_5a2362a202|lpw_bdbd41e490|lpw_a0c7716669|lpw_b2dd27e84f,问|这|那|地|你|了,lpw_d409ab2ab3|lpw_5a2362a202|lpw_bdbd41e490|lpw_a0c7716669|lpw_b2dd27e84f,lpw_4628c0e06f|lpw_d409ab2ab3|lpw_5a2362a202|lpw_bdbd41e490|lpw_a0c7716669|lpw_b2dd27e84f,lpw_4628c0e06f|lpw_d409ab2ab3|lpw_5a2362a202|lpw_bdbd41e490|lpw_a0c7716669|lpw_b2dd27e84f,6,5,6,6
369,371,4,1,false,他们就是这样。,他们|就是|这样,7,3,lpw_10518f8f0a|lpw_88aa006eb3|lpw_b7fc681861,他们|就是|这样,lpw_10518f8f0a,lpw_10518f8f0a|lpw_88aa006eb3|lpw_b7fc681861,lpw_10518f8f0a|lpw_88aa006eb3|lpw_b7fc681861,3,1,3,3
370,372,4,1,false,不必怪他们。,不必|怪|他们,6,3,lpw_10518f8f0a,他们,lpw_10518f8f0a,lpw_10518f8f0a,lpw_10518f8f0a,1,1,1,1
371,373,4,1,false,孩子应该对大人多多原谅才是。,孩子|应该|对|大人|多多|原谅|才是,14,7,lpw_5f887419f4|lpw_74570c7270|lpw_44dd6014a5,孩子|对|大人,lpw_74570c7270,lpw_74570c7270,lpw_74570c7270|lpw_44dd6014a5,3,1,1,2
372,374,4,1,false,"不过,",不过,3,1,lpw_72113362c6,不过,,,lpw_72113362c6,1,0,0,1
373,375,4,1,false,"当然,",当然,3,1,lpw_0002e2d87f,当然,,,,1,0,0,0
374,376,4,1,false,"我们懂得生活,",我们|懂得|生活,7,3,lpw_bcacb40df8,我们,,,,1,0,0,0
375,377,4,1,false,我们才不把数字放在眼里呢!,我们|才|不把|数字|放在|眼|里|呢,13,8,lpw_bcacb40df8|lpw_79f43de6e3|lpw_02811cec0b,我们|里|呢,lpw_02811cec0b,lpw_79f43de6e3|lpw_02811cec0b,lpw_79f43de6e3|lpw_02811cec0b,3,1,2,2
376,378,4,1,false,我真愿意像讲童话那样来开始讲这个故事。,我|真|愿意|像|讲|童话|那样|来|开始|讲|这个|故事,19,12,lpw_b70bb4acc0|lpw_827d018e1b|lpw_cf8cedd58b|lpw_6d8229118c|lpw_979e2bc35b,我|真|像|来|这个,lpw_b70bb4acc0|lpw_6d8229118c,lpw_b70bb4acc0|lpw_6d8229118c|lpw_979e2bc35b,lpw_b70bb4acc0|lpw_cf8cedd58b|lpw_6d8229118c|lpw_979e2bc35b,5,2,3,4
377,379,4,1,false,我真想这样说:,我|真想|这样|说,7,4,lpw_b70bb4acc0|lpw_b7fc681861|lpw_ccca744613,我|这样|说,lpw_b70bb4acc0|lpw_ccca744613,lpw_b70bb4acc0|lpw_b7fc681861|lpw_ccca744613,lpw_b70bb4acc0|lpw_b7fc681861|lpw_ccca744613,3,2,3,3
378,380,4,1,false,"“从前呀,",从前|呀,5,2,lpw_03fe6b38e7,呀,,,lpw_03fe6b38e7,1,0,0,1
379,381,4,1,false,"有一个小王子,",有|一个|小王子,7,3,lpw_90ce0f66f0|lpw_e1dbc1c99f|lpw_87f2a033cf,有|一个|小王子,lpw_90ce0f66f0|lpw_e1dbc1c99f|lpw_87f2a033cf,lpw_90ce0f66f0|lpw_e1dbc1c99f|lpw_87f2a033cf,lpw_90ce0f66f0|lpw_e1dbc1c99f|lpw_87f2a033cf,3,3,3,3
380,382,4,1,false,"住在一个跟他身体差不多大的星球上,",住在|一个|跟|他|身体|差不多|大|的|星球|上,17,10,lpw_e1dbc1c99f|lpw_383a53d95c|lpw_8b7b91e000|lpw_7d4ca7f48e|lpw_8af2350cfd|lpw_62f2d6c1a1|lpw_db5ba671d2,一个|跟|他|大|的|星球|上,lpw_e1dbc1c99f|lpw_8b7b91e000|lpw_8af2350cfd|lpw_62f2d6c1a1|lpw_db5ba671d2,lpw_e1dbc1c99f|lpw_8b7b91e000|lpw_8af2350cfd|lpw_62f2d6c1a1|lpw_db5ba671d2,lpw_e1dbc1c99f|lpw_383a53d95c|lpw_8b7b91e000|lpw_8af2350cfd|lpw_62f2d6c1a1|lpw_db5ba671d2,7,5,5,6
381,383,4,1,false,他想有个朋友......”,他想|有|个|朋友,13,4,lpw_90ce0f66f0|lpw_3a116815bc|lpw_677aad1a0e,有|个|朋友,lpw_90ce0f66f0,lpw_90ce0f66f0|lpw_3a116815bc,lpw_90ce0f66f0|lpw_3a116815bc|lpw_677aad1a0e,3,1,2,3
382,384,4,1,false,"对那些懂得生活的人来说,",对|那些|懂得|生活|的|人|来说,12,7,lpw_74570c7270|lpw_abd258db99|lpw_8af2350cfd|lpw_50f5d65d57|lpw_a0cc5593ee,对|那些|的|人|来说,lpw_74570c7270|lpw_8af2350cfd|lpw_50f5d65d57,lpw_74570c7270|lpw_8af2350cfd|lpw_50f5d65d57,lpw_74570c7270|lpw_abd258db99|lpw_8af2350cfd|lpw_50f5d65d57|lpw_a0cc5593ee,5,3,3,5
383,385,4,1,false,这样听上去会真实得多。,这样|听|上去|会|真实|得|多,11,7,lpw_b7fc681861|lpw_1f2eb2608d|lpw_5ba1e3c0eb|lpw_71b1ed1114|lpw_1940119f05,这样|听|会|得|多,lpw_5ba1e3c0eb,lpw_b7fc681861|lpw_5ba1e3c0eb|lpw_71b1ed1114,lpw_b7fc681861|lpw_5ba1e3c0eb|lpw_71b1ed1114,5,1,3,3
384,386,4,1,false,我不想人家轻率地来读我这本书。,我|不想|人家|轻率|地|来|读|我|这|本|书,15,11,lpw_b70bb4acc0|lpw_bdbd41e490|lpw_6d8229118c|lpw_d409ab2ab3|lpw_1be968f125,我|地|来|这|书,lpw_b70bb4acc0|lpw_bdbd41e490|lpw_6d8229118c|lpw_d409ab2ab3,lpw_b70bb4acc0|lpw_bdbd41e490|lpw_6d8229118c|lpw_d409ab2ab3,lpw_b70bb4acc0|lpw_bdbd41e490|lpw_6d8229118c|lpw_d409ab2ab3,5,4,4,4
385,387,4,1,false,"我讲述这段往事时,",我|讲述|这|段|往事|时,9,6,lpw_b70bb4acc0|lpw_d409ab2ab3|lpw_7d58b6422c,我|这|时,lpw_b70bb4acc0|lpw_d409ab2ab3,lpw_b70bb4acc0|lpw_d409ab2ab3,lpw_b70bb4acc0|lpw_d409ab2ab3,3,2,2,2
386,388,4,1,false,心情是很难过的。,心情|是|很|难过|的,8,5,lpw_b5141d3d19|lpw_f2b91797ea|lpw_8af2350cfd,是|很|的,lpw_b5141d3d19|lpw_f2b91797ea|lpw_8af2350cfd,lpw_b5141d3d19|lpw_f2b91797ea|lpw_8af2350cfd,lpw_b5141d3d19|lpw_f2b91797ea|lpw_8af2350cfd,3,3,3,3
387,389,4,1,false,我的朋友带着他的绵羊已经离去六年了。,我|的|朋友|带|着|他|的|绵羊|已经|离去|六年|了,18,12,lpw_b70bb4acc0|lpw_8af2350cfd|lpw_677aad1a0e|lpw_9e5bf0d2d9|lpw_8b7b91e000|lpw_238b95ae07|lpw_8ee12e2310|lpw_b2dd27e84f,我|的|朋友|着|他|绵羊|已经|了,lpw_b70bb4acc0|lpw_8af2350cfd|lpw_9e5bf0d2d9|lpw_8b7b91e000|lpw_b2dd27e84f,lpw_b70bb4acc0|lpw_8af2350cfd|lpw_9e5bf0d2d9|lpw_8b7b91e000|lpw_b2dd27e84f,lpw_b70bb4acc0|lpw_8af2350cfd|lpw_677aad1a0e|lpw_9e5bf0d2d9|lpw_8b7b91e000|lpw_b2dd27e84f,8,5,5,6
388,390,4,1,false,"我之所以在这儿细细地描述他,",我|之所以|在|这儿|细|细|地|描述|他,14,9,lpw_b70bb4acc0|lpw_12404a0b63|lpw_19a29e87c9|lpw_bdbd41e490|lpw_8b7b91e000,我|在|这儿|地|他,lpw_b70bb4acc0|lpw_12404a0b63|lpw_bdbd41e490|lpw_8b7b91e000,lpw_b70bb4acc0|lpw_12404a0b63|lpw_19a29e87c9|lpw_bdbd41e490|lpw_8b7b91e000,lpw_b70bb4acc0|lpw_12404a0b63|lpw_19a29e87c9|lpw_bdbd41e490|lpw_8b7b91e000,5,4,5,5
389,391,4,1,false,就是为了不要忘记他。,就是|为了|不要|忘记|他,10,5,lpw_88aa006eb3|lpw_2ed64c1d92|lpw_8b7b91e000,就是|为了|他,lpw_8b7b91e000,lpw_88aa006eb3|lpw_8b7b91e000,lpw_88aa006eb3|lpw_8b7b91e000,3,1,2,2
390,392,4,1,false,忘记朋友是件令人伤心的事情。,忘记|朋友|是|件|令人|伤心|的|事情,14,8,lpw_677aad1a0e|lpw_b5141d3d19|lpw_8af2350cfd|lpw_e66d9fac19,朋友|是|的|事情,lpw_b5141d3d19|lpw_8af2350cfd,lpw_b5141d3d19|lpw_8af2350cfd,lpw_677aad1a0e|lpw_b5141d3d19|lpw_8af2350cfd,4,2,2,3
391,393,4,1,false,并不是人人都有过一个朋友的。,并不|是|人人|都有|过|一个|朋友|的,14,8,lpw_5b693ea232|lpw_b5141d3d19|lpw_f777893480|lpw_e1dbc1c99f|lpw_677aad1a0e|lpw_8af2350cfd,并不|是|过|一个|朋友|的,lpw_b5141d3d19|lpw_e1dbc1c99f|lpw_8af2350cfd,lpw_b5141d3d19|lpw_f777893480|lpw_e1dbc1c99f|lpw_8af2350cfd,lpw_b5141d3d19|lpw_f777893480|lpw_e1dbc1c99f|lpw_677aad1a0e|lpw_8af2350cfd,6,3,4,5
392,394,4,1,false,"再说,",再说,3,1,,,,,,0,0,0,0
393,395,4,1,false,我早晚也会变得像那些,我|早晚|也|会|变得|像|那些,10,7,lpw_b70bb4acc0|lpw_658605835b|lpw_5ba1e3c0eb|lpw_23e89ba0a1|lpw_cf8cedd58b|lpw_abd258db99,我|也|会|变得|像|那些,lpw_b70bb4acc0|lpw_5ba1e3c0eb,lpw_b70bb4acc0|lpw_658605835b|lpw_5ba1e3c0eb,lpw_b70bb4acc0|lpw_658605835b|lpw_5ba1e3c0eb|lpw_cf8cedd58b|lpw_abd258db99,6,2,3,5
394,396,4,1,false,只关心数字的大人一样的。,只|关心|数字|的|大人|一样|的,12,7,lpw_409e2c3882|lpw_8af2350cfd|lpw_44dd6014a5|lpw_9dc5c0158d,只|的|大人|一样,lpw_8af2350cfd,lpw_409e2c3882|lpw_8af2350cfd,lpw_409e2c3882|lpw_8af2350cfd|lpw_44dd6014a5|lpw_9dc5c0158d,4,1,2,4
395,397,4,1,false,"也正是为了这个缘故,",也|正是|为了|这个|缘故,10,5,lpw_658605835b|lpw_2ed64c1d92|lpw_979e2bc35b,也|为了|这个,,lpw_658605835b|lpw_979e2bc35b,lpw_658605835b|lpw_979e2bc35b,3,0,2,2
396,398,4,1,false,我买了一盒颜料和一些铅笔。,我|买|了|一盒|颜料|和|一些|铅笔,13,8,lpw_b70bb4acc0|lpw_b2dd27e84f|lpw_3d7114281f,我|了|和,lpw_b70bb4acc0|lpw_b2dd27e84f,lpw_b70bb4acc0|lpw_b2dd27e84f|lpw_3d7114281f,lpw_b70bb4acc0|lpw_b2dd27e84f|lpw_3d7114281f,3,2,3,3
397,399,4,1,false,"到了我这年纪再重握画笔,",到了|我|这|年纪|再|重|握|画|笔,12,9,lpw_b70bb4acc0|lpw_d409ab2ab3|lpw_de9f18b00a,我|这|画,lpw_b70bb4acc0|lpw_d409ab2ab3,lpw_b70bb4acc0|lpw_d409ab2ab3,lpw_b70bb4acc0|lpw_d409ab2ab3,3,2,2,2
398,400,4,1,false,"是挺费劲的,",是|挺|费劲|的,6,4,lpw_b5141d3d19|lpw_8af2350cfd,是|的,lpw_b5141d3d19|lpw_8af2350cfd,lpw_b5141d3d19|lpw_8af2350cfd,lpw_b5141d3d19|lpw_8af2350cfd,2,2,2,2
399,401,4,1,false,"况且当初我只画过剖开和没剖开的蟒蛇,",况且|当初|我只|画|过|剖|开|和|没|剖|开|的|蟒蛇,18,13,lpw_de9f18b00a|lpw_f777893480|lpw_39eae64cfc|lpw_3d7114281f|lpw_279e8b3573|lpw_8af2350cfd|lpw_7d2bda9879,画|过|开|和|没|的|蟒蛇,lpw_8af2350cfd,lpw_f777893480|lpw_3d7114281f|lpw_279e8b3573|lpw_8af2350cfd,lpw_f777893480|lpw_3d7114281f|lpw_279e8b3573|lpw_8af2350cfd,7,1,4,4
400,402,4,1,false,还是六岁那年!,还是|六岁|那|年,7,4,lpw_dfaa7d6f73|lpw_5a2362a202,还是|那,lpw_5a2362a202,lpw_5a2362a202,lpw_5a2362a202,2,1,1,1
401,403,4,1,false,"当然,",当然,3,1,lpw_0002e2d87f,当然,,,,1,0,0,0
402,404,4,1,false,我一定要尽力把它们画得像一些。,我|一定|要|尽力|把|它们|画|得|像|一些,15,10,lpw_b70bb4acc0|lpw_975f35218e|lpw_2442748e41|lpw_c40b3d2880|lpw_de9f18b00a|lpw_71b1ed1114|lpw_cf8cedd58b,我|要|把|它们|画|得|像,lpw_b70bb4acc0,lpw_b70bb4acc0|lpw_975f35218e|lpw_2442748e41|lpw_c40b3d2880|lpw_71b1ed1114,lpw_b70bb4acc0|lpw_975f35218e|lpw_2442748e41|lpw_c40b3d2880|lpw_71b1ed1114|lpw_cf8cedd58b,7,1,5,6
403,405,4,1,false,"但做不做得到,",但|做|不做|得到,7,4,lpw_1f863793c6|lpw_94f5404441,但|做,,,,2,0,0,0
404,406,4,1,false,我可说不准。,我|可|说|不准,6,4,lpw_b70bb4acc0|lpw_8b9cefa38e|lpw_ccca744613,我|可|说,lpw_b70bb4acc0|lpw_ccca744613,lpw_b70bb4acc0|lpw_8b9cefa38e|lpw_ccca744613,lpw_b70bb4acc0|lpw_8b9cefa38e|lpw_ccca744613,3,2,3,3
405,407,4,1,false,"有时这一张还行,",有时|这|一张|还|行,8,5,lpw_d409ab2ab3|lpw_dc50d5e51e|lpw_1bc709b8bf,这|一张|还,lpw_d409ab2ab3,lpw_d409ab2ab3,lpw_d409ab2ab3|lpw_1bc709b8bf,3,1,1,2
406,408,4,1,false,那一张就不大像了。,那|一张|就不|大|像|了,9,6,lpw_5a2362a202|lpw_dc50d5e51e|lpw_7d4ca7f48e|lpw_cf8cedd58b|lpw_b2dd27e84f,那|一张|大|像|了,lpw_5a2362a202|lpw_b2dd27e84f,lpw_5a2362a202|lpw_b2dd27e84f,lpw_5a2362a202|lpw_cf8cedd58b|lpw_b2dd27e84f,5,2,2,3
407,409,4,1,false,"比如说,",比如|说,4,2,lpw_ccca744613,说,lpw_ccca744613,lpw_ccca744613,lpw_ccca744613,1,1,1,1
408,410,4,1,false,身材我就有点记不准确了。,身材|我|就|有点|记|不|准确|了,12,8,lpw_b70bb4acc0|lpw_2f9d9872e5|lpw_29506aa712|lpw_b02dfe2160|lpw_b2dd27e84f,我|就|有点|不|了,lpw_b70bb4acc0|lpw_2f9d9872e5|lpw_b2dd27e84f,lpw_b70bb4acc0|lpw_2f9d9872e5|lpw_b02dfe2160|lpw_b2dd27e84f,lpw_b70bb4acc0|lpw_2f9d9872e5|lpw_29506aa712|lpw_b02dfe2160|lpw_b2dd27e84f,5,3,4,5
409,411,4,1,false,这一张里小王子画得太高了。,这|一张|里|小王子|画|得|太高|了,13,8,lpw_d409ab2ab3|lpw_dc50d5e51e|lpw_79f43de6e3|lpw_87f2a033cf|lpw_de9f18b00a|lpw_71b1ed1114|lpw_b2dd27e84f,这|一张|里|小王子|画|得|了,lpw_d409ab2ab3|lpw_87f2a033cf|lpw_b2dd27e84f,lpw_d409ab2ab3|lpw_79f43de6e3|lpw_87f2a033cf|lpw_71b1ed1114|lpw_b2dd27e84f,lpw_d409ab2ab3|lpw_79f43de6e3|lpw_87f2a033cf|lpw_71b1ed1114|lpw_b2dd27e84f,7,3,5,5
410,412,4,1,false,那一张呢太矮了。,那|一张|呢|太|矮了,8,5,lpw_5a2362a202|lpw_dc50d5e51e|lpw_02811cec0b|lpw_e7ace7adf2,那|一张|呢|太,lpw_5a2362a202|lpw_02811cec0b,lpw_5a2362a202|lpw_02811cec0b,lpw_5a2362a202|lpw_02811cec0b|lpw_e7ace7adf2,4,2,2,3
411,413,4,1,false,衣服的颜色也挺让我犯难。,衣服|的|颜色|也|挺|让|我|犯|难,12,9,lpw_8af2350cfd|lpw_658605835b|lpw_ad37574404|lpw_b70bb4acc0,的|也|让|我,lpw_8af2350cfd|lpw_ad37574404|lpw_b70bb4acc0,lpw_8af2350cfd|lpw_658605835b|lpw_ad37574404|lpw_b70bb4acc0,lpw_8af2350cfd|lpw_658605835b|lpw_ad37574404|lpw_b70bb4acc0,4,3,4,4
412,414,4,1,false,"我只好信手拿起色笔这儿试一下,",我|只好|信|手|拿起|色|笔|这儿|试|一下,15,10,lpw_b70bb4acc0|lpw_19a29e87c9,我|这儿,lpw_b70bb4acc0,lpw_b70bb4acc0|lpw_19a29e87c9,lpw_b70bb4acc0|lpw_19a29e87c9,2,1,2,2
413,415,4,1,false,那儿试一下。,那儿|试|一下,6,3,lpw_b4444021ad,那儿,,,,1,0,0,0
414,416,4,1,false,"到头来,",到|头|来,4,3,lpw_b56f36b529|lpw_6d8229118c,到|来,lpw_6d8229118c,lpw_6d8229118c,lpw_6d8229118c,2,1,1,1
415,417,4,1,false,"有些最要紧的细部,",有些|最|要紧|的|细|部,9,6,lpw_8af2350cfd,的,lpw_8af2350cfd,lpw_8af2350cfd,lpw_8af2350cfd,1,1,1,1
416,418,4,1,false,说不定都弄错了。,说不定|都|弄|错|了,8,5,lpw_63e84e56ed|lpw_7eabb36ba1|lpw_b2dd27e84f,说不定|都|了,lpw_b2dd27e84f,lpw_7eabb36ba1|lpw_b2dd27e84f,lpw_7eabb36ba1|lpw_b2dd27e84f,3,1,2,2
417,419,4,1,false,"不过这一切,",不过|这|一切,6,3,lpw_72113362c6|lpw_d409ab2ab3,不过|这,lpw_d409ab2ab3,lpw_d409ab2ab3,lpw_72113362c6|lpw_d409ab2ab3,2,1,1,2
418,420,4,1,false,大家都得原谅我才是。,大家|都|得|原谅|我|才是,10,6,lpw_7eabb36ba1|lpw_71b1ed1114|lpw_b70bb4acc0,都|得|我,lpw_b70bb4acc0,lpw_7eabb36ba1|lpw_71b1ed1114|lpw_b70bb4acc0,lpw_7eabb36ba1|lpw_71b1ed1114|lpw_b70bb4acc0,3,1,3,3
419,421,4,1,false,我的朋友从来不跟我解释什么。,我|的|朋友|从来|不跟|我|解释|什么,14,8,lpw_b70bb4acc0|lpw_8af2350cfd|lpw_677aad1a0e|lpw_c1b52e0e64,我|的|朋友|什么,lpw_b70bb4acc0|lpw_8af2350cfd|lpw_c1b52e0e64,lpw_b70bb4acc0|lpw_8af2350cfd|lpw_c1b52e0e64,lpw_b70bb4acc0|lpw_8af2350cfd|lpw_677aad1a0e|lpw_c1b52e0e64,4,3,3,4
420,422,4,1,false,他大概以为我是跟他一样的。,他|大概|以为|我是|跟|他|一样|的,13,8,lpw_8b7b91e000|lpw_06ba27715e|lpw_383a53d95c|lpw_9dc5c0158d|lpw_8af2350cfd,他|我是|跟|一样|的,lpw_8b7b91e000|lpw_8af2350cfd,lpw_8b7b91e000|lpw_8af2350cfd,lpw_8b7b91e000|lpw_383a53d95c|lpw_9dc5c0158d|lpw_8af2350cfd,5,2,2,4
421,423,4,1,false,"可是,",可是,3,1,lpw_38ca4a9c76,可是,,lpw_38ca4a9c76,lpw_38ca4a9c76,1,0,1,1
422,424,4,1,false,"很遗憾,",很遗憾,4,1,,,,,,0,0,0,0
423,425,4,1,false,我已经瞧不见箱子里面的绵羊了。,我|已经|瞧|不见|箱子|里面|的|绵羊|了,15,9,lpw_b70bb4acc0|lpw_8ee12e2310|lpw_8af2350cfd|lpw_238b95ae07|lpw_b2dd27e84f,我|已经|的|绵羊|了,lpw_b70bb4acc0|lpw_8af2350cfd|lpw_b2dd27e84f,lpw_b70bb4acc0|lpw_8af2350cfd|lpw_b2dd27e84f,lpw_b70bb4acc0|lpw_8af2350cfd|lpw_b2dd27e84f,5,3,3,3
424,426,4,1,false,我也许已经有点像那些大人了。,我|也许|已经|有点|像|那些|大人|了,14,8,lpw_b70bb4acc0|lpw_8ee12e2310|lpw_29506aa712|lpw_cf8cedd58b|lpw_abd258db99|lpw_44dd6014a5|lpw_b2dd27e84f,我|已经|有点|像|那些|大人|了,lpw_b70bb4acc0|lpw_b2dd27e84f,lpw_b70bb4acc0|lpw_b2dd27e84f,lpw_b70bb4acc0|lpw_29506aa712|lpw_cf8cedd58b|lpw_abd258db99|lpw_44dd6014a5|lpw_b2dd27e84f,7,2,2,6
425,427,4,1,false,我一定是老了。,我|一定是|老了,7,3,lpw_b70bb4acc0,我,lpw_b70bb4acc0,lpw_b70bb4acc0,lpw_b70bb4acc0,1,1,1,1
426,428,5,1,true,5,,1,0,,,,,,0,0,0,0
427,429,5,1,false,"每天我都会知道一些情况,",每天|我|都会|知道|一些|情况,12,6,lpw_b70bb4acc0|lpw_d7b6472b11,我|知道,lpw_b70bb4acc0,lpw_b70bb4acc0|lpw_d7b6472b11,lpw_b70bb4acc0|lpw_d7b6472b11,2,1,2,2
428,430,5,1,false,"或者是关于他的星球,",或者是|关于|他|的|星球,10,5,lpw_8b7b91e000|lpw_8af2350cfd|lpw_62f2d6c1a1,他|的|星球,lpw_8b7b91e000|lpw_8af2350cfd|lpw_62f2d6c1a1,lpw_8b7b91e000|lpw_8af2350cfd|lpw_62f2d6c1a1,lpw_8b7b91e000|lpw_8af2350cfd|lpw_62f2d6c1a1,3,3,3,3
429,431,5,1,false,或者是关于他怎么离开那儿、怎么来到这儿。,或者是|关于|他|怎么|离开|那儿|怎么|来到|这儿,20,9,lpw_8b7b91e000|lpw_5ee8091a38|lpw_b4444021ad|lpw_19a29e87c9,他|怎么|那儿|这儿,lpw_8b7b91e000,lpw_8b7b91e000|lpw_19a29e87c9,lpw_8b7b91e000|lpw_19a29e87c9,4,1,2,2
430,432,5,1,false,"这些情况,",这些|情况,5,2,lpw_7a590a22cd,这些,,,lpw_7a590a22cd,1,0,0,1
431,433,5,1,false,"都是一点一点,",都是|一点|一点,7,3,lpw_ef4e15ff45|lpw_148b16e603,都是|一点,,,,2,0,0,0
432,434,5,1,false,碰巧知道的。,碰巧|知道|的,6,3,lpw_d7b6472b11|lpw_8af2350cfd,知道|的,lpw_8af2350cfd,lpw_d7b6472b11|lpw_8af2350cfd,lpw_d7b6472b11|lpw_8af2350cfd,2,1,2,2
433,435,5,1,false,"比如说,",比如|说,4,2,lpw_ccca744613,说,lpw_ccca744613,lpw_ccca744613,lpw_ccca744613,1,1,1,1
434,436,5,1,false,"在第三天,",在|第三|天,5,3,lpw_12404a0b63|lpw_49da61ceee,在|天,lpw_12404a0b63,lpw_12404a0b63,lpw_12404a0b63|lpw_49da61ceee,2,1,1,2
435,437,5,1,false,我知道了猴面包树的悲剧。,我|知道|了|猴面包树|的|悲剧,12,6,lpw_b70bb4acc0|lpw_d7b6472b11|lpw_b2dd27e84f|lpw_1ec087a5d0|lpw_8af2350cfd,我|知道|了|猴面包树|的,lpw_b70bb4acc0|lpw_b2dd27e84f|lpw_8af2350cfd,lpw_b70bb4acc0|lpw_d7b6472b11|lpw_b2dd27e84f|lpw_8af2350cfd,lpw_b70bb4acc0|lpw_d7b6472b11|lpw_b2dd27e84f|lpw_8af2350cfd,5,3,4,4
436,438,5,1,false,"这一回,",这|一回,4,2,lpw_d409ab2ab3,这,lpw_d409ab2ab3,lpw_d409ab2ab3,lpw_d409ab2ab3,1,1,1,1
437,439,5,1,false,"起因又是那只绵羊,",起因|又是|那只|绵羊,9,4,lpw_238b95ae07,绵羊,,,,1,0,0,0
438,440,5,1,false,"因为小王子突然向我发问,",因为|小王子|突然|向|我|发|问,12,7,lpw_795cfc96d4|lpw_87f2a033cf|lpw_a2f77db0e9|lpw_b70bb4acc0|lpw_4628c0e06f,因为|小王子|向|我|问,lpw_87f2a033cf|lpw_b70bb4acc0,lpw_795cfc96d4|lpw_87f2a033cf|lpw_b70bb4acc0|lpw_4628c0e06f,lpw_795cfc96d4|lpw_87f2a033cf|lpw_b70bb4acc0|lpw_4628c0e06f,5,2,4,4
439,441,5,1,false,好像忧心忡忡似的:,好像|忧|心|忡忡|似的,9,5,,,,,,0,0,0,0
440,442,5,1,false,“绵羊当真吃灌木吗?”,绵羊|当|真|吃|灌木|吗,11,6,lpw_238b95ae07|lpw_142d843e71|lpw_827d018e1b|lpw_c814805bc6|lpw_5ac1612110,绵羊|当|真|吃|吗,,,lpw_5ac1612110,5,0,0,1
441,443,5,1,false,“对。当真。”,对|当|真,7,3,lpw_74570c7270|lpw_142d843e71|lpw_827d018e1b,对|当|真,lpw_74570c7270,lpw_74570c7270,lpw_74570c7270,3,1,1,1
442,444,5,1,false,“啊!我真高兴。”,啊|我|真|高兴,9,4,lpw_7c2c50fbaf|lpw_b70bb4acc0|lpw_827d018e1b,啊|我|真,lpw_b70bb4acc0,lpw_b70bb4acc0,lpw_b70bb4acc0,3,1,1,1
443,445,5,1,false,"我不明白,",我不|明白,5,2,lpw_3e63e3d08e|lpw_8e37cd5f7f,我不|明白,,,,2,0,0,0
444,446,5,1,false,"绵羊吃灌木,",绵羊|吃|灌木,6,3,lpw_238b95ae07|lpw_c814805bc6,绵羊|吃,,,,2,0,0,0
445,447,5,1,false,为什么会这么重要。,为什么|会|这么|重要,9,4,lpw_1b919bb478|lpw_5ba1e3c0eb|lpw_7677ca84c6|lpw_a8cd9642aa,为什么|会|这么|重要,lpw_5ba1e3c0eb,lpw_5ba1e3c0eb,lpw_5ba1e3c0eb|lpw_7677ca84c6,4,1,1,2
446,448,5,1,false,小王子接着又说:,小王子|接着|又|说,8,4,lpw_87f2a033cf|lpw_58ed4c69fb|lpw_e71ce5deab|lpw_ccca744613,小王子|接着|又|说,lpw_87f2a033cf|lpw_e71ce5deab|lpw_ccca744613,lpw_87f2a033cf|lpw_e71ce5deab|lpw_ccca744613,lpw_87f2a033cf|lpw_e71ce5deab|lpw_ccca744613,4,3,3,3
447,449,5,1,false,"“这么说,",这么|说,5,2,lpw_7677ca84c6|lpw_ccca744613,这么|说,lpw_ccca744613,lpw_ccca744613,lpw_7677ca84c6|lpw_ccca744613,2,1,1,2
448,450,5,1,false,它们也吃猴面包树喽?”,它们|也|吃|猴面包树|喽,11,5,lpw_c40b3d2880|lpw_658605835b|lpw_c814805bc6|lpw_1ec087a5d0,它们|也|吃|猴面包树,,lpw_c40b3d2880|lpw_658605835b,lpw_c40b3d2880|lpw_658605835b,4,0,2,2
449,451,5,1,false,"我告诉小王子,",我|告诉|小王子,7,3,lpw_b70bb4acc0|lpw_87f2a033cf,我|小王子,lpw_b70bb4acc0|lpw_87f2a033cf,lpw_b70bb4acc0|lpw_87f2a033cf,lpw_b70bb4acc0|lpw_87f2a033cf,2,2,2,2
450,452,5,1,false,"猴面包树不是灌木,",猴面包树|不是|灌木,9,3,lpw_1ec087a5d0|lpw_584cd0fcf3,猴面包树|不是,,,,2,0,0,0
451,453,5,1,false,"而是像教堂那么高的大树,",而是|像|教堂|那么|高|的|大|树,12,8,lpw_cf8cedd58b|lpw_a61f02e145|lpw_8af2350cfd|lpw_7d4ca7f48e,像|那么|的|大,lpw_8af2350cfd,lpw_8af2350cfd,lpw_cf8cedd58b|lpw_a61f02e145|lpw_8af2350cfd,4,1,1,3
452,454,5,1,false,"他就是领一群大象来,",他|就是|领|一群|大象|来,10,6,lpw_8b7b91e000|lpw_88aa006eb3|lpw_6d8229118c,他|就是|来,lpw_8b7b91e000|lpw_6d8229118c,lpw_8b7b91e000|lpw_88aa006eb3|lpw_6d8229118c,lpw_8b7b91e000|lpw_88aa006eb3|lpw_6d8229118c,3,2,3,3
453,455,5,1,false,也吃不完一棵猴面包树呢。,也|吃不完|一棵|猴面包树|呢,12,5,lpw_658605835b|lpw_1ec087a5d0|lpw_02811cec0b,也|猴面包树|呢,lpw_02811cec0b,lpw_658605835b|lpw_02811cec0b,lpw_658605835b|lpw_02811cec0b,3,1,2,2
454,456,5,1,false,"领一群大象来的想法,",领|一群|大象|来|的|想法,10,6,lpw_6d8229118c|lpw_8af2350cfd,来|的,lpw_6d8229118c|lpw_8af2350cfd,lpw_6d8229118c|lpw_8af2350cfd,lpw_6d8229118c|lpw_8af2350cfd,2,2,2,2
455,457,5,1,false,惹得小王子笑了起来:,惹得|小王子|笑了起来,10,3,lpw_87f2a033cf,小王子,lpw_87f2a033cf,lpw_87f2a033cf,lpw_87f2a033cf,1,1,1,1
456,458,5,1,false,“那得让它们叠罗汉了......”,那|得|让|它们|叠罗汉|了,17,6,lpw_5a2362a202|lpw_71b1ed1114|lpw_ad37574404|lpw_c40b3d2880|lpw_b2dd27e84f,那|得|让|它们|了,lpw_5a2362a202|lpw_ad37574404|lpw_b2dd27e84f,lpw_5a2362a202|lpw_71b1ed1114|lpw_ad37574404|lpw_c40b3d2880|lpw_b2dd27e84f,lpw_5a2362a202|lpw_71b1ed1114|lpw_ad37574404|lpw_c40b3d2880|lpw_b2dd27e84f,5,3,5,5
457,459,5,1,false,"不过他很聪明,",不过|他|很|聪明,7,4,lpw_72113362c6|lpw_8b7b91e000|lpw_f2b91797ea,不过|他|很,lpw_8b7b91e000|lpw_f2b91797ea,lpw_8b7b91e000|lpw_f2b91797ea,lpw_72113362c6|lpw_8b7b91e000|lpw_f2b91797ea,3,2,2,3
458,460,5,1,false,接着又说:,接着|又|说,5,3,lpw_58ed4c69fb|lpw_e71ce5deab|lpw_ccca744613,接着|又|说,lpw_e71ce5deab|lpw_ccca744613,lpw_e71ce5deab|lpw_ccca744613,lpw_e71ce5deab|lpw_ccca744613,3,2,2,2
459,461,5,1,false,"“猴面包树在长高以前,",猴面包树|在|长|高|以前,11,5,lpw_1ec087a5d0|lpw_12404a0b63|lpw_597ae23d84|lpw_aa98317793,猴面包树|在|长|以前,lpw_12404a0b63,lpw_12404a0b63,lpw_12404a0b63,4,1,1,1
460,462,5,1,false,起初也是小小的。”,起初|也是|小小的,9,3,lpw_256c0476ed,也是,,,,1,0,0,0
461,463,5,1,false,“一点不错。,一点|不错,6,2,lpw_148b16e603,一点,,,,1,0,0,0
462,464,5,1,false,可你为什么想让绵羊去吃小猴面包树呢?”,可|你|为什么|想|让|绵羊|去|吃|小|猴面包树|呢,19,11,lpw_8b9cefa38e|lpw_a0c7716669|lpw_1b919bb478|lpw_df0d251938|lpw_ad37574404|lpw_238b95ae07|lpw_99ae21ea6c|lpw_c814805bc6|lpw_6a7339bb75|lpw_1ec087a5d0|lpw_02811cec0b,可|你|为什么|想|让|绵羊|去|吃|小|猴面包树|呢,lpw_a0c7716669|lpw_ad37574404|lpw_02811cec0b,lpw_8b9cefa38e|lpw_a0c7716669|lpw_ad37574404|lpw_99ae21ea6c|lpw_6a7339bb75|lpw_02811cec0b,lpw_8b9cefa38e|lpw_a0c7716669|lpw_df0d251938|lpw_ad37574404|lpw_99ae21ea6c|lpw_6a7339bb75|lpw_02811cec0b,11,3,6,7
463,465,5,1,false,他回答说:,他|回答|说,5,3,lpw_8b7b91e000|lpw_f3f5126487|lpw_ccca744613,他|回答|说,lpw_8b7b91e000|lpw_ccca744613,lpw_8b7b91e000|lpw_f3f5126487|lpw_ccca744613,lpw_8b7b91e000|lpw_f3f5126487|lpw_ccca744613,3,2,3,3
464,466,5,1,false,“咦!这还不明白吗!”,咦|这|还|不|明白|吗,11,6,lpw_d409ab2ab3|lpw_1bc709b8bf|lpw_b02dfe2160|lpw_8e37cd5f7f|lpw_5ac1612110,这|还|不|明白|吗,lpw_d409ab2ab3,lpw_d409ab2ab3|lpw_b02dfe2160,lpw_d409ab2ab3|lpw_1bc709b8bf|lpw_b02dfe2160|lpw_5ac1612110,5,1,2,4
465,467,5,1,false,就像这是件不言而喻的事情。,就像|这|是|件|不言而喻|的|事情,13,7,lpw_3a1a30dbb2|lpw_d409ab2ab3|lpw_b5141d3d19|lpw_8af2350cfd|lpw_e66d9fac19,就像|这|是|的|事情,lpw_d409ab2ab3|lpw_b5141d3d19|lpw_8af2350cfd,lpw_d409ab2ab3|lpw_b5141d3d19|lpw_8af2350cfd,lpw_d409ab2ab3|lpw_b5141d3d19|lpw_8af2350cfd,5,3,3,3
466,468,5,1,false,"可是我自己要弄懂这个问题,",可是|我|自己|要|弄懂|这个|问题,13,7,lpw_38ca4a9c76|lpw_b70bb4acc0|lpw_fb43354d2a|lpw_975f35218e|lpw_979e2bc35b|lpw_33a8618cb6,可是|我|自己|要|这个|问题,lpw_b70bb4acc0,lpw_38ca4a9c76|lpw_b70bb4acc0|lpw_fb43354d2a|lpw_975f35218e|lpw_979e2bc35b,lpw_38ca4a9c76|lpw_b70bb4acc0|lpw_fb43354d2a|lpw_975f35218e|lpw_979e2bc35b,6,1,5,5
467,469,5,1,false,还着实得动一番脑筋哩。,还|着实|得|动|一番|脑筋|哩,11,7,lpw_1bc709b8bf|lpw_71b1ed1114,还|得,,lpw_71b1ed1114,lpw_1bc709b8bf|lpw_71b1ed1114,2,0,1,2
468,470,5,1,false,"原来,",原来,3,1,,,,,,0,0,0,0
469,471,5,1,false,"在小王子的星球上,",在|小王子|的|星球|上,9,5,lpw_12404a0b63|lpw_87f2a033cf|lpw_8af2350cfd|lpw_62f2d6c1a1|lpw_db5ba671d2,在|小王子|的|星球|上,lpw_12404a0b63|lpw_87f2a033cf|lpw_8af2350cfd|lpw_62f2d6c1a1|lpw_db5ba671d2,lpw_12404a0b63|lpw_87f2a033cf|lpw_8af2350cfd|lpw_62f2d6c1a1|lpw_db5ba671d2,lpw_12404a0b63|lpw_87f2a033cf|lpw_8af2350cfd|lpw_62f2d6c1a1|lpw_db5ba671d2,5,5,5,5
470,472,5,1,false,"就像在别的星球上一样,",就像|在|别的|星球|上|一样,11,6,lpw_3a1a30dbb2|lpw_12404a0b63|lpw_3966c0d55d|lpw_62f2d6c1a1|lpw_db5ba671d2|lpw_9dc5c0158d,就像|在|别的|星球|上|一样,lpw_12404a0b63|lpw_62f2d6c1a1|lpw_db5ba671d2,lpw_12404a0b63|lpw_62f2d6c1a1|lpw_db5ba671d2,lpw_12404a0b63|lpw_62f2d6c1a1|lpw_db5ba671d2|lpw_9dc5c0158d,6,3,3,4
471,473,5,1,false,"有好的植物,",有|好的|植物,6,3,lpw_90ce0f66f0,有,lpw_90ce0f66f0,lpw_90ce0f66f0,lpw_90ce0f66f0,1,1,1,1
472,474,5,1,false,也有不好的植物。,也有|不好|的|植物,8,4,lpw_8af2350cfd,的,lpw_8af2350cfd,lpw_8af2350cfd,lpw_8af2350cfd,1,1,1,1
473,475,5,1,false,"结果呢,",结果|呢,4,2,lpw_02811cec0b,呢,lpw_02811cec0b,lpw_02811cec0b,lpw_02811cec0b,1,1,1,1
474,476,5,1,false,"好植物有好种子,",好|植物|有|好|种子,8,5,lpw_f867f34178|lpw_90ce0f66f0,好|有,lpw_90ce0f66f0,lpw_f867f34178|lpw_90ce0f66f0,lpw_f867f34178|lpw_90ce0f66f0,2,1,2,2
475,477,5,1,false,坏植物有坏种子。,坏|植物|有|坏|种子,8,5,lpw_90ce0f66f0,有,lpw_90ce0f66f0,lpw_90ce0f66f0,lpw_90ce0f66f0,1,1,1,1
476,478,5,1,false,而种子是看不见的。,而|种子|是|看不见|的,9,5,lpw_08e2725ce1|lpw_b5141d3d19|lpw_f92f065aad|lpw_8af2350cfd,而|是|看不见|的,lpw_b5141d3d19|lpw_8af2350cfd,lpw_b5141d3d19|lpw_8af2350cfd,lpw_08e2725ce1|lpw_b5141d3d19|lpw_8af2350cfd,4,2,2,3
477,479,5,1,false,"它们悄悄地睡在地底下,",它们|悄悄地|睡在|地|底下,11,5,lpw_c40b3d2880|lpw_bdbd41e490,它们|地,lpw_bdbd41e490,lpw_c40b3d2880|lpw_bdbd41e490,lpw_c40b3d2880|lpw_bdbd41e490,2,1,2,2
478,480,5,1,false,"直到有一天,",直到|有|一天,6,3,lpw_90ce0f66f0|lpw_5448481f38,有|一天,lpw_90ce0f66f0,lpw_90ce0f66f0,lpw_90ce0f66f0,2,1,1,1
479,481,5,1,false,其中有一颗忽然想起要醒了......,其中|有|一颗|忽然|想起|要|醒|了,18,8,lpw_90ce0f66f0|lpw_9a18d5dc38|lpw_975f35218e|lpw_b2dd27e84f,有|一颗|要|了,lpw_90ce0f66f0|lpw_b2dd27e84f,lpw_90ce0f66f0|lpw_975f35218e|lpw_b2dd27e84f,lpw_90ce0f66f0|lpw_975f35218e|lpw_b2dd27e84f,4,2,3,3
480,482,5,1,false,"于是它舒展身子,",于是|它|舒展|身子,8,4,lpw_3617c85a66|lpw_7e9260e925,于是|它,lpw_7e9260e925,lpw_7e9260e925,lpw_7e9260e925,2,1,1,1
481,483,5,1,false,最先羞答答地朝太阳伸出一枝天真可爱的嫩苗。,最先|羞答答|地|朝|太阳|伸出|一枝|天真|可爱|的|嫩|苗,21,12,lpw_bdbd41e490|lpw_8af2350cfd,地|的,lpw_bdbd41e490|lpw_8af2350cfd,lpw_bdbd41e490|lpw_8af2350cfd,lpw_bdbd41e490|lpw_8af2350cfd,2,2,2,2
482,484,5,1,false,"假如那是萝卜或玫瑰的幼苗,",假如|那是|萝卜|或|玫瑰|的|幼苗,13,7,lpw_a6664df1ef|lpw_8af2350cfd,玫瑰|的,lpw_8af2350cfd,lpw_8af2350cfd,lpw_a6664df1ef|lpw_8af2350cfd,2,1,1,2
483,485,5,1,false,可以让它爱怎么长就怎么长。,可以|让|它|爱|怎么|长|就|怎么|长,13,9,lpw_0ef5c86fab|lpw_ad37574404|lpw_7e9260e925|lpw_bafe3b2ee7|lpw_5ee8091a38|lpw_597ae23d84|lpw_2f9d9872e5,可以|让|它|爱|怎么|长|就,lpw_ad37574404|lpw_7e9260e925|lpw_2f9d9872e5,lpw_ad37574404|lpw_7e9260e925|lpw_2f9d9872e5,lpw_0ef5c86fab|lpw_ad37574404|lpw_7e9260e925|lpw_2f9d9872e5,7,3,3,4
484,486,5,1,false,"不过,",不过,3,1,lpw_72113362c6,不过,,,lpw_72113362c6,1,0,0,1
485,487,5,1,false,"假如那是一株不好的植物,",假如|那是|一|株|不好|的|植物,12,7,lpw_51a75f4634|lpw_8af2350cfd,一|的,lpw_8af2350cfd,lpw_51a75f4634|lpw_8af2350cfd,lpw_51a75f4634|lpw_8af2350cfd,2,1,2,2
486,488,5,1,false,一认出就得拔掉它。,一|认出|就得|拔掉|它,9,5,lpw_51a75f4634|lpw_7e9260e925,一|它,lpw_7e9260e925,lpw_51a75f4634|lpw_7e9260e925,lpw_51a75f4634|lpw_7e9260e925,2,1,2,2
487,489,5,1,false,在小王子的星球上有一种可怕的种子......,在|小王子|的|星球|上有|一种|可怕|的|种子,22,9,lpw_12404a0b63|lpw_87f2a033cf|lpw_8af2350cfd|lpw_62f2d6c1a1,在|小王子|的|星球,lpw_12404a0b63|lpw_87f2a033cf|lpw_8af2350cfd|lpw_62f2d6c1a1,lpw_12404a0b63|lpw_87f2a033cf|lpw_8af2350cfd|lpw_62f2d6c1a1,lpw_12404a0b63|lpw_87f2a033cf|lpw_8af2350cfd|lpw_62f2d6c1a1,4,4,4,4
488,490,5,1,false,就是猴面包树的种子。,就是|猴面包树|的|种子,10,4,lpw_88aa006eb3|lpw_1ec087a5d0|lpw_8af2350cfd,就是|猴面包树|的,lpw_8af2350cfd,lpw_88aa006eb3|lpw_8af2350cfd,lpw_88aa006eb3|lpw_8af2350cfd,3,1,2,2
489,491,5,1,false,星球的土壤里有好多猴面包树种子。,星球|的|土壤|里|有|好多|猴面包树|种子,16,8,lpw_62f2d6c1a1|lpw_8af2350cfd|lpw_79f43de6e3|lpw_90ce0f66f0|lpw_1ec087a5d0,星球|的|里|有|猴面包树,lpw_62f2d6c1a1|lpw_8af2350cfd|lpw_90ce0f66f0,lpw_62f2d6c1a1|lpw_8af2350cfd|lpw_79f43de6e3|lpw_90ce0f66f0,lpw_62f2d6c1a1|lpw_8af2350cfd|lpw_79f43de6e3|lpw_90ce0f66f0,5,3,4,4
490,492,5,1,false,"而猴面包树长得很快,",而|猴面包树|长得|很快,10,4,lpw_08e2725ce1|lpw_1ec087a5d0,而|猴面包树,,,lpw_08e2725ce1,2,0,0,1
491,493,5,1,false,"动手稍稍一慢,",动手|稍稍|一|慢,7,4,lpw_51a75f4634,一,,lpw_51a75f4634,lpw_51a75f4634,1,0,1,1
492,494,5,1,false,就甭想再除掉它了。,就|甭|想再|除掉|它|了,9,6,lpw_2f9d9872e5|lpw_7e9260e925|lpw_b2dd27e84f,就|它|了,lpw_2f9d9872e5|lpw_7e9260e925|lpw_b2dd27e84f,lpw_2f9d9872e5|lpw_7e9260e925|lpw_b2dd27e84f,lpw_2f9d9872e5|lpw_7e9260e925|lpw_b2dd27e84f,3,3,3,3
493,495,5,1,false,"它会占满整个星球,",它|会|占满|整个|星球,9,5,lpw_7e9260e925|lpw_5ba1e3c0eb|lpw_62f2d6c1a1,它|会|星球,lpw_7e9260e925|lpw_5ba1e3c0eb|lpw_62f2d6c1a1,lpw_7e9260e925|lpw_5ba1e3c0eb|lpw_62f2d6c1a1,lpw_7e9260e925|lpw_5ba1e3c0eb|lpw_62f2d6c1a1,3,3,3,3
494,496,5,1,false,"根枝钻来钻去,",根|枝|钻|来|钻|去,7,6,lpw_6d8229118c|lpw_99ae21ea6c,来|去,lpw_6d8229118c,lpw_6d8229118c|lpw_99ae21ea6c,lpw_6d8229118c|lpw_99ae21ea6c,2,1,2,2
495,497,5,1,false,四处蔓延。,四处|蔓延,5,2,,,,,,0,0,0,0
496,498,5,1,false,"要是这颗星球太小,",要是|这|颗|星球|太|小,9,6,lpw_467b2562ed|lpw_d409ab2ab3|lpw_09901d3de2|lpw_62f2d6c1a1|lpw_e7ace7adf2|lpw_6a7339bb75,要是|这|颗|星球|太|小,lpw_d409ab2ab3|lpw_62f2d6c1a1,lpw_d409ab2ab3|lpw_62f2d6c1a1|lpw_6a7339bb75,lpw_467b2562ed|lpw_d409ab2ab3|lpw_62f2d6c1a1|lpw_e7ace7adf2|lpw_6a7339bb75,6,2,3,5
497,499,5,1,false,"而猴面包树又太多,",而|猴面包树|又|太多,9,4,lpw_08e2725ce1|lpw_1ec087a5d0|lpw_e71ce5deab,而|猴面包树|又,lpw_e71ce5deab,lpw_e71ce5deab,lpw_08e2725ce1|lpw_e71ce5deab,3,1,1,2
498,500,5,1,false,它们就会把星球撑裂。,它们|就|会|把|星球|撑|裂,10,7,lpw_c40b3d2880|lpw_2f9d9872e5|lpw_5ba1e3c0eb|lpw_2442748e41|lpw_62f2d6c1a1,它们|就|会|把|星球,lpw_2f9d9872e5|lpw_5ba1e3c0eb|lpw_62f2d6c1a1,lpw_c40b3d2880|lpw_2f9d9872e5|lpw_5ba1e3c0eb|lpw_2442748e41|lpw_62f2d6c1a1,lpw_c40b3d2880|lpw_2f9d9872e5|lpw_5ba1e3c0eb|lpw_2442748e41|lpw_62f2d6c1a1,5,3,5,5
499,501,5,1,false,"猴面包树“这就得有个严格的约束了,”",猴面包树|这|就得|有|个|严格|的|约束|了,18,9,lpw_1ec087a5d0|lpw_d409ab2ab3|lpw_90ce0f66f0|lpw_3a116815bc|lpw_8af2350cfd|lpw_b2dd27e84f,猴面包树|这|有|个|的|了,lpw_d409ab2ab3|lpw_90ce0f66f0|lpw_8af2350cfd|lpw_b2dd27e84f,lpw_d409ab2ab3|lpw_90ce0f66f0|lpw_3a116815bc|lpw_8af2350cfd|lpw_b2dd27e84f,lpw_d409ab2ab3|lpw_90ce0f66f0|lpw_3a116815bc|lpw_8af2350cfd|lpw_b2dd27e84f,6,4,5,5
500,502,5,1,false,小王子后来告诉我说。,小王子|后来|告诉|我|说,10,5,lpw_87f2a033cf|lpw_b70bb4acc0|lpw_ccca744613,小王子|我|说,lpw_87f2a033cf|lpw_b70bb4acc0|lpw_ccca744613,lpw_87f2a033cf|lpw_b70bb4acc0|lpw_ccca744613,lpw_87f2a033cf|lpw_b70bb4acc0|lpw_ccca744613,3,3,3,3
501,503,5,1,false,"“你早晨梳洗好以后,",你|早晨|梳洗|好|以后,10,5,lpw_a0c7716669|lpw_f867f34178|lpw_e6ad7a1dbc,你|好|以后,lpw_a0c7716669,lpw_a0c7716669|lpw_f867f34178,lpw_a0c7716669|lpw_f867f34178,3,1,2,2
502,504,5,1,false,就该仔仔细细地给星球梳洗了。,就|该|仔|仔细|细|地|给|星球|梳洗|了,14,10,lpw_2f9d9872e5|lpw_bdbd41e490|lpw_6e55fb9d8a|lpw_62f2d6c1a1|lpw_b2dd27e84f,就|地|给|星球|了,lpw_2f9d9872e5|lpw_bdbd41e490|lpw_6e55fb9d8a|lpw_62f2d6c1a1|lpw_b2dd27e84f,lpw_2f9d9872e5|lpw_bdbd41e490|lpw_6e55fb9d8a|lpw_62f2d6c1a1|lpw_b2dd27e84f,lpw_2f9d9872e5|lpw_bdbd41e490|lpw_6e55fb9d8a|lpw_62f2d6c1a1|lpw_b2dd27e84f,5,5,5,5
503,505,5,1,false,"猴面包树小的时候,",猴面包树|小|的|时候,9,4,lpw_1ec087a5d0|lpw_6a7339bb75|lpw_8af2350cfd|lpw_5484678be4,猴面包树|小|的|时候,lpw_8af2350cfd,lpw_6a7339bb75|lpw_8af2350cfd,lpw_6a7339bb75|lpw_8af2350cfd,4,1,2,2
504,506,5,1,false,"跟玫瑰幼苗是很像的,",跟|玫瑰|幼苗|是|很像|的,10,6,lpw_383a53d95c|lpw_a6664df1ef|lpw_b5141d3d19|lpw_8af2350cfd,跟|玫瑰|是|的,lpw_b5141d3d19|lpw_8af2350cfd,lpw_b5141d3d19|lpw_8af2350cfd,lpw_383a53d95c|lpw_a6664df1ef|lpw_b5141d3d19|lpw_8af2350cfd,4,2,2,4
505,507,5,1,false,"那你就得给自己立个规矩,",那|你|就得|给|自己|立|个|规矩,12,8,lpw_5a2362a202|lpw_a0c7716669|lpw_6e55fb9d8a|lpw_fb43354d2a|lpw_3a116815bc,那|你|给|自己|个,lpw_5a2362a202|lpw_a0c7716669|lpw_6e55fb9d8a,lpw_5a2362a202|lpw_a0c7716669|lpw_6e55fb9d8a|lpw_fb43354d2a|lpw_3a116815bc,lpw_5a2362a202|lpw_a0c7716669|lpw_6e55fb9d8a|lpw_fb43354d2a|lpw_3a116815bc,5,3,5,5
506,508,5,1,false,"只要分清了哪是玫瑰,",只要|分清|了|哪|是|玫瑰,10,6,lpw_b2dd27e84f|lpw_b5141d3d19|lpw_a6664df1ef,了|是|玫瑰,lpw_b2dd27e84f|lpw_b5141d3d19,lpw_b2dd27e84f|lpw_b5141d3d19,lpw_b2dd27e84f|lpw_b5141d3d19|lpw_a6664df1ef,3,2,2,3
507,509,5,1,false,"哪是猴面包树,",哪|是|猴面包树,7,3,lpw_b5141d3d19|lpw_1ec087a5d0,是|猴面包树,lpw_b5141d3d19,lpw_b5141d3d19,lpw_b5141d3d19,2,1,1,1
508,510,5,1,false,就马上把猴面包树拔掉。,就|马上|把|猴面包树|拔掉,11,5,lpw_2f9d9872e5|lpw_2442748e41|lpw_1ec087a5d0,就|把|猴面包树,lpw_2f9d9872e5,lpw_2f9d9872e5|lpw_2442748e41,lpw_2f9d9872e5|lpw_2442748e41,3,1,2,2
509,511,5,1,false,"这个工作很单调,",这个|工作|很|单调,8,4,lpw_979e2bc35b|lpw_f2b91797ea,这个|很,lpw_f2b91797ea,lpw_979e2bc35b|lpw_f2b91797ea,lpw_979e2bc35b|lpw_f2b91797ea,2,1,2,2
510,512,5,1,false,但并不难。”,但|并不|难,6,3,lpw_1f863793c6|lpw_5b693ea232,但|并不,,,,2,0,0,0
511,513,5,1,false,"有一天,",有|一天,4,2,lpw_90ce0f66f0|lpw_5448481f38,有|一天,lpw_90ce0f66f0,lpw_90ce0f66f0,lpw_90ce0f66f0,2,1,1,1
512,514,5,1,false,"他劝我好好画一幅画,",他|劝|我|好好|画|一幅|画,10,7,lpw_8b7b91e000|lpw_b70bb4acc0|lpw_de9f18b00a,他|我|画,lpw_8b7b91e000|lpw_b70bb4acc0,lpw_8b7b91e000|lpw_b70bb4acc0,lpw_8b7b91e000|lpw_b70bb4acc0,3,2,2,2
513,515,5,1,false,好让我那儿的孩子们都知道这回事。,好|让|我|那儿|的|孩子|们|都|知道|这|回|事,16,12,lpw_f867f34178|lpw_ad37574404|lpw_b70bb4acc0|lpw_b4444021ad|lpw_8af2350cfd|lpw_5f887419f4|lpw_b4dcb3305a|lpw_7eabb36ba1|lpw_d7b6472b11|lpw_d409ab2ab3|lpw_1d9ed56951,好|让|我|那儿|的|孩子|们|都|知道|这|事,lpw_ad37574404|lpw_b70bb4acc0|lpw_8af2350cfd|lpw_d409ab2ab3,lpw_f867f34178|lpw_ad37574404|lpw_b70bb4acc0|lpw_8af2350cfd|lpw_7eabb36ba1|lpw_d7b6472b11|lpw_d409ab2ab3|lpw_1d9ed56951,lpw_f867f34178|lpw_ad37574404|lpw_b70bb4acc0|lpw_8af2350cfd|lpw_7eabb36ba1|lpw_d7b6472b11|lpw_d409ab2ab3|lpw_1d9ed56951,11,4,8,8
514,516,5,1,false,"“要是他们有一天出门旅行,”",要是|他们|有|一天|出门|旅行,14,6,lpw_467b2562ed|lpw_10518f8f0a|lpw_90ce0f66f0|lpw_5448481f38,要是|他们|有|一天,lpw_10518f8f0a|lpw_90ce0f66f0,lpw_10518f8f0a|lpw_90ce0f66f0,lpw_467b2562ed|lpw_10518f8f0a|lpw_90ce0f66f0,4,2,2,3
515,517,5,1,false,"他对我说,",他|对|我|说,5,4,lpw_8b7b91e000|lpw_74570c7270|lpw_b70bb4acc0|lpw_ccca744613,他|对|我|说,lpw_8b7b91e000|lpw_74570c7270|lpw_b70bb4acc0|lpw_ccca744613,lpw_8b7b91e000|lpw_74570c7270|lpw_b70bb4acc0|lpw_ccca744613,lpw_8b7b91e000|lpw_74570c7270|lpw_b70bb4acc0|lpw_ccca744613,4,4,4,4
516,518,5,1,false,“说不定会用得着。,说不定|会|用|得|着,9,5,lpw_63e84e56ed|lpw_5ba1e3c0eb|lpw_04e45efb3b|lpw_71b1ed1114|lpw_9e5bf0d2d9,说不定|会|用|得|着,lpw_5ba1e3c0eb|lpw_9e5bf0d2d9,lpw_5ba1e3c0eb|lpw_71b1ed1114|lpw_9e5bf0d2d9,lpw_5ba1e3c0eb|lpw_04e45efb3b|lpw_71b1ed1114|lpw_9e5bf0d2d9,5,2,3,4
517,519,5,1,false,"有时候,",有|时候,4,2,lpw_90ce0f66f0|lpw_5484678be4,有|时候,lpw_90ce0f66f0,lpw_90ce0f66f0,lpw_90ce0f66f0,2,1,1,1
518,520,5,1,false,"你把一件该做的事耽搁一下,",你|把|一件|该做|的|事|耽搁|一下,13,8,lpw_a0c7716669|lpw_2442748e41|lpw_8af2350cfd|lpw_1d9ed56951,你|把|的|事,lpw_a0c7716669|lpw_8af2350cfd,lpw_a0c7716669|lpw_2442748e41|lpw_8af2350cfd|lpw_1d9ed56951,lpw_a0c7716669|lpw_2442748e41|lpw_8af2350cfd|lpw_1d9ed56951,4,2,4,4
519,521,5,1,false,"也没什么关系。可是,",也|没什么|关系|可是,10,4,lpw_658605835b|lpw_38ca4a9c76,也|可是,,lpw_658605835b|lpw_38ca4a9c76,lpw_658605835b|lpw_38ca4a9c76,2,0,2,2
520,522,5,1,false,"碰到猴面包树,",碰到|猴面包树,7,2,lpw_1ec087a5d0,猴面包树,,,,1,0,0,0
521,523,5,1,false,这就要捅大娄子了。,这|就要|捅|大|娄|子|了,9,7,lpw_d409ab2ab3|lpw_7d4ca7f48e|lpw_b2dd27e84f,这|大|了,lpw_d409ab2ab3|lpw_b2dd27e84f,lpw_d409ab2ab3|lpw_b2dd27e84f,lpw_d409ab2ab3|lpw_b2dd27e84f,3,2,2,2
522,524,5,1,false,"我知道有一个星球,",我|知道|有|一个|星球,9,5,lpw_b70bb4acc0|lpw_d7b6472b11|lpw_90ce0f66f0|lpw_e1dbc1c99f|lpw_62f2d6c1a1,我|知道|有|一个|星球,lpw_b70bb4acc0|lpw_90ce0f66f0|lpw_e1dbc1c99f|lpw_62f2d6c1a1,lpw_b70bb4acc0|lpw_d7b6472b11|lpw_90ce0f66f0|lpw_e1dbc1c99f|lpw_62f2d6c1a1,lpw_b70bb4acc0|lpw_d7b6472b11|lpw_90ce0f66f0|lpw_e1dbc1c99f|lpw_62f2d6c1a1,5,4,5,5
523,525,5,1,false,上面住着一个懒人。,上面|住|着|一个|懒人,9,5,lpw_cbba0a98ab|lpw_9e5bf0d2d9|lpw_e1dbc1c99f,住|着|一个,lpw_9e5bf0d2d9|lpw_e1dbc1c99f,lpw_9e5bf0d2d9|lpw_e1dbc1c99f,lpw_9e5bf0d2d9|lpw_e1dbc1c99f,3,2,2,2
524,526,5,1,false,有三株幼苗他没在意......”,有三|株|幼苗|他|没|在意,16,6,lpw_8b7b91e000|lpw_279e8b3573,他|没,lpw_8b7b91e000,lpw_8b7b91e000|lpw_279e8b3573,lpw_8b7b91e000|lpw_279e8b3573,2,1,2,2
525,527,5,1,false,"在小王子的指点下,",在|小王子|的|指点|下,9,5,lpw_12404a0b63|lpw_87f2a033cf|lpw_8af2350cfd|lpw_13c12b064b,在|小王子|的|下,lpw_12404a0b63|lpw_87f2a033cf|lpw_8af2350cfd,lpw_12404a0b63|lpw_87f2a033cf|lpw_8af2350cfd,lpw_12404a0b63|lpw_87f2a033cf|lpw_8af2350cfd,4,3,3,3
526,528,5,1,false,我画好了那颗星球。,我|画|好了|那颗|星球,9,5,lpw_b70bb4acc0|lpw_de9f18b00a|lpw_62f2d6c1a1,我|画|星球,lpw_b70bb4acc0|lpw_62f2d6c1a1,lpw_b70bb4acc0|lpw_62f2d6c1a1,lpw_b70bb4acc0|lpw_62f2d6c1a1,3,2,2,2
527,529,5,1,false,我一向不愿意摆出说教的架势。,我|一向|不|愿意|摆出|说教|的|架势,14,8,lpw_b70bb4acc0|lpw_b02dfe2160|lpw_8af2350cfd,我|不|的,lpw_b70bb4acc0|lpw_8af2350cfd,lpw_b70bb4acc0|lpw_b02dfe2160|lpw_8af2350cfd,lpw_b70bb4acc0|lpw_b02dfe2160|lpw_8af2350cfd,3,2,3,3
528,530,5,1,false,"可是对猴面包树的危害,",可是|对|猴面包树|的|危害,11,5,lpw_38ca4a9c76|lpw_74570c7270|lpw_1ec087a5d0|lpw_8af2350cfd,可是|对|猴面包树|的,lpw_74570c7270|lpw_8af2350cfd,lpw_38ca4a9c76|lpw_74570c7270|lpw_8af2350cfd,lpw_38ca4a9c76|lpw_74570c7270|lpw_8af2350cfd,4,2,3,3
529,531,5,1,false,"一般人都不了解,",一般人|都不|了解,8,3,,,,,,0,0,0,0
530,532,5,1,false,"要是有人碰巧迷了路停在一颗小行星上,",要是|有人|碰巧|迷|了|路|停在|一颗|小行星|上,18,10,lpw_467b2562ed|lpw_b2dd27e84f|lpw_9a18d5dc38|lpw_68cf5e71c2|lpw_db5ba671d2,要是|了|一颗|小行星|上,lpw_b2dd27e84f|lpw_db5ba671d2,lpw_b2dd27e84f|lpw_db5ba671d2,lpw_467b2562ed|lpw_b2dd27e84f|lpw_db5ba671d2,5,2,2,3
531,533,5,1,false,情况就会变得极其严峻。,情况|就|会|变得|极其|严峻,11,6,lpw_2f9d9872e5|lpw_5ba1e3c0eb|lpw_23e89ba0a1,就|会|变得,lpw_2f9d9872e5|lpw_5ba1e3c0eb,lpw_2f9d9872e5|lpw_5ba1e3c0eb,lpw_2f9d9872e5|lpw_5ba1e3c0eb,3,2,2,2
532,534,5,1,false,"所以这一次,",所以|这|一次,6,3,lpw_a2f7e42081|lpw_d409ab2ab3,所以|这,lpw_d409ab2ab3,lpw_d409ab2ab3,lpw_d409ab2ab3,2,1,1,1
533,535,5,1,false,我破例抛开了矜持。,我|破例|抛|开|了|矜持,9,6,lpw_b70bb4acc0|lpw_39eae64cfc|lpw_b2dd27e84f,我|开|了,lpw_b70bb4acc0|lpw_b2dd27e84f,lpw_b70bb4acc0|lpw_b2dd27e84f,lpw_b70bb4acc0|lpw_b2dd27e84f,3,2,2,2
534,536,5,1,false,我说:,我|说,3,2,lpw_b70bb4acc0|lpw_ccca744613,我|说,lpw_b70bb4acc0|lpw_ccca744613,lpw_b70bb4acc0|lpw_ccca744613,lpw_b70bb4acc0|lpw_ccca744613,2,2,2,2
535,537,5,1,false,“孩子们!,孩子|们,5,2,lpw_5f887419f4|lpw_b4dcb3305a,孩子|们,,,,2,0,0,0
536,538,5,1,false,当心猴面包树啊!”,当心|猴面包树|啊,9,3,lpw_1ec087a5d0|lpw_7c2c50fbaf,猴面包树|啊,,,,2,0,0,0
537,539,5,1,false,"这幅画我画得格外卖力,",这|幅|画|我|画|得|格外|卖力,11,8,lpw_d409ab2ab3|lpw_de9f18b00a|lpw_b70bb4acc0|lpw_71b1ed1114,这|画|我|得,lpw_d409ab2ab3|lpw_b70bb4acc0,lpw_d409ab2ab3|lpw_b70bb4acc0|lpw_71b1ed1114,lpw_d409ab2ab3|lpw_b70bb4acc0|lpw_71b1ed1114,4,2,3,3
538,540,5,1,false,"就是为了提醒朋友们有这么一种危险存在,",就是|为了|提醒|朋友|们|有|这么|一种|危险|存在,19,10,lpw_88aa006eb3|lpw_2ed64c1d92|lpw_677aad1a0e|lpw_b4dcb3305a|lpw_90ce0f66f0|lpw_7677ca84c6,就是|为了|朋友|们|有|这么,lpw_90ce0f66f0,lpw_88aa006eb3|lpw_90ce0f66f0,lpw_88aa006eb3|lpw_677aad1a0e|lpw_90ce0f66f0|lpw_7677ca84c6,6,1,2,4
539,541,5,1,false,"他们也像我一样,",他们|也像|我|一样,8,4,lpw_10518f8f0a|lpw_b70bb4acc0|lpw_9dc5c0158d,他们|我|一样,lpw_10518f8f0a|lpw_b70bb4acc0,lpw_10518f8f0a|lpw_b70bb4acc0,lpw_10518f8f0a|lpw_b70bb4acc0|lpw_9dc5c0158d,3,2,2,3
540,542,5,1,false,对在身边潜伏了很久的危险一直毫无觉察。,对|在|身边|潜伏|了|很久|的|危险|一直|毫无|觉察,19,11,lpw_74570c7270|lpw_12404a0b63|lpw_b2dd27e84f|lpw_8af2350cfd,对|在|了|的,lpw_74570c7270|lpw_12404a0b63|lpw_b2dd27e84f|lpw_8af2350cfd,lpw_74570c7270|lpw_12404a0b63|lpw_b2dd27e84f|lpw_8af2350cfd,lpw_74570c7270|lpw_12404a0b63|lpw_b2dd27e84f|lpw_8af2350cfd,4,4,4,4
541,543,5,1,false,"要让大家明白这道理,",要|让|大家|明白|这|道理,10,6,lpw_975f35218e|lpw_ad37574404|lpw_8e37cd5f7f|lpw_d409ab2ab3,要|让|明白|这,lpw_ad37574404|lpw_d409ab2ab3,lpw_975f35218e|lpw_ad37574404|lpw_d409ab2ab3,lpw_975f35218e|lpw_ad37574404|lpw_d409ab2ab3,4,2,3,3
542,544,5,1,false,我多费点劲也是值得的。,我|多|费|点|劲|也是|值得|的,11,8,lpw_b70bb4acc0|lpw_1940119f05|lpw_08dddeac13|lpw_256c0476ed|lpw_8af2350cfd,我|多|点|也是|的,lpw_b70bb4acc0|lpw_8af2350cfd,lpw_b70bb4acc0|lpw_8af2350cfd,lpw_b70bb4acc0|lpw_8af2350cfd,5,2,2,2
543,545,5,1,false,你们也许会想:,你们|也许会|想,7,3,lpw_8a5d477bda|lpw_df0d251938,你们|想,,lpw_8a5d477bda,lpw_8a5d477bda|lpw_df0d251938,2,0,1,2
544,546,5,1,false,"“在这本书里,",在|这|本|书|里,7,5,lpw_12404a0b63|lpw_d409ab2ab3|lpw_1be968f125|lpw_79f43de6e3,在|这|书|里,lpw_12404a0b63|lpw_d409ab2ab3,lpw_12404a0b63|lpw_d409ab2ab3|lpw_79f43de6e3,lpw_12404a0b63|lpw_d409ab2ab3|lpw_79f43de6e3,4,2,3,3
545,547,5,1,false,别的画为什么都没有这幅来得奔放有力呢?”,别的|画|为什么|都没有|这|幅|来|得|奔放|有力|呢,20,11,lpw_3966c0d55d|lpw_de9f18b00a|lpw_1b919bb478|lpw_d409ab2ab3|lpw_6d8229118c|lpw_71b1ed1114|lpw_02811cec0b,别的|画|为什么|这|来|得|呢,lpw_d409ab2ab3|lpw_6d8229118c|lpw_02811cec0b,lpw_d409ab2ab3|lpw_6d8229118c|lpw_71b1ed1114|lpw_02811cec0b,lpw_d409ab2ab3|lpw_6d8229118c|lpw_71b1ed1114|lpw_02811cec0b,7,3,4,4
546,548,5,1,false,回答很简单:,回答|很简单,6,2,lpw_f3f5126487,回答,,lpw_f3f5126487,lpw_f3f5126487,1,0,1,1
547,549,5,1,false,"我同样努力了,",我|同样|努力|了,7,4,lpw_b70bb4acc0|lpw_b2dd27e84f,我|了,lpw_b70bb4acc0|lpw_b2dd27e84f,lpw_b70bb4acc0|lpw_b2dd27e84f,lpw_b70bb4acc0|lpw_b2dd27e84f,2,2,2,2
548,550,5,1,false,但没能成功。,但|没能|成功,6,3,lpw_1f863793c6,但,,,,1,0,0,0
549,551,5,1,false,"画猴面包树时,",画|猴面包树|时,7,3,lpw_de9f18b00a|lpw_1ec087a5d0|lpw_7d58b6422c,画|猴面包树|时,,,,3,0,0,0
550,552,5,1,false,"我内心非常焦急,",我|内心|非常|焦急,8,4,lpw_b70bb4acc0|lpw_2ccec3b419,我|非常,lpw_b70bb4acc0,lpw_b70bb4acc0,lpw_b70bb4acc0,2,1,1,1
551,553,5,1,false,情绪就受到了感染。,情绪|就|受到|了|感染,9,5,lpw_2f9d9872e5|lpw_b2dd27e84f,就|了,lpw_2f9d9872e5|lpw_b2dd27e84f,lpw_2f9d9872e5|lpw_b2dd27e84f,lpw_2f9d9872e5|lpw_b2dd27e84f,2,2,2,2
552,554,6,1,true,6,,1,0,,,,,,0,0,0,0
553,555,6,1,false,"哦,",哦,2,1,,,,,,0,0,0,0
554,556,6,1,false,小王子!,小王子,4,1,lpw_87f2a033cf,小王子,lpw_87f2a033cf,lpw_87f2a033cf,lpw_87f2a033cf,1,1,1,1
555,557,6,1,false,"就这样,",就|这样,4,2,lpw_2f9d9872e5|lpw_b7fc681861,就|这样,lpw_2f9d9872e5,lpw_2f9d9872e5|lpw_b7fc681861,lpw_2f9d9872e5|lpw_b7fc681861,2,1,2,2
556,558,6,1,false,我一点一点知道了你那段忧郁的生活。,我|一点|一点|知道|了|你|那|段|忧郁|的|生活,17,11,lpw_b70bb4acc0|lpw_148b16e603|lpw_d7b6472b11|lpw_b2dd27e84f|lpw_a0c7716669|lpw_5a2362a202|lpw_8af2350cfd,我|一点|知道|了|你|那|的,lpw_b70bb4acc0|lpw_b2dd27e84f|lpw_a0c7716669|lpw_5a2362a202|lpw_8af2350cfd,lpw_b70bb4acc0|lpw_d7b6472b11|lpw_b2dd27e84f|lpw_a0c7716669|lpw_5a2362a202|lpw_8af2350cfd,lpw_b70bb4acc0|lpw_d7b6472b11|lpw_b2dd27e84f|lpw_a0c7716669|lpw_5a2362a202|lpw_8af2350cfd,7,5,6,6
557,559,6,1,false,"过去很长的时间里,",过去|很|长|的|时间|里,9,6,lpw_f2b91797ea|lpw_597ae23d84|lpw_8af2350cfd|lpw_8b6ff49851|lpw_79f43de6e3,很|长|的|时间|里,lpw_f2b91797ea|lpw_8af2350cfd,lpw_f2b91797ea|lpw_8af2350cfd|lpw_79f43de6e3,lpw_f2b91797ea|lpw_8af2350cfd|lpw_79f43de6e3,5,2,3,3
558,560,6,1,false,你唯一的乐趣就是观赏夕阳沉落的温柔晚景。,你|唯一|的|乐趣|就是|观赏|夕阳|沉落|的|温柔|晚景,20,11,lpw_a0c7716669|lpw_8af2350cfd|lpw_88aa006eb3,你|的|就是,lpw_a0c7716669|lpw_8af2350cfd,lpw_a0c7716669|lpw_8af2350cfd|lpw_88aa006eb3,lpw_a0c7716669|lpw_8af2350cfd|lpw_88aa006eb3,3,2,3,3
559,561,6,1,false,"这个新的细节,",这个|新的|细节,7,3,lpw_979e2bc35b,这个,,lpw_979e2bc35b,lpw_979e2bc35b,1,0,1,1
560,562,6,1,false,我是在第四天早晨知道的。,我是|在|第四|天|早晨|知道|的,12,7,lpw_06ba27715e|lpw_12404a0b63|lpw_49da61ceee|lpw_d7b6472b11|lpw_8af2350cfd,我是|在|天|知道|的,lpw_12404a0b63|lpw_8af2350cfd,lpw_12404a0b63|lpw_d7b6472b11|lpw_8af2350cfd,lpw_12404a0b63|lpw_49da61ceee|lpw_d7b6472b11|lpw_8af2350cfd,5,2,3,4
561,563,6,1,false,当时你对我说:,当时|你|对|我|说,7,5,lpw_a0c7716669|lpw_74570c7270|lpw_b70bb4acc0|lpw_ccca744613,你|对|我|说,lpw_a0c7716669|lpw_74570c7270|lpw_b70bb4acc0|lpw_ccca744613,lpw_a0c7716669|lpw_74570c7270|lpw_b70bb4acc0|lpw_ccca744613,lpw_a0c7716669|lpw_74570c7270|lpw_b70bb4acc0|lpw_ccca744613,4,4,4,4
562,564,6,1,false,“我喜欢看日落。,我|喜欢|看|日|落,8,5,lpw_b70bb4acc0|lpw_653b04330b|lpw_61f43315f9|lpw_85217f7aff|lpw_e9ce9aefa3,我|喜欢|看|日|落,lpw_b70bb4acc0,lpw_b70bb4acc0,lpw_b70bb4acc0|lpw_61f43315f9,5,1,1,2
563,565,6,1,false,我们去看一回日落吧......”,我们|去|看|一回|日|落|吧,16,7,lpw_bcacb40df8|lpw_99ae21ea6c|lpw_61f43315f9|lpw_85217f7aff|lpw_e9ce9aefa3|lpw_bad8b6c7ae,我们|去|看|日|落|吧,,lpw_99ae21ea6c,lpw_99ae21ea6c|lpw_61f43315f9|lpw_bad8b6c7ae,6,0,1,3
564,566,6,1,false,“可是得等......”,可是|得|等,12,3,lpw_38ca4a9c76|lpw_71b1ed1114,可是|得,,lpw_38ca4a9c76|lpw_71b1ed1114,lpw_38ca4a9c76|lpw_71b1ed1114,2,0,2,2
565,567,6,1,false,“等什么?”,等|什么,6,2,lpw_c1b52e0e64,什么,lpw_c1b52e0e64,lpw_c1b52e0e64,lpw_c1b52e0e64,1,1,1,1
566,568,6,1,false,“等太阳下山呀。”,等|太阳|下山|呀,9,4,lpw_03fe6b38e7,呀,,,lpw_03fe6b38e7,1,0,0,1
567,569,6,1,false,"开始,",开始,3,1,,,,,,0,0,0,0
568,570,6,1,false,"你显得很惊奇,",你|显得|很|惊奇,7,4,lpw_a0c7716669|lpw_f2b91797ea,你|很,lpw_a0c7716669|lpw_f2b91797ea,lpw_a0c7716669|lpw_f2b91797ea,lpw_a0c7716669|lpw_f2b91797ea,2,2,2,2
569,571,6,1,false,随后你自己笑了起来。,随后|你|自己|笑了起来,10,4,lpw_a0c7716669|lpw_fb43354d2a,你|自己,lpw_a0c7716669,lpw_a0c7716669|lpw_fb43354d2a,lpw_a0c7716669|lpw_fb43354d2a,2,1,2,2
570,572,6,1,false,你对我说:,你|对|我|说,5,4,lpw_a0c7716669|lpw_74570c7270|lpw_b70bb4acc0|lpw_ccca744613,你|对|我|说,lpw_a0c7716669|lpw_74570c7270|lpw_b70bb4acc0|lpw_ccca744613,lpw_a0c7716669|lpw_74570c7270|lpw_b70bb4acc0|lpw_ccca744613,lpw_a0c7716669|lpw_74570c7270|lpw_b70bb4acc0|lpw_ccca744613,4,4,4,4
571,573,6,1,false,“我还以为在家乡呢!”,我还|以为|在|家乡|呢,11,5,lpw_12404a0b63|lpw_02811cec0b,在|呢,lpw_12404a0b63|lpw_02811cec0b,lpw_12404a0b63|lpw_02811cec0b,lpw_12404a0b63|lpw_02811cec0b,2,2,2,2
572,574,6,1,false,可不。,可不,3,1,,,,,,0,0,0,0
573,575,6,1,false,"大家都知道,",大家|都|知道,6,3,lpw_7eabb36ba1|lpw_d7b6472b11,都|知道,,lpw_7eabb36ba1|lpw_d7b6472b11,lpw_7eabb36ba1|lpw_d7b6472b11,2,0,2,2
574,576,6,1,false,"美国的中午,",美国|的|中午,6,3,lpw_8af2350cfd,的,lpw_8af2350cfd,lpw_8af2350cfd,lpw_8af2350cfd,1,1,1,1
575,577,6,1,false,在法国正是黄昏。,在|法国|正是|黄昏,8,4,lpw_12404a0b63,在,lpw_12404a0b63,lpw_12404a0b63,lpw_12404a0b63,1,1,1,1
576,578,6,1,false,"要是能在一分钟内赶到法国,",要是|能|在|一|分钟|内|赶|到|法国,13,9,lpw_467b2562ed|lpw_413c06bcef|lpw_12404a0b63|lpw_51a75f4634|lpw_bd957bc497|lpw_b56f36b529,要是|能|在|一|分钟|到,lpw_12404a0b63,lpw_12404a0b63|lpw_51a75f4634,lpw_467b2562ed|lpw_12404a0b63|lpw_51a75f4634,6,1,2,3
577,579,6,1,false,就可以看到日落。,就|可以|看到|日|落,8,5,lpw_2f9d9872e5|lpw_0ef5c86fab|lpw_e9c1d16595|lpw_85217f7aff|lpw_e9ce9aefa3,就|可以|看到|日|落,lpw_2f9d9872e5,lpw_2f9d9872e5,lpw_2f9d9872e5|lpw_0ef5c86fab,5,1,1,2
578,580,6,1,false,可惜法国实在太远了。,可惜|法国|实在|太|远|了,10,6,lpw_e7ace7adf2|lpw_057c8f7842|lpw_b2dd27e84f,太|远|了,lpw_b2dd27e84f,lpw_b2dd27e84f,lpw_e7ace7adf2|lpw_b2dd27e84f,3,1,1,2
579,581,6,1,false,"而在你那小小的星球上,",而|在|你|那|小小的|星球|上,11,7,lpw_08e2725ce1|lpw_12404a0b63|lpw_a0c7716669|lpw_5a2362a202|lpw_62f2d6c1a1|lpw_db5ba671d2,而|在|你|那|星球|上,lpw_12404a0b63|lpw_a0c7716669|lpw_5a2362a202|lpw_62f2d6c1a1|lpw_db5ba671d2,lpw_12404a0b63|lpw_a0c7716669|lpw_5a2362a202|lpw_62f2d6c1a1|lpw_db5ba671d2,lpw_08e2725ce1|lpw_12404a0b63|lpw_a0c7716669|lpw_5a2362a202|lpw_62f2d6c1a1|lpw_db5ba671d2,6,5,5,6
580,582,6,1,false,你只要把椅子挪动几步就行了。,你|只要|把|椅子|挪动|几|步|就|行|了,14,10,lpw_a0c7716669|lpw_2442748e41|lpw_2f9d9872e5|lpw_b2dd27e84f,你|把|就|了,lpw_a0c7716669|lpw_2f9d9872e5|lpw_b2dd27e84f,lpw_a0c7716669|lpw_2442748e41|lpw_2f9d9872e5|lpw_b2dd27e84f,lpw_a0c7716669|lpw_2442748e41|lpw_2f9d9872e5|lpw_b2dd27e84f,4,3,4,4
581,583,6,1,false,"那样,",那样,3,1,,,,,,0,0,0,0
582,584,6,1,false,你就随时可以看到你想看的夕阳余晖......,你|就|随时|可以|看到|你想|看|的|夕阳余晖,22,9,lpw_a0c7716669|lpw_2f9d9872e5|lpw_0ef5c86fab|lpw_e9c1d16595|lpw_61f43315f9|lpw_8af2350cfd,你|就|可以|看到|看|的,lpw_a0c7716669|lpw_2f9d9872e5|lpw_8af2350cfd,lpw_a0c7716669|lpw_2f9d9872e5|lpw_8af2350cfd,lpw_a0c7716669|lpw_2f9d9872e5|lpw_0ef5c86fab|lpw_61f43315f9|lpw_8af2350cfd,6,3,3,5
583,585,6,1,false,"“有一天,",有|一天,5,2,lpw_90ce0f66f0|lpw_5448481f38,有|一天,lpw_90ce0f66f0,lpw_90ce0f66f0,lpw_90ce0f66f0,2,1,1,1
584,586,6,1,false,我看了四十三次日落!”,我|看了|四十|三次|日|落,11,6,lpw_b70bb4acc0|lpw_85217f7aff|lpw_e9ce9aefa3,我|日|落,lpw_b70bb4acc0,lpw_b70bb4acc0,lpw_b70bb4acc0,3,1,1,1
585,587,6,1,false,"过了一会儿,",过|了一|会|儿,6,4,lpw_f777893480|lpw_5ba1e3c0eb|lpw_1ed5efc3dc,过|会|儿,lpw_5ba1e3c0eb,lpw_f777893480|lpw_5ba1e3c0eb,lpw_f777893480|lpw_5ba1e3c0eb,3,1,2,2
586,588,6,1,false,你又说:,你|又|说,4,3,lpw_a0c7716669|lpw_e71ce5deab|lpw_ccca744613,你|又|说,lpw_a0c7716669|lpw_e71ce5deab|lpw_ccca744613,lpw_a0c7716669|lpw_e71ce5deab|lpw_ccca744613,lpw_a0c7716669|lpw_e71ce5deab|lpw_ccca744613,3,3,3,3
587,589,6,1,false,“你知道......,你|知道,10,2,lpw_a0c7716669|lpw_d7b6472b11,你|知道,lpw_a0c7716669,lpw_a0c7716669|lpw_d7b6472b11,lpw_a0c7716669|lpw_d7b6472b11,2,1,2,2
588,590,6,1,false,"一个人感到非常忧伤的时候,",一个|人|感到|非常|忧伤|的|时候,13,7,lpw_e1dbc1c99f|lpw_50f5d65d57|lpw_15c2457566|lpw_2ccec3b419|lpw_8af2350cfd|lpw_5484678be4,一个|人|感到|非常|的|时候,lpw_e1dbc1c99f|lpw_50f5d65d57|lpw_8af2350cfd,lpw_e1dbc1c99f|lpw_50f5d65d57|lpw_8af2350cfd,lpw_e1dbc1c99f|lpw_50f5d65d57|lpw_15c2457566|lpw_8af2350cfd,6,3,3,4
589,591,6,1,false,他就喜欢看日落......”,他|就|喜欢|看|日|落,14,6,lpw_8b7b91e000|lpw_2f9d9872e5|lpw_653b04330b|lpw_61f43315f9|lpw_85217f7aff|lpw_e9ce9aefa3,他|就|喜欢|看|日|落,lpw_8b7b91e000|lpw_2f9d9872e5,lpw_8b7b91e000|lpw_2f9d9872e5,lpw_8b7b91e000|lpw_2f9d9872e5|lpw_61f43315f9,6,2,2,3
590,592,6,1,false,"“这么说,",这么|说,5,2,lpw_7677ca84c6|lpw_ccca744613,这么|说,lpw_ccca744613,lpw_ccca744613,lpw_7677ca84c6|lpw_ccca744613,2,1,1,2
591,593,6,1,false,"看四十三次的那天,",看|四十|三次|的|那天,9,5,lpw_61f43315f9|lpw_8af2350cfd,看|的,lpw_8af2350cfd,lpw_8af2350cfd,lpw_61f43315f9|lpw_8af2350cfd,2,1,1,2
592,594,6,1,false,你感到非常忧伤啰?”,你|感到|非常|忧伤|啰,10,5,lpw_a0c7716669|lpw_15c2457566|lpw_2ccec3b419,你|感到|非常,lpw_a0c7716669,lpw_a0c7716669,lpw_a0c7716669|lpw_15c2457566,3,1,1,2
593,595,6,1,false,但是小王子没有回答。,但是|小王子|没有|回答,10,4,lpw_8cb1f721c8|lpw_87f2a033cf|lpw_f127804b92|lpw_f3f5126487,但是|小王子|没有|回答,lpw_87f2a033cf,lpw_87f2a033cf|lpw_f127804b92|lpw_f3f5126487,lpw_87f2a033cf|lpw_f127804b92|lpw_f3f5126487,4,1,3,3
594,596,7,1,true,7,,1,0,,,,,,0,0,0,0
595,597,7,1,false,"第五天,",第五|天,4,2,lpw_49da61ceee,天,,,lpw_49da61ceee,1,0,0,1
596,598,7,1,false,"还是羊的事情,",还是|羊|的|事情,7,4,lpw_dfaa7d6f73|lpw_8af2350cfd|lpw_e66d9fac19,还是|的|事情,lpw_8af2350cfd,lpw_8af2350cfd,lpw_8af2350cfd,3,1,1,1
597,599,7,1,false,把小王子生活的秘密向我揭开了。,把|小王子|生活|的|秘密|向|我|揭开|了,15,9,lpw_2442748e41|lpw_87f2a033cf|lpw_8af2350cfd|lpw_a2f77db0e9|lpw_b70bb4acc0|lpw_b2dd27e84f,把|小王子|的|向|我|了,lpw_87f2a033cf|lpw_8af2350cfd|lpw_b70bb4acc0|lpw_b2dd27e84f,lpw_2442748e41|lpw_87f2a033cf|lpw_8af2350cfd|lpw_b70bb4acc0|lpw_b2dd27e84f,lpw_2442748e41|lpw_87f2a033cf|lpw_8af2350cfd|lpw_b70bb4acc0|lpw_b2dd27e84f,6,4,5,5
598,600,7,1,false,"他好像有个问题默默地思索了很久,",他|好像|有|个|问题|默默|地|思索|了|很久,16,10,lpw_8b7b91e000|lpw_90ce0f66f0|lpw_3a116815bc|lpw_33a8618cb6|lpw_bdbd41e490|lpw_b2dd27e84f,他|有|个|问题|地|了,lpw_8b7b91e000|lpw_90ce0f66f0|lpw_bdbd41e490|lpw_b2dd27e84f,lpw_8b7b91e000|lpw_90ce0f66f0|lpw_3a116815bc|lpw_bdbd41e490|lpw_b2dd27e84f,lpw_8b7b91e000|lpw_90ce0f66f0|lpw_3a116815bc|lpw_bdbd41e490|lpw_b2dd27e84f,6,4,5,5
599,601,7,1,false,"终于得出了结论,",终于|得出|了|结论,8,4,lpw_b2dd27e84f,了,lpw_b2dd27e84f,lpw_b2dd27e84f,lpw_b2dd27e84f,1,1,1,1
600,602,7,1,false,突然没头没脑地问我:,突然|没头|没|脑|地|问|我,10,7,lpw_279e8b3573|lpw_bdbd41e490|lpw_4628c0e06f|lpw_b70bb4acc0,没|地|问|我,lpw_bdbd41e490|lpw_b70bb4acc0,lpw_279e8b3573|lpw_bdbd41e490|lpw_4628c0e06f|lpw_b70bb4acc0,lpw_279e8b3573|lpw_bdbd41e490|lpw_4628c0e06f|lpw_b70bb4acc0,4,2,4,4
601,603,7,1,false,"“绵羊既然吃灌木,",绵羊|既然|吃|灌木,9,4,lpw_238b95ae07|lpw_c814805bc6,绵羊|吃,,,,2,0,0,0
602,604,7,1,false,那它也吃花儿啰?”,那|它|也|吃|花儿|啰,9,6,lpw_5a2362a202|lpw_7e9260e925|lpw_658605835b|lpw_c814805bc6|lpw_059ab0f707,那|它|也|吃|花儿,lpw_5a2362a202|lpw_7e9260e925|lpw_059ab0f707,lpw_5a2362a202|lpw_7e9260e925|lpw_658605835b|lpw_059ab0f707,lpw_5a2362a202|lpw_7e9260e925|lpw_658605835b|lpw_059ab0f707,5,3,4,4
603,605,7,1,false,“它碰到什么吃什么。”,它|碰到|什么|吃|什么,11,5,lpw_7e9260e925|lpw_c1b52e0e64|lpw_c814805bc6,它|什么|吃,lpw_7e9260e925|lpw_c1b52e0e64,lpw_7e9260e925|lpw_c1b52e0e64,lpw_7e9260e925|lpw_c1b52e0e64,3,2,2,2
604,606,7,1,false,“连有刺的花儿也吃?”,连|有刺|的|花儿|也|吃,11,6,lpw_8af2350cfd|lpw_059ab0f707|lpw_658605835b|lpw_c814805bc6,的|花儿|也|吃,lpw_8af2350cfd|lpw_059ab0f707,lpw_8af2350cfd|lpw_059ab0f707|lpw_658605835b,lpw_8af2350cfd|lpw_059ab0f707|lpw_658605835b,4,2,3,3
605,607,7,1,false,“对。有刺的也吃。”,对|有刺|的|也|吃,10,5,lpw_74570c7270|lpw_8af2350cfd|lpw_658605835b|lpw_c814805bc6,对|的|也|吃,lpw_74570c7270|lpw_8af2350cfd,lpw_74570c7270|lpw_8af2350cfd|lpw_658605835b,lpw_74570c7270|lpw_8af2350cfd|lpw_658605835b,4,2,3,3
606,608,7,1,false,"“那么,",那么,4,1,lpw_a61f02e145,那么,,,lpw_a61f02e145,1,0,0,1
607,609,7,1,false,刺有什么用呢?”,刺|有|什么|用|呢,8,5,lpw_b2ddecd32a|lpw_90ce0f66f0|lpw_c1b52e0e64|lpw_04e45efb3b|lpw_02811cec0b,刺|有|什么|用|呢,lpw_90ce0f66f0|lpw_c1b52e0e64|lpw_02811cec0b,lpw_90ce0f66f0|lpw_c1b52e0e64|lpw_02811cec0b,lpw_90ce0f66f0|lpw_c1b52e0e64|lpw_04e45efb3b|lpw_02811cec0b,5,3,3,4
608,610,7,1,false,我不知道该怎么回答。,我不|知道|该|怎么|回答,10,5,lpw_3e63e3d08e|lpw_d7b6472b11|lpw_5ee8091a38|lpw_f3f5126487,我不|知道|怎么|回答,,lpw_d7b6472b11|lpw_f3f5126487,lpw_d7b6472b11|lpw_f3f5126487,4,0,2,2
609,611,7,1,false,当时我正忙着要从发动机,当时|我|正忙着|要|从|发动|机,11,7,lpw_b70bb4acc0|lpw_975f35218e|lpw_2719a8ea30,我|要|从,lpw_b70bb4acc0,lpw_b70bb4acc0|lpw_975f35218e,lpw_b70bb4acc0|lpw_975f35218e|lpw_2719a8ea30,3,1,2,3
610,612,7,1,false,上卸下一颗拧得太紧的螺钉。,上|卸下|一颗|拧|得|太紧|的|螺|钉,13,9,lpw_db5ba671d2|lpw_9a18d5dc38|lpw_71b1ed1114|lpw_8af2350cfd,上|一颗|得|的,lpw_db5ba671d2|lpw_8af2350cfd,lpw_db5ba671d2|lpw_71b1ed1114|lpw_8af2350cfd,lpw_db5ba671d2|lpw_71b1ed1114|lpw_8af2350cfd,4,2,3,3
611,613,7,1,false,"我发现故障似乎很严重,",我|发现|故障|似乎|很|严重,11,6,lpw_b70bb4acc0|lpw_10493d06b9|lpw_f2b91797ea,我|发现|很,lpw_b70bb4acc0|lpw_f2b91797ea,lpw_b70bb4acc0|lpw_f2b91797ea,lpw_b70bb4acc0|lpw_f2b91797ea,3,2,2,2
612,614,7,1,false,饮用水也快完了。,饮用|水|也|快|完了,8,5,lpw_327b54d04f|lpw_658605835b,水|也,,lpw_658605835b,lpw_658605835b,2,0,1,1
613,615,7,1,false,"我担心会发生最坏的情况,",我|担心|会|发生|最|坏|的|情况,12,8,lpw_b70bb4acc0|lpw_5ba1e3c0eb|lpw_8af2350cfd,我|会|的,lpw_b70bb4acc0|lpw_5ba1e3c0eb|lpw_8af2350cfd,lpw_b70bb4acc0|lpw_5ba1e3c0eb|lpw_8af2350cfd,lpw_b70bb4acc0|lpw_5ba1e3c0eb|lpw_8af2350cfd,3,3,3,3
614,616,7,1,false,心里很着急。,心里|很|着急,6,3,lpw_f2b91797ea,很,lpw_f2b91797ea,lpw_f2b91797ea,lpw_f2b91797ea,1,1,1,1
615,617,7,1,false,"“那么,",那么,4,1,lpw_a61f02e145,那么,,,lpw_a61f02e145,1,0,0,1
616,618,7,1,false,刺有什么用呢?”,刺|有|什么|用|呢,8,5,lpw_b2ddecd32a|lpw_90ce0f66f0|lpw_c1b52e0e64|lpw_04e45efb3b|lpw_02811cec0b,刺|有|什么|用|呢,lpw_90ce0f66f0|lpw_c1b52e0e64|lpw_02811cec0b,lpw_90ce0f66f0|lpw_c1b52e0e64|lpw_02811cec0b,lpw_90ce0f66f0|lpw_c1b52e0e64|lpw_04e45efb3b|lpw_02811cec0b,5,3,3,4
617,619,7,1,false,"小王子只要提了一个问题,",小王子|只要|提了|一个|问题,12,5,lpw_87f2a033cf|lpw_e1dbc1c99f|lpw_33a8618cb6,小王子|一个|问题,lpw_87f2a033cf|lpw_e1dbc1c99f,lpw_87f2a033cf|lpw_e1dbc1c99f,lpw_87f2a033cf|lpw_e1dbc1c99f,3,2,2,2
618,620,7,1,false,就不依不饶地要得到答案。,就不|依|不|饶|地|要|得到|答案,12,8,lpw_b02dfe2160|lpw_bdbd41e490|lpw_975f35218e,不|地|要,lpw_bdbd41e490,lpw_b02dfe2160|lpw_bdbd41e490|lpw_975f35218e,lpw_b02dfe2160|lpw_bdbd41e490|lpw_975f35218e,3,1,3,3
619,621,7,1,false,"而那个螺钉正弄得我很恼火,",而|那个|螺|钉|正|弄得|我|很|恼火,13,9,lpw_08e2725ce1|lpw_fa6e73c549|lpw_d657ee1d4a|lpw_b70bb4acc0|lpw_f2b91797ea,而|那个|正|我|很,lpw_b70bb4acc0|lpw_f2b91797ea,lpw_b70bb4acc0|lpw_f2b91797ea,lpw_08e2725ce1|lpw_b70bb4acc0|lpw_f2b91797ea,5,2,2,3
620,622,7,1,false,我就随口回答了一句:,我|就|随|口|回答|了|一句,10,7,lpw_b70bb4acc0|lpw_2f9d9872e5|lpw_f3f5126487|lpw_b2dd27e84f,我|就|回答|了,lpw_b70bb4acc0|lpw_2f9d9872e5|lpw_b2dd27e84f,lpw_b70bb4acc0|lpw_2f9d9872e5|lpw_f3f5126487|lpw_b2dd27e84f,lpw_b70bb4acc0|lpw_2f9d9872e5|lpw_f3f5126487|lpw_b2dd27e84f,4,3,4,4
621,623,7,1,false,"“刺呀,",刺|呀,4,2,lpw_b2ddecd32a|lpw_03fe6b38e7,刺|呀,,,lpw_03fe6b38e7,2,0,0,1
622,624,7,1,false,"什么用都没有,",什么|用|都没有,7,3,lpw_c1b52e0e64|lpw_04e45efb3b,什么|用,lpw_c1b52e0e64,lpw_c1b52e0e64,lpw_c1b52e0e64|lpw_04e45efb3b,2,1,1,2
623,625,7,1,false,纯粹是花儿想使坏呗。”,纯粹|是|花儿|想|使|坏|呗,11,7,lpw_b5141d3d19|lpw_059ab0f707|lpw_df0d251938|lpw_22c95798a9,是|花儿|想|使,lpw_b5141d3d19|lpw_059ab0f707,lpw_b5141d3d19|lpw_059ab0f707,lpw_b5141d3d19|lpw_059ab0f707|lpw_df0d251938,4,2,2,3
624,626,7,1,false,“喔!”,喔,4,1,,,,,,0,0,0,0
625,627,7,1,false,"但他沉默了一会儿以后,",但|他|沉默|了一|会|儿|以后,11,7,lpw_1f863793c6|lpw_8b7b91e000|lpw_5ba1e3c0eb|lpw_1ed5efc3dc|lpw_e6ad7a1dbc,但|他|会|儿|以后,lpw_8b7b91e000|lpw_5ba1e3c0eb,lpw_8b7b91e000|lpw_5ba1e3c0eb,lpw_8b7b91e000|lpw_5ba1e3c0eb,5,2,2,2
626,628,7,1,false,忿忿然地冲着我说:,忿忿然|地|冲着|我|说,9,5,lpw_bdbd41e490|lpw_b70bb4acc0|lpw_ccca744613,地|我|说,lpw_bdbd41e490|lpw_b70bb4acc0|lpw_ccca744613,lpw_bdbd41e490|lpw_b70bb4acc0|lpw_ccca744613,lpw_bdbd41e490|lpw_b70bb4acc0|lpw_ccca744613,3,3,3,3
627,629,7,1,false,“我不信你的话!,我|不信|你|的话,8,4,lpw_b70bb4acc0|lpw_a0c7716669|lpw_9b952dd4e3,我|你|的话,lpw_b70bb4acc0|lpw_a0c7716669,lpw_b70bb4acc0|lpw_a0c7716669,lpw_b70bb4acc0|lpw_a0c7716669,3,2,2,2
628,630,7,1,false,"花儿是纤弱的,",花儿|是|纤弱|的,7,4,lpw_059ab0f707|lpw_b5141d3d19|lpw_8af2350cfd,花儿|是|的,lpw_059ab0f707|lpw_b5141d3d19|lpw_8af2350cfd,lpw_059ab0f707|lpw_b5141d3d19|lpw_8af2350cfd,lpw_059ab0f707|lpw_b5141d3d19|lpw_8af2350cfd,3,3,3,3
629,631,7,1,false,天真的。,天真|的,4,2,lpw_8af2350cfd,的,lpw_8af2350cfd,lpw_8af2350cfd,lpw_8af2350cfd,1,1,1,1
630,632,7,1,false,它们想尽量保护自己。,它们|想|尽量|保护|自己,10,5,lpw_c40b3d2880|lpw_df0d251938|lpw_fb43354d2a,它们|想|自己,,lpw_c40b3d2880|lpw_fb43354d2a,lpw_c40b3d2880|lpw_df0d251938|lpw_fb43354d2a,3,0,2,3
631,633,7,1,false,它们以为有了刺就会显得很厉害......”,它们|以为|有了|刺|就|会|显得|很|厉害,21,9,lpw_c40b3d2880|lpw_b2ddecd32a|lpw_2f9d9872e5|lpw_5ba1e3c0eb|lpw_f2b91797ea,它们|刺|就|会|很,lpw_2f9d9872e5|lpw_5ba1e3c0eb|lpw_f2b91797ea,lpw_c40b3d2880|lpw_2f9d9872e5|lpw_5ba1e3c0eb|lpw_f2b91797ea,lpw_c40b3d2880|lpw_2f9d9872e5|lpw_5ba1e3c0eb|lpw_f2b91797ea,5,3,4,4
632,634,7,1,false,我没作声。,我没|作|声,5,3,lpw_6af7322be2|lpw_7ff9df9923|lpw_693e132f27,我没|作|声,,,lpw_693e132f27,3,0,0,1
633,635,7,1,false,我当时想:,我|当时|想,5,3,lpw_b70bb4acc0|lpw_df0d251938,我|想,lpw_b70bb4acc0,lpw_b70bb4acc0,lpw_b70bb4acc0|lpw_df0d251938,2,1,1,2
634,636,7,1,false,"“要是这颗螺钉再不松开,",要是|这|颗|螺|钉|再不|松开,12,7,lpw_467b2562ed|lpw_d409ab2ab3|lpw_09901d3de2,要是|这|颗,lpw_d409ab2ab3,lpw_d409ab2ab3,lpw_467b2562ed|lpw_d409ab2ab3,3,1,1,2
635,637,7,1,false,我就一锤子敲掉它。”,我|就|一|锤子|敲掉|它,10,6,lpw_b70bb4acc0|lpw_2f9d9872e5|lpw_51a75f4634|lpw_7e9260e925,我|就|一|它,lpw_b70bb4acc0|lpw_2f9d9872e5|lpw_7e9260e925,lpw_b70bb4acc0|lpw_2f9d9872e5|lpw_51a75f4634|lpw_7e9260e925,lpw_b70bb4acc0|lpw_2f9d9872e5|lpw_51a75f4634|lpw_7e9260e925,4,3,4,4
636,638,7,1,false,小王子又打断了我的思路:,小王子|又|打|断|了|我|的|思路,12,8,lpw_87f2a033cf|lpw_e71ce5deab|lpw_b2dd27e84f|lpw_b70bb4acc0|lpw_8af2350cfd,小王子|又|了|我|的,lpw_87f2a033cf|lpw_e71ce5deab|lpw_b2dd27e84f|lpw_b70bb4acc0|lpw_8af2350cfd,lpw_87f2a033cf|lpw_e71ce5deab|lpw_b2dd27e84f|lpw_b70bb4acc0|lpw_8af2350cfd,lpw_87f2a033cf|lpw_e71ce5deab|lpw_b2dd27e84f|lpw_b70bb4acc0|lpw_8af2350cfd,5,5,5,5
637,639,7,1,false,"“可你,",可|你,4,2,lpw_8b9cefa38e|lpw_a0c7716669,可|你,lpw_a0c7716669,lpw_8b9cefa38e|lpw_a0c7716669,lpw_8b9cefa38e|lpw_a0c7716669,2,1,2,2
638,640,7,1,false,你却认为花儿......”,你|却|认为|花儿,13,4,lpw_a0c7716669|lpw_da153c5b45|lpw_059ab0f707,你|却|花儿,lpw_a0c7716669|lpw_059ab0f707,lpw_a0c7716669|lpw_059ab0f707,lpw_a0c7716669|lpw_059ab0f707,3,2,2,2
639,641,7,1,false,“行了!行了!,行|了|行|了,7,4,lpw_b2dd27e84f,了,lpw_b2dd27e84f,lpw_b2dd27e84f,lpw_b2dd27e84f,1,1,1,1
640,642,7,1,false,我什么也不认为!,我|什么|也不|认为,8,4,lpw_b70bb4acc0|lpw_c1b52e0e64|lpw_941252022a,我|什么|也不,lpw_b70bb4acc0|lpw_c1b52e0e64,lpw_b70bb4acc0|lpw_c1b52e0e64,lpw_b70bb4acc0|lpw_c1b52e0e64,3,2,2,2
641,643,7,1,false,我只是随口说说。,我|只是|随口说说,8,3,lpw_b70bb4acc0,我,lpw_b70bb4acc0,lpw_b70bb4acc0,lpw_b70bb4acc0,1,1,1,1
642,644,7,1,false,我正忙着干正事呢!”,我|正忙着|干|正|事|呢,10,6,lpw_b70bb4acc0|lpw_9ee0280bc4|lpw_d657ee1d4a|lpw_1d9ed56951|lpw_02811cec0b,我|干|正|事|呢,lpw_b70bb4acc0|lpw_02811cec0b,lpw_b70bb4acc0|lpw_1d9ed56951|lpw_02811cec0b,lpw_b70bb4acc0|lpw_1d9ed56951|lpw_02811cec0b,5,2,3,3
643,645,7,1,false,他惊愕地望着我。,他|惊愕|地|望|着|我,8,6,lpw_8b7b91e000|lpw_bdbd41e490|lpw_260bd80462|lpw_9e5bf0d2d9|lpw_b70bb4acc0,他|地|望|着|我,lpw_8b7b91e000|lpw_bdbd41e490|lpw_9e5bf0d2d9|lpw_b70bb4acc0,lpw_8b7b91e000|lpw_bdbd41e490|lpw_9e5bf0d2d9|lpw_b70bb4acc0,lpw_8b7b91e000|lpw_bdbd41e490|lpw_9e5bf0d2d9|lpw_b70bb4acc0,5,4,4,4
644,646,7,1,false,“正事!”,正|事,5,2,lpw_d657ee1d4a|lpw_1d9ed56951,正|事,,lpw_1d9ed56951,lpw_1d9ed56951,2,0,1,1
645,647,7,1,false,"他看我握着锤子,",他|看|我|握|着|锤子,8,6,lpw_8b7b91e000|lpw_61f43315f9|lpw_b70bb4acc0|lpw_9e5bf0d2d9,他|看|我|着,lpw_8b7b91e000|lpw_b70bb4acc0|lpw_9e5bf0d2d9,lpw_8b7b91e000|lpw_b70bb4acc0|lpw_9e5bf0d2d9,lpw_8b7b91e000|lpw_61f43315f9|lpw_b70bb4acc0|lpw_9e5bf0d2d9,4,3,3,4
646,648,7,1,false,"手指沾满油污,",手指|沾|满|油污,7,4,lpw_abc511ca95,满,,,,1,0,0,0
647,649,7,1,false,俯身对着一个他觉得非常丑陋的物件。,俯身|对|着|一个|他|觉得|非常|丑陋|的|物件,17,10,lpw_74570c7270|lpw_9e5bf0d2d9|lpw_e1dbc1c99f|lpw_8b7b91e000|lpw_78c82d9f41|lpw_2ccec3b419|lpw_8af2350cfd,对|着|一个|他|觉得|非常|的,lpw_74570c7270|lpw_9e5bf0d2d9|lpw_e1dbc1c99f|lpw_8b7b91e000|lpw_8af2350cfd,lpw_74570c7270|lpw_9e5bf0d2d9|lpw_e1dbc1c99f|lpw_8b7b91e000|lpw_8af2350cfd,lpw_74570c7270|lpw_9e5bf0d2d9|lpw_e1dbc1c99f|lpw_8b7b91e000|lpw_78c82d9f41|lpw_8af2350cfd,7,5,5,6
648,650,7,1,false,“你说话就像那些大人!”,你|说话|就像|那些|大人,12,5,lpw_a0c7716669|lpw_3a1a30dbb2|lpw_abd258db99|lpw_44dd6014a5,你|就像|那些|大人,lpw_a0c7716669,lpw_a0c7716669,lpw_a0c7716669|lpw_abd258db99|lpw_44dd6014a5,4,1,1,3
649,651,7,1,false,这话使我有些难堪。,这|话|使|我|有些|难堪,9,6,lpw_d409ab2ab3|lpw_036f781126|lpw_22c95798a9|lpw_b70bb4acc0,这|话|使|我,lpw_d409ab2ab3|lpw_b70bb4acc0,lpw_d409ab2ab3|lpw_b70bb4acc0,lpw_d409ab2ab3|lpw_b70bb4acc0,4,2,2,2
650,652,7,1,false,而他毫不留情地接着说:,而|他|毫不留情|地|接着|说,11,6,lpw_08e2725ce1|lpw_8b7b91e000|lpw_bdbd41e490|lpw_58ed4c69fb|lpw_ccca744613,而|他|地|接着|说,lpw_8b7b91e000|lpw_bdbd41e490|lpw_ccca744613,lpw_8b7b91e000|lpw_bdbd41e490|lpw_ccca744613,lpw_08e2725ce1|lpw_8b7b91e000|lpw_bdbd41e490|lpw_ccca744613,5,3,3,4
651,653,7,1,false,“你什么都分不清......,你|什么|都|分不清,14,4,lpw_a0c7716669|lpw_c1b52e0e64|lpw_7eabb36ba1,你|什么|都,lpw_a0c7716669|lpw_c1b52e0e64,lpw_a0c7716669|lpw_c1b52e0e64|lpw_7eabb36ba1,lpw_a0c7716669|lpw_c1b52e0e64|lpw_7eabb36ba1,3,2,3,3
652,654,7,1,false,你把什么都搅在一起!”,你|把|什么|都|搅|在一起,11,6,lpw_a0c7716669|lpw_2442748e41|lpw_c1b52e0e64|lpw_7eabb36ba1,你|把|什么|都,lpw_a0c7716669|lpw_c1b52e0e64,lpw_a0c7716669|lpw_2442748e41|lpw_c1b52e0e64|lpw_7eabb36ba1,lpw_a0c7716669|lpw_2442748e41|lpw_c1b52e0e64|lpw_7eabb36ba1,4,2,4,4
653,655,7,1,false,"他真的气极了,",他|真的|气|极了,7,4,lpw_8b7b91e000,他,lpw_8b7b91e000,lpw_8b7b91e000,lpw_8b7b91e000,1,1,1,1
654,656,7,1,false,一头金发在风中摇曳:,一头|金发|在|风中|摇曳,10,5,lpw_12404a0b63,在,lpw_12404a0b63,lpw_12404a0b63,lpw_12404a0b63,1,1,1,1
655,657,7,1,false,"“我到过一个星球,",我到|过|一个|星球,9,4,lpw_f777893480|lpw_e1dbc1c99f|lpw_62f2d6c1a1,过|一个|星球,lpw_e1dbc1c99f|lpw_62f2d6c1a1,lpw_f777893480|lpw_e1dbc1c99f|lpw_62f2d6c1a1,lpw_f777893480|lpw_e1dbc1c99f|lpw_62f2d6c1a1,3,2,3,3
656,658,7,1,false,上面住着一个红脸先生。,上面|住|着|一个|红脸|先生,11,6,lpw_cbba0a98ab|lpw_9e5bf0d2d9|lpw_e1dbc1c99f,住|着|一个,lpw_9e5bf0d2d9|lpw_e1dbc1c99f,lpw_9e5bf0d2d9|lpw_e1dbc1c99f,lpw_9e5bf0d2d9|lpw_e1dbc1c99f,3,2,2,2
657,659,7,1,false,他从没闻过花香。,他|从|没|闻过|花香,8,5,lpw_8b7b91e000|lpw_2719a8ea30|lpw_279e8b3573,他|从|没,lpw_8b7b91e000,lpw_8b7b91e000|lpw_279e8b3573,lpw_8b7b91e000|lpw_2719a8ea30|lpw_279e8b3573,3,1,2,3
658,660,7,1,false,他从没望过星星。,他|从|没|望|过|星星,8,6,lpw_8b7b91e000|lpw_2719a8ea30|lpw_279e8b3573|lpw_260bd80462|lpw_f777893480|lpw_6a9fec7faf,他|从|没|望|过|星星,lpw_8b7b91e000|lpw_6a9fec7faf,lpw_8b7b91e000|lpw_279e8b3573|lpw_f777893480|lpw_6a9fec7faf,lpw_8b7b91e000|lpw_2719a8ea30|lpw_279e8b3573|lpw_f777893480|lpw_6a9fec7faf,6,2,4,5
659,661,7,1,false,他从没爱过一个人。,他|从|没|爱过|一个|人,9,6,lpw_8b7b91e000|lpw_2719a8ea30|lpw_279e8b3573|lpw_e1dbc1c99f|lpw_50f5d65d57,他|从|没|一个|人,lpw_8b7b91e000|lpw_e1dbc1c99f|lpw_50f5d65d57,lpw_8b7b91e000|lpw_279e8b3573|lpw_e1dbc1c99f|lpw_50f5d65d57,lpw_8b7b91e000|lpw_2719a8ea30|lpw_279e8b3573|lpw_e1dbc1c99f|lpw_50f5d65d57,5,3,4,5
660,662,7,1,false,"除了算账,",除了|算|账,5,3,,,,,,0,0,0,0
661,663,7,1,false,他什么事也没做过。,他|什么|事|也没|做|过,9,6,lpw_8b7b91e000|lpw_c1b52e0e64|lpw_1d9ed56951|lpw_94f5404441|lpw_f777893480,他|什么|事|做|过,lpw_8b7b91e000|lpw_c1b52e0e64,lpw_8b7b91e000|lpw_c1b52e0e64|lpw_1d9ed56951|lpw_f777893480,lpw_8b7b91e000|lpw_c1b52e0e64|lpw_1d9ed56951|lpw_f777893480,5,2,4,4
662,664,7,1,false,他成天像你一样说个没完:,他|成天|像|你|一样|说|个|没|完,12,9,lpw_8b7b91e000|lpw_cf8cedd58b|lpw_a0c7716669|lpw_9dc5c0158d|lpw_ccca744613|lpw_3a116815bc|lpw_279e8b3573,他|像|你|一样|说|个|没,lpw_8b7b91e000|lpw_a0c7716669|lpw_ccca744613,lpw_8b7b91e000|lpw_a0c7716669|lpw_ccca744613|lpw_3a116815bc|lpw_279e8b3573,lpw_8b7b91e000|lpw_cf8cedd58b|lpw_a0c7716669|lpw_9dc5c0158d|lpw_ccca744613|lpw_3a116815bc|lpw_279e8b3573,7,3,5,7
663,665,7,1,false,‘我有正事要干!,我有|正|事|要|干,8,5,lpw_59cbe38d1c|lpw_d657ee1d4a|lpw_1d9ed56951|lpw_975f35218e|lpw_9ee0280bc4,我有|正|事|要|干,,lpw_1d9ed56951|lpw_975f35218e,lpw_1d9ed56951|lpw_975f35218e,5,0,2,2
664,666,7,1,false,我有正事要干!’,我有|正|事|要|干,8,5,lpw_59cbe38d1c|lpw_d657ee1d4a|lpw_1d9ed56951|lpw_975f35218e|lpw_9ee0280bc4,我有|正|事|要|干,,lpw_1d9ed56951|lpw_975f35218e,lpw_1d9ed56951|lpw_975f35218e,5,0,2,2
665,667,7,1,false,变得骄气十足。,变得|骄气|十足,7,3,lpw_23e89ba0a1,变得,,,,1,0,0,0
666,668,7,1,false,"可是这算不得一个人,",可是|这|算|不得|一个|人,10,6,lpw_38ca4a9c76|lpw_d409ab2ab3|lpw_e1dbc1c99f|lpw_50f5d65d57,可是|这|一个|人,lpw_d409ab2ab3|lpw_e1dbc1c99f|lpw_50f5d65d57,lpw_38ca4a9c76|lpw_d409ab2ab3|lpw_e1dbc1c99f|lpw_50f5d65d57,lpw_38ca4a9c76|lpw_d409ab2ab3|lpw_e1dbc1c99f|lpw_50f5d65d57,4,3,4,4
667,669,7,1,false,他是个蘑菇。”,他是|个|蘑菇,7,3,lpw_3a116815bc,个,,lpw_3a116815bc,lpw_3a116815bc,1,0,1,1
668,670,7,1,false,“是个什么?”,是|个|什么,7,3,lpw_b5141d3d19|lpw_3a116815bc|lpw_c1b52e0e64,是|个|什么,lpw_b5141d3d19|lpw_c1b52e0e64,lpw_b5141d3d19|lpw_3a116815bc|lpw_c1b52e0e64,lpw_b5141d3d19|lpw_3a116815bc|lpw_c1b52e0e64,3,2,3,3
669,671,7,1,false,“是个蘑菇!”,是|个|蘑菇,7,3,lpw_b5141d3d19|lpw_3a116815bc,是|个,lpw_b5141d3d19,lpw_b5141d3d19|lpw_3a116815bc,lpw_b5141d3d19|lpw_3a116815bc,2,1,2,2
670,672,7,1,false,小王子这会儿气得脸色发白了。,小王子|这会儿|气|得|脸色|发|白|了,14,8,lpw_87f2a033cf|lpw_71b1ed1114|lpw_b2dd27e84f,小王子|得|了,lpw_87f2a033cf|lpw_b2dd27e84f,lpw_87f2a033cf|lpw_71b1ed1114|lpw_b2dd27e84f,lpw_87f2a033cf|lpw_71b1ed1114|lpw_b2dd27e84f,3,2,3,3
671,673,7,1,false,"“几百万年以前,",几百|万|年|以前,8,4,lpw_aa98317793,以前,,,,1,0,0,0
672,674,7,1,false,花儿就长刺了。,花儿|就|长|刺|了,7,5,lpw_059ab0f707|lpw_2f9d9872e5|lpw_597ae23d84|lpw_b2ddecd32a|lpw_b2dd27e84f,花儿|就|长|刺|了,lpw_059ab0f707|lpw_2f9d9872e5|lpw_b2dd27e84f,lpw_059ab0f707|lpw_2f9d9872e5|lpw_b2dd27e84f,lpw_059ab0f707|lpw_2f9d9872e5|lpw_b2dd27e84f,5,3,3,3
673,675,7,1,false,"可几百万年以前,",可|几百|万|年|以前,8,5,lpw_8b9cefa38e|lpw_aa98317793,可|以前,,lpw_8b9cefa38e,lpw_8b9cefa38e,2,0,1,1
674,676,7,1,false,羊也早就在吃花儿了。,羊|也|早就|在|吃|花儿|了,10,7,lpw_658605835b|lpw_12404a0b63|lpw_c814805bc6|lpw_059ab0f707|lpw_b2dd27e84f,也|在|吃|花儿|了,lpw_12404a0b63|lpw_059ab0f707|lpw_b2dd27e84f,lpw_658605835b|lpw_12404a0b63|lpw_059ab0f707|lpw_b2dd27e84f,lpw_658605835b|lpw_12404a0b63|lpw_059ab0f707|lpw_b2dd27e84f,5,3,4,4
675,677,7,1,false,"刺什么用也没有,",刺|什么|用|也没有,8,4,lpw_b2ddecd32a|lpw_c1b52e0e64|lpw_04e45efb3b,刺|什么|用,lpw_c1b52e0e64,lpw_c1b52e0e64,lpw_c1b52e0e64|lpw_04e45efb3b,3,1,1,2
676,678,7,1,false,"那花儿为什么要费那份劲去长刺呢,",那|花儿|为什么|要|费|那份|劲|去|长|刺|呢,16,11,lpw_5a2362a202|lpw_059ab0f707|lpw_1b919bb478|lpw_975f35218e|lpw_99ae21ea6c|lpw_597ae23d84|lpw_b2ddecd32a|lpw_02811cec0b,那|花儿|为什么|要|去|长|刺|呢,lpw_5a2362a202|lpw_059ab0f707|lpw_02811cec0b,lpw_5a2362a202|lpw_059ab0f707|lpw_975f35218e|lpw_99ae21ea6c|lpw_02811cec0b,lpw_5a2362a202|lpw_059ab0f707|lpw_975f35218e|lpw_99ae21ea6c|lpw_02811cec0b,8,3,5,5
677,679,7,1,false,把这弄明白难道不是正事吗?,把|这|弄|明白|难道|不是|正|事|吗,13,9,lpw_2442748e41|lpw_d409ab2ab3|lpw_8e37cd5f7f|lpw_584cd0fcf3|lpw_d657ee1d4a|lpw_1d9ed56951|lpw_5ac1612110,把|这|明白|不是|正|事|吗,lpw_d409ab2ab3,lpw_2442748e41|lpw_d409ab2ab3|lpw_1d9ed56951,lpw_2442748e41|lpw_d409ab2ab3|lpw_1d9ed56951|lpw_5ac1612110,7,1,3,4
678,680,7,1,false,绵羊和花儿的战争难道不重要吗?,绵羊|和|花儿|的|战争|难道|不|重要|吗,15,9,lpw_238b95ae07|lpw_3d7114281f|lpw_059ab0f707|lpw_8af2350cfd|lpw_b02dfe2160|lpw_a8cd9642aa|lpw_5ac1612110,绵羊|和|花儿|的|不|重要|吗,lpw_059ab0f707|lpw_8af2350cfd,lpw_3d7114281f|lpw_059ab0f707|lpw_8af2350cfd|lpw_b02dfe2160,lpw_3d7114281f|lpw_059ab0f707|lpw_8af2350cfd|lpw_b02dfe2160|lpw_5ac1612110,7,2,4,5
679,681,7,1,false,"这难道不比那个胖子红脸先生的算账更重要,",这|难道|不比|那个|胖子|红脸|先生|的|算|账|更|重要,20,12,lpw_d409ab2ab3|lpw_fa6e73c549|lpw_8af2350cfd|lpw_a8cd9642aa,这|那个|的|重要,lpw_d409ab2ab3|lpw_8af2350cfd,lpw_d409ab2ab3|lpw_8af2350cfd,lpw_d409ab2ab3|lpw_8af2350cfd,4,2,2,2
680,682,7,1,false,"更是正事吗?还有,",更是|正|事|吗|还有,9,5,lpw_d657ee1d4a|lpw_1d9ed56951|lpw_5ac1612110|lpw_83eec76b39,正|事|吗|还有,,lpw_1d9ed56951,lpw_1d9ed56951|lpw_5ac1612110,4,0,1,2
681,683,7,1,false,"如果我认识一朵世上独一无二的花儿,",如果|我|认识|一朵|世上|独一无二|的|花儿,17,8,lpw_7ca71b72d7|lpw_b70bb4acc0|lpw_aebd6fbbd2|lpw_8af2350cfd|lpw_059ab0f707,如果|我|一朵|的|花儿,lpw_b70bb4acc0|lpw_8af2350cfd|lpw_059ab0f707,lpw_b70bb4acc0|lpw_8af2350cfd|lpw_059ab0f707,lpw_b70bb4acc0|lpw_aebd6fbbd2|lpw_8af2350cfd|lpw_059ab0f707,5,3,3,4
682,684,7,1,false,"除了我的星球,",除了|我|的|星球,7,4,lpw_b70bb4acc0|lpw_8af2350cfd|lpw_62f2d6c1a1,我|的|星球,lpw_b70bb4acc0|lpw_8af2350cfd|lpw_62f2d6c1a1,lpw_b70bb4acc0|lpw_8af2350cfd|lpw_62f2d6c1a1,lpw_b70bb4acc0|lpw_8af2350cfd|lpw_62f2d6c1a1,3,3,3,3
683,685,7,1,false,"哪儿都找不到这样的花儿,",哪儿|都|找不到|这样|的|花儿,12,6,lpw_1ca2298198|lpw_7eabb36ba1|lpw_b7fc681861|lpw_8af2350cfd|lpw_059ab0f707,哪儿|都|这样|的|花儿,lpw_8af2350cfd|lpw_059ab0f707,lpw_7eabb36ba1|lpw_b7fc681861|lpw_8af2350cfd|lpw_059ab0f707,lpw_7eabb36ba1|lpw_b7fc681861|lpw_8af2350cfd|lpw_059ab0f707,5,2,4,4
684,686,7,1,false,"而有天早上,",而有|天|早上,6,3,lpw_49da61ceee,天,,,lpw_49da61ceee,1,0,0,1
685,687,7,1,false,"一只小羊甚至都不明白自己在做什么,",一只|小羊|甚至|都不|明白|自己|在做|什么,17,8,lpw_216a478784|lpw_8e37cd5f7f|lpw_fb43354d2a|lpw_c1b52e0e64,一只|明白|自己|什么,lpw_c1b52e0e64,lpw_fb43354d2a|lpw_c1b52e0e64,lpw_fb43354d2a|lpw_c1b52e0e64,4,1,2,2
686,688,7,1,false,"就一口把花儿吃掉了,",就|一口|把|花儿|吃掉|了,10,6,lpw_2f9d9872e5|lpw_2442748e41|lpw_059ab0f707|lpw_b2dd27e84f,就|把|花儿|了,lpw_2f9d9872e5|lpw_059ab0f707|lpw_b2dd27e84f,lpw_2f9d9872e5|lpw_2442748e41|lpw_059ab0f707|lpw_b2dd27e84f,lpw_2f9d9872e5|lpw_2442748e41|lpw_059ab0f707|lpw_b2dd27e84f,4,3,4,4
687,689,7,1,false,这难道不重要吗!”,这|难道|不|重要|吗,9,5,lpw_d409ab2ab3|lpw_b02dfe2160|lpw_a8cd9642aa|lpw_5ac1612110,这|不|重要|吗,lpw_d409ab2ab3,lpw_d409ab2ab3|lpw_b02dfe2160,lpw_d409ab2ab3|lpw_b02dfe2160|lpw_5ac1612110,4,1,2,3
688,690,7,1,false,"他的脸红了起来,",他|的|脸红|了|起来,8,5,lpw_8b7b91e000|lpw_8af2350cfd|lpw_b2dd27e84f|lpw_b8a694b2df,他|的|了|起来,lpw_8b7b91e000|lpw_8af2350cfd|lpw_b2dd27e84f,lpw_8b7b91e000|lpw_8af2350cfd|lpw_b2dd27e84f,lpw_8b7b91e000|lpw_8af2350cfd|lpw_b2dd27e84f|lpw_b8a694b2df,4,3,3,4
689,691,7,1,false,接着往下说:,接着|往下|说,6,3,lpw_58ed4c69fb|lpw_ccca744613,接着|说,lpw_ccca744613,lpw_ccca744613,lpw_ccca744613,2,1,1,1
690,692,7,1,false,"“如果有个人爱上一朵花儿,",如果有|个人|爱上|一朵|花儿,13,5,lpw_aebd6fbbd2|lpw_059ab0f707,一朵|花儿,lpw_059ab0f707,lpw_059ab0f707,lpw_aebd6fbbd2|lpw_059ab0f707,2,1,1,2
691,693,7,1,false,"好几百万好几百万颗星星中间,",好几|百万|好几|百万|颗|星星|中间,14,7,lpw_09901d3de2|lpw_6a9fec7faf,颗|星星,lpw_6a9fec7faf,lpw_6a9fec7faf,lpw_6a9fec7faf,2,1,1,1
692,694,7,1,false,"只有一颗上面长着这朵花儿,",只有|一颗|上面|长|着|这|朵|花儿,13,8,lpw_ba8bd7c8c9|lpw_9a18d5dc38|lpw_597ae23d84|lpw_9e5bf0d2d9|lpw_d409ab2ab3|lpw_0da9a35a4b|lpw_059ab0f707,只有|一颗|长|着|这|朵|花儿,lpw_9e5bf0d2d9|lpw_d409ab2ab3|lpw_059ab0f707,lpw_9e5bf0d2d9|lpw_d409ab2ab3|lpw_059ab0f707,lpw_9e5bf0d2d9|lpw_d409ab2ab3|lpw_059ab0f707,7,3,3,3
693,695,7,1,false,"那他只要望着许许多多星星,",那|他|只|要望|着|许|许多|多|星星,13,9,lpw_5a2362a202|lpw_8b7b91e000|lpw_409e2c3882|lpw_9e5bf0d2d9|lpw_1940119f05|lpw_6a9fec7faf,那|他|只|着|多|星星,lpw_5a2362a202|lpw_8b7b91e000|lpw_9e5bf0d2d9|lpw_6a9fec7faf,lpw_5a2362a202|lpw_8b7b91e000|lpw_409e2c3882|lpw_9e5bf0d2d9|lpw_6a9fec7faf,lpw_5a2362a202|lpw_8b7b91e000|lpw_409e2c3882|lpw_9e5bf0d2d9|lpw_6a9fec7faf,6,4,5,5
694,696,7,1,false,就会感到很幸福。,就|会|感到|很|幸福,8,5,lpw_2f9d9872e5|lpw_5ba1e3c0eb|lpw_15c2457566|lpw_f2b91797ea,就|会|感到|很,lpw_2f9d9872e5|lpw_5ba1e3c0eb|lpw_f2b91797ea,lpw_2f9d9872e5|lpw_5ba1e3c0eb|lpw_f2b91797ea,lpw_2f9d9872e5|lpw_5ba1e3c0eb|lpw_15c2457566|lpw_f2b91797ea,4,3,3,4
695,697,7,1,false,他对自己说:,他|对|自己|说,6,4,lpw_8b7b91e000|lpw_74570c7270|lpw_fb43354d2a|lpw_ccca744613,他|对|自己|说,lpw_8b7b91e000|lpw_74570c7270|lpw_ccca744613,lpw_8b7b91e000|lpw_74570c7270|lpw_fb43354d2a|lpw_ccca744613,lpw_8b7b91e000|lpw_74570c7270|lpw_fb43354d2a|lpw_ccca744613,4,3,4,4
696,698,7,1,false,‘我的花儿就在其中的一颗星星上......,我|的|花儿|就在|其中|的|一颗|星星|上,21,9,lpw_b70bb4acc0|lpw_8af2350cfd|lpw_059ab0f707|lpw_9a18d5dc38|lpw_6a9fec7faf|lpw_db5ba671d2,我|的|花儿|一颗|星星|上,lpw_b70bb4acc0|lpw_8af2350cfd|lpw_059ab0f707|lpw_6a9fec7faf|lpw_db5ba671d2,lpw_b70bb4acc0|lpw_8af2350cfd|lpw_059ab0f707|lpw_6a9fec7faf|lpw_db5ba671d2,lpw_b70bb4acc0|lpw_8af2350cfd|lpw_059ab0f707|lpw_6a9fec7faf|lpw_db5ba671d2,6,5,5,5
697,699,7,1,false,’,,1,0,,,,,,0,0,0,0
698,700,7,1,false,"可要是绵羊吃掉了这朵花儿,",可|要是|绵羊|吃掉|了|这|朵|花儿,13,8,lpw_8b9cefa38e|lpw_467b2562ed|lpw_238b95ae07|lpw_b2dd27e84f|lpw_d409ab2ab3|lpw_0da9a35a4b|lpw_059ab0f707,可|要是|绵羊|了|这|朵|花儿,lpw_b2dd27e84f|lpw_d409ab2ab3|lpw_059ab0f707,lpw_8b9cefa38e|lpw_b2dd27e84f|lpw_d409ab2ab3|lpw_059ab0f707,lpw_8b9cefa38e|lpw_467b2562ed|lpw_b2dd27e84f|lpw_d409ab2ab3|lpw_059ab0f707,7,3,4,5
699,701,7,1,false,"这对他来说,",这|对|他|来说,6,4,lpw_d409ab2ab3|lpw_74570c7270|lpw_8b7b91e000|lpw_a0cc5593ee,这|对|他|来说,lpw_d409ab2ab3|lpw_74570c7270|lpw_8b7b91e000,lpw_d409ab2ab3|lpw_74570c7270|lpw_8b7b91e000,lpw_d409ab2ab3|lpw_74570c7270|lpw_8b7b91e000|lpw_a0cc5593ee,4,3,3,4
700,702,7,1,false,就好像满天的星星突然一下子都熄灭了!,就|好像|满|天|的|星星|突然|一下子|都|熄灭|了,18,11,lpw_2f9d9872e5|lpw_abc511ca95|lpw_49da61ceee|lpw_8af2350cfd|lpw_6a9fec7faf|lpw_7eabb36ba1|lpw_b2dd27e84f,就|满|天|的|星星|都|了,lpw_2f9d9872e5|lpw_8af2350cfd|lpw_6a9fec7faf|lpw_b2dd27e84f,lpw_2f9d9872e5|lpw_8af2350cfd|lpw_6a9fec7faf|lpw_7eabb36ba1|lpw_b2dd27e84f,lpw_2f9d9872e5|lpw_49da61ceee|lpw_8af2350cfd|lpw_6a9fec7faf|lpw_7eabb36ba1|lpw_b2dd27e84f,7,4,5,6
701,703,7,1,false,这难道不重要吗!”,这|难道|不|重要|吗,9,5,lpw_d409ab2ab3|lpw_b02dfe2160|lpw_a8cd9642aa|lpw_5ac1612110,这|不|重要|吗,lpw_d409ab2ab3,lpw_d409ab2ab3|lpw_b02dfe2160,lpw_d409ab2ab3|lpw_b02dfe2160|lpw_5ac1612110,4,1,2,3
702,704,7,1,false,"他说不下去了,",他|说不下去|了,7,3,lpw_8b7b91e000|lpw_b2dd27e84f,他|了,lpw_8b7b91e000|lpw_b2dd27e84f,lpw_8b7b91e000|lpw_b2dd27e84f,lpw_8b7b91e000|lpw_b2dd27e84f,2,2,2,2
703,705,7,1,false,突然抽抽噎噎地哭了起来。,突然|抽抽噎噎|地|哭了|起来,12,5,lpw_bdbd41e490|lpw_b8a694b2df,地|起来,lpw_bdbd41e490,lpw_bdbd41e490,lpw_bdbd41e490|lpw_b8a694b2df,2,1,1,2
704,706,7,1,false,夜色降临。,夜色|降临,5,2,,,,,,0,0,0,0
705,707,7,1,false,我放下手中的工具。,我|放下|手中|的|工具,9,5,lpw_b70bb4acc0|lpw_8af2350cfd,我|的,lpw_b70bb4acc0|lpw_8af2350cfd,lpw_b70bb4acc0|lpw_8af2350cfd,lpw_b70bb4acc0|lpw_8af2350cfd,2,2,2,2
706,708,7,1,false,"锤子呀,",锤子|呀,4,2,lpw_03fe6b38e7,呀,,,lpw_03fe6b38e7,1,0,0,1
707,709,7,1,false,"螺钉呀,",螺|钉|呀,4,3,lpw_03fe6b38e7,呀,,,lpw_03fe6b38e7,1,0,0,1
708,710,7,1,false,"口渴呀,",口渴|呀,4,2,lpw_03fe6b38e7,呀,,,lpw_03fe6b38e7,1,0,0,1
709,711,7,1,false,"死亡呀,",死亡|呀,4,2,lpw_03fe6b38e7,呀,,,lpw_03fe6b38e7,1,0,0,1
710,712,7,1,false,我全都丢在了脑后。,我|全都|丢|在|了|脑后,9,6,lpw_b70bb4acc0|lpw_12404a0b63|lpw_b2dd27e84f,我|在|了,lpw_b70bb4acc0|lpw_12404a0b63|lpw_b2dd27e84f,lpw_b70bb4acc0|lpw_12404a0b63|lpw_b2dd27e84f,lpw_b70bb4acc0|lpw_12404a0b63|lpw_b2dd27e84f,3,3,3,3
711,713,7,1,false,"在一颗星星,",在|一颗|星星,6,3,lpw_12404a0b63|lpw_9a18d5dc38|lpw_6a9fec7faf,在|一颗|星星,lpw_12404a0b63|lpw_6a9fec7faf,lpw_12404a0b63|lpw_6a9fec7faf,lpw_12404a0b63|lpw_6a9fec7faf,3,2,2,2
712,714,7,1,false,"在一颗我所在的行星,",在|一颗|我|所在|的|行星,10,6,lpw_12404a0b63|lpw_9a18d5dc38|lpw_b70bb4acc0|lpw_8af2350cfd|lpw_19956b104c,在|一颗|我|的|行星,lpw_12404a0b63|lpw_b70bb4acc0|lpw_8af2350cfd,lpw_12404a0b63|lpw_b70bb4acc0|lpw_8af2350cfd,lpw_12404a0b63|lpw_b70bb4acc0|lpw_8af2350cfd,5,3,3,3
713,715,7,1,false,"在这个地球上,",在|这个|地球|上,7,4,lpw_12404a0b63|lpw_979e2bc35b|lpw_eeef861b87|lpw_db5ba671d2,在|这个|地球|上,lpw_12404a0b63|lpw_db5ba671d2,lpw_12404a0b63|lpw_979e2bc35b|lpw_db5ba671d2,lpw_12404a0b63|lpw_979e2bc35b|lpw_eeef861b87|lpw_db5ba671d2,4,2,3,4
714,716,7,1,false,有个小王子需要安慰!,有|个|小王子|需要|安慰,10,5,lpw_90ce0f66f0|lpw_3a116815bc|lpw_87f2a033cf,有|个|小王子,lpw_90ce0f66f0|lpw_87f2a033cf,lpw_90ce0f66f0|lpw_3a116815bc|lpw_87f2a033cf,lpw_90ce0f66f0|lpw_3a116815bc|lpw_87f2a033cf,3,2,3,3
715,717,7,1,false,我把他抱在怀里。,我把|他|抱在|怀|里,8,5,lpw_5ebf3d1bfd|lpw_8b7b91e000|lpw_79f43de6e3,我把|他|里,lpw_8b7b91e000,lpw_8b7b91e000|lpw_79f43de6e3,lpw_8b7b91e000|lpw_79f43de6e3,3,1,2,2
716,718,7,1,false,"我摇着他,",我|摇|着|他,5,4,lpw_b70bb4acc0|lpw_9e5bf0d2d9|lpw_8b7b91e000,我|着|他,lpw_b70bb4acc0|lpw_9e5bf0d2d9|lpw_8b7b91e000,lpw_b70bb4acc0|lpw_9e5bf0d2d9|lpw_8b7b91e000,lpw_b70bb4acc0|lpw_9e5bf0d2d9|lpw_8b7b91e000,3,3,3,3
717,719,7,1,false,对他说:,对|他|说,4,3,lpw_74570c7270|lpw_8b7b91e000|lpw_ccca744613,对|他|说,lpw_74570c7270|lpw_8b7b91e000|lpw_ccca744613,lpw_74570c7270|lpw_8b7b91e000|lpw_ccca744613,lpw_74570c7270|lpw_8b7b91e000|lpw_ccca744613,3,3,3,3
718,720,7,1,false,“你爱的那朵花儿不会有危险的......,你爱|的|那|朵|花儿|不会有|危险|的,20,8,lpw_8af2350cfd|lpw_5a2362a202|lpw_0da9a35a4b|lpw_059ab0f707,的|那|朵|花儿,lpw_8af2350cfd|lpw_5a2362a202|lpw_059ab0f707,lpw_8af2350cfd|lpw_5a2362a202|lpw_059ab0f707,lpw_8af2350cfd|lpw_5a2362a202|lpw_059ab0f707,4,3,3,3
719,721,7,1,false,我会给你的绵羊画一只嘴罩......,我|会|给|你|的|绵羊|画|一只|嘴|罩,18,10,lpw_b70bb4acc0|lpw_5ba1e3c0eb|lpw_6e55fb9d8a|lpw_a0c7716669|lpw_8af2350cfd|lpw_238b95ae07|lpw_de9f18b00a|lpw_216a478784,我|会|给|你|的|绵羊|画|一只,lpw_b70bb4acc0|lpw_5ba1e3c0eb|lpw_6e55fb9d8a|lpw_a0c7716669|lpw_8af2350cfd,lpw_b70bb4acc0|lpw_5ba1e3c0eb|lpw_6e55fb9d8a|lpw_a0c7716669|lpw_8af2350cfd,lpw_b70bb4acc0|lpw_5ba1e3c0eb|lpw_6e55fb9d8a|lpw_a0c7716669|lpw_8af2350cfd,8,5,5,5
720,722,7,1,false,我会给你的花儿画一个护栏......,我|会|给|你|的|花儿|画|一个|护|栏,18,10,lpw_b70bb4acc0|lpw_5ba1e3c0eb|lpw_6e55fb9d8a|lpw_a0c7716669|lpw_8af2350cfd|lpw_059ab0f707|lpw_de9f18b00a|lpw_e1dbc1c99f,我|会|给|你|的|花儿|画|一个,lpw_b70bb4acc0|lpw_5ba1e3c0eb|lpw_6e55fb9d8a|lpw_a0c7716669|lpw_8af2350cfd|lpw_059ab0f707|lpw_e1dbc1c99f,lpw_b70bb4acc0|lpw_5ba1e3c0eb|lpw_6e55fb9d8a|lpw_a0c7716669|lpw_8af2350cfd|lpw_059ab0f707|lpw_e1dbc1c99f,lpw_b70bb4acc0|lpw_5ba1e3c0eb|lpw_6e55fb9d8a|lpw_a0c7716669|lpw_8af2350cfd|lpw_059ab0f707|lpw_e1dbc1c99f,8,7,7,7
721,723,7,1,false,我......”,我,8,1,lpw_b70bb4acc0,我,lpw_b70bb4acc0,lpw_b70bb4acc0,lpw_b70bb4acc0,1,1,1,1
722,724,7,1,false,我不知道再说什么好了。,我不|知道|再说|什么|好了,11,5,lpw_3e63e3d08e|lpw_d7b6472b11|lpw_c1b52e0e64,我不|知道|什么,lpw_c1b52e0e64,lpw_d7b6472b11|lpw_c1b52e0e64,lpw_d7b6472b11|lpw_c1b52e0e64,3,1,2,2
723,725,7,1,false,我觉得自己笨嘴笨舌的。,我|觉得|自己|笨|嘴笨|舌|的,11,7,lpw_b70bb4acc0|lpw_78c82d9f41|lpw_fb43354d2a|lpw_8af2350cfd,我|觉得|自己|的,lpw_b70bb4acc0|lpw_8af2350cfd,lpw_b70bb4acc0|lpw_fb43354d2a|lpw_8af2350cfd,lpw_b70bb4acc0|lpw_78c82d9f41|lpw_fb43354d2a|lpw_8af2350cfd,4,2,3,4
724,726,7,1,false,"我不知道怎样去接近他,",我不|知道|怎样|去|接近|他,11,6,lpw_3e63e3d08e|lpw_d7b6472b11|lpw_99ae21ea6c|lpw_8b7b91e000,我不|知道|去|他,lpw_8b7b91e000,lpw_d7b6472b11|lpw_99ae21ea6c|lpw_8b7b91e000,lpw_d7b6472b11|lpw_99ae21ea6c|lpw_8b7b91e000,4,1,3,3
725,727,7,1,false,打动他......,打动|他,9,2,lpw_8b7b91e000,他,lpw_8b7b91e000,lpw_8b7b91e000,lpw_8b7b91e000,1,1,1,1
726,728,7,2,false,"泪水的世界,",泪水|的|世界,6,3,lpw_8af2350cfd,的,lpw_8af2350cfd,lpw_8af2350cfd,lpw_8af2350cfd,1,1,1,1
727,729,7,2,false,是多么神秘啊。,是|多么|神秘|啊,7,4,lpw_b5141d3d19|lpw_7c2c50fbaf,是|啊,lpw_b5141d3d19,lpw_b5141d3d19,lpw_b5141d3d19,2,1,1,1
728,730,8,2,true,8,,1,0,,,,,,0,0,0,0
729,731,8,2,false,我很快就对这朵花儿有了更多的了解。,我|很快|就|对|这|朵|花儿|有了|更多|的|了解,17,11,lpw_b70bb4acc0|lpw_2f9d9872e5|lpw_74570c7270|lpw_d409ab2ab3|lpw_0da9a35a4b|lpw_059ab0f707|lpw_8af2350cfd,我|就|对|这|朵|花儿|的,lpw_b70bb4acc0|lpw_2f9d9872e5|lpw_74570c7270|lpw_d409ab2ab3|lpw_059ab0f707|lpw_8af2350cfd,lpw_b70bb4acc0|lpw_2f9d9872e5|lpw_74570c7270|lpw_d409ab2ab3|lpw_059ab0f707|lpw_8af2350cfd,lpw_b70bb4acc0|lpw_2f9d9872e5|lpw_74570c7270|lpw_d409ab2ab3|lpw_059ab0f707|lpw_8af2350cfd,7,6,6,6
730,732,8,2,false,"在小王子的星球上,",在|小王子|的|星球|上,9,5,lpw_12404a0b63|lpw_87f2a033cf|lpw_8af2350cfd|lpw_62f2d6c1a1|lpw_db5ba671d2,在|小王子|的|星球|上,lpw_12404a0b63|lpw_87f2a033cf|lpw_8af2350cfd|lpw_62f2d6c1a1|lpw_db5ba671d2,lpw_12404a0b63|lpw_87f2a033cf|lpw_8af2350cfd|lpw_62f2d6c1a1|lpw_db5ba671d2,lpw_12404a0b63|lpw_87f2a033cf|lpw_8af2350cfd|lpw_62f2d6c1a1|lpw_db5ba671d2,5,5,5,5
731,733,8,2,false,"过去一直长着些很简单的花儿,",过去|一直|长|着|些|很简单|的|花儿,14,8,lpw_597ae23d84|lpw_9e5bf0d2d9|lpw_af76fed85c|lpw_8af2350cfd|lpw_059ab0f707,长|着|些|的|花儿,lpw_9e5bf0d2d9|lpw_8af2350cfd|lpw_059ab0f707,lpw_9e5bf0d2d9|lpw_8af2350cfd|lpw_059ab0f707,lpw_9e5bf0d2d9|lpw_8af2350cfd|lpw_059ab0f707,5,3,3,3
732,734,8,2,false,"这些花儿只有一层花瓣,",这些|花儿|只有|一层|花瓣,11,5,lpw_7a590a22cd|lpw_059ab0f707|lpw_ba8bd7c8c9,这些|花儿|只有,lpw_059ab0f707,lpw_059ab0f707,lpw_7a590a22cd|lpw_059ab0f707,3,1,1,2
733,735,8,2,false,"不占地方,",不|占|地方,5,3,lpw_b02dfe2160|lpw_1462a7d853,不|地方,,lpw_b02dfe2160,lpw_b02dfe2160|lpw_1462a7d853,2,0,1,2
734,736,8,2,false,也不妨碍任何人。,也不|妨碍|任何人,8,3,lpw_941252022a,也不,,,,1,0,0,0
735,737,8,2,false,"某个早晨她们会在草丛中绽放,",某|个|早晨|她们|会|在|草丛|中|绽|放,14,10,lpw_3a116815bc|lpw_5ba1e3c0eb|lpw_12404a0b63|lpw_a567bdaa11,个|会|在|中,lpw_5ba1e3c0eb|lpw_12404a0b63,lpw_3a116815bc|lpw_5ba1e3c0eb|lpw_12404a0b63,lpw_3a116815bc|lpw_5ba1e3c0eb|lpw_12404a0b63,4,2,3,3
736,738,8,2,false,一到晚上又都悄悄凋谢了。,一|到|晚上|又|都|悄悄|凋谢|了,12,8,lpw_51a75f4634|lpw_b56f36b529|lpw_a9b1124b34|lpw_e71ce5deab|lpw_7eabb36ba1|lpw_b2dd27e84f,一|到|晚上|又|都|了,lpw_e71ce5deab|lpw_b2dd27e84f,lpw_51a75f4634|lpw_e71ce5deab|lpw_7eabb36ba1|lpw_b2dd27e84f,lpw_51a75f4634|lpw_e71ce5deab|lpw_7eabb36ba1|lpw_b2dd27e84f,6,2,4,4
737,739,8,2,false,"有一天,",有|一天,4,2,lpw_90ce0f66f0|lpw_5448481f38,有|一天,lpw_90ce0f66f0,lpw_90ce0f66f0,lpw_90ce0f66f0,2,1,1,1
738,740,8,2,false,"一颗不知从哪儿来的种子发了芽,",一颗|不知|从|哪儿|来|的|种子|发|了|芽,15,10,lpw_9a18d5dc38|lpw_2719a8ea30|lpw_1ca2298198|lpw_6d8229118c|lpw_8af2350cfd|lpw_b2dd27e84f,一颗|从|哪儿|来|的|了,lpw_6d8229118c|lpw_8af2350cfd|lpw_b2dd27e84f,lpw_6d8229118c|lpw_8af2350cfd|lpw_b2dd27e84f,lpw_2719a8ea30|lpw_6d8229118c|lpw_8af2350cfd|lpw_b2dd27e84f,6,3,3,4
739,741,8,2,false,长出的嫩苗跟别的幼苗都不一样。,长出|的|嫩|苗|跟|别的|幼苗|都不|一样,15,9,lpw_8af2350cfd|lpw_383a53d95c|lpw_3966c0d55d|lpw_9dc5c0158d,的|跟|别的|一样,lpw_8af2350cfd,lpw_8af2350cfd,lpw_8af2350cfd|lpw_383a53d95c|lpw_9dc5c0158d,4,1,1,3
740,742,8,2,false,"小王子小心翼翼地观察着这株嫩苗,",小王子|小心翼翼|地|观察|着|这|株|嫩|苗,16,9,lpw_87f2a033cf|lpw_bdbd41e490|lpw_9e5bf0d2d9|lpw_d409ab2ab3,小王子|地|着|这,lpw_87f2a033cf|lpw_bdbd41e490|lpw_9e5bf0d2d9|lpw_d409ab2ab3,lpw_87f2a033cf|lpw_bdbd41e490|lpw_9e5bf0d2d9|lpw_d409ab2ab3,lpw_87f2a033cf|lpw_bdbd41e490|lpw_9e5bf0d2d9|lpw_d409ab2ab3,4,4,4,4
741,743,8,2,false,它说不定是猴面包树的一枝幼芽呢。,它|说不定|是|猴面包树|的|一枝|幼芽|呢,16,8,lpw_7e9260e925|lpw_63e84e56ed|lpw_b5141d3d19|lpw_1ec087a5d0|lpw_8af2350cfd|lpw_02811cec0b,它|说不定|是|猴面包树|的|呢,lpw_7e9260e925|lpw_b5141d3d19|lpw_8af2350cfd|lpw_02811cec0b,lpw_7e9260e925|lpw_b5141d3d19|lpw_8af2350cfd|lpw_02811cec0b,lpw_7e9260e925|lpw_b5141d3d19|lpw_8af2350cfd|lpw_02811cec0b,6,4,4,4
742,744,8,2,false,"但是这株嫩苗很快就不再长大,",但是|这|株|嫩|苗|很快|就|不再|长大,14,9,lpw_8cb1f721c8|lpw_d409ab2ab3|lpw_2f9d9872e5,但是|这|就,lpw_d409ab2ab3|lpw_2f9d9872e5,lpw_d409ab2ab3|lpw_2f9d9872e5,lpw_d409ab2ab3|lpw_2f9d9872e5,3,2,2,2
743,745,8,2,false,渐渐含苞欲放。,渐渐|含苞|欲|放,7,4,,,,,,0,0,0,0
744,746,8,2,false,"小王子眼看着它绽出一个很大很大的花蕾,",小王子|眼看着|它|绽|出|一个|很大|很大|的|花蕾,19,10,lpw_87f2a033cf|lpw_7e9260e925|lpw_e1dbc1c99f|lpw_8af2350cfd,小王子|它|一个|的,lpw_87f2a033cf|lpw_7e9260e925|lpw_e1dbc1c99f|lpw_8af2350cfd,lpw_87f2a033cf|lpw_7e9260e925|lpw_e1dbc1c99f|lpw_8af2350cfd,lpw_87f2a033cf|lpw_7e9260e925|lpw_e1dbc1c99f|lpw_8af2350cfd,4,4,4,4
745,747,8,2,false,"心想这花蕾里一定会出现奇妙的景象,",心想|这|花蕾|里|一定|会|出现|奇妙|的|景象,17,10,lpw_d409ab2ab3|lpw_79f43de6e3|lpw_5ba1e3c0eb|lpw_8af2350cfd,这|里|会|的,lpw_d409ab2ab3|lpw_5ba1e3c0eb|lpw_8af2350cfd,lpw_d409ab2ab3|lpw_79f43de6e3|lpw_5ba1e3c0eb|lpw_8af2350cfd,lpw_d409ab2ab3|lpw_79f43de6e3|lpw_5ba1e3c0eb|lpw_8af2350cfd,4,3,4,4
746,748,8,2,false,"可是这朵花儿待在绿色的花萼里面,",可是|这|朵|花儿|待|在|绿色|的|花萼|里面,16,10,lpw_38ca4a9c76|lpw_d409ab2ab3|lpw_0da9a35a4b|lpw_059ab0f707|lpw_12404a0b63|lpw_8af2350cfd,可是|这|朵|花儿|在|的,lpw_d409ab2ab3|lpw_059ab0f707|lpw_12404a0b63|lpw_8af2350cfd,lpw_38ca4a9c76|lpw_d409ab2ab3|lpw_059ab0f707|lpw_12404a0b63|lpw_8af2350cfd,lpw_38ca4a9c76|lpw_d409ab2ab3|lpw_059ab0f707|lpw_12404a0b63|lpw_8af2350cfd,6,4,5,5
747,749,8,2,false,磨磨蹭蹭地打扮个没完。,磨|磨蹭|蹭|地|打扮|个|没|完,11,8,lpw_bdbd41e490|lpw_3a116815bc|lpw_279e8b3573,地|个|没,lpw_bdbd41e490,lpw_bdbd41e490|lpw_3a116815bc|lpw_279e8b3573,lpw_bdbd41e490|lpw_3a116815bc|lpw_279e8b3573,3,1,3,3
748,750,8,2,false,"她精心挑选着自己的颜色,",她|精心|挑选|着|自己|的|颜色,12,7,lpw_2ab425e0c6|lpw_9e5bf0d2d9|lpw_fb43354d2a|lpw_8af2350cfd,她|着|自己|的,lpw_2ab425e0c6|lpw_9e5bf0d2d9|lpw_8af2350cfd,lpw_2ab425e0c6|lpw_9e5bf0d2d9|lpw_fb43354d2a|lpw_8af2350cfd,lpw_2ab425e0c6|lpw_9e5bf0d2d9|lpw_fb43354d2a|lpw_8af2350cfd,4,3,4,4
749,751,8,2,false,"慢吞吞地穿上衣裙,",慢吞吞|地|穿上|衣裙,9,4,lpw_bdbd41e490,地,lpw_bdbd41e490,lpw_bdbd41e490,lpw_bdbd41e490,1,1,1,1
750,752,8,2,false,一片一片地理顺花瓣。,一片|一片|地理|顺|花瓣,10,5,,,,,,0,0,0,0
751,753,8,2,false,她不愿像虞美人那样一亮相就是满脸皱纹。,她|不愿|像|虞美人|那样|一|亮相|就是|满|脸|皱纹,19,11,lpw_2ab425e0c6|lpw_cf8cedd58b|lpw_51a75f4634|lpw_88aa006eb3|lpw_abc511ca95,她|像|一|就是|满,lpw_2ab425e0c6,lpw_2ab425e0c6|lpw_51a75f4634|lpw_88aa006eb3,lpw_2ab425e0c6|lpw_cf8cedd58b|lpw_51a75f4634|lpw_88aa006eb3,5,1,3,4
752,754,8,2,false,她要让自己美艳照人地来到世间。,她|要|让|自己|美艳|照人|地|来到|世间,15,9,lpw_2ab425e0c6|lpw_975f35218e|lpw_ad37574404|lpw_fb43354d2a|lpw_bdbd41e490,她|要|让|自己|地,lpw_2ab425e0c6|lpw_ad37574404|lpw_bdbd41e490,lpw_2ab425e0c6|lpw_975f35218e|lpw_ad37574404|lpw_fb43354d2a|lpw_bdbd41e490,lpw_2ab425e0c6|lpw_975f35218e|lpw_ad37574404|lpw_fb43354d2a|lpw_bdbd41e490,5,3,5,5
753,755,8,2,false,噢!,噢,2,1,,,,,,0,0,0,0
754,756,8,2,false,对。,对,2,1,lpw_74570c7270,对,lpw_74570c7270,lpw_74570c7270,lpw_74570c7270,1,1,1,1
755,757,8,2,false,她很爱俏!,她|很爱|俏,5,3,lpw_2ab425e0c6,她,lpw_2ab425e0c6,lpw_2ab425e0c6,lpw_2ab425e0c6,1,1,1,1
756,758,8,2,false,"她那神秘的装扮,",她|那|神秘|的|装扮,8,5,lpw_2ab425e0c6|lpw_5a2362a202|lpw_8af2350cfd,她|那|的,lpw_2ab425e0c6|lpw_5a2362a202|lpw_8af2350cfd,lpw_2ab425e0c6|lpw_5a2362a202|lpw_8af2350cfd,lpw_2ab425e0c6|lpw_5a2362a202|lpw_8af2350cfd,3,3,3,3
757,759,8,2,false,就这样日复一日地延续着。,就|这样|日|复|一日|地|延续|着,12,8,lpw_2f9d9872e5|lpw_b7fc681861|lpw_85217f7aff|lpw_bdbd41e490|lpw_9e5bf0d2d9,就|这样|日|地|着,lpw_2f9d9872e5|lpw_bdbd41e490|lpw_9e5bf0d2d9,lpw_2f9d9872e5|lpw_b7fc681861|lpw_bdbd41e490|lpw_9e5bf0d2d9,lpw_2f9d9872e5|lpw_b7fc681861|lpw_bdbd41e490|lpw_9e5bf0d2d9,5,3,4,4
758,760,8,2,false,"然后,",然后,3,1,lpw_ca4f5ee82e,然后,,,,1,0,0,0
759,761,8,2,false,"有一天早晨,",有|一天|早晨,6,3,lpw_90ce0f66f0|lpw_5448481f38,有|一天,lpw_90ce0f66f0,lpw_90ce0f66f0,lpw_90ce0f66f0,2,1,1,1
760,762,8,2,false,"太阳刚升起的时候,",太阳|刚|升起|的|时候,9,5,lpw_8af2350cfd|lpw_5484678be4,的|时候,lpw_8af2350cfd,lpw_8af2350cfd,lpw_8af2350cfd,2,1,1,1
761,763,8,2,false,她绽放了。,她|绽|放了,5,3,lpw_2ab425e0c6,她,lpw_2ab425e0c6,lpw_2ab425e0c6,lpw_2ab425e0c6,1,1,1,1
762,764,8,2,false,"她精心打扮了那么久,",她|精心|打扮|了|那么|久,10,6,lpw_2ab425e0c6|lpw_b2dd27e84f|lpw_a61f02e145,她|了|那么,lpw_2ab425e0c6|lpw_b2dd27e84f,lpw_2ab425e0c6|lpw_b2dd27e84f,lpw_2ab425e0c6|lpw_b2dd27e84f|lpw_a61f02e145,3,2,2,3
763,765,8,2,false,这会儿却打着哈欠说:,这会儿|却|打|着|哈欠|说,10,6,lpw_da153c5b45|lpw_9e5bf0d2d9|lpw_ccca744613,却|着|说,lpw_9e5bf0d2d9|lpw_ccca744613,lpw_9e5bf0d2d9|lpw_ccca744613,lpw_9e5bf0d2d9|lpw_ccca744613,3,2,2,2
764,766,8,2,false,“啊!我刚睡醒......,啊|我|刚|睡醒,13,4,lpw_7c2c50fbaf|lpw_b70bb4acc0,啊|我,lpw_b70bb4acc0,lpw_b70bb4acc0,lpw_b70bb4acc0,2,1,1,1
765,767,8,2,false,真对不起......,真|对不起,10,2,lpw_827d018e1b,真,,,,1,0,0,0
766,768,8,2,false,头发还是乱蓬蓬的......”,头发|还是|乱蓬蓬|的,15,4,lpw_dfaa7d6f73|lpw_8af2350cfd,还是|的,lpw_8af2350cfd,lpw_8af2350cfd,lpw_8af2350cfd,2,1,1,1
767,769,8,2,false,"这时,",这时,3,1,,,,,,0,0,0,0
768,770,8,2,false,小王子的爱慕之情油然而生:,小王子|的|爱慕|之情|油然而生,13,5,lpw_87f2a033cf|lpw_8af2350cfd,小王子|的,lpw_87f2a033cf|lpw_8af2350cfd,lpw_87f2a033cf|lpw_8af2350cfd,lpw_87f2a033cf|lpw_8af2350cfd,2,2,2,2
769,771,8,2,false,“您真美!”,您|真美,6,2,lpw_9bbfbbc76f,您,,,,1,0,0,0
770,772,8,2,false,"“可不是吗,”",可不是|吗,7,2,lpw_b30391caa1|lpw_5ac1612110,可不是|吗,,,lpw_5ac1612110,2,0,0,1
771,773,8,2,false,"花儿柔声答道,",花儿|柔|声|答|道,7,5,lpw_059ab0f707|lpw_693e132f27|lpw_00a9d5bd97,花儿|声|道,lpw_059ab0f707,lpw_059ab0f707,lpw_059ab0f707|lpw_693e132f27,3,1,1,2
772,774,8,2,false,“我是跟太阳同时出生的嘛......”,我是|跟|太阳|同时|出生|的|嘛,19,7,lpw_06ba27715e|lpw_383a53d95c|lpw_8af2350cfd,我是|跟|的,lpw_8af2350cfd,lpw_8af2350cfd,lpw_383a53d95c|lpw_8af2350cfd,3,1,1,2
773,775,8,2,false,"小王子感觉到了她不太谦虚,",小王子|感觉|到了|她|不太|谦虚,13,6,lpw_87f2a033cf|lpw_2ab425e0c6,小王子|她,lpw_87f2a033cf|lpw_2ab425e0c6,lpw_87f2a033cf|lpw_2ab425e0c6,lpw_87f2a033cf|lpw_2ab425e0c6,2,2,2,2
774,776,8,2,false,不过她实在太楚楚动人了!,不过|她|实在|太|楚楚|动人|了,12,7,lpw_72113362c6|lpw_2ab425e0c6|lpw_e7ace7adf2|lpw_b2dd27e84f,不过|她|太|了,lpw_2ab425e0c6|lpw_b2dd27e84f,lpw_2ab425e0c6|lpw_b2dd27e84f,lpw_72113362c6|lpw_2ab425e0c6|lpw_e7ace7adf2|lpw_b2dd27e84f,4,2,2,4
775,777,8,2,false,"“我想,",我想,4,1,lpw_42230da180,我想,,,,1,0,0,0
776,778,8,2,false,"现在该是用早餐的时间了,”",现在|该|是用|早餐|的|时间|了,13,7,lpw_43584f37c1|lpw_8af2350cfd|lpw_8b6ff49851|lpw_b2dd27e84f,现在|的|时间|了,lpw_8af2350cfd|lpw_b2dd27e84f,lpw_8af2350cfd|lpw_b2dd27e84f,lpw_8af2350cfd|lpw_b2dd27e84f,4,2,2,2
777,779,8,2,false,"她随即又说,",她|随即|又|说,6,4,lpw_2ab425e0c6|lpw_e71ce5deab|lpw_ccca744613,她|又|说,lpw_2ab425e0c6|lpw_e71ce5deab|lpw_ccca744613,lpw_2ab425e0c6|lpw_e71ce5deab|lpw_ccca744613,lpw_2ab425e0c6|lpw_e71ce5deab|lpw_ccca744613,3,3,3,3
778,780,8,2,false,“麻烦您也给我......”,麻烦|您|也|给|我,14,5,lpw_9bbfbbc76f|lpw_658605835b|lpw_6e55fb9d8a|lpw_b70bb4acc0,您|也|给|我,lpw_6e55fb9d8a|lpw_b70bb4acc0,lpw_658605835b|lpw_6e55fb9d8a|lpw_b70bb4acc0,lpw_658605835b|lpw_6e55fb9d8a|lpw_b70bb4acc0,4,2,3,3
779,781,8,2,false,"小王子很不好意思,",小王子|很|不好意思,9,3,lpw_87f2a033cf|lpw_f2b91797ea,小王子|很,lpw_87f2a033cf|lpw_f2b91797ea,lpw_87f2a033cf|lpw_f2b91797ea,lpw_87f2a033cf|lpw_f2b91797ea,2,2,2,2
780,782,8,2,false,"于是就打来一壶清水,",于是就|打|来|一壶|清水,10,5,lpw_6d8229118c,来,lpw_6d8229118c,lpw_6d8229118c,lpw_6d8229118c,1,1,1,1
781,783,8,2,false,给这朵花儿浇水。,给|这|朵|花儿|浇水,8,5,lpw_6e55fb9d8a|lpw_d409ab2ab3|lpw_0da9a35a4b|lpw_059ab0f707,给|这|朵|花儿,lpw_6e55fb9d8a|lpw_d409ab2ab3|lpw_059ab0f707,lpw_6e55fb9d8a|lpw_d409ab2ab3|lpw_059ab0f707,lpw_6e55fb9d8a|lpw_d409ab2ab3|lpw_059ab0f707,4,3,3,3
782,784,8,2,false,"就这样,",就|这样,4,2,lpw_2f9d9872e5|lpw_b7fc681861,就|这样,lpw_2f9d9872e5,lpw_2f9d9872e5|lpw_b7fc681861,lpw_2f9d9872e5|lpw_b7fc681861,2,1,2,2
783,785,8,2,false,"她带着点多疑的虚荣心,",她|带|着|点|多疑|的|虚荣|心,11,8,lpw_2ab425e0c6|lpw_9e5bf0d2d9|lpw_08dddeac13|lpw_8af2350cfd,她|着|点|的,lpw_2ab425e0c6|lpw_9e5bf0d2d9|lpw_8af2350cfd,lpw_2ab425e0c6|lpw_9e5bf0d2d9|lpw_8af2350cfd,lpw_2ab425e0c6|lpw_9e5bf0d2d9|lpw_8af2350cfd,4,3,3,3
784,786,8,2,false,很快就把他折磨得够呛。,很快|就把|他|折磨|得|够|呛,11,7,lpw_8b7b91e000|lpw_71b1ed1114,他|得,lpw_8b7b91e000,lpw_8b7b91e000|lpw_71b1ed1114,lpw_8b7b91e000|lpw_71b1ed1114,2,1,2,2
785,787,8,2,false,"比如说,",比如|说,4,2,lpw_ccca744613,说,lpw_ccca744613,lpw_ccca744613,lpw_ccca744613,1,1,1,1
786,788,8,2,false,"有一天说起她的四根刺,",有|一天|说|起|她|的|四|根|刺,11,9,lpw_90ce0f66f0|lpw_5448481f38|lpw_ccca744613|lpw_2ab425e0c6|lpw_8af2350cfd|lpw_754a9d5828|lpw_b2ddecd32a,有|一天|说|她|的|四|刺,lpw_90ce0f66f0|lpw_ccca744613|lpw_2ab425e0c6|lpw_8af2350cfd,lpw_90ce0f66f0|lpw_ccca744613|lpw_2ab425e0c6|lpw_8af2350cfd,lpw_90ce0f66f0|lpw_ccca744613|lpw_2ab425e0c6|lpw_8af2350cfd,7,4,4,4
787,789,8,2,false,她对小王子说:,她|对|小王子|说,7,4,lpw_2ab425e0c6|lpw_74570c7270|lpw_87f2a033cf|lpw_ccca744613,她|对|小王子|说,lpw_2ab425e0c6|lpw_74570c7270|lpw_87f2a033cf|lpw_ccca744613,lpw_2ab425e0c6|lpw_74570c7270|lpw_87f2a033cf|lpw_ccca744613,lpw_2ab425e0c6|lpw_74570c7270|lpw_87f2a033cf|lpw_ccca744613,4,4,4,4
788,790,8,2,false,"“那些老虎,",那些|老虎,6,2,lpw_abd258db99,那些,,,lpw_abd258db99,1,0,0,1
789,791,8,2,false,让它们张着爪子来好了!”,让|它们|张|着|爪子|来|好了,12,7,lpw_ad37574404|lpw_c40b3d2880|lpw_9e5bf0d2d9|lpw_6d8229118c,让|它们|着|来,lpw_ad37574404|lpw_9e5bf0d2d9|lpw_6d8229118c,lpw_ad37574404|lpw_c40b3d2880|lpw_9e5bf0d2d9|lpw_6d8229118c,lpw_ad37574404|lpw_c40b3d2880|lpw_9e5bf0d2d9|lpw_6d8229118c,4,3,4,4
790,792,8,2,false,"“我的星球上没有老虎,”",我|的|星球|上|没有|老虎,12,6,lpw_b70bb4acc0|lpw_8af2350cfd|lpw_62f2d6c1a1|lpw_db5ba671d2|lpw_f127804b92,我|的|星球|上|没有,lpw_b70bb4acc0|lpw_8af2350cfd|lpw_62f2d6c1a1|lpw_db5ba671d2,lpw_b70bb4acc0|lpw_8af2350cfd|lpw_62f2d6c1a1|lpw_db5ba671d2|lpw_f127804b92,lpw_b70bb4acc0|lpw_8af2350cfd|lpw_62f2d6c1a1|lpw_db5ba671d2|lpw_f127804b92,5,4,5,5
791,793,8,2,false,"小王子顶了她一句,",小王子|顶了|她|一句,9,4,lpw_87f2a033cf|lpw_2ab425e0c6,小王子|她,lpw_87f2a033cf|lpw_2ab425e0c6,lpw_87f2a033cf|lpw_2ab425e0c6,lpw_87f2a033cf|lpw_2ab425e0c6,2,2,2,2
792,794,8,2,false,"“再说,",再说,4,1,,,,,,0,0,0,0
793,795,8,2,false,老虎也不吃草呀。”,老虎|也不|吃草|呀,9,4,lpw_941252022a|lpw_03fe6b38e7,也不|呀,,,lpw_03fe6b38e7,2,0,0,1
794,796,8,2,false,"“我不是草,”",我不是|草,7,2,,,,,,0,0,0,0
795,797,8,2,false,花儿柔声答道。,花儿|柔|声|答|道,7,5,lpw_059ab0f707|lpw_693e132f27|lpw_00a9d5bd97,花儿|声|道,lpw_059ab0f707,lpw_059ab0f707,lpw_059ab0f707|lpw_693e132f27,3,1,1,2
796,798,8,2,false,“对不起......”,对不起,11,1,,,,,,0,0,0,0
797,799,8,2,false,"“我不怕老虎,",我|不怕|老虎,7,3,lpw_b70bb4acc0,我,lpw_b70bb4acc0,lpw_b70bb4acc0,lpw_b70bb4acc0,1,1,1,1
798,800,8,2,false,可我怕风。,可|我|怕|风,5,4,lpw_8b9cefa38e|lpw_b70bb4acc0|lpw_be65bd5518,可|我|风,lpw_b70bb4acc0,lpw_8b9cefa38e|lpw_b70bb4acc0,lpw_8b9cefa38e|lpw_b70bb4acc0,3,1,2,2
799,801,8,2,false,您没有风障吗?”,您|没有|风|障|吗,8,5,lpw_9bbfbbc76f|lpw_f127804b92|lpw_be65bd5518|lpw_5ac1612110,您|没有|风|吗,,lpw_f127804b92,lpw_f127804b92|lpw_5ac1612110,4,0,1,2
800,802,8,2,false,“怕风......,怕|风,9,2,lpw_be65bd5518,风,,,,1,0,0,0
801,803,8,2,false,"一棵植物到了这份上,",一棵|植物|到了|这|份|上,10,6,lpw_d409ab2ab3|lpw_db5ba671d2,这|上,lpw_d409ab2ab3|lpw_db5ba671d2,lpw_d409ab2ab3|lpw_db5ba671d2,lpw_d409ab2ab3|lpw_db5ba671d2,2,2,2,2
802,804,8,2,false,"那可惨了,”",那|可|惨|了,6,4,lpw_5a2362a202|lpw_8b9cefa38e|lpw_b2dd27e84f,那|可|了,lpw_5a2362a202|lpw_b2dd27e84f,lpw_5a2362a202|lpw_8b9cefa38e|lpw_b2dd27e84f,lpw_5a2362a202|lpw_8b9cefa38e|lpw_b2dd27e84f,3,2,3,3
803,805,8,2,false,"小王子轻声说,",小王子|轻声|说,7,3,lpw_87f2a033cf|lpw_ccca744613,小王子|说,lpw_87f2a033cf|lpw_ccca744613,lpw_87f2a033cf|lpw_ccca744613,lpw_87f2a033cf|lpw_ccca744613,2,2,2,2
804,806,8,2,false,“花儿可真难伺候......”,花儿|可|真难|伺候,15,4,lpw_059ab0f707|lpw_8b9cefa38e,花儿|可,lpw_059ab0f707,lpw_059ab0f707|lpw_8b9cefa38e,lpw_059ab0f707|lpw_8b9cefa38e,2,1,2,2
805,807,8,2,false,“晚上您要把我罩起来。,晚上|您要|把|我|罩|起来,11,6,lpw_a9b1124b34|lpw_2442748e41|lpw_b70bb4acc0|lpw_b8a694b2df,晚上|把|我|起来,lpw_b70bb4acc0,lpw_2442748e41|lpw_b70bb4acc0,lpw_2442748e41|lpw_b70bb4acc0|lpw_b8a694b2df,4,1,2,3
806,808,8,2,false,您这儿很冷。,您|这儿|很|冷,6,4,lpw_9bbfbbc76f|lpw_19a29e87c9|lpw_f2b91797ea,您|这儿|很,lpw_f2b91797ea,lpw_19a29e87c9|lpw_f2b91797ea,lpw_19a29e87c9|lpw_f2b91797ea,3,1,2,2
807,809,8,2,false,又没安顿好。,又|没|安顿|好,6,4,lpw_e71ce5deab|lpw_279e8b3573|lpw_f867f34178,又|没|好,lpw_e71ce5deab,lpw_e71ce5deab|lpw_279e8b3573|lpw_f867f34178,lpw_e71ce5deab|lpw_279e8b3573|lpw_f867f34178,3,1,3,3
808,810,8,2,false,我来的那地方......”,我来|的|那|地方,13,4,lpw_8af2350cfd|lpw_5a2362a202|lpw_1462a7d853,的|那|地方,lpw_8af2350cfd|lpw_5a2362a202,lpw_8af2350cfd|lpw_5a2362a202,lpw_8af2350cfd|lpw_5a2362a202|lpw_1462a7d853,3,2,2,3
809,811,8,2,false,可是她没说下去。,可是|她|没|说下去,8,4,lpw_38ca4a9c76|lpw_2ab425e0c6|lpw_279e8b3573,可是|她|没,lpw_2ab425e0c6,lpw_38ca4a9c76|lpw_2ab425e0c6|lpw_279e8b3573,lpw_38ca4a9c76|lpw_2ab425e0c6|lpw_279e8b3573,3,1,3,3
810,812,8,2,false,她来的时候是颗种子。,她来|的|时候|是|颗|种子,10,6,lpw_8af2350cfd|lpw_5484678be4|lpw_b5141d3d19|lpw_09901d3de2,的|时候|是|颗,lpw_8af2350cfd|lpw_b5141d3d19,lpw_8af2350cfd|lpw_b5141d3d19,lpw_8af2350cfd|lpw_b5141d3d19,4,2,2,2
811,813,8,2,false,她不可能知道别的世界是怎么样的。,她|不可能|知道|别的|世界|是|怎么|样|的,16,9,lpw_2ab425e0c6|lpw_d7b6472b11|lpw_3966c0d55d|lpw_b5141d3d19|lpw_5ee8091a38|lpw_8af2350cfd,她|知道|别的|是|怎么|的,lpw_2ab425e0c6|lpw_b5141d3d19|lpw_8af2350cfd,lpw_2ab425e0c6|lpw_d7b6472b11|lpw_b5141d3d19|lpw_8af2350cfd,lpw_2ab425e0c6|lpw_d7b6472b11|lpw_b5141d3d19|lpw_8af2350cfd,6,3,4,4
812,814,8,2,false,"让人发现她说的谎这么不高明,",让|人|发现|她|说的|谎|这么|不|高明,14,9,lpw_ad37574404|lpw_50f5d65d57|lpw_10493d06b9|lpw_2ab425e0c6|lpw_7677ca84c6|lpw_b02dfe2160,让|人|发现|她|这么|不,lpw_ad37574404|lpw_50f5d65d57|lpw_2ab425e0c6,lpw_ad37574404|lpw_50f5d65d57|lpw_2ab425e0c6|lpw_b02dfe2160,lpw_ad37574404|lpw_50f5d65d57|lpw_2ab425e0c6|lpw_7677ca84c6|lpw_b02dfe2160,6,3,4,5
813,815,8,2,false,"她又羞又恼,",她|又|羞|又|恼,6,5,lpw_2ab425e0c6|lpw_e71ce5deab,她|又,lpw_2ab425e0c6|lpw_e71ce5deab,lpw_2ab425e0c6|lpw_e71ce5deab,lpw_2ab425e0c6|lpw_e71ce5deab,2,2,2,2
814,816,8,2,false,"就咳了两三声嗽,",就|咳|了|两|三|声|嗽,8,7,lpw_2f9d9872e5|lpw_b2dd27e84f|lpw_83385d2eda|lpw_a4c3313deb|lpw_693e132f27,就|了|两|三|声,lpw_2f9d9872e5|lpw_b2dd27e84f,lpw_2f9d9872e5|lpw_b2dd27e84f,lpw_2f9d9872e5|lpw_b2dd27e84f|lpw_693e132f27,5,2,2,3
815,817,8,2,false,想让小王子觉得理亏:,想|让|小王子|觉得|理|亏,10,6,lpw_df0d251938|lpw_ad37574404|lpw_87f2a033cf|lpw_78c82d9f41,想|让|小王子|觉得,lpw_ad37574404|lpw_87f2a033cf,lpw_ad37574404|lpw_87f2a033cf,lpw_df0d251938|lpw_ad37574404|lpw_87f2a033cf|lpw_78c82d9f41,4,2,2,4
816,818,8,2,false,“风障呢?”,风|障|呢,6,3,lpw_be65bd5518|lpw_02811cec0b,风|呢,lpw_02811cec0b,lpw_02811cec0b,lpw_02811cec0b,2,1,1,1
817,819,8,2,false,"“我正要去拿,",我|正要|去|拿,7,4,lpw_b70bb4acc0|lpw_99ae21ea6c,我|去,lpw_b70bb4acc0,lpw_b70bb4acc0|lpw_99ae21ea6c,lpw_b70bb4acc0|lpw_99ae21ea6c,2,1,2,2
818,820,8,2,false,可您跟我搭话了!”,可|您|跟|我|搭|话|了,9,7,lpw_8b9cefa38e|lpw_9bbfbbc76f|lpw_383a53d95c|lpw_b70bb4acc0|lpw_036f781126|lpw_b2dd27e84f,可|您|跟|我|话|了,lpw_b70bb4acc0|lpw_b2dd27e84f,lpw_8b9cefa38e|lpw_b70bb4acc0|lpw_b2dd27e84f,lpw_8b9cefa38e|lpw_383a53d95c|lpw_b70bb4acc0|lpw_b2dd27e84f,6,2,3,4
819,821,8,2,false,"于是她咳得更重了些,",于是|她|咳得|更重|了|些,10,6,lpw_3617c85a66|lpw_2ab425e0c6|lpw_b2dd27e84f|lpw_af76fed85c,于是|她|了|些,lpw_2ab425e0c6|lpw_b2dd27e84f,lpw_2ab425e0c6|lpw_b2dd27e84f,lpw_2ab425e0c6|lpw_b2dd27e84f,4,2,2,2
820,822,8,2,false,"不管怎么说,",不管怎么|说,6,2,lpw_ccca744613,说,lpw_ccca744613,lpw_ccca744613,lpw_ccca744613,1,1,1,1
821,823,8,2,false,她非让他感到内疚不可。,她|非|让|他|感到|内疚|不可,11,7,lpw_2ab425e0c6|lpw_ad37574404|lpw_8b7b91e000|lpw_15c2457566,她|让|他|感到,lpw_2ab425e0c6|lpw_ad37574404|lpw_8b7b91e000,lpw_2ab425e0c6|lpw_ad37574404|lpw_8b7b91e000,lpw_2ab425e0c6|lpw_ad37574404|lpw_8b7b91e000|lpw_15c2457566,4,3,3,4
822,824,8,2,false,"就这样,",就|这样,4,2,lpw_2f9d9872e5|lpw_b7fc681861,就|这样,lpw_2f9d9872e5,lpw_2f9d9872e5|lpw_b7fc681861,lpw_2f9d9872e5|lpw_b7fc681861,2,1,2,2
823,825,8,2,false,"小王子尽管真心真意喜欢这朵花儿,",小王子|尽管|真心真意|喜欢|这|朵|花儿,16,7,lpw_87f2a033cf|lpw_653b04330b|lpw_d409ab2ab3|lpw_0da9a35a4b|lpw_059ab0f707,小王子|喜欢|这|朵|花儿,lpw_87f2a033cf|lpw_d409ab2ab3|lpw_059ab0f707,lpw_87f2a033cf|lpw_d409ab2ab3|lpw_059ab0f707,lpw_87f2a033cf|lpw_d409ab2ab3|lpw_059ab0f707,5,3,3,3
824,826,8,2,false,可还是很快就对她起了疑心。,可|还是|很快|就|对|她|起了|疑心,13,8,lpw_8b9cefa38e|lpw_dfaa7d6f73|lpw_2f9d9872e5|lpw_74570c7270|lpw_2ab425e0c6,可|还是|就|对|她,lpw_2f9d9872e5|lpw_74570c7270|lpw_2ab425e0c6,lpw_8b9cefa38e|lpw_2f9d9872e5|lpw_74570c7270|lpw_2ab425e0c6,lpw_8b9cefa38e|lpw_2f9d9872e5|lpw_74570c7270|lpw_2ab425e0c6,5,3,4,4
825,827,8,2,false,"他对那些无关紧要的话太当真了,",他|对|那些|无关|紧要|的话|太|当|真|了,15,10,lpw_8b7b91e000|lpw_74570c7270|lpw_abd258db99|lpw_9b952dd4e3|lpw_e7ace7adf2|lpw_142d843e71|lpw_827d018e1b|lpw_b2dd27e84f,他|对|那些|的话|太|当|真|了,lpw_8b7b91e000|lpw_74570c7270|lpw_b2dd27e84f,lpw_8b7b91e000|lpw_74570c7270|lpw_b2dd27e84f,lpw_8b7b91e000|lpw_74570c7270|lpw_abd258db99|lpw_e7ace7adf2|lpw_b2dd27e84f,8,3,3,5
826,828,8,2,false,结果自己很苦恼。,结果|自己|很|苦恼,8,4,lpw_fb43354d2a|lpw_f2b91797ea,自己|很,lpw_f2b91797ea,lpw_fb43354d2a|lpw_f2b91797ea,lpw_fb43354d2a|lpw_f2b91797ea,2,1,2,2
827,829,8,2,false,"“我本来不该去听她说什么的,”",我|本来|不该|去|听|她|说|什么|的,15,9,lpw_b70bb4acc0|lpw_99ae21ea6c|lpw_1f2eb2608d|lpw_2ab425e0c6|lpw_ccca744613|lpw_c1b52e0e64|lpw_8af2350cfd,我|去|听|她|说|什么|的,lpw_b70bb4acc0|lpw_2ab425e0c6|lpw_ccca744613|lpw_c1b52e0e64|lpw_8af2350cfd,lpw_b70bb4acc0|lpw_99ae21ea6c|lpw_2ab425e0c6|lpw_ccca744613|lpw_c1b52e0e64|lpw_8af2350cfd,lpw_b70bb4acc0|lpw_99ae21ea6c|lpw_2ab425e0c6|lpw_ccca744613|lpw_c1b52e0e64|lpw_8af2350cfd,7,5,6,6
828,830,8,2,false,"有一天他对我说了心里话,",有|一天|他|对|我|说|了|心里|话,12,9,lpw_90ce0f66f0|lpw_5448481f38|lpw_8b7b91e000|lpw_74570c7270|lpw_b70bb4acc0|lpw_ccca744613|lpw_b2dd27e84f|lpw_036f781126,有|一天|他|对|我|说|了|话,lpw_90ce0f66f0|lpw_8b7b91e000|lpw_74570c7270|lpw_b70bb4acc0|lpw_ccca744613|lpw_b2dd27e84f,lpw_90ce0f66f0|lpw_8b7b91e000|lpw_74570c7270|lpw_b70bb4acc0|lpw_ccca744613|lpw_b2dd27e84f,lpw_90ce0f66f0|lpw_8b7b91e000|lpw_74570c7270|lpw_b70bb4acc0|lpw_ccca744613|lpw_b2dd27e84f,8,6,6,6
829,831,8,2,false,"“花儿说的话,",花儿|说|的话,7,3,lpw_059ab0f707|lpw_ccca744613|lpw_9b952dd4e3,花儿|说|的话,lpw_059ab0f707|lpw_ccca744613,lpw_059ab0f707|lpw_ccca744613,lpw_059ab0f707|lpw_ccca744613,3,2,2,2
830,832,8,2,false,是听不得的。,是|听|不得|的,6,4,lpw_b5141d3d19|lpw_1f2eb2608d|lpw_8af2350cfd,是|听|的,lpw_b5141d3d19|lpw_8af2350cfd,lpw_b5141d3d19|lpw_8af2350cfd,lpw_b5141d3d19|lpw_8af2350cfd,3,2,2,2
831,833,8,2,false,"花儿是让人看,",花儿|是|让|人|看,7,5,lpw_059ab0f707|lpw_b5141d3d19|lpw_ad37574404|lpw_50f5d65d57|lpw_61f43315f9,花儿|是|让|人|看,lpw_059ab0f707|lpw_b5141d3d19|lpw_ad37574404|lpw_50f5d65d57,lpw_059ab0f707|lpw_b5141d3d19|lpw_ad37574404|lpw_50f5d65d57,lpw_059ab0f707|lpw_b5141d3d19|lpw_ad37574404|lpw_50f5d65d57|lpw_61f43315f9,5,4,4,5
832,834,8,2,false,让人闻的。,让|人|闻|的,5,4,lpw_ad37574404|lpw_50f5d65d57|lpw_8af2350cfd,让|人|的,lpw_ad37574404|lpw_50f5d65d57|lpw_8af2350cfd,lpw_ad37574404|lpw_50f5d65d57|lpw_8af2350cfd,lpw_ad37574404|lpw_50f5d65d57|lpw_8af2350cfd,3,3,3,3
833,835,8,2,false,"这朵花儿让我的星球芳香四溢,",这|朵|花儿|让|我|的|星球|芳香|四|溢,14,10,lpw_d409ab2ab3|lpw_0da9a35a4b|lpw_059ab0f707|lpw_ad37574404|lpw_b70bb4acc0|lpw_8af2350cfd|lpw_62f2d6c1a1|lpw_754a9d5828,这|朵|花儿|让|我|的|星球|四,lpw_d409ab2ab3|lpw_059ab0f707|lpw_ad37574404|lpw_b70bb4acc0|lpw_8af2350cfd|lpw_62f2d6c1a1,lpw_d409ab2ab3|lpw_059ab0f707|lpw_ad37574404|lpw_b70bb4acc0|lpw_8af2350cfd|lpw_62f2d6c1a1,lpw_d409ab2ab3|lpw_059ab0f707|lpw_ad37574404|lpw_b70bb4acc0|lpw_8af2350cfd|lpw_62f2d6c1a1,8,6,6,6
834,836,8,2,false,我却不会享受这快乐。,我|却|不会|享受|这|快乐,10,6,lpw_b70bb4acc0|lpw_da153c5b45|lpw_c7ae73a94d|lpw_d409ab2ab3,我|却|不会|这,lpw_b70bb4acc0|lpw_d409ab2ab3,lpw_b70bb4acc0|lpw_d409ab2ab3,lpw_b70bb4acc0|lpw_d409ab2ab3,4,2,2,2
835,837,8,2,false,"老虎爪子那些话,",老虎|爪子|那些|话,8,4,lpw_abd258db99|lpw_036f781126,那些|话,,,lpw_abd258db99,2,0,0,1
836,838,8,2,false,"惹得我那么生气,",惹得|我|那么|生气,8,4,lpw_b70bb4acc0|lpw_a61f02e145,我|那么,lpw_b70bb4acc0,lpw_b70bb4acc0,lpw_b70bb4acc0|lpw_a61f02e145,2,1,1,2
837,839,8,2,false,其实我该同情她才是......”,其实|我|该|同情|她|才是,16,6,lpw_b70bb4acc0|lpw_2ab425e0c6,我|她,lpw_b70bb4acc0|lpw_2ab425e0c6,lpw_b70bb4acc0|lpw_2ab425e0c6,lpw_b70bb4acc0|lpw_2ab425e0c6,2,2,2,2
838,840,8,2,false,他还对我说:,他|还|对|我|说,6,5,lpw_8b7b91e000|lpw_1bc709b8bf|lpw_74570c7270|lpw_b70bb4acc0|lpw_ccca744613,他|还|对|我|说,lpw_8b7b91e000|lpw_74570c7270|lpw_b70bb4acc0|lpw_ccca744613,lpw_8b7b91e000|lpw_74570c7270|lpw_b70bb4acc0|lpw_ccca744613,lpw_8b7b91e000|lpw_1bc709b8bf|lpw_74570c7270|lpw_b70bb4acc0|lpw_ccca744613,5,4,4,5
839,841,8,2,false,“我当时什么也不懂!,我|当时|什么|也|不懂,10,5,lpw_b70bb4acc0|lpw_c1b52e0e64|lpw_658605835b,我|什么|也,lpw_b70bb4acc0|lpw_c1b52e0e64,lpw_b70bb4acc0|lpw_c1b52e0e64|lpw_658605835b,lpw_b70bb4acc0|lpw_c1b52e0e64|lpw_658605835b,3,2,3,3
840,842,8,2,false,"看她这个人,",看|她|这个|人,6,4,lpw_61f43315f9|lpw_2ab425e0c6|lpw_979e2bc35b|lpw_50f5d65d57,看|她|这个|人,lpw_2ab425e0c6|lpw_50f5d65d57,lpw_2ab425e0c6|lpw_979e2bc35b|lpw_50f5d65d57,lpw_61f43315f9|lpw_2ab425e0c6|lpw_979e2bc35b|lpw_50f5d65d57,4,2,3,4
841,843,8,2,false,"应该看她做什么,",应该|看|她|做|什么,8,5,lpw_61f43315f9|lpw_2ab425e0c6|lpw_94f5404441|lpw_c1b52e0e64,看|她|做|什么,lpw_2ab425e0c6|lpw_c1b52e0e64,lpw_2ab425e0c6|lpw_c1b52e0e64,lpw_61f43315f9|lpw_2ab425e0c6|lpw_c1b52e0e64,4,2,2,3
842,844,8,2,false,而不是听她说什么。,而不是|听|她|说|什么,9,5,lpw_1f2eb2608d|lpw_2ab425e0c6|lpw_ccca744613|lpw_c1b52e0e64,听|她|说|什么,lpw_2ab425e0c6|lpw_ccca744613|lpw_c1b52e0e64,lpw_2ab425e0c6|lpw_ccca744613|lpw_c1b52e0e64,lpw_2ab425e0c6|lpw_ccca744613|lpw_c1b52e0e64,4,3,3,3
843,845,8,2,false,"她给了我芳香,",她|给|了|我|芳香,7,5,lpw_2ab425e0c6|lpw_6e55fb9d8a|lpw_b2dd27e84f|lpw_b70bb4acc0,她|给|了|我,lpw_2ab425e0c6|lpw_6e55fb9d8a|lpw_b2dd27e84f|lpw_b70bb4acc0,lpw_2ab425e0c6|lpw_6e55fb9d8a|lpw_b2dd27e84f|lpw_b70bb4acc0,lpw_2ab425e0c6|lpw_6e55fb9d8a|lpw_b2dd27e84f|lpw_b70bb4acc0,4,4,4,4
844,846,8,2,false,给了我光彩。,给|了|我|光彩,6,4,lpw_6e55fb9d8a|lpw_b2dd27e84f|lpw_b70bb4acc0,给|了|我,lpw_6e55fb9d8a|lpw_b2dd27e84f|lpw_b70bb4acc0,lpw_6e55fb9d8a|lpw_b2dd27e84f|lpw_b70bb4acc0,lpw_6e55fb9d8a|lpw_b2dd27e84f|lpw_b70bb4acc0,3,3,3,3
845,847,8,2,false,我真不该逃走!,我|真|不该|逃走,7,4,lpw_b70bb4acc0|lpw_827d018e1b,我|真,lpw_b70bb4acc0,lpw_b70bb4acc0,lpw_b70bb4acc0,2,1,1,1
846,848,8,2,false,我本该猜到她那小小花招背后的一片柔情。,我|本|该|猜到|她|那|小小|花招|背后|的|一片|柔情,19,12,lpw_b70bb4acc0|lpw_2ab425e0c6|lpw_5a2362a202|lpw_8af2350cfd,我|她|那|的,lpw_b70bb4acc0|lpw_2ab425e0c6|lpw_5a2362a202|lpw_8af2350cfd,lpw_b70bb4acc0|lpw_2ab425e0c6|lpw_5a2362a202|lpw_8af2350cfd,lpw_b70bb4acc0|lpw_2ab425e0c6|lpw_5a2362a202|lpw_8af2350cfd,4,4,4,4
847,849,8,2,false,花儿总是这么表里不一!,花儿|总是|这么|表里不一,11,4,lpw_059ab0f707|lpw_7677ca84c6,花儿|这么,lpw_059ab0f707,lpw_059ab0f707,lpw_059ab0f707|lpw_7677ca84c6,2,1,1,2
848,850,8,2,false,"可惜当时我太年轻,",可惜|当时|我|太|年轻,9,5,lpw_b70bb4acc0|lpw_e7ace7adf2,我|太,lpw_b70bb4acc0,lpw_b70bb4acc0,lpw_b70bb4acc0|lpw_e7ace7adf2,2,1,1,2
849,851,8,2,false,还不懂得怎么去爱她。”,还|不|懂得|怎么|去|爱她,11,6,lpw_1bc709b8bf|lpw_b02dfe2160|lpw_5ee8091a38|lpw_99ae21ea6c,还|不|怎么|去,,lpw_b02dfe2160|lpw_99ae21ea6c,lpw_1bc709b8bf|lpw_b02dfe2160|lpw_99ae21ea6c,4,0,2,3
850,852,9,2,true,9,,1,0,,,,,,0,0,0,0
851,853,9,2,false,我想他是趁一群野鸟迁徙的机会出走的。,我想|他是|趁|一群|野|鸟|迁徙|的|机会|出走|的,18,11,lpw_42230da180|lpw_8af2350cfd,我想|的,lpw_8af2350cfd,lpw_8af2350cfd,lpw_8af2350cfd,2,1,1,1
852,854,9,2,false,"动身的那天早晨,",动身|的|那天|早晨,8,4,lpw_8af2350cfd,的,lpw_8af2350cfd,lpw_8af2350cfd,lpw_8af2350cfd,1,1,1,1
853,855,9,2,false,他把星球收拾得井井有条。,他|把|星球|收拾|得|井井有条,12,6,lpw_8b7b91e000|lpw_2442748e41|lpw_62f2d6c1a1|lpw_71b1ed1114,他|把|星球|得,lpw_8b7b91e000|lpw_62f2d6c1a1,lpw_8b7b91e000|lpw_2442748e41|lpw_62f2d6c1a1|lpw_71b1ed1114,lpw_8b7b91e000|lpw_2442748e41|lpw_62f2d6c1a1|lpw_71b1ed1114,4,2,4,4
854,856,9,2,false,他仔细地疏通了活火山。,他|仔细|地|疏通|了|活|火山,11,7,lpw_8b7b91e000|lpw_bdbd41e490|lpw_b2dd27e84f|lpw_dc749837f4,他|地|了|火山,lpw_8b7b91e000|lpw_bdbd41e490|lpw_b2dd27e84f,lpw_8b7b91e000|lpw_bdbd41e490|lpw_b2dd27e84f,lpw_8b7b91e000|lpw_bdbd41e490|lpw_b2dd27e84f,4,3,3,3
855,857,9,2,false,"星球上有两座活火山,",星球|上有|两|座|活|火山,10,6,lpw_62f2d6c1a1|lpw_83385d2eda|lpw_001d9c64f7|lpw_dc749837f4,星球|两|座|火山,lpw_62f2d6c1a1,lpw_62f2d6c1a1,lpw_62f2d6c1a1,4,1,1,1
856,858,9,2,false,热早餐很方便。,热|早餐|很|方便,7,4,lpw_f2b91797ea,很,lpw_f2b91797ea,lpw_f2b91797ea,lpw_f2b91797ea,1,1,1,1
857,859,9,2,false,还有一座死火山。,还有|一座|死|火山,8,4,lpw_83eec76b39|lpw_e2d5460909|lpw_dc749837f4,还有|一座|火山,,,,3,0,0,0
858,860,9,2,false,"不过,",不过,3,1,lpw_72113362c6,不过,,,lpw_72113362c6,1,0,0,1
859,861,9,2,false,正像他所说的:,正像|他所|说的,7,3,,,,,,0,0,0,0
860,862,9,2,false,“谁说得准呢!”,谁|说得|准|呢,8,4,lpw_056b9c6262|lpw_02811cec0b,谁|呢,lpw_02811cec0b,lpw_02811cec0b,lpw_02811cec0b,2,1,1,1
861,863,9,2,false,所以这座死火山也照样要疏通。,所以|这|座|死|火山|也|照样|要|疏通,14,9,lpw_a2f7e42081|lpw_d409ab2ab3|lpw_001d9c64f7|lpw_dc749837f4|lpw_658605835b|lpw_975f35218e,所以|这|座|火山|也|要,lpw_d409ab2ab3,lpw_d409ab2ab3|lpw_658605835b|lpw_975f35218e,lpw_d409ab2ab3|lpw_658605835b|lpw_975f35218e,6,1,3,3
862,864,9,2,false,"火山疏通过了,",火山|疏|通过|了,7,4,lpw_dc749837f4|lpw_b2dd27e84f,火山|了,lpw_b2dd27e84f,lpw_b2dd27e84f,lpw_b2dd27e84f,2,1,1,1
863,865,9,2,false,"就会缓缓地、均匀地燃烧,",就|会|缓缓|地|均匀|地|燃烧,12,7,lpw_2f9d9872e5|lpw_5ba1e3c0eb|lpw_bdbd41e490,就|会|地,lpw_2f9d9872e5|lpw_5ba1e3c0eb|lpw_bdbd41e490,lpw_2f9d9872e5|lpw_5ba1e3c0eb|lpw_bdbd41e490,lpw_2f9d9872e5|lpw_5ba1e3c0eb|lpw_bdbd41e490,3,3,3,3
864,866,9,2,false,不会喷发。,不会|喷发,5,2,lpw_c7ae73a94d,不会,,,,1,0,0,0
865,867,9,2,false,火山喷发跟烟囱冒火是一样的。,火山|喷发|跟|烟囱|冒火|是|一样|的,14,8,lpw_dc749837f4|lpw_383a53d95c|lpw_b5141d3d19|lpw_9dc5c0158d|lpw_8af2350cfd,火山|跟|是|一样|的,lpw_b5141d3d19|lpw_8af2350cfd,lpw_b5141d3d19|lpw_8af2350cfd,lpw_383a53d95c|lpw_b5141d3d19|lpw_9dc5c0158d|lpw_8af2350cfd,5,2,2,4
866,868,9,2,false,"当然,",当然,3,1,lpw_0002e2d87f,当然,,,,1,0,0,0
867,869,9,2,false,"在地球上,",在|地球|上,5,3,lpw_12404a0b63|lpw_eeef861b87|lpw_db5ba671d2,在|地球|上,lpw_12404a0b63|lpw_db5ba671d2,lpw_12404a0b63|lpw_db5ba671d2,lpw_12404a0b63|lpw_eeef861b87|lpw_db5ba671d2,3,2,2,3
868,870,9,2,false,"我们实在太小了,",我们|实在|太|小|了,8,5,lpw_bcacb40df8|lpw_e7ace7adf2|lpw_6a7339bb75|lpw_b2dd27e84f,我们|太|小|了,lpw_b2dd27e84f,lpw_6a7339bb75|lpw_b2dd27e84f,lpw_e7ace7adf2|lpw_6a7339bb75|lpw_b2dd27e84f,4,1,2,3
869,871,9,2,false,没法去疏通火山。,没法|去|疏通|火山,8,4,lpw_99ae21ea6c|lpw_dc749837f4,去|火山,,lpw_99ae21ea6c,lpw_99ae21ea6c,2,0,1,1
870,872,9,2,false,"它们造成那么多麻烦,",它们|造成|那么|多|麻烦,10,5,lpw_c40b3d2880|lpw_a61f02e145|lpw_1940119f05,它们|那么|多,,lpw_c40b3d2880,lpw_c40b3d2880|lpw_a61f02e145,3,0,1,2
871,873,9,2,false,就是由于这个缘故。,就是|由于|这个|缘故,9,4,lpw_88aa006eb3|lpw_979e2bc35b,就是|这个,,lpw_88aa006eb3|lpw_979e2bc35b,lpw_88aa006eb3|lpw_979e2bc35b,2,0,2,2
872,874,9,2,false,小王子还拔掉了刚长出来的几株猴面包树幼苗。,小王子|还|拔掉|了|刚|长|出来|的|几株|猴面包树|幼苗,21,11,lpw_87f2a033cf|lpw_1bc709b8bf|lpw_b2dd27e84f|lpw_597ae23d84|lpw_8af2350cfd|lpw_1ec087a5d0,小王子|还|了|长|的|猴面包树,lpw_87f2a033cf|lpw_b2dd27e84f|lpw_8af2350cfd,lpw_87f2a033cf|lpw_b2dd27e84f|lpw_8af2350cfd,lpw_87f2a033cf|lpw_1bc709b8bf|lpw_b2dd27e84f|lpw_8af2350cfd,6,3,3,4
873,875,9,2,false,"他心情有点忧郁,",他|心情|有点|忧郁,8,4,lpw_8b7b91e000|lpw_29506aa712,他|有点,lpw_8b7b91e000,lpw_8b7b91e000,lpw_8b7b91e000|lpw_29506aa712,2,1,1,2
874,876,9,2,false,心想这一走就再也回不来了。,心想|这|一|走|就|再也|回|不|来|了,13,10,lpw_d409ab2ab3|lpw_51a75f4634|lpw_f66de6c4cd|lpw_2f9d9872e5|lpw_b02dfe2160|lpw_6d8229118c|lpw_b2dd27e84f,这|一|走|就|不|来|了,lpw_d409ab2ab3|lpw_2f9d9872e5|lpw_6d8229118c|lpw_b2dd27e84f,lpw_d409ab2ab3|lpw_51a75f4634|lpw_2f9d9872e5|lpw_b02dfe2160|lpw_6d8229118c|lpw_b2dd27e84f,lpw_d409ab2ab3|lpw_51a75f4634|lpw_2f9d9872e5|lpw_b02dfe2160|lpw_6d8229118c|lpw_b2dd27e84f,7,4,6,6
875,877,9,2,false,"所有这些习惯的活儿,",所有|这些|习惯|的|活儿,10,5,lpw_ae99f297e9|lpw_7a590a22cd|lpw_8af2350cfd,所有|这些|的,lpw_8af2350cfd,lpw_8af2350cfd,lpw_7a590a22cd|lpw_8af2350cfd,3,1,1,2
876,878,9,2,false,这天早上都显得格外亲切。,这|天|早上|都|显得|格外|亲切,12,7,lpw_d409ab2ab3|lpw_49da61ceee|lpw_7eabb36ba1,这|天|都,lpw_d409ab2ab3,lpw_d409ab2ab3|lpw_7eabb36ba1,lpw_d409ab2ab3|lpw_49da61ceee|lpw_7eabb36ba1,3,1,2,3
877,879,9,2,false,"而当他最后一次给花儿浇水,",而|当|他|最后|一次|给|花儿|浇水,13,8,lpw_08e2725ce1|lpw_142d843e71|lpw_8b7b91e000|lpw_6e55fb9d8a|lpw_059ab0f707,而|当|他|给|花儿,lpw_8b7b91e000|lpw_6e55fb9d8a|lpw_059ab0f707,lpw_8b7b91e000|lpw_6e55fb9d8a|lpw_059ab0f707,lpw_08e2725ce1|lpw_8b7b91e000|lpw_6e55fb9d8a|lpw_059ab0f707,5,3,3,4
878,880,9,2,false,"准备给它盖上罩子的时候,",准备|给|它|盖|上|罩子|的|时候,12,8,lpw_6e55fb9d8a|lpw_7e9260e925|lpw_db5ba671d2|lpw_8af2350cfd|lpw_5484678be4,给|它|上|的|时候,lpw_6e55fb9d8a|lpw_7e9260e925|lpw_db5ba671d2|lpw_8af2350cfd,lpw_6e55fb9d8a|lpw_7e9260e925|lpw_db5ba671d2|lpw_8af2350cfd,lpw_6e55fb9d8a|lpw_7e9260e925|lpw_db5ba671d2|lpw_8af2350cfd,5,4,4,4
879,881,9,2,false,他只觉得想哭。,他|只|觉得|想哭,7,4,lpw_8b7b91e000|lpw_409e2c3882|lpw_78c82d9f41,他|只|觉得,lpw_8b7b91e000,lpw_8b7b91e000|lpw_409e2c3882,lpw_8b7b91e000|lpw_409e2c3882|lpw_78c82d9f41,3,1,2,3
880,882,9,2,false,"“再见啦,”",再见|啦,6,2,,,,,,0,0,0,0
881,883,9,2,false,他对花儿说。,他|对|花儿|说,6,4,lpw_8b7b91e000|lpw_74570c7270|lpw_059ab0f707|lpw_ccca744613,他|对|花儿|说,lpw_8b7b91e000|lpw_74570c7270|lpw_059ab0f707|lpw_ccca744613,lpw_8b7b91e000|lpw_74570c7270|lpw_059ab0f707|lpw_ccca744613,lpw_8b7b91e000|lpw_74570c7270|lpw_059ab0f707|lpw_ccca744613,4,4,4,4
882,884,9,2,false,可是她没有回答。,可是|她|没有|回答,8,4,lpw_38ca4a9c76|lpw_2ab425e0c6|lpw_f127804b92|lpw_f3f5126487,可是|她|没有|回答,lpw_2ab425e0c6,lpw_38ca4a9c76|lpw_2ab425e0c6|lpw_f127804b92|lpw_f3f5126487,lpw_38ca4a9c76|lpw_2ab425e0c6|lpw_f127804b92|lpw_f3f5126487,4,1,4,4
883,885,9,2,false,"“再见啦,”",再见|啦,6,2,,,,,,0,0,0,0
884,886,9,2,false,他又说了一遍。,他|又|说|了|一遍,7,5,lpw_8b7b91e000|lpw_e71ce5deab|lpw_ccca744613|lpw_b2dd27e84f,他|又|说|了,lpw_8b7b91e000|lpw_e71ce5deab|lpw_ccca744613|lpw_b2dd27e84f,lpw_8b7b91e000|lpw_e71ce5deab|lpw_ccca744613|lpw_b2dd27e84f,lpw_8b7b91e000|lpw_e71ce5deab|lpw_ccca744613|lpw_b2dd27e84f,4,4,4,4
885,887,9,2,false,花儿咳嗽起来。,花儿|咳嗽|起来,7,3,lpw_059ab0f707|lpw_b8a694b2df,花儿|起来,lpw_059ab0f707,lpw_059ab0f707,lpw_059ab0f707|lpw_b8a694b2df,2,1,1,2
886,888,9,2,false,但不是由于感冒。,但|不是|由于|感冒,8,4,lpw_1f863793c6|lpw_584cd0fcf3,但|不是,,,,2,0,0,0
887,889,9,2,false,"“我以前太傻了,”",我|以前|太|傻|了,9,5,lpw_b70bb4acc0|lpw_aa98317793|lpw_e7ace7adf2|lpw_b2dd27e84f,我|以前|太|了,lpw_b70bb4acc0|lpw_b2dd27e84f,lpw_b70bb4acc0|lpw_b2dd27e84f,lpw_b70bb4acc0|lpw_e7ace7adf2|lpw_b2dd27e84f,4,2,2,3
888,890,9,2,false,"她终于开口了,",她|终于|开口|了,7,4,lpw_2ab425e0c6|lpw_b2dd27e84f,她|了,lpw_2ab425e0c6|lpw_b2dd27e84f,lpw_2ab425e0c6|lpw_b2dd27e84f,lpw_2ab425e0c6|lpw_b2dd27e84f,2,2,2,2
889,891,9,2,false,“请你原谅我。,请|你|原谅|我,7,4,lpw_88d5840fab|lpw_a0c7716669|lpw_b70bb4acc0,请|你|我,lpw_a0c7716669|lpw_b70bb4acc0,lpw_a0c7716669|lpw_b70bb4acc0,lpw_a0c7716669|lpw_b70bb4acc0,3,2,2,2
890,892,9,2,false,但愿你能幸福。”,但愿|你|能|幸福,8,4,lpw_a0c7716669|lpw_413c06bcef,你|能,lpw_a0c7716669,lpw_a0c7716669,lpw_a0c7716669,2,1,1,1
891,893,9,2,false,"他感到吃惊的是,",他|感到|吃惊|的是,8,4,lpw_8b7b91e000|lpw_15c2457566|lpw_5e1dc2a833,他|感到|的是,lpw_8b7b91e000,lpw_8b7b91e000,lpw_8b7b91e000|lpw_15c2457566,3,1,1,2
892,894,9,2,false,居然没有一声责备。,居然|没有|一声|责备,9,4,lpw_f127804b92,没有,,lpw_f127804b92,lpw_f127804b92,1,0,1,1
893,895,9,2,false,"他举着罩子,",他|举|着|罩子,6,4,lpw_8b7b91e000|lpw_9e5bf0d2d9,他|着,lpw_8b7b91e000|lpw_9e5bf0d2d9,lpw_8b7b91e000|lpw_9e5bf0d2d9,lpw_8b7b91e000|lpw_9e5bf0d2d9,2,2,2,2
894,896,9,2,false,茫然不知所措地站在那儿。,茫然|不知所措|地|站在|那儿,12,5,lpw_bdbd41e490|lpw_b4444021ad,地|那儿,lpw_bdbd41e490,lpw_bdbd41e490,lpw_bdbd41e490,2,1,1,1
895,897,9,2,false,他不懂这般恬淡的柔情。,他|不懂|这|般|恬淡|的|柔情,11,7,lpw_8b7b91e000|lpw_d409ab2ab3|lpw_8af2350cfd,他|这|的,lpw_8b7b91e000|lpw_d409ab2ab3|lpw_8af2350cfd,lpw_8b7b91e000|lpw_d409ab2ab3|lpw_8af2350cfd,lpw_8b7b91e000|lpw_d409ab2ab3|lpw_8af2350cfd,3,3,3,3
896,898,9,2,false,"“是的,我爱你,”",是|的|我爱你,9,3,lpw_b5141d3d19|lpw_8af2350cfd,是|的,lpw_b5141d3d19|lpw_8af2350cfd,lpw_b5141d3d19|lpw_8af2350cfd,lpw_b5141d3d19|lpw_8af2350cfd,2,2,2,2
897,899,9,2,false,"花儿对他说,",花儿|对|他|说,6,4,lpw_059ab0f707|lpw_74570c7270|lpw_8b7b91e000|lpw_ccca744613,花儿|对|他|说,lpw_059ab0f707|lpw_74570c7270|lpw_8b7b91e000|lpw_ccca744613,lpw_059ab0f707|lpw_74570c7270|lpw_8b7b91e000|lpw_ccca744613,lpw_059ab0f707|lpw_74570c7270|lpw_8b7b91e000|lpw_ccca744613,4,4,4,4
898,900,9,2,false,"“但由于我的过错,",但|由于|我|的|过错,9,5,lpw_1f863793c6|lpw_b70bb4acc0|lpw_8af2350cfd,但|我|的,lpw_b70bb4acc0|lpw_8af2350cfd,lpw_b70bb4acc0|lpw_8af2350cfd,lpw_b70bb4acc0|lpw_8af2350cfd,3,2,2,2
899,901,9,2,false,你一点儿也没领会。,你|一点|儿|也没|领会,9,5,lpw_a0c7716669|lpw_148b16e603|lpw_1ed5efc3dc,你|一点|儿,lpw_a0c7716669,lpw_a0c7716669,lpw_a0c7716669,3,1,1,1
900,902,9,2,false,这没什么要紧。,这|没什么|要紧,7,3,lpw_d409ab2ab3,这,lpw_d409ab2ab3,lpw_d409ab2ab3,lpw_d409ab2ab3,1,1,1,1
901,903,9,2,false,不过你也和我一样傻。,不过|你|也|和|我|一样|傻,10,7,lpw_72113362c6|lpw_a0c7716669|lpw_658605835b|lpw_3d7114281f|lpw_b70bb4acc0|lpw_9dc5c0158d,不过|你|也|和|我|一样,lpw_a0c7716669|lpw_b70bb4acc0,lpw_a0c7716669|lpw_658605835b|lpw_3d7114281f|lpw_b70bb4acc0,lpw_72113362c6|lpw_a0c7716669|lpw_658605835b|lpw_3d7114281f|lpw_b70bb4acc0|lpw_9dc5c0158d,6,2,4,6
902,904,9,2,false,但愿你能幸福......,但愿|你|能|幸福,12,4,lpw_a0c7716669|lpw_413c06bcef,你|能,lpw_a0c7716669,lpw_a0c7716669,lpw_a0c7716669,2,1,1,1
903,905,9,2,false,"把这罩子放在一边吧,",把|这|罩子|放在|一边|吧,10,6,lpw_2442748e41|lpw_d409ab2ab3|lpw_bad8b6c7ae,把|这|吧,lpw_d409ab2ab3,lpw_2442748e41|lpw_d409ab2ab3,lpw_2442748e41|lpw_d409ab2ab3|lpw_bad8b6c7ae,3,1,2,3
904,906,9,2,false,我用不着它了。”,我|用不着|它|了,8,4,lpw_b70bb4acc0|lpw_7e9260e925|lpw_b2dd27e84f,我|它|了,lpw_b70bb4acc0|lpw_7e9260e925|lpw_b2dd27e84f,lpw_b70bb4acc0|lpw_7e9260e925|lpw_b2dd27e84f,lpw_b70bb4acc0|lpw_7e9260e925|lpw_b2dd27e84f,3,3,3,3
905,907,9,2,false,“可是风......”,可是|风,11,2,lpw_38ca4a9c76|lpw_be65bd5518,可是|风,,lpw_38ca4a9c76,lpw_38ca4a9c76,2,0,1,1
906,908,9,2,false,“我并不是那么容易感冒的......,我|并不|是|那么|容易|感冒|的,18,7,lpw_b70bb4acc0|lpw_5b693ea232|lpw_b5141d3d19|lpw_a61f02e145|lpw_8af2350cfd,我|并不|是|那么|的,lpw_b70bb4acc0|lpw_b5141d3d19|lpw_8af2350cfd,lpw_b70bb4acc0|lpw_b5141d3d19|lpw_8af2350cfd,lpw_b70bb4acc0|lpw_b5141d3d19|lpw_a61f02e145|lpw_8af2350cfd,5,3,3,4
907,909,9,2,false,夜晚的新鲜空气对我有好处。,夜晚|的|新鲜|空气|对|我有|好处,13,7,lpw_8af2350cfd|lpw_74570c7270|lpw_59cbe38d1c,的|对|我有,lpw_8af2350cfd|lpw_74570c7270,lpw_8af2350cfd|lpw_74570c7270,lpw_8af2350cfd|lpw_74570c7270,3,2,2,2
908,910,9,2,false,我是一朵花儿。”,我是|一朵|花儿,8,3,lpw_06ba27715e|lpw_aebd6fbbd2|lpw_059ab0f707,我是|一朵|花儿,lpw_059ab0f707,lpw_059ab0f707,lpw_aebd6fbbd2|lpw_059ab0f707,3,1,1,2
909,911,9,2,false,“可是那些虫子和野兽......”,可是|那些|虫子|和|野兽,17,5,lpw_38ca4a9c76|lpw_abd258db99|lpw_3d7114281f,可是|那些|和,,lpw_38ca4a9c76|lpw_3d7114281f,lpw_38ca4a9c76|lpw_abd258db99|lpw_3d7114281f,3,0,2,3
910,912,9,2,false,"“我既然想认识蝴蝶,",我|既然|想|认识|蝴蝶,10,5,lpw_b70bb4acc0|lpw_df0d251938,我|想,lpw_b70bb4acc0,lpw_b70bb4acc0,lpw_b70bb4acc0|lpw_df0d251938,2,1,1,2
911,913,9,2,false,就应该受得了两三条毛虫。,就应该|受得了|两|三条|毛虫,12,5,lpw_83385d2eda,两,,,,1,0,0,0
912,914,9,2,false,我觉得这样挺好。,我|觉得|这样|挺好,8,4,lpw_b70bb4acc0|lpw_78c82d9f41|lpw_b7fc681861,我|觉得|这样,lpw_b70bb4acc0,lpw_b70bb4acc0|lpw_b7fc681861,lpw_b70bb4acc0|lpw_78c82d9f41|lpw_b7fc681861,3,1,2,3
913,915,9,2,false,要不然有谁来看我呢?,要不然|有|谁|来看|我|呢,10,6,lpw_90ce0f66f0|lpw_056b9c6262|lpw_b70bb4acc0|lpw_02811cec0b,有|谁|我|呢,lpw_90ce0f66f0|lpw_b70bb4acc0|lpw_02811cec0b,lpw_90ce0f66f0|lpw_b70bb4acc0|lpw_02811cec0b,lpw_90ce0f66f0|lpw_b70bb4acc0|lpw_02811cec0b,4,3,3,3
914,916,9,2,false,"你,",你,2,1,lpw_a0c7716669,你,lpw_a0c7716669,lpw_a0c7716669,lpw_a0c7716669,1,1,1,1
915,917,9,2,false,你到时候已经走得远远的了。,你|到|时候|已经|走得|远远|的|了,13,8,lpw_a0c7716669|lpw_b56f36b529|lpw_5484678be4|lpw_8ee12e2310|lpw_8af2350cfd|lpw_b2dd27e84f,你|到|时候|已经|的|了,lpw_a0c7716669|lpw_8af2350cfd|lpw_b2dd27e84f,lpw_a0c7716669|lpw_8af2350cfd|lpw_b2dd27e84f,lpw_a0c7716669|lpw_8af2350cfd|lpw_b2dd27e84f,6,3,3,3
916,918,9,2,false,"至于野兽,",至于|野兽,5,2,,,,,,0,0,0,0
917,919,9,2,false,我根本不怕。,我|根本|不怕,6,3,lpw_b70bb4acc0,我,lpw_b70bb4acc0,lpw_b70bb4acc0,lpw_b70bb4acc0,1,1,1,1
918,920,9,2,false,我也有爪子。”,我|也有|爪子,7,3,lpw_b70bb4acc0,我,lpw_b70bb4acc0,lpw_b70bb4acc0,lpw_b70bb4acc0,1,1,1,1
919,921,9,2,false,"说着,",说|着,3,2,lpw_ccca744613|lpw_9e5bf0d2d9,说|着,lpw_ccca744613|lpw_9e5bf0d2d9,lpw_ccca744613|lpw_9e5bf0d2d9,lpw_ccca744613|lpw_9e5bf0d2d9,2,2,2,2
920,922,9,2,false,她天真地让他看那四根刺。,她|天真|地|让|他|看|那|四|根|刺,12,10,lpw_2ab425e0c6|lpw_bdbd41e490|lpw_ad37574404|lpw_8b7b91e000|lpw_61f43315f9|lpw_5a2362a202|lpw_754a9d5828|lpw_b2ddecd32a,她|地|让|他|看|那|四|刺,lpw_2ab425e0c6|lpw_bdbd41e490|lpw_ad37574404|lpw_8b7b91e000|lpw_5a2362a202,lpw_2ab425e0c6|lpw_bdbd41e490|lpw_ad37574404|lpw_8b7b91e000|lpw_5a2362a202,lpw_2ab425e0c6|lpw_bdbd41e490|lpw_ad37574404|lpw_8b7b91e000|lpw_61f43315f9|lpw_5a2362a202,8,5,5,6
921,923,9,2,false,随后她又说:,随后|她|又|说,6,4,lpw_2ab425e0c6|lpw_e71ce5deab|lpw_ccca744613,她|又|说,lpw_2ab425e0c6|lpw_e71ce5deab|lpw_ccca744613,lpw_2ab425e0c6|lpw_e71ce5deab|lpw_ccca744613,lpw_2ab425e0c6|lpw_e71ce5deab|lpw_ccca744613,3,3,3,3
922,924,9,2,false,"“别磨磨蹭蹭的,",别|磨|磨蹭|蹭|的,8,5,lpw_8af2350cfd,的,lpw_8af2350cfd,lpw_8af2350cfd,lpw_8af2350cfd,1,1,1,1
923,925,9,2,false,让人心烦。,让|人心|烦,5,3,lpw_ad37574404,让,lpw_ad37574404,lpw_ad37574404,lpw_ad37574404,1,1,1,1
924,926,9,2,false,你已经决定要走了。,你|已经|决定|要|走了,9,5,lpw_a0c7716669|lpw_8ee12e2310|lpw_975f35218e|lpw_25eba59465,你|已经|要|走了,lpw_a0c7716669,lpw_a0c7716669|lpw_975f35218e,lpw_a0c7716669|lpw_975f35218e,4,1,2,2
925,927,9,2,false,那就走吧。”,那就|走|吧,6,3,lpw_f66de6c4cd|lpw_bad8b6c7ae,走|吧,,,lpw_bad8b6c7ae,2,0,0,1
926,928,9,2,false,因为她不愿意让他看见自己流泪。,因为|她不|愿意|让|他|看见|自己|流泪,15,8,lpw_795cfc96d4|lpw_ad37574404|lpw_8b7b91e000|lpw_7205426737|lpw_fb43354d2a,因为|让|他|看见|自己,lpw_ad37574404|lpw_8b7b91e000,lpw_795cfc96d4|lpw_ad37574404|lpw_8b7b91e000|lpw_fb43354d2a,lpw_795cfc96d4|lpw_ad37574404|lpw_8b7b91e000|lpw_7205426737|lpw_fb43354d2a,5,2,4,5
927,929,9,2,false,她是一朵如此骄傲的花儿......,她是|一朵|如此|骄傲|的|花儿,17,6,lpw_aebd6fbbd2|lpw_8af2350cfd|lpw_059ab0f707,一朵|的|花儿,lpw_8af2350cfd|lpw_059ab0f707,lpw_8af2350cfd|lpw_059ab0f707,lpw_aebd6fbbd2|lpw_8af2350cfd|lpw_059ab0f707,3,2,2,3
928,930,10,2,true,10,,2,0,,,,,,0,0,0,0
929,931,10,2,false,"这颗星球附近,",这|颗|星球|附近,7,4,lpw_d409ab2ab3|lpw_09901d3de2|lpw_62f2d6c1a1,这|颗|星球,lpw_d409ab2ab3|lpw_62f2d6c1a1,lpw_d409ab2ab3|lpw_62f2d6c1a1,lpw_d409ab2ab3|lpw_62f2d6c1a1,3,2,2,2
930,932,10,2,false,还有325号、326号、327,还有|号|号,15,3,lpw_83eec76b39,还有,,,,1,0,0,0
931,933,10,2,false,号、328号、329号和330号小行星。,号|号|号|和|号|小行星,20,6,lpw_3d7114281f|lpw_68cf5e71c2,和|小行星,,lpw_3d7114281f,lpw_3d7114281f,2,0,1,1
932,934,10,2,false,"于是他开始拜访这些星球,",于是|他|开始|拜访|这些|星球,12,6,lpw_3617c85a66|lpw_8b7b91e000|lpw_7a590a22cd|lpw_62f2d6c1a1,于是|他|这些|星球,lpw_8b7b91e000|lpw_62f2d6c1a1,lpw_8b7b91e000|lpw_62f2d6c1a1,lpw_8b7b91e000|lpw_7a590a22cd|lpw_62f2d6c1a1,4,2,2,3
933,935,10,2,false,"好给自己找点事干,",好|给|自己|找|点|事|干,9,7,lpw_f867f34178|lpw_6e55fb9d8a|lpw_fb43354d2a|lpw_c277be8a4b|lpw_08dddeac13|lpw_1d9ed56951|lpw_9ee0280bc4,好|给|自己|找|点|事|干,lpw_6e55fb9d8a,lpw_f867f34178|lpw_6e55fb9d8a|lpw_fb43354d2a|lpw_1d9ed56951,lpw_f867f34178|lpw_6e55fb9d8a|lpw_fb43354d2a|lpw_1d9ed56951,7,1,4,4
934,936,10,2,false,也好增长些见识。,也好|增长|些|见识,8,4,lpw_af76fed85c,些,,,,1,0,0,0
935,937,10,2,false,第一颗小行星上住着一个国王。,第|一颗|小行星|上|住|着|一个|国王,14,8,lpw_9a18d5dc38|lpw_68cf5e71c2|lpw_db5ba671d2|lpw_cbba0a98ab|lpw_9e5bf0d2d9|lpw_e1dbc1c99f|lpw_38e917f021,一颗|小行星|上|住|着|一个|国王,lpw_db5ba671d2|lpw_9e5bf0d2d9|lpw_e1dbc1c99f,lpw_db5ba671d2|lpw_9e5bf0d2d9|lpw_e1dbc1c99f,lpw_db5ba671d2|lpw_9e5bf0d2d9|lpw_e1dbc1c99f,7,3,3,3
936,938,10,2,false,"这个国王身穿紫红镶边白鼬皮长袍,",这个|国王|身穿|紫|红|镶|边|白|鼬|皮|长袍,16,11,lpw_979e2bc35b|lpw_38e917f021,这个|国王,,lpw_979e2bc35b,lpw_979e2bc35b,2,0,1,1
937,939,10,2,false,端坐在一张简朴而又气派庄严的王座上。,端坐|在|一张|简朴|而又|气派|庄严|的|王座|上,18,10,lpw_12404a0b63|lpw_dc50d5e51e|lpw_8af2350cfd|lpw_db5ba671d2,在|一张|的|上,lpw_12404a0b63|lpw_8af2350cfd|lpw_db5ba671d2,lpw_12404a0b63|lpw_8af2350cfd|lpw_db5ba671d2,lpw_12404a0b63|lpw_8af2350cfd|lpw_db5ba671d2,4,3,3,3
938,940,10,2,false,"“哈!来了一个臣民,”",哈|来|了|一个|臣民,11,5,lpw_6d8229118c|lpw_b2dd27e84f|lpw_e1dbc1c99f,来|了|一个,lpw_6d8229118c|lpw_b2dd27e84f|lpw_e1dbc1c99f,lpw_6d8229118c|lpw_b2dd27e84f|lpw_e1dbc1c99f,lpw_6d8229118c|lpw_b2dd27e84f|lpw_e1dbc1c99f,3,3,3,3
939,941,10,2,false,"国王看见小王子,",国王|看见|小王子,8,3,lpw_38e917f021|lpw_7205426737|lpw_87f2a033cf,国王|看见|小王子,lpw_87f2a033cf,lpw_87f2a033cf,lpw_7205426737|lpw_87f2a033cf,3,1,1,2
940,942,10,2,false,大声叫了起来。,大声|叫了|起来,7,3,lpw_b8a694b2df,起来,,,lpw_b8a694b2df,1,0,0,1
941,943,10,2,false,可小王子觉得纳闷:,可|小王子|觉得|纳闷,9,4,lpw_8b9cefa38e|lpw_87f2a033cf|lpw_78c82d9f41,可|小王子|觉得,lpw_87f2a033cf,lpw_8b9cefa38e|lpw_87f2a033cf,lpw_8b9cefa38e|lpw_87f2a033cf|lpw_78c82d9f41,3,1,2,3
942,944,10,2,false,"“他以前从没见过我,",他|以前|从|没|见过|我,10,6,lpw_8b7b91e000|lpw_aa98317793|lpw_2719a8ea30|lpw_279e8b3573|lpw_b70bb4acc0,他|以前|从|没|我,lpw_8b7b91e000|lpw_b70bb4acc0,lpw_8b7b91e000|lpw_279e8b3573|lpw_b70bb4acc0,lpw_8b7b91e000|lpw_2719a8ea30|lpw_279e8b3573|lpw_b70bb4acc0,5,2,3,4
943,945,10,2,false,怎么会认识我呢?”,怎么|会|认识|我|呢,9,5,lpw_5ee8091a38|lpw_5ba1e3c0eb|lpw_b70bb4acc0|lpw_02811cec0b,怎么|会|我|呢,lpw_5ba1e3c0eb|lpw_b70bb4acc0|lpw_02811cec0b,lpw_5ba1e3c0eb|lpw_b70bb4acc0|lpw_02811cec0b,lpw_5ba1e3c0eb|lpw_b70bb4acc0|lpw_02811cec0b,4,3,3,3
944,946,10,2,false,"他不知道,",他不|知道,5,2,lpw_d7b6472b11,知道,,lpw_d7b6472b11,lpw_d7b6472b11,1,0,1,1
945,947,10,2,false,"对国王来说,",对|国王|来说,6,3,lpw_74570c7270|lpw_38e917f021|lpw_a0cc5593ee,对|国王|来说,lpw_74570c7270,lpw_74570c7270,lpw_74570c7270|lpw_a0cc5593ee,3,1,1,2
946,948,10,2,false,世界是非常简单的。,世界|是|非常|简单|的,9,5,lpw_b5141d3d19|lpw_2ccec3b419|lpw_8af2350cfd,是|非常|的,lpw_b5141d3d19|lpw_8af2350cfd,lpw_b5141d3d19|lpw_8af2350cfd,lpw_b5141d3d19|lpw_8af2350cfd,3,2,2,2
947,949,10,2,false,所有的人都是臣民。,所有|的|人|都是|臣民,9,5,lpw_ae99f297e9|lpw_8af2350cfd|lpw_50f5d65d57|lpw_ef4e15ff45,所有|的|人|都是,lpw_8af2350cfd|lpw_50f5d65d57,lpw_8af2350cfd|lpw_50f5d65d57,lpw_8af2350cfd|lpw_50f5d65d57,4,2,2,2
948,950,10,2,false,"“你走近点,",你|走近|点,6,3,lpw_a0c7716669|lpw_08dddeac13,你|点,lpw_a0c7716669,lpw_a0c7716669,lpw_a0c7716669,2,1,1,1
949,951,10,2,false,"让我好好看看你,”",让|我|好好|看看|你,9,5,lpw_ad37574404|lpw_b70bb4acc0|lpw_a0c7716669,让|我|你,lpw_ad37574404|lpw_b70bb4acc0|lpw_a0c7716669,lpw_ad37574404|lpw_b70bb4acc0|lpw_a0c7716669,lpw_ad37574404|lpw_b70bb4acc0|lpw_a0c7716669,3,3,3,3
950,952,10,2,false,"国王说,",国王|说,4,2,lpw_38e917f021|lpw_ccca744613,国王|说,lpw_ccca744613,lpw_ccca744613,lpw_ccca744613,2,1,1,1
951,953,10,2,false,"他觉得非常骄傲,",他|觉得|非常|骄傲,8,4,lpw_8b7b91e000|lpw_78c82d9f41|lpw_2ccec3b419,他|觉得|非常,lpw_8b7b91e000,lpw_8b7b91e000,lpw_8b7b91e000|lpw_78c82d9f41,3,1,1,2
952,954,10,2,false,因为他终于成了某个人的国王。,因为|他|终于|成了|某|个人|的|国王,14,8,lpw_795cfc96d4|lpw_8b7b91e000|lpw_8af2350cfd|lpw_38e917f021,因为|他|的|国王,lpw_8b7b91e000|lpw_8af2350cfd,lpw_795cfc96d4|lpw_8b7b91e000|lpw_8af2350cfd,lpw_795cfc96d4|lpw_8b7b91e000|lpw_8af2350cfd,4,2,3,3
953,955,10,2,false,"小王子朝四下里看看,",小王子|朝|四|下|里|看看,10,6,lpw_87f2a033cf|lpw_754a9d5828|lpw_13c12b064b|lpw_79f43de6e3,小王子|四|下|里,lpw_87f2a033cf,lpw_87f2a033cf|lpw_79f43de6e3,lpw_87f2a033cf|lpw_79f43de6e3,4,1,2,2
954,956,10,2,false,"想找个地方坐下来,",想|找个|地方|坐下|来,9,5,lpw_df0d251938|lpw_1462a7d853|lpw_6d8229118c,想|地方|来,lpw_6d8229118c,lpw_6d8229118c,lpw_df0d251938|lpw_1462a7d853|lpw_6d8229118c,3,1,1,3
955,957,10,2,false,可是整个星球都被那袭,可是|整个|星球|都|被|那|袭,10,7,lpw_38ca4a9c76|lpw_62f2d6c1a1|lpw_7eabb36ba1|lpw_5a2362a202,可是|星球|都|那,lpw_62f2d6c1a1|lpw_5a2362a202,lpw_38ca4a9c76|lpw_62f2d6c1a1|lpw_7eabb36ba1|lpw_5a2362a202,lpw_38ca4a9c76|lpw_62f2d6c1a1|lpw_7eabb36ba1|lpw_5a2362a202,4,2,4,4
956,958,10,2,false,华丽的白鼬皮长袍占满了。,华丽|的|白|鼬|皮|长袍|占满|了,12,8,lpw_8af2350cfd|lpw_b2dd27e84f,的|了,lpw_8af2350cfd|lpw_b2dd27e84f,lpw_8af2350cfd|lpw_b2dd27e84f,lpw_8af2350cfd|lpw_b2dd27e84f,2,2,2,2
957,959,10,2,false,"所以他只好站着,",所以|他|只好|站|着,8,5,lpw_a2f7e42081|lpw_8b7b91e000|lpw_9e5bf0d2d9,所以|他|着,lpw_8b7b91e000|lpw_9e5bf0d2d9,lpw_8b7b91e000|lpw_9e5bf0d2d9,lpw_8b7b91e000|lpw_9e5bf0d2d9,3,2,2,2
958,960,10,2,false,"不过,",不过,3,1,lpw_72113362c6,不过,,,lpw_72113362c6,1,0,0,1
959,961,10,2,false,"由于他累了,",由于|他|累了,6,3,lpw_8b7b91e000,他,lpw_8b7b91e000,lpw_8b7b91e000,lpw_8b7b91e000,1,1,1,1
960,962,10,2,false,就打了个哈欠。,就打|了|个|哈欠,7,4,lpw_b2dd27e84f|lpw_3a116815bc,了|个,lpw_b2dd27e84f,lpw_b2dd27e84f|lpw_3a116815bc,lpw_b2dd27e84f|lpw_3a116815bc,2,1,2,2
961,963,10,2,false,"“在国王面前打哈欠,",在|国王|面前|打哈欠,10,4,lpw_12404a0b63|lpw_38e917f021,在|国王,lpw_12404a0b63,lpw_12404a0b63,lpw_12404a0b63,2,1,1,1
962,964,10,2,false,"有违宫廷礼仪,”",有|违|宫廷|礼仪,8,4,lpw_90ce0f66f0,有,lpw_90ce0f66f0,lpw_90ce0f66f0,lpw_90ce0f66f0,1,1,1,1
963,965,10,2,false,"国王对他说,",国王|对|他|说,6,4,lpw_38e917f021|lpw_74570c7270|lpw_8b7b91e000|lpw_ccca744613,国王|对|他|说,lpw_74570c7270|lpw_8b7b91e000|lpw_ccca744613,lpw_74570c7270|lpw_8b7b91e000|lpw_ccca744613,lpw_74570c7270|lpw_8b7b91e000|lpw_ccca744613,4,3,3,3
964,966,10,2,false,“我禁止你打哈欠。”,我|禁止|你|打哈欠,10,4,lpw_b70bb4acc0|lpw_a0c7716669,我|你,lpw_b70bb4acc0|lpw_a0c7716669,lpw_b70bb4acc0|lpw_a0c7716669,lpw_b70bb4acc0|lpw_a0c7716669,2,2,2,2
965,967,10,2,false,"“我没忍住,”",我没|忍住,7,2,lpw_6af7322be2,我没,,,,1,0,0,0
966,968,10,2,false,"小王子歉疚地说,",小王子|歉疚|地|说,8,4,lpw_87f2a033cf|lpw_bdbd41e490|lpw_ccca744613,小王子|地|说,lpw_87f2a033cf|lpw_bdbd41e490|lpw_ccca744613,lpw_87f2a033cf|lpw_bdbd41e490|lpw_ccca744613,lpw_87f2a033cf|lpw_bdbd41e490|lpw_ccca744613,3,3,3,3
967,969,10,2,false,"“我走了好长的路,",我|走了|好|长|的|路,9,6,lpw_b70bb4acc0|lpw_25eba59465|lpw_f867f34178|lpw_597ae23d84|lpw_8af2350cfd,我|走了|好|长|的,lpw_b70bb4acc0|lpw_8af2350cfd,lpw_b70bb4acc0|lpw_f867f34178|lpw_8af2350cfd,lpw_b70bb4acc0|lpw_f867f34178|lpw_8af2350cfd,5,2,3,3
968,970,10,2,false,一直没睡觉......”,一直|没|睡觉,12,3,lpw_279e8b3573,没,,lpw_279e8b3573,lpw_279e8b3573,1,0,1,1
969,971,10,2,false,"“那么,”",那么,5,1,lpw_a61f02e145,那么,,,lpw_a61f02e145,1,0,0,1
970,972,10,2,false,"国王对他说,",国王|对|他|说,6,4,lpw_38e917f021|lpw_74570c7270|lpw_8b7b91e000|lpw_ccca744613,国王|对|他|说,lpw_74570c7270|lpw_8b7b91e000|lpw_ccca744613,lpw_74570c7270|lpw_8b7b91e000|lpw_ccca744613,lpw_74570c7270|lpw_8b7b91e000|lpw_ccca744613,4,3,3,3
971,973,10,2,false,“我命令你打哈欠。,我|命令|你|打哈欠,9,4,lpw_b70bb4acc0|lpw_928f87d450|lpw_a0c7716669,我|命令|你,lpw_b70bb4acc0|lpw_a0c7716669,lpw_b70bb4acc0|lpw_a0c7716669,lpw_b70bb4acc0|lpw_a0c7716669,3,2,2,2
972,974,10,2,false,我有好几年没见人打哈欠了。,我有|好几|年|没|见|人|打哈欠|了,13,8,lpw_59cbe38d1c|lpw_279e8b3573|lpw_50f5d65d57|lpw_b2dd27e84f,我有|没|人|了,lpw_50f5d65d57|lpw_b2dd27e84f,lpw_279e8b3573|lpw_50f5d65d57|lpw_b2dd27e84f,lpw_279e8b3573|lpw_50f5d65d57|lpw_b2dd27e84f,4,2,3,3
973,975,10,2,false,我觉得打哈欠挺好玩。,我|觉得|打哈欠|挺|好玩,10,5,lpw_b70bb4acc0|lpw_78c82d9f41,我|觉得,lpw_b70bb4acc0,lpw_b70bb4acc0,lpw_b70bb4acc0|lpw_78c82d9f41,2,1,1,2
974,976,10,2,false,来!再打个哈欠。,来|再|打个|哈欠,8,4,lpw_6d8229118c,来,lpw_6d8229118c,lpw_6d8229118c,lpw_6d8229118c,1,1,1,1
975,977,10,2,false,这是命令。”,这|是|命令,6,3,lpw_d409ab2ab3|lpw_b5141d3d19|lpw_928f87d450,这|是|命令,lpw_d409ab2ab3|lpw_b5141d3d19,lpw_d409ab2ab3|lpw_b5141d3d19,lpw_d409ab2ab3|lpw_b5141d3d19,3,2,2,2
976,978,10,2,false,“我给吓着了......,我|给|吓|着|了,12,5,lpw_b70bb4acc0|lpw_6e55fb9d8a|lpw_9e5bf0d2d9|lpw_b2dd27e84f,我|给|着|了,lpw_b70bb4acc0|lpw_6e55fb9d8a|lpw_9e5bf0d2d9|lpw_b2dd27e84f,lpw_b70bb4acc0|lpw_6e55fb9d8a|lpw_9e5bf0d2d9|lpw_b2dd27e84f,lpw_b70bb4acc0|lpw_6e55fb9d8a|lpw_9e5bf0d2d9|lpw_b2dd27e84f,4,4,4,4
977,979,10,2,false,打不出......”,打|不出,10,2,,,,,,0,0,0,0
978,980,10,2,false,小王子涨红着脸说。,小王子|涨红|着|脸|说,9,5,lpw_87f2a033cf|lpw_9e5bf0d2d9|lpw_ccca744613,小王子|着|说,lpw_87f2a033cf|lpw_9e5bf0d2d9|lpw_ccca744613,lpw_87f2a033cf|lpw_9e5bf0d2d9|lpw_ccca744613,lpw_87f2a033cf|lpw_9e5bf0d2d9|lpw_ccca744613,3,3,3,3
979,981,10,2,false,“呣!呣!”,呣|呣,6,2,,,,,,0,0,0,0
980,982,10,2,false,国王回答说。,国王|回答|说,6,3,lpw_38e917f021|lpw_f3f5126487|lpw_ccca744613,国王|回答|说,lpw_ccca744613,lpw_f3f5126487|lpw_ccca744613,lpw_f3f5126487|lpw_ccca744613,3,1,2,2
981,983,10,2,false,“那么我......,那么|我,10,2,lpw_a61f02e145|lpw_b70bb4acc0,那么|我,lpw_b70bb4acc0,lpw_b70bb4acc0,lpw_a61f02e145|lpw_b70bb4acc0,2,1,1,2
982,984,10,2,false,"我命令你一会儿打哈欠,",我|命令|你|一|会|儿|打哈欠,11,7,lpw_b70bb4acc0|lpw_928f87d450|lpw_a0c7716669|lpw_51a75f4634|lpw_5ba1e3c0eb|lpw_1ed5efc3dc,我|命令|你|一|会|儿,lpw_b70bb4acc0|lpw_a0c7716669|lpw_5ba1e3c0eb,lpw_b70bb4acc0|lpw_a0c7716669|lpw_51a75f4634|lpw_5ba1e3c0eb,lpw_b70bb4acc0|lpw_a0c7716669|lpw_51a75f4634|lpw_5ba1e3c0eb,6,3,4,4
983,985,10,2,false,一会儿......”,一|会|儿,10,3,lpw_51a75f4634|lpw_5ba1e3c0eb|lpw_1ed5efc3dc,一|会|儿,lpw_5ba1e3c0eb,lpw_51a75f4634|lpw_5ba1e3c0eb,lpw_51a75f4634|lpw_5ba1e3c0eb,3,1,2,2
984,986,10,2,false,"他嘟嘟哝哝的,",他|嘟嘟|哝哝|的,7,4,lpw_8b7b91e000|lpw_8af2350cfd,他|的,lpw_8b7b91e000|lpw_8af2350cfd,lpw_8b7b91e000|lpw_8af2350cfd,lpw_8b7b91e000|lpw_8af2350cfd,2,2,2,2
985,987,10,2,false,看上去不大高兴。,看上去|不大|高兴,8,3,,,,,,0,0,0,0
986,988,10,2,false,国王其实是要别人尊重他的权威。,国王|其实是|要|别人|尊重|他|的|权威,15,8,lpw_38e917f021|lpw_975f35218e|lpw_8b7b91e000|lpw_8af2350cfd,国王|要|他|的,lpw_8b7b91e000|lpw_8af2350cfd,lpw_975f35218e|lpw_8b7b91e000|lpw_8af2350cfd,lpw_975f35218e|lpw_8b7b91e000|lpw_8af2350cfd,4,2,3,3
987,989,10,2,false,他不能容忍别人不服从命令。,他|不能|容忍|别人|不|服从|命令,13,7,lpw_8b7b91e000|lpw_b02dfe2160|lpw_928f87d450,他|不|命令,lpw_8b7b91e000,lpw_8b7b91e000|lpw_b02dfe2160,lpw_8b7b91e000|lpw_b02dfe2160,3,1,2,2
988,990,10,2,false,他是个专制的君主。,他是|个|专制|的|君主,9,5,lpw_3a116815bc|lpw_8af2350cfd,个|的,lpw_8af2350cfd,lpw_3a116815bc|lpw_8af2350cfd,lpw_3a116815bc|lpw_8af2350cfd,2,1,2,2
989,991,10,2,false,"不过,",不过,3,1,lpw_72113362c6,不过,,,lpw_72113362c6,1,0,0,1
990,992,10,2,false,"因为他很善良,",因为|他|很|善良,7,4,lpw_795cfc96d4|lpw_8b7b91e000|lpw_f2b91797ea,因为|他|很,lpw_8b7b91e000|lpw_f2b91797ea,lpw_795cfc96d4|lpw_8b7b91e000|lpw_f2b91797ea,lpw_795cfc96d4|lpw_8b7b91e000|lpw_f2b91797ea,3,2,3,3
991,993,10,2,false,他下的命令都是通情达理的。,他|下|的|命令|都是|通|情|达|理|的,13,10,lpw_8b7b91e000|lpw_13c12b064b|lpw_8af2350cfd|lpw_928f87d450|lpw_ef4e15ff45,他|下|的|命令|都是,lpw_8b7b91e000|lpw_8af2350cfd,lpw_8b7b91e000|lpw_8af2350cfd,lpw_8b7b91e000|lpw_8af2350cfd,5,2,2,2
992,994,10,2,false,"“要是我命令,”",要是|我|命令,8,3,lpw_467b2562ed|lpw_b70bb4acc0|lpw_928f87d450,要是|我|命令,lpw_b70bb4acc0,lpw_b70bb4acc0,lpw_467b2562ed|lpw_b70bb4acc0,3,1,1,2
993,995,10,2,false,"这番话他说得流畅极了,",这|番话|他|说得|流畅|极了,11,6,lpw_d409ab2ab3|lpw_8b7b91e000,这|他,lpw_d409ab2ab3|lpw_8b7b91e000,lpw_d409ab2ab3|lpw_8b7b91e000,lpw_d409ab2ab3|lpw_8b7b91e000,2,2,2,2
994,996,10,2,false,"“要是我命令一个将军变成一只海鸟,",要是|我|命令|一个|将军|变成|一只|海|鸟,17,9,lpw_467b2562ed|lpw_b70bb4acc0|lpw_928f87d450|lpw_e1dbc1c99f|lpw_216a478784,要是|我|命令|一个|一只,lpw_b70bb4acc0|lpw_e1dbc1c99f,lpw_b70bb4acc0|lpw_e1dbc1c99f,lpw_467b2562ed|lpw_b70bb4acc0|lpw_e1dbc1c99f,5,2,2,3
995,997,10,2,false,"那个将军不服从,",那个|将军|不|服从,8,4,lpw_fa6e73c549|lpw_b02dfe2160,那个|不,,lpw_b02dfe2160,lpw_b02dfe2160,2,0,1,1
996,998,10,2,false,"这就不是那个将军的错,",这|就不是|那个|将军|的|错,11,6,lpw_d409ab2ab3|lpw_fa6e73c549|lpw_8af2350cfd,这|那个|的,lpw_d409ab2ab3|lpw_8af2350cfd,lpw_d409ab2ab3|lpw_8af2350cfd,lpw_d409ab2ab3|lpw_8af2350cfd,3,2,2,2
997,999,10,2,false,这是我的错。”,这|是|我|的|错,7,5,lpw_d409ab2ab3|lpw_b5141d3d19|lpw_b70bb4acc0|lpw_8af2350cfd,这|是|我|的,lpw_d409ab2ab3|lpw_b5141d3d19|lpw_b70bb4acc0|lpw_8af2350cfd,lpw_d409ab2ab3|lpw_b5141d3d19|lpw_b70bb4acc0|lpw_8af2350cfd,lpw_d409ab2ab3|lpw_b5141d3d19|lpw_b70bb4acc0|lpw_8af2350cfd,4,4,4,4
998,1000,10,2,false,“我可以坐下吗?”,我|可以|坐下|吗,9,4,lpw_b70bb4acc0|lpw_0ef5c86fab|lpw_5ac1612110,我|可以|吗,lpw_b70bb4acc0,lpw_b70bb4acc0,lpw_b70bb4acc0|lpw_0ef5c86fab|lpw_5ac1612110,3,1,1,3
999,1001,10,2,false,小王子怯生生地问。,小王子|怯生生|地|问,9,4,lpw_87f2a033cf|lpw_bdbd41e490|lpw_4628c0e06f,小王子|地|问,lpw_87f2a033cf|lpw_bdbd41e490,lpw_87f2a033cf|lpw_bdbd41e490|lpw_4628c0e06f,lpw_87f2a033cf|lpw_bdbd41e490|lpw_4628c0e06f,3,2,3,3
1000,1002,10,2,false,"“我命令你坐下,”",我|命令|你|坐下,9,4,lpw_b70bb4acc0|lpw_928f87d450|lpw_a0c7716669,我|命令|你,lpw_b70bb4acc0|lpw_a0c7716669,lpw_b70bb4acc0|lpw_a0c7716669,lpw_b70bb4acc0|lpw_a0c7716669,3,2,2,2
1001,1003,10,2,false,"国王回答他说,",国王|回答|他|说,7,4,lpw_38e917f021|lpw_f3f5126487|lpw_8b7b91e000|lpw_ccca744613,国王|回答|他|说,lpw_8b7b91e000|lpw_ccca744613,lpw_f3f5126487|lpw_8b7b91e000|lpw_ccca744613,lpw_f3f5126487|lpw_8b7b91e000|lpw_ccca744613,4,2,3,3
1002,1004,10,2,false,庄重地挪了挪白鼬皮长袍的下摆。,庄重|地|挪|了|挪|白|鼬|皮|长袍|的|下|摆,15,12,lpw_bdbd41e490|lpw_b2dd27e84f|lpw_8af2350cfd|lpw_13c12b064b,地|了|的|下,lpw_bdbd41e490|lpw_b2dd27e84f|lpw_8af2350cfd,lpw_bdbd41e490|lpw_b2dd27e84f|lpw_8af2350cfd,lpw_bdbd41e490|lpw_b2dd27e84f|lpw_8af2350cfd,4,3,3,3
1003,1005,10,2,false,可是小王子感到很奇怪。,可是|小王子|感到|很|奇怪,11,5,lpw_38ca4a9c76|lpw_87f2a033cf|lpw_15c2457566|lpw_f2b91797ea,可是|小王子|感到|很,lpw_87f2a033cf|lpw_f2b91797ea,lpw_38ca4a9c76|lpw_87f2a033cf|lpw_f2b91797ea,lpw_38ca4a9c76|lpw_87f2a033cf|lpw_15c2457566|lpw_f2b91797ea,4,2,3,4
1004,1006,10,2,false,"这么小的星球,",这么|小|的|星球,7,4,lpw_7677ca84c6|lpw_6a7339bb75|lpw_8af2350cfd|lpw_62f2d6c1a1,这么|小|的|星球,lpw_8af2350cfd|lpw_62f2d6c1a1,lpw_6a7339bb75|lpw_8af2350cfd|lpw_62f2d6c1a1,lpw_7677ca84c6|lpw_6a7339bb75|lpw_8af2350cfd|lpw_62f2d6c1a1,4,2,3,4
1005,1007,10,2,false,国王能统治什么呢?,国王|能|统治|什么|呢,9,5,lpw_38e917f021|lpw_413c06bcef|lpw_c1b52e0e64|lpw_02811cec0b,国王|能|什么|呢,lpw_c1b52e0e64|lpw_02811cec0b,lpw_c1b52e0e64|lpw_02811cec0b,lpw_c1b52e0e64|lpw_02811cec0b,4,2,2,2
1006,1008,10,2,false,“陛下......”,陛下,10,1,,,,,,0,0,0,0
1007,1009,10,2,false,"他说,",他|说,3,2,lpw_8b7b91e000|lpw_ccca744613,他|说,lpw_8b7b91e000|lpw_ccca744613,lpw_8b7b91e000|lpw_ccca744613,lpw_8b7b91e000|lpw_ccca744613,2,2,2,2
1008,1010,10,2,false,“请允许我向您提个......”,请|允许|我|向|您|提个,16,6,lpw_88d5840fab|lpw_b70bb4acc0|lpw_a2f77db0e9|lpw_9bbfbbc76f,请|我|向|您,lpw_b70bb4acc0,lpw_b70bb4acc0,lpw_b70bb4acc0,4,1,1,1
1009,1011,10,2,false,"“我命令你向我提问题,”",我|命令|你|向|我|提|问题,12,7,lpw_b70bb4acc0|lpw_928f87d450|lpw_a0c7716669|lpw_a2f77db0e9|lpw_33a8618cb6,我|命令|你|向|问题,lpw_b70bb4acc0|lpw_a0c7716669,lpw_b70bb4acc0|lpw_a0c7716669,lpw_b70bb4acc0|lpw_a0c7716669,5,2,2,2
1010,1012,10,2,false,国王赶紧抢着说。,国王|赶紧|抢|着|说,8,5,lpw_38e917f021|lpw_9e5bf0d2d9|lpw_ccca744613,国王|着|说,lpw_9e5bf0d2d9|lpw_ccca744613,lpw_9e5bf0d2d9|lpw_ccca744613,lpw_9e5bf0d2d9|lpw_ccca744613,3,2,2,2
1011,1013,10,2,false,“陛下......,陛下,9,1,,,,,,0,0,0,0
1012,1014,10,2,false,您统治什么呢?”,您|统治|什么|呢,8,4,lpw_9bbfbbc76f|lpw_c1b52e0e64|lpw_02811cec0b,您|什么|呢,lpw_c1b52e0e64|lpw_02811cec0b,lpw_c1b52e0e64|lpw_02811cec0b,lpw_c1b52e0e64|lpw_02811cec0b,3,2,2,2
1013,1015,10,2,false,"“一切,”",一切,5,1,,,,,,0,0,0,0
1014,1016,10,2,false,国王的回答简单明了。,国王|的|回答|简单明了,10,4,lpw_38e917f021|lpw_8af2350cfd|lpw_f3f5126487,国王|的|回答,lpw_8af2350cfd,lpw_8af2350cfd|lpw_f3f5126487,lpw_8af2350cfd|lpw_f3f5126487,3,1,2,2
1015,1017,10,2,false,“一切?”,一切,5,1,,,,,,0,0,0,0
1016,1018,10,2,false,"国王小心翼翼地做了个手势,",国王|小心翼翼|地|做了|个|手势,13,6,lpw_38e917f021|lpw_bdbd41e490|lpw_3a116815bc,国王|地|个,lpw_bdbd41e490,lpw_bdbd41e490|lpw_3a116815bc,lpw_bdbd41e490|lpw_3a116815bc,3,1,2,2
1017,1019,10,2,false,指了指他的行星、其他的行星和所有的星星。,指|了|指|他|的|行星|其他|的|行星|和|所有|的|星星,20,13,lpw_b2dd27e84f|lpw_8b7b91e000|lpw_8af2350cfd|lpw_19956b104c|lpw_3d7114281f|lpw_ae99f297e9|lpw_6a9fec7faf,了|他|的|行星|和|所有|星星,lpw_b2dd27e84f|lpw_8b7b91e000|lpw_8af2350cfd|lpw_6a9fec7faf,lpw_b2dd27e84f|lpw_8b7b91e000|lpw_8af2350cfd|lpw_3d7114281f|lpw_6a9fec7faf,lpw_b2dd27e84f|lpw_8b7b91e000|lpw_8af2350cfd|lpw_3d7114281f|lpw_6a9fec7faf,7,4,5,5
1018,1020,10,2,false,“全归您统治?”,全|归|您|统治,8,4,lpw_9bbfbbc76f,您,,,,1,0,0,0
1019,1021,10,2,false,小王子问。,小王子|问,5,2,lpw_87f2a033cf|lpw_4628c0e06f,小王子|问,lpw_87f2a033cf,lpw_87f2a033cf|lpw_4628c0e06f,lpw_87f2a033cf|lpw_4628c0e06f,2,1,2,2
1020,1022,10,2,false,“全归我统治......”,全|归|我|统治,13,4,lpw_b70bb4acc0,我,lpw_b70bb4acc0,lpw_b70bb4acc0,lpw_b70bb4acc0,1,1,1,1
1021,1023,10,2,false,国王回答说。,国王|回答|说,6,3,lpw_38e917f021|lpw_f3f5126487|lpw_ccca744613,国王|回答|说,lpw_ccca744613,lpw_f3f5126487|lpw_ccca744613,lpw_f3f5126487|lpw_ccca744613,3,1,2,2
1022,1024,10,2,false,"因为他不仅是一国的专制君主,",因为|他|不仅是|一国|的|专制|君主,14,7,lpw_795cfc96d4|lpw_8b7b91e000|lpw_8af2350cfd,因为|他|的,lpw_8b7b91e000|lpw_8af2350cfd,lpw_795cfc96d4|lpw_8b7b91e000|lpw_8af2350cfd,lpw_795cfc96d4|lpw_8b7b91e000|lpw_8af2350cfd,3,2,3,3
1023,1025,10,2,false,还是宇宙的君主。,还是|宇宙|的|君主,8,4,lpw_dfaa7d6f73|lpw_8af2350cfd,还是|的,lpw_8af2350cfd,lpw_8af2350cfd,lpw_8af2350cfd,2,1,1,1
1024,1026,10,2,false,“那些星星都服从您?”,那些|星星|都|服从|您,11,5,lpw_abd258db99|lpw_6a9fec7faf|lpw_7eabb36ba1|lpw_9bbfbbc76f,那些|星星|都|您,lpw_6a9fec7faf,lpw_6a9fec7faf|lpw_7eabb36ba1,lpw_abd258db99|lpw_6a9fec7faf|lpw_7eabb36ba1,4,1,2,3
1025,1027,10,2,false,"“当然,”",当然,5,1,lpw_0002e2d87f,当然,,,,1,0,0,0
1026,1028,10,2,false,"国王回答说,",国王|回答|说,6,3,lpw_38e917f021|lpw_f3f5126487|lpw_ccca744613,国王|回答|说,lpw_ccca744613,lpw_f3f5126487|lpw_ccca744613,lpw_f3f5126487|lpw_ccca744613,3,1,2,2
1027,1029,10,2,false,"“我一下命令,",我|一下|命令,7,3,lpw_b70bb4acc0|lpw_928f87d450,我|命令,lpw_b70bb4acc0,lpw_b70bb4acc0,lpw_b70bb4acc0,2,1,1,1
1028,1030,10,2,false,它们马上就服从。,它们|马上|就|服从,8,4,lpw_c40b3d2880|lpw_2f9d9872e5,它们|就,lpw_2f9d9872e5,lpw_c40b3d2880|lpw_2f9d9872e5,lpw_c40b3d2880|lpw_2f9d9872e5,2,1,2,2
1029,1031,10,2,false,我不能容忍纪律涣散。”,我|不能|容忍|纪律|涣|散,11,6,lpw_b70bb4acc0,我,lpw_b70bb4acc0,lpw_b70bb4acc0,lpw_b70bb4acc0,1,1,1,1
1030,1032,10,2,false,这样的权力使小王子惊叹不已。,这样|的|权力|使|小王子|惊叹不已,14,6,lpw_b7fc681861|lpw_8af2350cfd|lpw_22c95798a9|lpw_87f2a033cf,这样|的|使|小王子,lpw_8af2350cfd|lpw_87f2a033cf,lpw_b7fc681861|lpw_8af2350cfd|lpw_87f2a033cf,lpw_b7fc681861|lpw_8af2350cfd|lpw_87f2a033cf,4,2,3,3
1031,1033,10,2,false,"他如果拥有这样的权力,",他|如果|拥有|这样|的|权力,11,6,lpw_8b7b91e000|lpw_7ca71b72d7|lpw_b7fc681861|lpw_8af2350cfd,他|如果|这样|的,lpw_8b7b91e000|lpw_8af2350cfd,lpw_8b7b91e000|lpw_b7fc681861|lpw_8af2350cfd,lpw_8b7b91e000|lpw_b7fc681861|lpw_8af2350cfd,4,2,3,3
1032,1034,10,2,false,"那么一天就不是看四十三次,",那么|一天|就不是|看|四十|三次,13,6,lpw_a61f02e145|lpw_5448481f38|lpw_61f43315f9,那么|一天|看,,,lpw_a61f02e145|lpw_61f43315f9,3,0,0,2
1033,1035,10,2,false,"而是七十二次,",而是|七十|二次,7,3,,,,,,0,0,0,0
1034,1036,10,2,false,"一百次,",一百|次,4,2,,,,,,0,0,0,0
1035,1037,10,2,false,"甚至两百次日落,",甚至|两百|次|日|落,8,5,lpw_85217f7aff|lpw_e9ce9aefa3,日|落,,,,2,0,0,0
1036,1038,10,2,false,连椅子都不用挪一挪!,连|椅子|都不|用|挪|一|挪,10,7,lpw_04e45efb3b|lpw_51a75f4634,用|一,,lpw_51a75f4634,lpw_04e45efb3b|lpw_51a75f4634,2,0,1,2
1037,1039,10,2,false,"由于想起被他遗弃的小星球,",由于|想起|被|他|遗弃|的|小|星球,13,8,lpw_8b7b91e000|lpw_8af2350cfd|lpw_6a7339bb75|lpw_62f2d6c1a1,他|的|小|星球,lpw_8b7b91e000|lpw_8af2350cfd|lpw_62f2d6c1a1,lpw_8b7b91e000|lpw_8af2350cfd|lpw_6a7339bb75|lpw_62f2d6c1a1,lpw_8b7b91e000|lpw_8af2350cfd|lpw_6a7339bb75|lpw_62f2d6c1a1,4,3,4,4
1038,1040,10,2,false,"他有点难过,",他|有点|难过,6,3,lpw_8b7b91e000|lpw_29506aa712,他|有点,lpw_8b7b91e000,lpw_8b7b91e000,lpw_8b7b91e000|lpw_29506aa712,2,1,1,2
1039,1041,10,2,false,所以就壮着胆子向国王提出一个请求:,所以|就|壮|着|胆子|向|国王|提出|一个|请求,17,10,lpw_a2f7e42081|lpw_2f9d9872e5|lpw_9e5bf0d2d9|lpw_a2f77db0e9|lpw_38e917f021|lpw_e1dbc1c99f,所以|就|着|向|国王|一个,lpw_2f9d9872e5|lpw_9e5bf0d2d9|lpw_e1dbc1c99f,lpw_2f9d9872e5|lpw_9e5bf0d2d9|lpw_e1dbc1c99f,lpw_2f9d9872e5|lpw_9e5bf0d2d9|lpw_e1dbc1c99f,6,3,3,3
1040,1042,10,2,false,“我想看一次日落......,我想|看|一次|日|落,14,5,lpw_42230da180|lpw_61f43315f9|lpw_85217f7aff|lpw_e9ce9aefa3,我想|看|日|落,,,lpw_61f43315f9,4,0,0,1
1041,1043,10,2,false,请您为我......,请|您|为我,10,3,lpw_88d5840fab|lpw_9bbfbbc76f,请|您,,,,2,0,0,0
1042,1044,10,2,false,命令太阳下山......”,命令|太阳|下山,13,3,lpw_928f87d450,命令,,,,1,0,0,0
1043,1045,10,2,false,“要是我命令一个将军像蝴蝶,要是|我|命令|一个|将军|像|蝴蝶,13,7,lpw_467b2562ed|lpw_b70bb4acc0|lpw_928f87d450|lpw_e1dbc1c99f|lpw_cf8cedd58b,要是|我|命令|一个|像,lpw_b70bb4acc0|lpw_e1dbc1c99f,lpw_b70bb4acc0|lpw_e1dbc1c99f,lpw_467b2562ed|lpw_b70bb4acc0|lpw_e1dbc1c99f|lpw_cf8cedd58b,5,2,2,4
1044,1046,10,2,false,"一样从一朵花儿飞到另一朵花儿,",一样|从|一朵|花儿|飞到|另一|朵|花儿,15,8,lpw_9dc5c0158d|lpw_2719a8ea30|lpw_aebd6fbbd2|lpw_059ab0f707|lpw_0da9a35a4b,一样|从|一朵|花儿|朵,lpw_059ab0f707,lpw_059ab0f707,lpw_9dc5c0158d|lpw_2719a8ea30|lpw_aebd6fbbd2|lpw_059ab0f707,5,1,1,4
1045,1047,10,2,false,"或者让他写一部悲剧,",或者|让|他|写|一部|悲剧,10,6,lpw_ad37574404|lpw_8b7b91e000,让|他,lpw_ad37574404|lpw_8b7b91e000,lpw_ad37574404|lpw_8b7b91e000,lpw_ad37574404|lpw_8b7b91e000,2,2,2,2
1046,1048,10,2,false,"或者让他变成一只海鸟,",或者|让|他|变成|一只|海|鸟,11,7,lpw_ad37574404|lpw_8b7b91e000|lpw_216a478784,让|他|一只,lpw_ad37574404|lpw_8b7b91e000,lpw_ad37574404|lpw_8b7b91e000,lpw_ad37574404|lpw_8b7b91e000,3,2,2,2
1047,1049,10,2,false,"而这个将军拒不执行命令,",而|这个|将军|拒|不|执行|命令,12,7,lpw_08e2725ce1|lpw_979e2bc35b|lpw_b02dfe2160|lpw_928f87d450,而|这个|不|命令,,lpw_979e2bc35b|lpw_b02dfe2160,lpw_08e2725ce1|lpw_979e2bc35b|lpw_b02dfe2160,4,0,2,3
1048,1050,10,2,false,"那是谁,",那是|谁,4,2,lpw_056b9c6262,谁,,,,1,0,0,0
1049,1051,10,2,false,是他还是我的错呢?”,是|他|还是|我|的|错|呢,10,7,lpw_b5141d3d19|lpw_8b7b91e000|lpw_dfaa7d6f73|lpw_b70bb4acc0|lpw_8af2350cfd|lpw_02811cec0b,是|他|还是|我|的|呢,lpw_b5141d3d19|lpw_8b7b91e000|lpw_b70bb4acc0|lpw_8af2350cfd|lpw_02811cec0b,lpw_b5141d3d19|lpw_8b7b91e000|lpw_b70bb4acc0|lpw_8af2350cfd|lpw_02811cec0b,lpw_b5141d3d19|lpw_8b7b91e000|lpw_b70bb4acc0|lpw_8af2350cfd|lpw_02811cec0b,6,5,5,5
1050,1052,10,2,false,"“那是您的错,”",那是|您|的|错,8,4,lpw_9bbfbbc76f|lpw_8af2350cfd,您|的,lpw_8af2350cfd,lpw_8af2350cfd,lpw_8af2350cfd,2,1,1,1
1051,1053,10,2,false,小王子肯定地说。,小王子|肯定|地|说,8,4,lpw_87f2a033cf|lpw_bdbd41e490|lpw_ccca744613,小王子|地|说,lpw_87f2a033cf|lpw_bdbd41e490|lpw_ccca744613,lpw_87f2a033cf|lpw_bdbd41e490|lpw_ccca744613,lpw_87f2a033cf|lpw_bdbd41e490|lpw_ccca744613,3,3,3,3
1052,1054,10,2,false,“正是如此。,正是|如此,6,2,,,,,,0,0,0,0
1053,1055,10,2,false,"得让每个人去做他能做到的事情,”",得|让|每个人|去|做|他|能|做到|的|事情,16,10,lpw_71b1ed1114|lpw_ad37574404|lpw_99ae21ea6c|lpw_94f5404441|lpw_8b7b91e000|lpw_413c06bcef|lpw_8af2350cfd|lpw_e66d9fac19,得|让|去|做|他|能|的|事情,lpw_ad37574404|lpw_8b7b91e000|lpw_8af2350cfd,lpw_71b1ed1114|lpw_ad37574404|lpw_99ae21ea6c|lpw_8b7b91e000|lpw_8af2350cfd,lpw_71b1ed1114|lpw_ad37574404|lpw_99ae21ea6c|lpw_8b7b91e000|lpw_8af2350cfd,8,3,5,5
1054,1056,10,2,false,国王接着说。,国王|接着|说,6,3,lpw_38e917f021|lpw_58ed4c69fb|lpw_ccca744613,国王|接着|说,lpw_ccca744613,lpw_ccca744613,lpw_ccca744613,3,1,1,1
1055,1057,10,2,false,“权威首先得建立在合理的基础上。,权威|首先|得|建立|在|合理|的|基础|上,16,9,lpw_71b1ed1114|lpw_12404a0b63|lpw_8af2350cfd|lpw_db5ba671d2,得|在|的|上,lpw_12404a0b63|lpw_8af2350cfd|lpw_db5ba671d2,lpw_71b1ed1114|lpw_12404a0b63|lpw_8af2350cfd|lpw_db5ba671d2,lpw_71b1ed1114|lpw_12404a0b63|lpw_8af2350cfd|lpw_db5ba671d2,4,3,4,4
1056,1058,10,2,false,"如果你命令你的老百姓都去投海,",如果|你|命令|你|的|老百姓|都去|投|海,15,9,lpw_7ca71b72d7|lpw_a0c7716669|lpw_928f87d450|lpw_8af2350cfd,如果|你|命令|的,lpw_a0c7716669|lpw_8af2350cfd,lpw_a0c7716669|lpw_8af2350cfd,lpw_a0c7716669|lpw_8af2350cfd,4,2,2,2
1057,1059,10,2,false,他们就会造反。,他们|就|会|造反,7,4,lpw_10518f8f0a|lpw_2f9d9872e5|lpw_5ba1e3c0eb,他们|就|会,lpw_10518f8f0a|lpw_2f9d9872e5|lpw_5ba1e3c0eb,lpw_10518f8f0a|lpw_2f9d9872e5|lpw_5ba1e3c0eb,lpw_10518f8f0a|lpw_2f9d9872e5|lpw_5ba1e3c0eb,3,3,3,3
1058,1060,10,2,false,"我之所以有权让人服从,",我|之所以|有权|让|人|服从,11,6,lpw_b70bb4acc0|lpw_ad37574404|lpw_50f5d65d57,我|让|人,lpw_b70bb4acc0|lpw_ad37574404|lpw_50f5d65d57,lpw_b70bb4acc0|lpw_ad37574404|lpw_50f5d65d57,lpw_b70bb4acc0|lpw_ad37574404|lpw_50f5d65d57,3,3,3,3
1059,1061,10,2,false,就是因为我的命令都是合情合理的。”,就是|因为|我|的|命令|都是|合情合理|的,17,8,lpw_88aa006eb3|lpw_795cfc96d4|lpw_b70bb4acc0|lpw_8af2350cfd|lpw_928f87d450|lpw_ef4e15ff45,就是|因为|我|的|命令|都是,lpw_b70bb4acc0|lpw_8af2350cfd,lpw_88aa006eb3|lpw_795cfc96d4|lpw_b70bb4acc0|lpw_8af2350cfd,lpw_88aa006eb3|lpw_795cfc96d4|lpw_b70bb4acc0|lpw_8af2350cfd,6,2,4,4
1060,1062,10,2,false,“那么我想看的日落呢?”,那么|我想|看|的|日|落|呢,12,7,lpw_a61f02e145|lpw_42230da180|lpw_61f43315f9|lpw_8af2350cfd|lpw_85217f7aff|lpw_e9ce9aefa3|lpw_02811cec0b,那么|我想|看|的|日|落|呢,lpw_8af2350cfd|lpw_02811cec0b,lpw_8af2350cfd|lpw_02811cec0b,lpw_a61f02e145|lpw_61f43315f9|lpw_8af2350cfd|lpw_02811cec0b,7,2,2,4
1061,1063,10,2,false,"小王子想起了这件事,",小王子|想起|了|这|件|事,10,6,lpw_87f2a033cf|lpw_b2dd27e84f|lpw_d409ab2ab3|lpw_1d9ed56951,小王子|了|这|事,lpw_87f2a033cf|lpw_b2dd27e84f|lpw_d409ab2ab3,lpw_87f2a033cf|lpw_b2dd27e84f|lpw_d409ab2ab3|lpw_1d9ed56951,lpw_87f2a033cf|lpw_b2dd27e84f|lpw_d409ab2ab3|lpw_1d9ed56951,4,3,4,4
1062,1064,10,2,false,他对自己提过的问题是不会忘记的。,他|对|自己|提过|的|问题|是|不会|忘记|的,16,10,lpw_8b7b91e000|lpw_74570c7270|lpw_fb43354d2a|lpw_8af2350cfd|lpw_33a8618cb6|lpw_b5141d3d19|lpw_c7ae73a94d,他|对|自己|的|问题|是|不会,lpw_8b7b91e000|lpw_74570c7270|lpw_8af2350cfd|lpw_b5141d3d19,lpw_8b7b91e000|lpw_74570c7270|lpw_fb43354d2a|lpw_8af2350cfd|lpw_b5141d3d19,lpw_8b7b91e000|lpw_74570c7270|lpw_fb43354d2a|lpw_8af2350cfd|lpw_b5141d3d19,7,4,5,5
1063,1065,10,2,false,“你会看到日落的。,你会|看到|日|落|的,9,5,lpw_8e80d04a82|lpw_e9c1d16595|lpw_85217f7aff|lpw_e9ce9aefa3|lpw_8af2350cfd,你会|看到|日|落|的,lpw_8af2350cfd,lpw_8af2350cfd,lpw_8af2350cfd,5,1,1,1
1064,1066,10,2,false,我会要它下山的。,我|会|要|它|下山|的,8,6,lpw_b70bb4acc0|lpw_5ba1e3c0eb|lpw_975f35218e|lpw_7e9260e925|lpw_8af2350cfd,我|会|要|它|的,lpw_b70bb4acc0|lpw_5ba1e3c0eb|lpw_7e9260e925|lpw_8af2350cfd,lpw_b70bb4acc0|lpw_5ba1e3c0eb|lpw_975f35218e|lpw_7e9260e925|lpw_8af2350cfd,lpw_b70bb4acc0|lpw_5ba1e3c0eb|lpw_975f35218e|lpw_7e9260e925|lpw_8af2350cfd,5,4,5,5
1065,1067,10,2,false,"不过按照我的统治原则,",不过|按照|我|的|统治|原则,11,6,lpw_72113362c6|lpw_b70bb4acc0|lpw_8af2350cfd,不过|我|的,lpw_b70bb4acc0|lpw_8af2350cfd,lpw_b70bb4acc0|lpw_8af2350cfd,lpw_72113362c6|lpw_b70bb4acc0|lpw_8af2350cfd,3,2,2,3
1066,1068,10,2,false,要等到条件成熟的时候。”,要|等到|条件|成熟|的|时候,12,6,lpw_975f35218e|lpw_8af2350cfd|lpw_5484678be4,要|的|时候,lpw_8af2350cfd,lpw_975f35218e|lpw_8af2350cfd,lpw_975f35218e|lpw_8af2350cfd,3,1,2,2
1067,1069,10,2,false,“要等到什么时候呢?”,要|等到|什么时候|呢,11,4,lpw_975f35218e|lpw_02811cec0b,要|呢,lpw_02811cec0b,lpw_975f35218e|lpw_02811cec0b,lpw_975f35218e|lpw_02811cec0b,2,1,2,2
1068,1070,10,2,false,小王子问。,小王子|问,5,2,lpw_87f2a033cf|lpw_4628c0e06f,小王子|问,lpw_87f2a033cf,lpw_87f2a033cf|lpw_4628c0e06f,lpw_87f2a033cf|lpw_4628c0e06f,2,1,2,2
1069,1071,10,2,false,“呣!呣!”,呣|呣,6,2,,,,,,0,0,0,0
1070,1072,10,2,false,"国王先翻看一本厚厚的历书,",国王|先|翻看|一本|厚厚的|历|书,13,7,lpw_38e917f021|lpw_1be968f125,国王|书,,,,2,0,0,0
1071,1073,10,2,false,"然后回答说,",然后|回答|说,6,3,lpw_ca4f5ee82e|lpw_f3f5126487|lpw_ccca744613,然后|回答|说,lpw_ccca744613,lpw_f3f5126487|lpw_ccca744613,lpw_f3f5126487|lpw_ccca744613,3,1,2,2
1072,1074,10,2,false,"“呣!呣!要等到,",呣|呣|要|等到,9,4,lpw_975f35218e,要,,lpw_975f35218e,lpw_975f35218e,1,0,1,1
1073,1075,10,2,false,大概......大概......,大概|大概,16,2,,,,,,0,0,0,0
1074,1076,10,2,false,要等到今晚大概七点四十分!,要|等到|今晚|大概|七|点|四|十分,13,8,lpw_975f35218e|lpw_08dddeac13|lpw_754a9d5828,要|点|四,,lpw_975f35218e,lpw_975f35218e,3,0,1,1
1075,1077,10,2,false,你会看到它乖乖地服从我的命令的。”,你会|看到|它|乖乖|地|服从|我|的|命令|的,17,10,lpw_8e80d04a82|lpw_e9c1d16595|lpw_7e9260e925|lpw_bdbd41e490|lpw_b70bb4acc0|lpw_8af2350cfd|lpw_928f87d450,你会|看到|它|地|我|的|命令,lpw_7e9260e925|lpw_bdbd41e490|lpw_b70bb4acc0|lpw_8af2350cfd,lpw_7e9260e925|lpw_bdbd41e490|lpw_b70bb4acc0|lpw_8af2350cfd,lpw_7e9260e925|lpw_bdbd41e490|lpw_b70bb4acc0|lpw_8af2350cfd,7,4,4,4
1076,1078,10,2,false,小王子打了个哈欠。,小王子|打|了|个|哈欠,9,5,lpw_87f2a033cf|lpw_b2dd27e84f|lpw_3a116815bc,小王子|了|个,lpw_87f2a033cf|lpw_b2dd27e84f,lpw_87f2a033cf|lpw_b2dd27e84f|lpw_3a116815bc,lpw_87f2a033cf|lpw_b2dd27e84f|lpw_3a116815bc,3,2,3,3
1077,1079,10,2,false,"看不到日落,",看不到|日|落,6,3,lpw_85217f7aff|lpw_e9ce9aefa3,日|落,,,,2,0,0,0
1078,1080,10,2,false,让他感到挺遗憾。,让|他|感到|挺|遗憾,8,5,lpw_ad37574404|lpw_8b7b91e000|lpw_15c2457566,让|他|感到,lpw_ad37574404|lpw_8b7b91e000,lpw_ad37574404|lpw_8b7b91e000,lpw_ad37574404|lpw_8b7b91e000|lpw_15c2457566,3,2,2,3
1079,1081,10,2,false,再说他也已经有点腻烦了:,再说|他|也|已经|有点|腻烦|了,12,7,lpw_8b7b91e000|lpw_658605835b|lpw_8ee12e2310|lpw_29506aa712|lpw_b2dd27e84f,他|也|已经|有点|了,lpw_8b7b91e000|lpw_b2dd27e84f,lpw_8b7b91e000|lpw_658605835b|lpw_b2dd27e84f,lpw_8b7b91e000|lpw_658605835b|lpw_29506aa712|lpw_b2dd27e84f,5,2,3,4
1080,1082,10,2,false,"“我在这儿没什么事好做了,”",我在|这儿|没什么|事|好|做了,14,6,lpw_33f40475f8|lpw_19a29e87c9|lpw_1d9ed56951|lpw_f867f34178,我在|这儿|事|好,,lpw_19a29e87c9|lpw_1d9ed56951|lpw_f867f34178,lpw_19a29e87c9|lpw_1d9ed56951|lpw_f867f34178,4,0,3,3
1081,1083,10,2,false,他对国王说。,他|对|国王|说,6,4,lpw_8b7b91e000|lpw_74570c7270|lpw_38e917f021|lpw_ccca744613,他|对|国王|说,lpw_8b7b91e000|lpw_74570c7270|lpw_ccca744613,lpw_8b7b91e000|lpw_74570c7270|lpw_ccca744613,lpw_8b7b91e000|lpw_74570c7270|lpw_ccca744613,4,3,3,3
1082,1084,10,2,false,“我要走了!”,我要|走了,7,2,lpw_30bc5c7b4c|lpw_25eba59465,我要|走了,,,,2,0,0,0
1083,1085,10,2,false,"“别走,”",别|走,5,2,lpw_f66de6c4cd,走,,,,1,0,0,0
1084,1086,10,2,false,"国王回答说,",国王|回答|说,6,3,lpw_38e917f021|lpw_f3f5126487|lpw_ccca744613,国王|回答|说,lpw_ccca744613,lpw_f3f5126487|lpw_ccca744613,lpw_f3f5126487|lpw_ccca744613,3,1,2,2
1085,1087,10,2,false,"他有了一个臣民,",他|有了|一个|臣民,8,4,lpw_8b7b91e000|lpw_e1dbc1c99f,他|一个,lpw_8b7b91e000|lpw_e1dbc1c99f,lpw_8b7b91e000|lpw_e1dbc1c99f,lpw_8b7b91e000|lpw_e1dbc1c99f,2,2,2,2
1086,1088,10,2,false,正骄傲着呢。,正|骄傲|着|呢,6,4,lpw_d657ee1d4a|lpw_9e5bf0d2d9|lpw_02811cec0b,正|着|呢,lpw_9e5bf0d2d9|lpw_02811cec0b,lpw_9e5bf0d2d9|lpw_02811cec0b,lpw_9e5bf0d2d9|lpw_02811cec0b,3,2,2,2
1087,1089,10,2,false,"“别走,",别|走,4,2,lpw_f66de6c4cd,走,,,,1,0,0,0
1088,1090,10,2,false,我任命你当大臣!”,我|任命|你|当|大臣,9,5,lpw_b70bb4acc0|lpw_a0c7716669|lpw_142d843e71,我|你|当,lpw_b70bb4acc0|lpw_a0c7716669,lpw_b70bb4acc0|lpw_a0c7716669,lpw_b70bb4acc0|lpw_a0c7716669,3,2,2,2
1089,1091,10,2,false,“什么大臣?”,什么|大臣,7,2,lpw_c1b52e0e64,什么,lpw_c1b52e0e64,lpw_c1b52e0e64,lpw_c1b52e0e64,1,1,1,1
1090,1092,10,2,false,“这个......司法大臣!”,这个|司法|大臣,15,3,lpw_979e2bc35b,这个,,lpw_979e2bc35b,lpw_979e2bc35b,1,0,1,1
1091,1093,10,2,false,“可是这儿没有人要审判呀!”,可是|这儿|没有|人|要|审判|呀,14,7,lpw_38ca4a9c76|lpw_19a29e87c9|lpw_f127804b92|lpw_50f5d65d57|lpw_975f35218e|lpw_03fe6b38e7,可是|这儿|没有|人|要|呀,lpw_50f5d65d57,lpw_38ca4a9c76|lpw_19a29e87c9|lpw_f127804b92|lpw_50f5d65d57|lpw_975f35218e,lpw_38ca4a9c76|lpw_19a29e87c9|lpw_f127804b92|lpw_50f5d65d57|lpw_975f35218e|lpw_03fe6b38e7,6,1,5,6
1092,1094,10,2,false,"“那可说不定,”",那|可|说不定,8,3,lpw_5a2362a202|lpw_8b9cefa38e|lpw_63e84e56ed,那|可|说不定,lpw_5a2362a202,lpw_5a2362a202|lpw_8b9cefa38e,lpw_5a2362a202|lpw_8b9cefa38e,3,1,2,2
1093,1095,10,2,false,国王对他说。,国王|对|他|说,6,4,lpw_38e917f021|lpw_74570c7270|lpw_8b7b91e000|lpw_ccca744613,国王|对|他|说,lpw_74570c7270|lpw_8b7b91e000|lpw_ccca744613,lpw_74570c7270|lpw_8b7b91e000|lpw_ccca744613,lpw_74570c7270|lpw_8b7b91e000|lpw_ccca744613,4,3,3,3
1094,1096,10,2,false,“我还没巡视过我的王国。,我还没|巡视|过|我|的|王国,12,6,lpw_f777893480|lpw_b70bb4acc0|lpw_8af2350cfd,过|我|的,lpw_b70bb4acc0|lpw_8af2350cfd,lpw_f777893480|lpw_b70bb4acc0|lpw_8af2350cfd,lpw_f777893480|lpw_b70bb4acc0|lpw_8af2350cfd,3,2,3,3
1095,1097,10,2,false,"我太老了,",我|太|老了,5,3,lpw_b70bb4acc0|lpw_e7ace7adf2,我|太,lpw_b70bb4acc0,lpw_b70bb4acc0,lpw_b70bb4acc0|lpw_e7ace7adf2,2,1,1,2
1096,1098,10,2,false,"我没地方放马车,",我没|地方|放|马车,8,4,lpw_6af7322be2|lpw_1462a7d853,我没|地方,,,lpw_1462a7d853,2,0,0,1
1097,1099,10,2,false,走路又累得慌。”,走路|又|累|得慌,8,4,lpw_e71ce5deab,又,lpw_e71ce5deab,lpw_e71ce5deab,lpw_e71ce5deab,1,1,1,1
1098,1100,10,2,false,“噢!,噢,3,1,,,,,,0,0,0,0
1099,1101,10,2,false,"可是我已经看过了,”",可是|我|已经|看|过|了,10,6,lpw_38ca4a9c76|lpw_b70bb4acc0|lpw_8ee12e2310|lpw_61f43315f9|lpw_f777893480|lpw_b2dd27e84f,可是|我|已经|看|过|了,lpw_b70bb4acc0|lpw_b2dd27e84f,lpw_38ca4a9c76|lpw_b70bb4acc0|lpw_f777893480|lpw_b2dd27e84f,lpw_38ca4a9c76|lpw_b70bb4acc0|lpw_61f43315f9|lpw_f777893480|lpw_b2dd27e84f,6,2,4,5
1100,1102,10,2,false,"小王子说着,",小王子|说|着,6,3,lpw_87f2a033cf|lpw_ccca744613|lpw_9e5bf0d2d9,小王子|说|着,lpw_87f2a033cf|lpw_ccca744613|lpw_9e5bf0d2d9,lpw_87f2a033cf|lpw_ccca744613|lpw_9e5bf0d2d9,lpw_87f2a033cf|lpw_ccca744613|lpw_9e5bf0d2d9,3,3,3,3
1101,1103,10,2,false,又朝这颗小行星的另一边瞥了一眼。,又|朝|这|颗|小行星|的|另一边|瞥|了|一眼,16,10,lpw_e71ce5deab|lpw_d409ab2ab3|lpw_09901d3de2|lpw_68cf5e71c2|lpw_8af2350cfd|lpw_b2dd27e84f,又|这|颗|小行星|的|了,lpw_e71ce5deab|lpw_d409ab2ab3|lpw_8af2350cfd|lpw_b2dd27e84f,lpw_e71ce5deab|lpw_d409ab2ab3|lpw_8af2350cfd|lpw_b2dd27e84f,lpw_e71ce5deab|lpw_d409ab2ab3|lpw_8af2350cfd|lpw_b2dd27e84f,6,4,4,4
1102,1104,10,2,false,“那边也没有一个人......”,那边|也没有|一个|人,16,4,lpw_e1dbc1c99f|lpw_50f5d65d57,一个|人,lpw_e1dbc1c99f|lpw_50f5d65d57,lpw_e1dbc1c99f|lpw_50f5d65d57,lpw_e1dbc1c99f|lpw_50f5d65d57,2,2,2,2
1103,1105,10,2,false,"“那你就审判你自己,”",那|你|就|审判|你|自己,11,6,lpw_5a2362a202|lpw_a0c7716669|lpw_2f9d9872e5|lpw_fb43354d2a,那|你|就|自己,lpw_5a2362a202|lpw_a0c7716669|lpw_2f9d9872e5,lpw_5a2362a202|lpw_a0c7716669|lpw_2f9d9872e5|lpw_fb43354d2a,lpw_5a2362a202|lpw_a0c7716669|lpw_2f9d9872e5|lpw_fb43354d2a,4,3,4,4
1104,1106,10,2,false,国王回答他说。,国王|回答|他|说,7,4,lpw_38e917f021|lpw_f3f5126487|lpw_8b7b91e000|lpw_ccca744613,国王|回答|他|说,lpw_8b7b91e000|lpw_ccca744613,lpw_f3f5126487|lpw_8b7b91e000|lpw_ccca744613,lpw_f3f5126487|lpw_8b7b91e000|lpw_ccca744613,4,2,3,3
1105,1107,10,2,false,“这是最难的。,这|是|最|难|的,7,5,lpw_d409ab2ab3|lpw_b5141d3d19|lpw_8af2350cfd,这|是|的,lpw_d409ab2ab3|lpw_b5141d3d19|lpw_8af2350cfd,lpw_d409ab2ab3|lpw_b5141d3d19|lpw_8af2350cfd,lpw_d409ab2ab3|lpw_b5141d3d19|lpw_8af2350cfd,3,3,3,3
1106,1108,10,2,false,审判自己要比审判别人难得多。,审判|自己|要|比|审判|别人|难得|多,14,8,lpw_fb43354d2a|lpw_975f35218e|lpw_ab158a8483|lpw_1940119f05,自己|要|比|多,,lpw_fb43354d2a|lpw_975f35218e,lpw_fb43354d2a|lpw_975f35218e,4,0,2,2
1107,1109,10,2,false,"要是你能审判好自己,",要是|你|能|审判|好|自己,10,6,lpw_467b2562ed|lpw_a0c7716669|lpw_413c06bcef|lpw_f867f34178|lpw_fb43354d2a,要是|你|能|好|自己,lpw_a0c7716669,lpw_a0c7716669|lpw_f867f34178|lpw_fb43354d2a,lpw_467b2562ed|lpw_a0c7716669|lpw_f867f34178|lpw_fb43354d2a,5,1,3,4
1108,1110,10,2,false,你就是个真正的智者。”,你|就是|个|真正|的|智者,11,6,lpw_a0c7716669|lpw_88aa006eb3|lpw_3a116815bc|lpw_8af2350cfd,你|就是|个|的,lpw_a0c7716669|lpw_8af2350cfd,lpw_a0c7716669|lpw_88aa006eb3|lpw_3a116815bc|lpw_8af2350cfd,lpw_a0c7716669|lpw_88aa006eb3|lpw_3a116815bc|lpw_8af2350cfd,4,2,4,4
1109,1111,10,2,false,"“可我,”",可|我,5,2,lpw_8b9cefa38e|lpw_b70bb4acc0,可|我,lpw_b70bb4acc0,lpw_8b9cefa38e|lpw_b70bb4acc0,lpw_8b9cefa38e|lpw_b70bb4acc0,2,1,2,2
1110,1112,10,2,false,"小王子说,",小王子|说,5,2,lpw_87f2a033cf|lpw_ccca744613,小王子|说,lpw_87f2a033cf|lpw_ccca744613,lpw_87f2a033cf|lpw_ccca744613,lpw_87f2a033cf|lpw_ccca744613,2,2,2,2
1111,1113,10,2,false,“我在哪儿都可以自己审判自己。,我在|哪儿|都可以|自己|审判|自己,15,6,lpw_33f40475f8|lpw_1ca2298198|lpw_fb43354d2a,我在|哪儿|自己,,lpw_fb43354d2a,lpw_fb43354d2a,3,0,1,1
1112,1114,10,2,false,我不必留在这儿呀。”,我|不必|留在|这儿|呀,10,5,lpw_b70bb4acc0|lpw_19a29e87c9|lpw_03fe6b38e7,我|这儿|呀,lpw_b70bb4acc0,lpw_b70bb4acc0|lpw_19a29e87c9,lpw_b70bb4acc0|lpw_19a29e87c9|lpw_03fe6b38e7,3,1,2,3
1113,1115,10,2,false,“呣!呣!”,呣|呣,6,2,,,,,,0,0,0,0
1114,1116,10,2,false,"国王说,",国王|说,4,2,lpw_38e917f021|lpw_ccca744613,国王|说,lpw_ccca744613,lpw_ccca744613,lpw_ccca744613,2,1,1,1
1115,1117,10,2,false,"“我想哪,",我想|哪,5,2,lpw_42230da180,我想,,,,1,0,0,0
1116,1118,10,2,false,在我的星球上有只老耗子。,在|我|的|星球|上有|只|老|耗子,12,8,lpw_12404a0b63|lpw_b70bb4acc0|lpw_8af2350cfd|lpw_62f2d6c1a1|lpw_409e2c3882,在|我|的|星球|只,lpw_12404a0b63|lpw_b70bb4acc0|lpw_8af2350cfd|lpw_62f2d6c1a1,lpw_12404a0b63|lpw_b70bb4acc0|lpw_8af2350cfd|lpw_62f2d6c1a1|lpw_409e2c3882,lpw_12404a0b63|lpw_b70bb4acc0|lpw_8af2350cfd|lpw_62f2d6c1a1|lpw_409e2c3882,5,4,5,5
1117,1119,10,2,false,夜里我听见它的声音。,夜里|我|听见|它|的|声音,10,6,lpw_41f8d30e7f|lpw_b70bb4acc0|lpw_7e9260e925|lpw_8af2350cfd|lpw_473400815c,夜里|我|它|的|声音,lpw_b70bb4acc0|lpw_7e9260e925|lpw_8af2350cfd,lpw_b70bb4acc0|lpw_7e9260e925|lpw_8af2350cfd,lpw_b70bb4acc0|lpw_7e9260e925|lpw_8af2350cfd,5,3,3,3
1118,1120,10,2,false,你可以审判这只老耗子。,你|可以|审判|这|只|老|耗子,11,7,lpw_a0c7716669|lpw_0ef5c86fab|lpw_d409ab2ab3|lpw_409e2c3882,你|可以|这|只,lpw_a0c7716669|lpw_d409ab2ab3,lpw_a0c7716669|lpw_d409ab2ab3|lpw_409e2c3882,lpw_a0c7716669|lpw_0ef5c86fab|lpw_d409ab2ab3|lpw_409e2c3882,4,2,3,4
1119,1121,10,2,false,你可以不时判它死刑。,你|可以|不时|判|它|死刑,10,6,lpw_a0c7716669|lpw_0ef5c86fab|lpw_7e9260e925,你|可以|它,lpw_a0c7716669|lpw_7e9260e925,lpw_a0c7716669|lpw_7e9260e925,lpw_a0c7716669|lpw_0ef5c86fab|lpw_7e9260e925,3,2,2,3
1120,1122,10,2,false,"这样啊,",这样|啊,4,2,lpw_b7fc681861|lpw_7c2c50fbaf,这样|啊,,lpw_b7fc681861,lpw_b7fc681861,2,0,1,1
1121,1123,10,2,false,它的生命就取决于你的判决了。,它|的|生命|就|取决|于|你|的|判决|了,14,10,lpw_7e9260e925|lpw_8af2350cfd|lpw_2f9d9872e5|lpw_a0c7716669|lpw_b2dd27e84f,它|的|就|你|了,lpw_7e9260e925|lpw_8af2350cfd|lpw_2f9d9872e5|lpw_a0c7716669|lpw_b2dd27e84f,lpw_7e9260e925|lpw_8af2350cfd|lpw_2f9d9872e5|lpw_a0c7716669|lpw_b2dd27e84f,lpw_7e9260e925|lpw_8af2350cfd|lpw_2f9d9872e5|lpw_a0c7716669|lpw_b2dd27e84f,5,5,5,5
1122,1124,10,2,false,"不过,",不过,3,1,lpw_72113362c6,不过,,,lpw_72113362c6,1,0,0,1
1123,1125,10,2,false,"这只耗子你得悠着点儿用,",这|只|耗子|你|得|悠|着|点儿|用,12,9,lpw_d409ab2ab3|lpw_409e2c3882|lpw_a0c7716669|lpw_71b1ed1114|lpw_9e5bf0d2d9|lpw_04e45efb3b,这|只|你|得|着|用,lpw_d409ab2ab3|lpw_a0c7716669|lpw_9e5bf0d2d9,lpw_d409ab2ab3|lpw_409e2c3882|lpw_a0c7716669|lpw_71b1ed1114|lpw_9e5bf0d2d9,lpw_d409ab2ab3|lpw_409e2c3882|lpw_a0c7716669|lpw_71b1ed1114|lpw_9e5bf0d2d9|lpw_04e45efb3b,6,3,5,6
1124,1126,10,2,false,每次判决后都得赦免它。,每次|判决|后|都|得|赦免|它,11,7,lpw_7eabb36ba1|lpw_71b1ed1114|lpw_7e9260e925,都|得|它,lpw_7e9260e925,lpw_7eabb36ba1|lpw_71b1ed1114|lpw_7e9260e925,lpw_7eabb36ba1|lpw_71b1ed1114|lpw_7e9260e925,3,1,3,3
1125,1127,10,2,false,因为只有这么一只耗子。”,因为|只有|这么|一只|耗子,12,5,lpw_795cfc96d4|lpw_ba8bd7c8c9|lpw_7677ca84c6|lpw_216a478784,因为|只有|这么|一只,,lpw_795cfc96d4,lpw_795cfc96d4|lpw_7677ca84c6,4,0,1,2
1126,1128,10,2,false,"“可我,”",可|我,5,2,lpw_8b9cefa38e|lpw_b70bb4acc0,可|我,lpw_b70bb4acc0,lpw_8b9cefa38e|lpw_b70bb4acc0,lpw_8b9cefa38e|lpw_b70bb4acc0,2,1,2,2
1127,1129,10,2,false,"小王子回答说,",小王子|回答|说,7,3,lpw_87f2a033cf|lpw_f3f5126487|lpw_ccca744613,小王子|回答|说,lpw_87f2a033cf|lpw_ccca744613,lpw_87f2a033cf|lpw_f3f5126487|lpw_ccca744613,lpw_87f2a033cf|lpw_f3f5126487|lpw_ccca744613,3,2,3,3
1128,1130,10,2,false,"“我不喜欢判死刑,",我不|喜欢|判|死刑,9,4,lpw_3e63e3d08e|lpw_653b04330b,我不|喜欢,,,,2,0,0,0
1129,1131,10,2,false,我想我还得走。”,我想|我还|得|走,8,4,lpw_42230da180|lpw_71b1ed1114|lpw_f66de6c4cd,我想|得|走,,lpw_71b1ed1114,lpw_71b1ed1114,3,0,1,1
1130,1132,10,2,false,"“不行,”",不行,5,1,,,,,,0,0,0,0
1131,1133,10,2,false,国王说。,国王|说,4,2,lpw_38e917f021|lpw_ccca744613,国王|说,lpw_ccca744613,lpw_ccca744613,lpw_ccca744613,2,1,1,1
1132,1134,10,2,false,整装待发的小王子不想让老国王难过:,整装|待发|的|小王子|不想|让|老|国王|难过,17,9,lpw_8af2350cfd|lpw_87f2a033cf|lpw_ad37574404|lpw_38e917f021,的|小王子|让|国王,lpw_8af2350cfd|lpw_87f2a033cf|lpw_ad37574404,lpw_8af2350cfd|lpw_87f2a033cf|lpw_ad37574404,lpw_8af2350cfd|lpw_87f2a033cf|lpw_ad37574404,4,3,3,3
1133,1135,10,2,false,"“陛下如果想让命令立刻得到服从,",陛下|如果|想|让|命令|立刻|得到|服从,16,8,lpw_7ca71b72d7|lpw_df0d251938|lpw_ad37574404|lpw_928f87d450,如果|想|让|命令,lpw_ad37574404,lpw_ad37574404,lpw_df0d251938|lpw_ad37574404,4,1,1,2
1134,1136,10,2,false,那就不妨下一道合情合理的命令。,那就|不妨|下|一道|合情合理|的|命令,15,7,lpw_13c12b064b|lpw_8af2350cfd|lpw_928f87d450,下|的|命令,lpw_8af2350cfd,lpw_8af2350cfd,lpw_8af2350cfd,3,1,1,1
1135,1137,10,2,false,"比如说,",比如|说,4,2,lpw_ccca744613,说,lpw_ccca744613,lpw_ccca744613,lpw_ccca744613,1,1,1,1
1136,1138,10,2,false,陛下可以命令我在一分钟内离开此地。,陛下|可以|命令|我在|一|分钟|内|离开|此地,17,9,lpw_0ef5c86fab|lpw_928f87d450|lpw_33f40475f8|lpw_51a75f4634|lpw_bd957bc497,可以|命令|我在|一|分钟,,lpw_51a75f4634,lpw_0ef5c86fab|lpw_51a75f4634,5,0,1,2
1137,1139,10,2,false,我觉得条件已经成熟......”,我|觉得|条件|已经|成熟,16,5,lpw_b70bb4acc0|lpw_78c82d9f41|lpw_8ee12e2310,我|觉得|已经,lpw_b70bb4acc0,lpw_b70bb4acc0,lpw_b70bb4acc0|lpw_78c82d9f41,3,1,1,2
1138,1140,10,2,false,"国王一声不吭,",国王|一声不吭,7,2,lpw_38e917f021,国王,,,,1,0,0,0
1139,1141,10,2,false,"小王子起先有点犹豫,",小王子|起先|有点|犹豫,10,4,lpw_87f2a033cf|lpw_29506aa712,小王子|有点,lpw_87f2a033cf,lpw_87f2a033cf,lpw_87f2a033cf|lpw_29506aa712,2,1,1,2
1140,1142,10,2,false,"而后叹了口气,",而后|叹|了|口气,7,4,lpw_b2dd27e84f,了,lpw_b2dd27e84f,lpw_b2dd27e84f,lpw_b2dd27e84f,1,1,1,1
1141,1143,10,2,false,就起程了。,就|起程|了,5,3,lpw_2f9d9872e5|lpw_b2dd27e84f,就|了,lpw_2f9d9872e5|lpw_b2dd27e84f,lpw_2f9d9872e5|lpw_b2dd27e84f,lpw_2f9d9872e5|lpw_b2dd27e84f,2,2,2,2
1142,1144,10,2,false,"“我任命你当我的大使,”",我|任命|你|当|我|的|大使,12,7,lpw_b70bb4acc0|lpw_a0c7716669|lpw_142d843e71|lpw_8af2350cfd,我|你|当|的,lpw_b70bb4acc0|lpw_a0c7716669|lpw_8af2350cfd,lpw_b70bb4acc0|lpw_a0c7716669|lpw_8af2350cfd,lpw_b70bb4acc0|lpw_a0c7716669|lpw_8af2350cfd,4,3,3,3
1143,1145,10,2,false,这时国王赶紧喊道。,这时|国王|赶紧|喊|道,9,5,lpw_38e917f021|lpw_00a9d5bd97,国王|道,,,,2,0,0,0
1144,1146,10,2,false,他的神态威严极了。,他|的|神态|威严|极了,9,5,lpw_8b7b91e000|lpw_8af2350cfd,他|的,lpw_8b7b91e000|lpw_8af2350cfd,lpw_8b7b91e000|lpw_8af2350cfd,lpw_8b7b91e000|lpw_8af2350cfd,2,2,2,2
1145,1147,10,2,false,"“这些大人真奇怪,”",这些|大人|真|奇怪,10,4,lpw_7a590a22cd|lpw_44dd6014a5|lpw_827d018e1b,这些|大人|真,,,lpw_7a590a22cd|lpw_44dd6014a5,3,0,0,2
1146,1148,10,2,false,小王子在旅途中自言自语地说。,小王子|在|旅途|中|自言自语|地|说,14,7,lpw_87f2a033cf|lpw_12404a0b63|lpw_a567bdaa11|lpw_bdbd41e490|lpw_ccca744613,小王子|在|中|地|说,lpw_87f2a033cf|lpw_12404a0b63|lpw_bdbd41e490|lpw_ccca744613,lpw_87f2a033cf|lpw_12404a0b63|lpw_bdbd41e490|lpw_ccca744613,lpw_87f2a033cf|lpw_12404a0b63|lpw_bdbd41e490|lpw_ccca744613,5,4,4,4
1147,1149,11,2,true,11,,2,0,,,,,,0,0,0,0
1148,1150,11,2,false,第二颗行星上住着一个爱虚荣的人。,第二|颗|行星|上|住|着|一个|爱|虚荣的人,16,9,lpw_09901d3de2|lpw_19956b104c|lpw_db5ba671d2|lpw_cbba0a98ab|lpw_9e5bf0d2d9|lpw_e1dbc1c99f|lpw_bafe3b2ee7|lpw_577fd55103,颗|行星|上|住|着|一个|爱|虚荣的人,lpw_db5ba671d2|lpw_9e5bf0d2d9|lpw_e1dbc1c99f,lpw_db5ba671d2|lpw_9e5bf0d2d9|lpw_e1dbc1c99f,lpw_db5ba671d2|lpw_9e5bf0d2d9|lpw_e1dbc1c99f,8,3,3,3
1149,1151,11,2,false,“哈哈!,哈哈,4,1,,,,,,0,0,0,0
1150,1152,11,2,false,有个崇拜者来看我了!”,有|个|崇拜|者|来看|我|了,11,7,lpw_90ce0f66f0|lpw_3a116815bc|lpw_b70bb4acc0|lpw_b2dd27e84f,有|个|我|了,lpw_90ce0f66f0|lpw_b70bb4acc0|lpw_b2dd27e84f,lpw_90ce0f66f0|lpw_3a116815bc|lpw_b70bb4acc0|lpw_b2dd27e84f,lpw_90ce0f66f0|lpw_3a116815bc|lpw_b70bb4acc0|lpw_b2dd27e84f,4,3,4,4
1151,1153,11,2,false,"这个爱虚荣的人刚看见小王子,",这个|爱|虚荣的人|刚|看见|小王子,14,6,lpw_979e2bc35b|lpw_bafe3b2ee7|lpw_577fd55103|lpw_7205426737|lpw_87f2a033cf,这个|爱|虚荣的人|看见|小王子,lpw_87f2a033cf,lpw_979e2bc35b|lpw_87f2a033cf,lpw_979e2bc35b|lpw_7205426737|lpw_87f2a033cf,5,1,2,3
1152,1154,11,2,false,大老远就喊了起来。,大|老远|就|喊了|起来,9,5,lpw_7d4ca7f48e|lpw_2f9d9872e5|lpw_b8a694b2df,大|就|起来,lpw_2f9d9872e5,lpw_2f9d9872e5,lpw_2f9d9872e5|lpw_b8a694b2df,3,1,1,2
1153,1155,11,2,false,"因为,",因为,3,1,lpw_795cfc96d4,因为,,lpw_795cfc96d4,lpw_795cfc96d4,1,0,1,1
1154,1156,11,2,false,"在爱虚荣的人眼里,",在|爱|虚荣的人|眼|里,9,5,lpw_12404a0b63|lpw_bafe3b2ee7|lpw_577fd55103|lpw_79f43de6e3,在|爱|虚荣的人|里,lpw_12404a0b63,lpw_12404a0b63|lpw_79f43de6e3,lpw_12404a0b63|lpw_79f43de6e3,4,1,2,2
1155,1157,11,2,false,别人都是他们的崇拜者。,别人|都是|他们|的|崇拜|者,11,6,lpw_ef4e15ff45|lpw_10518f8f0a|lpw_8af2350cfd,都是|他们|的,lpw_10518f8f0a|lpw_8af2350cfd,lpw_10518f8f0a|lpw_8af2350cfd,lpw_10518f8f0a|lpw_8af2350cfd,3,2,2,2
1156,1158,11,2,false,"“您好,”",您好,5,1,,,,,,0,0,0,0
1157,1159,11,2,false,小王子说。,小王子|说,5,2,lpw_87f2a033cf|lpw_ccca744613,小王子|说,lpw_87f2a033cf|lpw_ccca744613,lpw_87f2a033cf|lpw_ccca744613,lpw_87f2a033cf|lpw_ccca744613,2,2,2,2
1158,1160,11,2,false,“您这顶帽子挺有趣的。”,您|这|顶|帽子|挺|有趣|的,12,7,lpw_9bbfbbc76f|lpw_d409ab2ab3|lpw_8af2350cfd,您|这|的,lpw_d409ab2ab3|lpw_8af2350cfd,lpw_d409ab2ab3|lpw_8af2350cfd,lpw_d409ab2ab3|lpw_8af2350cfd,3,2,2,2
1159,1161,11,2,false,"“这是用来致意的,”",这|是用|来|致意|的,10,5,lpw_d409ab2ab3|lpw_6d8229118c|lpw_8af2350cfd,这|来|的,lpw_d409ab2ab3|lpw_6d8229118c|lpw_8af2350cfd,lpw_d409ab2ab3|lpw_6d8229118c|lpw_8af2350cfd,lpw_d409ab2ab3|lpw_6d8229118c|lpw_8af2350cfd,3,3,3,3
1160,1162,11,2,false,"爱虚荣的人回答说,",爱|虚荣的人|回答|说,9,4,lpw_bafe3b2ee7|lpw_577fd55103|lpw_f3f5126487|lpw_ccca744613,爱|虚荣的人|回答|说,lpw_ccca744613,lpw_f3f5126487|lpw_ccca744613,lpw_f3f5126487|lpw_ccca744613,4,1,2,2
1161,1163,11,2,false,"“人家向我欢呼时,",人家|向|我|欢呼|时,9,5,lpw_a2f77db0e9|lpw_b70bb4acc0|lpw_7d58b6422c,向|我|时,lpw_b70bb4acc0,lpw_b70bb4acc0,lpw_b70bb4acc0,3,1,1,1
1162,1164,11,2,false,我就用帽子向他们致意。,我|就用|帽子|向|他们|致意,11,6,lpw_b70bb4acc0|lpw_a2f77db0e9|lpw_10518f8f0a,我|向|他们,lpw_b70bb4acc0|lpw_10518f8f0a,lpw_b70bb4acc0|lpw_10518f8f0a,lpw_b70bb4acc0|lpw_10518f8f0a,3,2,2,2
1163,1165,11,2,false,"可惜啊,",可惜|啊,4,2,lpw_7c2c50fbaf,啊,,,,1,0,0,0
1164,1166,11,2,false,一直没人经过这儿。”,一直|没|人|经过|这儿,10,5,lpw_279e8b3573|lpw_50f5d65d57|lpw_19a29e87c9,没|人|这儿,lpw_50f5d65d57,lpw_279e8b3573|lpw_50f5d65d57|lpw_19a29e87c9,lpw_279e8b3573|lpw_50f5d65d57|lpw_19a29e87c9,3,1,3,3
1165,1167,11,2,false,“是吗?”,是|吗,5,2,lpw_b5141d3d19|lpw_5ac1612110,是|吗,lpw_b5141d3d19,lpw_b5141d3d19,lpw_b5141d3d19|lpw_5ac1612110,2,1,1,2
1166,1168,11,2,false,"小王子说,",小王子|说,5,2,lpw_87f2a033cf|lpw_ccca744613,小王子|说,lpw_87f2a033cf|lpw_ccca744613,lpw_87f2a033cf|lpw_ccca744613,lpw_87f2a033cf|lpw_ccca744613,2,2,2,2
1167,1169,11,2,false,他没明白那人的意思。,他|没|明白|那|人的|意思,10,6,lpw_8b7b91e000|lpw_279e8b3573|lpw_8e37cd5f7f|lpw_5a2362a202|lpw_65eb352d08,他|没|明白|那|意思,lpw_8b7b91e000|lpw_5a2362a202,lpw_8b7b91e000|lpw_279e8b3573|lpw_5a2362a202,lpw_8b7b91e000|lpw_279e8b3573|lpw_5a2362a202,5,2,3,3
1168,1170,11,2,false,"“你用一只手去拍另一只手,”",你|用|一只|手|去|拍|另一|只|手,14,9,lpw_a0c7716669|lpw_04e45efb3b|lpw_216a478784|lpw_99ae21ea6c|lpw_409e2c3882,你|用|一只|去|只,lpw_a0c7716669,lpw_a0c7716669|lpw_99ae21ea6c|lpw_409e2c3882,lpw_a0c7716669|lpw_04e45efb3b|lpw_99ae21ea6c|lpw_409e2c3882,5,1,3,4
1169,1171,11,2,false,于是爱虚荣的人这样教他。,于是|爱|虚荣的人|这样|教|他,12,6,lpw_3617c85a66|lpw_bafe3b2ee7|lpw_577fd55103|lpw_b7fc681861|lpw_8b7b91e000,于是|爱|虚荣的人|这样|他,lpw_8b7b91e000,lpw_b7fc681861|lpw_8b7b91e000,lpw_b7fc681861|lpw_8b7b91e000,5,1,2,2
1170,1172,11,2,false,小王子就拍起巴掌来了。,小王子|就|拍起|巴掌|来|了,11,6,lpw_87f2a033cf|lpw_2f9d9872e5|lpw_6d8229118c|lpw_b2dd27e84f,小王子|就|来|了,lpw_87f2a033cf|lpw_2f9d9872e5|lpw_6d8229118c|lpw_b2dd27e84f,lpw_87f2a033cf|lpw_2f9d9872e5|lpw_6d8229118c|lpw_b2dd27e84f,lpw_87f2a033cf|lpw_2f9d9872e5|lpw_6d8229118c|lpw_b2dd27e84f,4,4,4,4
1171,1173,11,2,false,"爱虚荣的人抬起帽子,",爱|虚荣的人|抬起|帽子,10,4,lpw_bafe3b2ee7|lpw_577fd55103,爱|虚荣的人,,,,2,0,0,0
1172,1174,11,2,false,谦逊地致意。,谦逊|地|致意,6,3,lpw_bdbd41e490,地,lpw_bdbd41e490,lpw_bdbd41e490,lpw_bdbd41e490,1,1,1,1
1173,1175,11,2,false,"“这比访问那个国王好玩多了,”",这|比|访问|那个|国王|好玩|多|了,15,8,lpw_d409ab2ab3|lpw_ab158a8483|lpw_fa6e73c549|lpw_38e917f021|lpw_1940119f05|lpw_b2dd27e84f,这|比|那个|国王|多|了,lpw_d409ab2ab3|lpw_b2dd27e84f,lpw_d409ab2ab3|lpw_b2dd27e84f,lpw_d409ab2ab3|lpw_b2dd27e84f,6,2,2,2
1174,1176,11,2,false,小王子心想。,小王子|心想,6,2,lpw_87f2a033cf,小王子,lpw_87f2a033cf,lpw_87f2a033cf,lpw_87f2a033cf,1,1,1,1
1175,1177,11,2,false,他又拍起巴掌来了。,他|又|拍起|巴掌|来|了,9,6,lpw_8b7b91e000|lpw_e71ce5deab|lpw_6d8229118c|lpw_b2dd27e84f,他|又|来|了,lpw_8b7b91e000|lpw_e71ce5deab|lpw_6d8229118c|lpw_b2dd27e84f,lpw_8b7b91e000|lpw_e71ce5deab|lpw_6d8229118c|lpw_b2dd27e84f,lpw_8b7b91e000|lpw_e71ce5deab|lpw_6d8229118c|lpw_b2dd27e84f,4,4,4,4
1176,1178,11,2,false,爱虚荣的人就又抬起帽子致意。,爱|虚荣的人|就|又|抬起|帽子|致意,14,7,lpw_bafe3b2ee7|lpw_577fd55103|lpw_2f9d9872e5|lpw_e71ce5deab,爱|虚荣的人|就|又,lpw_2f9d9872e5|lpw_e71ce5deab,lpw_2f9d9872e5|lpw_e71ce5deab,lpw_2f9d9872e5|lpw_e71ce5deab,4,2,2,2
1177,1179,11,2,false,"这样玩了五分钟,",这样|玩了|五|分钟,8,4,lpw_b7fc681861|lpw_c9b87f516a|lpw_bd957bc497,这样|五|分钟,,lpw_b7fc681861,lpw_b7fc681861,3,0,1,1
1178,1180,11,2,false,"小王子觉得太单调,",小王子|觉得|太|单调,9,4,lpw_87f2a033cf|lpw_78c82d9f41|lpw_e7ace7adf2,小王子|觉得|太,lpw_87f2a033cf,lpw_87f2a033cf,lpw_87f2a033cf|lpw_78c82d9f41|lpw_e7ace7adf2,3,1,1,3
1179,1181,11,2,false,他都玩累了:,他|都|玩|累了,6,4,lpw_8b7b91e000|lpw_7eabb36ba1,他|都,lpw_8b7b91e000,lpw_8b7b91e000|lpw_7eabb36ba1,lpw_8b7b91e000|lpw_7eabb36ba1,2,1,2,2
1180,1182,11,2,false,"“要想叫这顶帽子掉下来,",要|想|叫|这|顶|帽子|掉|下来,12,8,lpw_975f35218e|lpw_df0d251938|lpw_d409ab2ab3,要|想|这,lpw_d409ab2ab3,lpw_975f35218e|lpw_d409ab2ab3,lpw_975f35218e|lpw_df0d251938|lpw_d409ab2ab3,3,1,2,3
1181,1183,11,2,false,该怎么做呢?”,该|怎么|做|呢,7,4,lpw_5ee8091a38|lpw_94f5404441|lpw_02811cec0b,怎么|做|呢,lpw_02811cec0b,lpw_02811cec0b,lpw_02811cec0b,3,1,1,1
1182,1184,11,2,false,可是爱虚荣的人没听见他的话。,可是|爱|虚荣的人|没|听见|他|的话,14,7,lpw_38ca4a9c76|lpw_bafe3b2ee7|lpw_577fd55103|lpw_279e8b3573|lpw_8b7b91e000|lpw_9b952dd4e3,可是|爱|虚荣的人|没|他|的话,lpw_8b7b91e000,lpw_38ca4a9c76|lpw_279e8b3573|lpw_8b7b91e000,lpw_38ca4a9c76|lpw_279e8b3573|lpw_8b7b91e000,6,1,3,3
1183,1185,11,2,false,爱虚荣的人只听得见颂扬的话。,爱|虚荣的人|只|听得见|颂扬|的话,14,6,lpw_bafe3b2ee7|lpw_577fd55103|lpw_409e2c3882|lpw_9b952dd4e3,爱|虚荣的人|只|的话,,lpw_409e2c3882,lpw_409e2c3882,4,0,1,1
1184,1186,11,2,false,“你真的很崇拜我吗?”,你|真的|很|崇拜|我吗,11,5,lpw_a0c7716669|lpw_f2b91797ea,你|很,lpw_a0c7716669|lpw_f2b91797ea,lpw_a0c7716669|lpw_f2b91797ea,lpw_a0c7716669|lpw_f2b91797ea,2,2,2,2
1185,1187,11,2,false,他问小王子。,他|问|小王子,6,3,lpw_8b7b91e000|lpw_4628c0e06f|lpw_87f2a033cf,他|问|小王子,lpw_8b7b91e000|lpw_87f2a033cf,lpw_8b7b91e000|lpw_4628c0e06f|lpw_87f2a033cf,lpw_8b7b91e000|lpw_4628c0e06f|lpw_87f2a033cf,3,2,3,3
1186,1188,11,2,false,“崇拜是什么意思?”,崇拜|是|什么|意思,10,4,lpw_b5141d3d19|lpw_c1b52e0e64|lpw_65eb352d08,是|什么|意思,lpw_b5141d3d19|lpw_c1b52e0e64,lpw_b5141d3d19|lpw_c1b52e0e64,lpw_b5141d3d19|lpw_c1b52e0e64,3,2,2,2
1187,1189,11,2,false,"“崇拜的意思就是,",崇拜|的|意思|就是,9,4,lpw_8af2350cfd|lpw_65eb352d08|lpw_88aa006eb3,的|意思|就是,lpw_8af2350cfd,lpw_8af2350cfd|lpw_88aa006eb3,lpw_8af2350cfd|lpw_88aa006eb3,3,1,2,2
1188,1190,11,2,false,承认我是这个星球上最英俊、,承认|我是|这个|星球|上|最|英俊,13,7,lpw_06ba27715e|lpw_979e2bc35b|lpw_62f2d6c1a1|lpw_db5ba671d2,我是|这个|星球|上,lpw_62f2d6c1a1|lpw_db5ba671d2,lpw_979e2bc35b|lpw_62f2d6c1a1|lpw_db5ba671d2,lpw_979e2bc35b|lpw_62f2d6c1a1|lpw_db5ba671d2,4,2,3,3
1189,1191,11,2,false,最摩登、最富有、最有学问的人。”,最|摩登|最|富有|最有|学问|的|人,16,8,lpw_8af2350cfd|lpw_50f5d65d57,的|人,lpw_8af2350cfd|lpw_50f5d65d57,lpw_8af2350cfd|lpw_50f5d65d57,lpw_8af2350cfd|lpw_50f5d65d57,2,2,2,2
1190,1192,11,2,false,“可是这个星球上只有你一个人呀!”,可是|这个|星球|上|只有|你|一个|人|呀,17,9,lpw_38ca4a9c76|lpw_979e2bc35b|lpw_62f2d6c1a1|lpw_db5ba671d2|lpw_ba8bd7c8c9|lpw_a0c7716669|lpw_e1dbc1c99f|lpw_50f5d65d57|lpw_03fe6b38e7,可是|这个|星球|上|只有|你|一个|人|呀,lpw_62f2d6c1a1|lpw_db5ba671d2|lpw_a0c7716669|lpw_e1dbc1c99f|lpw_50f5d65d57,lpw_38ca4a9c76|lpw_979e2bc35b|lpw_62f2d6c1a1|lpw_db5ba671d2|lpw_a0c7716669|lpw_e1dbc1c99f|lpw_50f5d65d57,lpw_38ca4a9c76|lpw_979e2bc35b|lpw_62f2d6c1a1|lpw_db5ba671d2|lpw_a0c7716669|lpw_e1dbc1c99f|lpw_50f5d65d57|lpw_03fe6b38e7,9,5,7,8
1191,1193,11,2,false,“帮帮忙。,帮|帮忙,5,2,,,,,,0,0,0,0
1192,1194,11,2,false,你只管崇拜我就是了!”,你|只管|崇拜|我|就是|了,11,6,lpw_a0c7716669|lpw_b70bb4acc0|lpw_88aa006eb3|lpw_b2dd27e84f,你|我|就是|了,lpw_a0c7716669|lpw_b70bb4acc0|lpw_b2dd27e84f,lpw_a0c7716669|lpw_b70bb4acc0|lpw_88aa006eb3|lpw_b2dd27e84f,lpw_a0c7716669|lpw_b70bb4acc0|lpw_88aa006eb3|lpw_b2dd27e84f,4,3,4,4
1193,1195,11,2,false,"“我崇拜你,”",我|崇拜|你,7,3,lpw_b70bb4acc0|lpw_a0c7716669,我|你,lpw_b70bb4acc0|lpw_a0c7716669,lpw_b70bb4acc0|lpw_a0c7716669,lpw_b70bb4acc0|lpw_a0c7716669,2,2,2,2
1194,1196,11,2,false,"小王子说着,",小王子|说|着,6,3,lpw_87f2a033cf|lpw_ccca744613|lpw_9e5bf0d2d9,小王子|说|着,lpw_87f2a033cf|lpw_ccca744613|lpw_9e5bf0d2d9,lpw_87f2a033cf|lpw_ccca744613|lpw_9e5bf0d2d9,lpw_87f2a033cf|lpw_ccca744613|lpw_9e5bf0d2d9,3,3,3,3
1195,1197,11,2,false,"微微耸了耸肩膀,",微微|耸了耸肩|膀,8,3,,,,,,0,0,0,0
1196,1198,11,2,false,“可是你要这个干什么呢?”,可是|你要|这个|干什么|呢,13,5,lpw_38ca4a9c76|lpw_642b100e13|lpw_979e2bc35b|lpw_02811cec0b,可是|你要|这个|呢,lpw_02811cec0b,lpw_38ca4a9c76|lpw_979e2bc35b|lpw_02811cec0b,lpw_38ca4a9c76|lpw_979e2bc35b|lpw_02811cec0b,4,1,3,3
1197,1199,11,2,false,"说着,",说|着,3,2,lpw_ccca744613|lpw_9e5bf0d2d9,说|着,lpw_ccca744613|lpw_9e5bf0d2d9,lpw_ccca744613|lpw_9e5bf0d2d9,lpw_ccca744613|lpw_9e5bf0d2d9,2,2,2,2
1198,1200,11,2,false,小王子就走开了。,小王子|就|走开|了,8,4,lpw_87f2a033cf|lpw_2f9d9872e5|lpw_b2dd27e84f,小王子|就|了,lpw_87f2a033cf|lpw_2f9d9872e5|lpw_b2dd27e84f,lpw_87f2a033cf|lpw_2f9d9872e5|lpw_b2dd27e84f,lpw_87f2a033cf|lpw_2f9d9872e5|lpw_b2dd27e84f,3,3,3,3
1199,1201,11,2,false,"“这些大人真的很怪哟,”",这些|大人|真的|很|怪|哟,12,6,lpw_7a590a22cd|lpw_44dd6014a5|lpw_f2b91797ea,这些|大人|很,lpw_f2b91797ea,lpw_f2b91797ea,lpw_7a590a22cd|lpw_44dd6014a5|lpw_f2b91797ea,3,1,1,3
1200,1202,11,2,false,"一路上,",一路上,4,1,,,,,,0,0,0,0
1201,1203,11,2,false,他这么对自己说了一句。,他|这么|对|自己|说|了|一句,11,7,lpw_8b7b91e000|lpw_7677ca84c6|lpw_74570c7270|lpw_fb43354d2a|lpw_ccca744613|lpw_b2dd27e84f,他|这么|对|自己|说|了,lpw_8b7b91e000|lpw_74570c7270|lpw_ccca744613|lpw_b2dd27e84f,lpw_8b7b91e000|lpw_74570c7270|lpw_fb43354d2a|lpw_ccca744613|lpw_b2dd27e84f,lpw_8b7b91e000|lpw_7677ca84c6|lpw_74570c7270|lpw_fb43354d2a|lpw_ccca744613|lpw_b2dd27e84f,6,4,5,6
1202,1204,12,2,true,12,,2,0,,,,,,0,0,0,0
1203,1205,12,2,false,下一颗行星上住着一个酒鬼。,下|一颗|行星|上|住|着|一个|酒鬼,13,8,lpw_13c12b064b|lpw_9a18d5dc38|lpw_19956b104c|lpw_db5ba671d2|lpw_cbba0a98ab|lpw_9e5bf0d2d9|lpw_e1dbc1c99f|lpw_1c31582177,下|一颗|行星|上|住|着|一个|酒鬼,lpw_db5ba671d2|lpw_9e5bf0d2d9|lpw_e1dbc1c99f,lpw_db5ba671d2|lpw_9e5bf0d2d9|lpw_e1dbc1c99f,lpw_db5ba671d2|lpw_9e5bf0d2d9|lpw_e1dbc1c99f,8,3,3,3
1204,1206,12,2,false,"这次访问时间很短,",这次|访问|时间|很短,9,4,lpw_8b6ff49851,时间,,,,1,0,0,0
1205,1207,12,2,false,却使小王子陷入了深深的怅惘之中。,却|使|小王子|陷入|了|深深|的|怅|惘|之中,16,10,lpw_da153c5b45|lpw_22c95798a9|lpw_87f2a033cf|lpw_b2dd27e84f|lpw_8af2350cfd,却|使|小王子|了|的,lpw_87f2a033cf|lpw_b2dd27e84f|lpw_8af2350cfd,lpw_87f2a033cf|lpw_b2dd27e84f|lpw_8af2350cfd,lpw_87f2a033cf|lpw_b2dd27e84f|lpw_8af2350cfd,5,3,3,3
1206,1208,12,2,false,"他看见那个酒鬼静静地坐在桌前,",他|看见|那个|酒鬼|静静|地|坐在|桌|前,15,9,lpw_8b7b91e000|lpw_7205426737|lpw_fa6e73c549|lpw_1c31582177|lpw_bdbd41e490,他|看见|那个|酒鬼|地,lpw_8b7b91e000|lpw_bdbd41e490,lpw_8b7b91e000|lpw_bdbd41e490,lpw_8b7b91e000|lpw_7205426737|lpw_bdbd41e490,5,2,2,3
1207,1209,12,2,false,"面前有一堆空酒瓶和一堆装得满满的酒瓶,",面前|有|一堆|空|酒瓶|和|一堆|装得|满|满|的|酒瓶,19,12,lpw_90ce0f66f0|lpw_3d7114281f|lpw_abc511ca95|lpw_8af2350cfd,有|和|满|的,lpw_90ce0f66f0|lpw_8af2350cfd,lpw_90ce0f66f0|lpw_3d7114281f|lpw_8af2350cfd,lpw_90ce0f66f0|lpw_3d7114281f|lpw_8af2350cfd,4,2,3,3
1208,1210,12,2,false,他就问:,他|就问,4,2,lpw_8b7b91e000,他,lpw_8b7b91e000,lpw_8b7b91e000,lpw_8b7b91e000,1,1,1,1
1209,1211,12,2,false,“你在那儿干什么呢?”,你在|那儿|干什么|呢,11,4,lpw_b4444021ad|lpw_02811cec0b,那儿|呢,lpw_02811cec0b,lpw_02811cec0b,lpw_02811cec0b,2,1,1,1
1210,1212,12,2,false,"“我喝酒,”",我|喝酒,6,2,lpw_b70bb4acc0,我,lpw_b70bb4acc0,lpw_b70bb4acc0,lpw_b70bb4acc0,1,1,1,1
1211,1213,12,2,false,酒鬼神情悲伤地回答。,酒鬼|神情|悲伤|地|回答,10,5,lpw_1c31582177|lpw_bdbd41e490|lpw_f3f5126487,酒鬼|地|回答,lpw_bdbd41e490,lpw_bdbd41e490|lpw_f3f5126487,lpw_bdbd41e490|lpw_f3f5126487,3,1,2,2
1212,1214,12,2,false,“你为什么要喝酒呢?”,你|为什么|要|喝酒|呢,11,5,lpw_a0c7716669|lpw_1b919bb478|lpw_975f35218e|lpw_02811cec0b,你|为什么|要|呢,lpw_a0c7716669|lpw_02811cec0b,lpw_a0c7716669|lpw_975f35218e|lpw_02811cec0b,lpw_a0c7716669|lpw_975f35218e|lpw_02811cec0b,4,2,3,3
1213,1215,12,2,false,小王子问。,小王子|问,5,2,lpw_87f2a033cf|lpw_4628c0e06f,小王子|问,lpw_87f2a033cf,lpw_87f2a033cf|lpw_4628c0e06f,lpw_87f2a033cf|lpw_4628c0e06f,2,1,2,2
1214,1216,12,2,false,"“为了忘记,”",为了|忘记,7,2,lpw_2ed64c1d92,为了,,,,1,0,0,0
1215,1217,12,2,false,酒鬼回答。,酒鬼|回答,5,2,lpw_1c31582177|lpw_f3f5126487,酒鬼|回答,,lpw_f3f5126487,lpw_f3f5126487,2,0,1,1
1216,1218,12,2,false,“忘记什么?”,忘记|什么,7,2,lpw_c1b52e0e64,什么,lpw_c1b52e0e64,lpw_c1b52e0e64,lpw_c1b52e0e64,1,1,1,1
1217,1219,12,2,false,小王子已经有些同情他了。,小王子|已经|有些|同情|他|了,12,6,lpw_87f2a033cf|lpw_8ee12e2310|lpw_8b7b91e000|lpw_b2dd27e84f,小王子|已经|他|了,lpw_87f2a033cf|lpw_8b7b91e000|lpw_b2dd27e84f,lpw_87f2a033cf|lpw_8b7b91e000|lpw_b2dd27e84f,lpw_87f2a033cf|lpw_8b7b91e000|lpw_b2dd27e84f,4,3,3,3
1218,1220,12,2,false,"“忘记我的羞愧,”",忘记|我|的|羞愧,9,4,lpw_b70bb4acc0|lpw_8af2350cfd,我|的,lpw_b70bb4acc0|lpw_8af2350cfd,lpw_b70bb4acc0|lpw_8af2350cfd,lpw_b70bb4acc0|lpw_8af2350cfd,2,2,2,2
1219,1221,12,2,false,酒鬼垂下脑袋坦白说。,酒鬼|垂下|脑袋|坦白说,10,4,lpw_1c31582177,酒鬼,,,,1,0,0,0
1220,1222,12,2,false,“为什么感到羞愧?”,为什么|感到|羞愧,10,3,lpw_1b919bb478|lpw_15c2457566,为什么|感到,,,lpw_15c2457566,2,0,0,1
1221,1223,12,2,false,"小王子又问,",小王子|又|问,6,3,lpw_87f2a033cf|lpw_e71ce5deab|lpw_4628c0e06f,小王子|又|问,lpw_87f2a033cf|lpw_e71ce5deab,lpw_87f2a033cf|lpw_e71ce5deab|lpw_4628c0e06f,lpw_87f2a033cf|lpw_e71ce5deab|lpw_4628c0e06f,3,2,3,3
1222,1224,12,2,false,他想帮助这个人。,他想|帮助|这个|人,8,4,lpw_979e2bc35b|lpw_50f5d65d57,这个|人,lpw_50f5d65d57,lpw_979e2bc35b|lpw_50f5d65d57,lpw_979e2bc35b|lpw_50f5d65d57,2,1,2,2
1223,1225,12,2,false,“为喝酒感到羞愧!”,为|喝酒|感到|羞愧,10,4,lpw_15c2457566,感到,,,lpw_15c2457566,1,0,0,1
1224,1226,12,2,false,"酒鬼说完这句话,",酒鬼|说|完|这|句|话,8,6,lpw_1c31582177|lpw_ccca744613|lpw_d409ab2ab3|lpw_036f781126,酒鬼|说|这|话,lpw_ccca744613|lpw_d409ab2ab3,lpw_ccca744613|lpw_d409ab2ab3,lpw_ccca744613|lpw_d409ab2ab3,4,2,2,2
1225,1227,12,2,false,就再也不开口了。,就|再也不|开口|了,8,4,lpw_2f9d9872e5|lpw_b2dd27e84f,就|了,lpw_2f9d9872e5|lpw_b2dd27e84f,lpw_2f9d9872e5|lpw_b2dd27e84f,lpw_2f9d9872e5|lpw_b2dd27e84f,2,2,2,2
1226,1228,12,2,false,小王子茫然不解地走了。,小王子|茫然|不解|地|走了,11,5,lpw_87f2a033cf|lpw_bdbd41e490|lpw_25eba59465,小王子|地|走了,lpw_87f2a033cf|lpw_bdbd41e490,lpw_87f2a033cf|lpw_bdbd41e490,lpw_87f2a033cf|lpw_bdbd41e490,3,2,2,2
1227,1229,12,2,false,"“这些大人真的很怪很怪,”",这些|大人|真的|很|怪|很|怪,13,7,lpw_7a590a22cd|lpw_44dd6014a5|lpw_f2b91797ea,这些|大人|很,lpw_f2b91797ea,lpw_f2b91797ea,lpw_7a590a22cd|lpw_44dd6014a5|lpw_f2b91797ea,3,1,1,3
1228,1230,12,2,false,"一路上,",一路上,4,1,,,,,,0,0,0,0
1229,1231,12,2,false,他自言自语地说。,他|自言自语|地|说,8,4,lpw_8b7b91e000|lpw_bdbd41e490|lpw_ccca744613,他|地|说,lpw_8b7b91e000|lpw_bdbd41e490|lpw_ccca744613,lpw_8b7b91e000|lpw_bdbd41e490|lpw_ccca744613,lpw_8b7b91e000|lpw_bdbd41e490|lpw_ccca744613,3,3,3,3
1230,1232,13,2,true,13,,2,0,,,,,,0,0,0,0
1231,1233,13,2,false,第四颗行星是个商人的星球。,第|四颗|行星|是|个|商人|的|星球,13,8,lpw_19956b104c|lpw_b5141d3d19|lpw_3a116815bc|lpw_3f1784ce8b|lpw_8af2350cfd|lpw_62f2d6c1a1,行星|是|个|商人|的|星球,lpw_b5141d3d19|lpw_8af2350cfd|lpw_62f2d6c1a1,lpw_b5141d3d19|lpw_3a116815bc|lpw_8af2350cfd|lpw_62f2d6c1a1,lpw_b5141d3d19|lpw_3a116815bc|lpw_8af2350cfd|lpw_62f2d6c1a1,6,3,4,4
1232,1234,13,2,false,"这个人实在太忙碌了,",这个|人|实在|太|忙碌|了,10,6,lpw_979e2bc35b|lpw_50f5d65d57|lpw_e7ace7adf2|lpw_b2dd27e84f,这个|人|太|了,lpw_50f5d65d57|lpw_b2dd27e84f,lpw_979e2bc35b|lpw_50f5d65d57|lpw_b2dd27e84f,lpw_979e2bc35b|lpw_50f5d65d57|lpw_e7ace7adf2|lpw_b2dd27e84f,4,2,3,4
1233,1235,13,2,false,"看见小王子来,",看见|小王子|来,7,3,lpw_7205426737|lpw_87f2a033cf|lpw_6d8229118c,看见|小王子|来,lpw_87f2a033cf|lpw_6d8229118c,lpw_87f2a033cf|lpw_6d8229118c,lpw_7205426737|lpw_87f2a033cf|lpw_6d8229118c,3,2,2,3
1234,1236,13,2,false,连头也没抬一下。,连|头|也没|抬|一下,8,5,,,,,,0,0,0,0
1235,1237,13,2,false,"“您好,”",您好,5,1,,,,,,0,0,0,0
1236,1238,13,2,false,"小王子对他说,",小王子|对|他|说,7,4,lpw_87f2a033cf|lpw_74570c7270|lpw_8b7b91e000|lpw_ccca744613,小王子|对|他|说,lpw_87f2a033cf|lpw_74570c7270|lpw_8b7b91e000|lpw_ccca744613,lpw_87f2a033cf|lpw_74570c7270|lpw_8b7b91e000|lpw_ccca744613,lpw_87f2a033cf|lpw_74570c7270|lpw_8b7b91e000|lpw_ccca744613,4,4,4,4
1237,1239,13,2,false,“您的烟卷灭了。”,您|的|烟|卷|灭|了,9,6,lpw_9bbfbbc76f|lpw_8af2350cfd|lpw_b2dd27e84f,您|的|了,lpw_8af2350cfd|lpw_b2dd27e84f,lpw_8af2350cfd|lpw_b2dd27e84f,lpw_8af2350cfd|lpw_b2dd27e84f,3,2,2,2
1238,1240,13,2,false,“三加二等于五。,三|加|二|等于|五,8,5,lpw_a4c3313deb|lpw_c9b87f516a,三|五,,,,2,0,0,0
1239,1241,13,2,false,五加七等于十二。,五加|七|等于|十二,8,4,,,,,,0,0,0,0
1240,1242,13,2,false,十二加三等于十五。,十二|加|三|等于|十五,9,5,lpw_a4c3313deb,三,,,,1,0,0,0
1241,1243,13,2,false,你好。,你好,3,1,,,,,,0,0,0,0
1242,1244,13,2,false,十五加七等于二十二。,十五|加|七|等于|二十|二,10,6,,,,,,0,0,0,0
1243,1245,13,2,false,二十二加六是二十八。,二十|二|加|六|是|二|十八,10,7,lpw_b5141d3d19,是,lpw_b5141d3d19,lpw_b5141d3d19,lpw_b5141d3d19,1,1,1,1
1244,1246,13,2,false,没时间再去点着它。,没|时间|再去|点|着|它,9,6,lpw_279e8b3573|lpw_8b6ff49851|lpw_08dddeac13|lpw_9e5bf0d2d9|lpw_7e9260e925,没|时间|点|着|它,lpw_9e5bf0d2d9|lpw_7e9260e925,lpw_279e8b3573|lpw_9e5bf0d2d9|lpw_7e9260e925,lpw_279e8b3573|lpw_9e5bf0d2d9|lpw_7e9260e925,5,2,3,3
1245,1247,13,2,false,"二十六加五,三十一。",二|十六|加|五|三十|一,10,6,lpw_c9b87f516a|lpw_51a75f4634,五|一,,lpw_51a75f4634,lpw_51a75f4634,2,0,1,1
1246,1248,13,2,false,嚯!,嚯,2,1,,,,,,0,0,0,0
1247,1249,13,2,false,一共是五亿一百六十二万二千七百三十一。”,一共|是|五|亿|一百|六|十二|万|二千|七百|三十|一,20,12,lpw_b5141d3d19|lpw_c9b87f516a|lpw_395ae225e5|lpw_51a75f4634,是|五|亿|一,lpw_b5141d3d19,lpw_b5141d3d19|lpw_51a75f4634,lpw_b5141d3d19|lpw_51a75f4634,4,1,2,2
1248,1250,13,2,false,“五亿什么呀?”,五|亿|什么|呀,8,4,lpw_c9b87f516a|lpw_395ae225e5|lpw_c1b52e0e64|lpw_03fe6b38e7,五|亿|什么|呀,lpw_c1b52e0e64,lpw_c1b52e0e64,lpw_c1b52e0e64|lpw_03fe6b38e7,4,1,1,2
1249,1251,13,2,false,“呣?你还在这儿?,呣|你|还|在|这儿,9,5,lpw_a0c7716669|lpw_1bc709b8bf|lpw_12404a0b63|lpw_19a29e87c9,你|还|在|这儿,lpw_a0c7716669|lpw_12404a0b63,lpw_a0c7716669|lpw_12404a0b63|lpw_19a29e87c9,lpw_a0c7716669|lpw_1bc709b8bf|lpw_12404a0b63|lpw_19a29e87c9,4,2,3,4
1250,1252,13,2,false,五亿一百万......,五|亿|一|百万,11,4,lpw_c9b87f516a|lpw_395ae225e5|lpw_51a75f4634,五|亿|一,,lpw_51a75f4634,lpw_51a75f4634,3,0,1,1
1251,1253,13,2,false,我也不知道是什么......,我也不|知道|是|什么,14,4,lpw_d7b6472b11|lpw_b5141d3d19|lpw_c1b52e0e64,知道|是|什么,lpw_b5141d3d19|lpw_c1b52e0e64,lpw_d7b6472b11|lpw_b5141d3d19|lpw_c1b52e0e64,lpw_d7b6472b11|lpw_b5141d3d19|lpw_c1b52e0e64,3,2,3,3
1252,1254,13,2,false,我的工作太多了!,我|的|工作|太多|了,8,5,lpw_b70bb4acc0|lpw_8af2350cfd|lpw_b2dd27e84f,我|的|了,lpw_b70bb4acc0|lpw_8af2350cfd|lpw_b2dd27e84f,lpw_b70bb4acc0|lpw_8af2350cfd|lpw_b2dd27e84f,lpw_b70bb4acc0|lpw_8af2350cfd|lpw_b2dd27e84f,3,3,3,3
1253,1255,13,2,false,"我做的都是正事,",我|做的|都是|正|事,8,5,lpw_b70bb4acc0|lpw_ef4e15ff45|lpw_d657ee1d4a|lpw_1d9ed56951,我|都是|正|事,lpw_b70bb4acc0,lpw_b70bb4acc0|lpw_1d9ed56951,lpw_b70bb4acc0|lpw_1d9ed56951,4,1,2,2
1254,1256,13,2,false,我没有工夫闲聊!,我|没有|工夫|闲|聊,8,5,lpw_b70bb4acc0|lpw_f127804b92,我|没有,lpw_b70bb4acc0,lpw_b70bb4acc0|lpw_f127804b92,lpw_b70bb4acc0|lpw_f127804b92,2,1,2,2
1255,1257,13,2,false,二加五等于七......”,二|加|五|等于|七,13,5,lpw_c9b87f516a,五,,,,1,0,0,0
1256,1258,13,2,false,“五亿一百万什么?”,五|亿|一|百万|什么,10,5,lpw_c9b87f516a|lpw_395ae225e5|lpw_51a75f4634|lpw_c1b52e0e64,五|亿|一|什么,lpw_c1b52e0e64,lpw_51a75f4634|lpw_c1b52e0e64,lpw_51a75f4634|lpw_c1b52e0e64,4,1,2,2
1257,1259,13,2,false,"小王子又问一遍,",小王子|又|问|一遍,8,4,lpw_87f2a033cf|lpw_e71ce5deab|lpw_4628c0e06f,小王子|又|问,lpw_87f2a033cf|lpw_e71ce5deab,lpw_87f2a033cf|lpw_e71ce5deab|lpw_4628c0e06f,lpw_87f2a033cf|lpw_e71ce5deab|lpw_4628c0e06f,3,2,3,3
1258,1260,13,2,false,"他向来是不提问题则罢,",他|向来是|不提|问题|则|罢,11,6,lpw_8b7b91e000|lpw_33a8618cb6,他|问题,lpw_8b7b91e000,lpw_8b7b91e000,lpw_8b7b91e000,2,1,1,1
1259,1261,13,2,false,提了就决不放过。,提了|就|决|不放过,8,4,lpw_2f9d9872e5,就,lpw_2f9d9872e5,lpw_2f9d9872e5,lpw_2f9d9872e5,1,1,1,1
1260,1262,13,2,false,商人抬起头来:,商人|抬起|头|来,7,4,lpw_3f1784ce8b|lpw_6d8229118c,商人|来,lpw_6d8229118c,lpw_6d8229118c,lpw_6d8229118c,2,1,1,1
1261,1263,13,2,false,"“我在这个星球上住了五十四个年头,",我在|这个|星球|上|住|了|五十|四|个|年头,17,10,lpw_33f40475f8|lpw_979e2bc35b|lpw_62f2d6c1a1|lpw_db5ba671d2|lpw_cbba0a98ab|lpw_b2dd27e84f|lpw_754a9d5828|lpw_3a116815bc,我在|这个|星球|上|住|了|四|个,lpw_62f2d6c1a1|lpw_db5ba671d2|lpw_b2dd27e84f,lpw_979e2bc35b|lpw_62f2d6c1a1|lpw_db5ba671d2|lpw_b2dd27e84f|lpw_3a116815bc,lpw_979e2bc35b|lpw_62f2d6c1a1|lpw_db5ba671d2|lpw_b2dd27e84f|lpw_3a116815bc,8,3,5,5
1262,1264,13,2,false,只被打搅过三次。,只被|打搅|过|三次,8,4,lpw_f777893480,过,,lpw_f777893480,lpw_f777893480,1,0,1,1
1263,1265,13,2,false,"第一次是二十二年以前,",第一次|是|二十|二年|以前,11,5,lpw_b5141d3d19|lpw_aa98317793,是|以前,lpw_b5141d3d19,lpw_b5141d3d19,lpw_b5141d3d19,2,1,1,1
1264,1266,13,2,false,"有只不知从哪儿跑来的金龟子,",有|只|不知|从|哪儿|跑|来|的|金龟子,14,9,lpw_90ce0f66f0|lpw_409e2c3882|lpw_2719a8ea30|lpw_1ca2298198|lpw_6d8229118c|lpw_8af2350cfd,有|只|从|哪儿|来|的,lpw_90ce0f66f0|lpw_6d8229118c|lpw_8af2350cfd,lpw_90ce0f66f0|lpw_409e2c3882|lpw_6d8229118c|lpw_8af2350cfd,lpw_90ce0f66f0|lpw_409e2c3882|lpw_2719a8ea30|lpw_6d8229118c|lpw_8af2350cfd,6,3,4,5
1265,1267,13,2,false,"弄出一片可怕的声音,",弄出|一片|可怕|的|声音,10,5,lpw_8af2350cfd|lpw_473400815c,的|声音,lpw_8af2350cfd,lpw_8af2350cfd,lpw_8af2350cfd,2,1,1,1
1266,1268,13,2,false,害得我在一笔账目里出了四个差错。,害得|我在|一|笔|账目|里|出了|四|个|差错,16,10,lpw_33f40475f8|lpw_51a75f4634|lpw_79f43de6e3|lpw_754a9d5828|lpw_3a116815bc,我在|一|里|四|个,,lpw_51a75f4634|lpw_79f43de6e3|lpw_3a116815bc,lpw_51a75f4634|lpw_79f43de6e3|lpw_3a116815bc,5,0,3,3
1267,1269,13,2,false,"第二次是十一年前,",第二次|是|十一|年前,9,4,lpw_b5141d3d19,是,lpw_b5141d3d19,lpw_b5141d3d19,lpw_b5141d3d19,1,1,1,1
1268,1270,13,2,false,我风湿病发作。,我|风湿|病|发作,7,4,lpw_b70bb4acc0,我,lpw_b70bb4acc0,lpw_b70bb4acc0,lpw_b70bb4acc0,1,1,1,1
1269,1271,13,2,false,我平时缺乏锻炼。,我|平时|缺乏|锻炼,8,4,lpw_b70bb4acc0,我,lpw_b70bb4acc0,lpw_b70bb4acc0,lpw_b70bb4acc0,1,1,1,1
1270,1272,13,2,false,我没工夫去闲逛。,我没|工夫|去|闲|逛,8,5,lpw_6af7322be2|lpw_99ae21ea6c,我没|去,,lpw_99ae21ea6c,lpw_99ae21ea6c,2,0,1,1
1271,1273,13,2,false,我是干正事的人。,我是|干|正|事|的|人,8,6,lpw_06ba27715e|lpw_9ee0280bc4|lpw_d657ee1d4a|lpw_1d9ed56951|lpw_8af2350cfd|lpw_50f5d65d57,我是|干|正|事|的|人,lpw_8af2350cfd|lpw_50f5d65d57,lpw_1d9ed56951|lpw_8af2350cfd|lpw_50f5d65d57,lpw_1d9ed56951|lpw_8af2350cfd|lpw_50f5d65d57,6,2,3,3
1272,1274,13,2,false,第三次......就是这次!,第三次|就是|这次,14,3,lpw_88aa006eb3,就是,,lpw_88aa006eb3,lpw_88aa006eb3,1,0,1,1
1273,1275,13,2,false,"所以我刚才说了,",所以|我|刚才|说|了,8,5,lpw_a2f7e42081|lpw_b70bb4acc0|lpw_ccca744613|lpw_b2dd27e84f,所以|我|说|了,lpw_b70bb4acc0|lpw_ccca744613|lpw_b2dd27e84f,lpw_b70bb4acc0|lpw_ccca744613|lpw_b2dd27e84f,lpw_b70bb4acc0|lpw_ccca744613|lpw_b2dd27e84f,4,3,3,3
1274,1276,13,2,false,五亿一百万......”,五|亿|一|百万,12,4,lpw_c9b87f516a|lpw_395ae225e5|lpw_51a75f4634,五|亿|一,,lpw_51a75f4634,lpw_51a75f4634,3,0,1,1
1275,1277,13,2,false,“五亿一百万什么?”,五|亿|一|百万|什么,10,5,lpw_c9b87f516a|lpw_395ae225e5|lpw_51a75f4634|lpw_c1b52e0e64,五|亿|一|什么,lpw_c1b52e0e64,lpw_51a75f4634|lpw_c1b52e0e64,lpw_51a75f4634|lpw_c1b52e0e64,4,1,2,2
1276,1278,13,2,false,商人明白他是甭想太平了:,商人|明白|他是|甭|想|太平|了,12,7,lpw_3f1784ce8b|lpw_8e37cd5f7f|lpw_df0d251938|lpw_b2dd27e84f,商人|明白|想|了,lpw_b2dd27e84f,lpw_b2dd27e84f,lpw_df0d251938|lpw_b2dd27e84f,4,1,1,2
1277,1279,13,2,false,"“五亿一百万个小东西,",五|亿|一百|万个|小|东西,11,6,lpw_c9b87f516a|lpw_395ae225e5|lpw_6a7339bb75|lpw_b181350186,五|亿|小|东西,,lpw_6a7339bb75,lpw_6a7339bb75|lpw_b181350186,4,0,1,2
1278,1280,13,2,false,有时候在天空里看得见它们。”,有|时候|在|天空|里|看得见|它们,14,7,lpw_90ce0f66f0|lpw_5484678be4|lpw_12404a0b63|lpw_79f43de6e3|lpw_c40b3d2880,有|时候|在|里|它们,lpw_90ce0f66f0|lpw_12404a0b63,lpw_90ce0f66f0|lpw_12404a0b63|lpw_79f43de6e3|lpw_c40b3d2880,lpw_90ce0f66f0|lpw_12404a0b63|lpw_79f43de6e3|lpw_c40b3d2880,5,2,4,4
1279,1281,13,2,false,“苍蝇?”,苍蝇,5,1,,,,,,0,0,0,0
1280,1282,13,2,false,"“不对,",不对,4,1,,,,,,0,0,0,0
1281,1283,13,2,false,是闪闪发亮的小东西。”,是|闪闪|发亮|的|小|东西,11,6,lpw_b5141d3d19|lpw_8af2350cfd|lpw_6a7339bb75|lpw_b181350186,是|的|小|东西,lpw_b5141d3d19|lpw_8af2350cfd,lpw_b5141d3d19|lpw_8af2350cfd|lpw_6a7339bb75,lpw_b5141d3d19|lpw_8af2350cfd|lpw_6a7339bb75|lpw_b181350186,4,2,3,4
1282,1284,13,2,false,“蜜蜂?”,蜜蜂,5,1,,,,,,0,0,0,0
1283,1285,13,2,false,“不对。,不对,4,1,,,,,,0,0,0,0
1284,1286,13,2,false,"是些金色的小东西,",是|些|金色|的|小|东西,9,6,lpw_b5141d3d19|lpw_af76fed85c|lpw_8af2350cfd|lpw_6a7339bb75|lpw_b181350186,是|些|的|小|东西,lpw_b5141d3d19|lpw_8af2350cfd,lpw_b5141d3d19|lpw_8af2350cfd|lpw_6a7339bb75,lpw_b5141d3d19|lpw_8af2350cfd|lpw_6a7339bb75|lpw_b181350186,5,2,3,4
1285,1287,13,2,false,无所事事的人望着它们会胡思乱想。,无|所|事事|的|人望|着|它们|会|胡思乱想,16,9,lpw_8af2350cfd|lpw_9e5bf0d2d9|lpw_c40b3d2880|lpw_5ba1e3c0eb,的|着|它们|会,lpw_8af2350cfd|lpw_9e5bf0d2d9|lpw_5ba1e3c0eb,lpw_8af2350cfd|lpw_9e5bf0d2d9|lpw_c40b3d2880|lpw_5ba1e3c0eb,lpw_8af2350cfd|lpw_9e5bf0d2d9|lpw_c40b3d2880|lpw_5ba1e3c0eb,4,3,4,4
1286,1288,13,2,false,可我是干正事的人!,可|我是|干|正|事|的|人,9,7,lpw_8b9cefa38e|lpw_06ba27715e|lpw_9ee0280bc4|lpw_d657ee1d4a|lpw_1d9ed56951|lpw_8af2350cfd|lpw_50f5d65d57,可|我是|干|正|事|的|人,lpw_8af2350cfd|lpw_50f5d65d57,lpw_8b9cefa38e|lpw_1d9ed56951|lpw_8af2350cfd|lpw_50f5d65d57,lpw_8b9cefa38e|lpw_1d9ed56951|lpw_8af2350cfd|lpw_50f5d65d57,7,2,4,4
1287,1289,13,2,false,我没工夫去胡思乱想。”,我没|工夫|去|胡思乱想,11,4,lpw_6af7322be2|lpw_99ae21ea6c,我没|去,,lpw_99ae21ea6c,lpw_99ae21ea6c,2,0,1,1
1288,1290,13,2,false,“噢!是星星?”,噢|是|星星,8,3,lpw_b5141d3d19|lpw_6a9fec7faf,是|星星,lpw_b5141d3d19|lpw_6a9fec7faf,lpw_b5141d3d19|lpw_6a9fec7faf,lpw_b5141d3d19|lpw_6a9fec7faf,2,2,2,2
1289,1291,13,2,false,“对啦。星星。”,对|啦|星星,8,3,lpw_74570c7270|lpw_6a9fec7faf,对|星星,lpw_74570c7270|lpw_6a9fec7faf,lpw_74570c7270|lpw_6a9fec7faf,lpw_74570c7270|lpw_6a9fec7faf,2,2,2,2
1290,1292,13,2,false,“你拿这五亿颗星星做什么呢?”,你|拿|这|五|亿|颗|星星|做|什么|呢,15,10,lpw_a0c7716669|lpw_d409ab2ab3|lpw_c9b87f516a|lpw_395ae225e5|lpw_09901d3de2|lpw_6a9fec7faf|lpw_94f5404441|lpw_c1b52e0e64|lpw_02811cec0b,你|这|五|亿|颗|星星|做|什么|呢,lpw_a0c7716669|lpw_d409ab2ab3|lpw_6a9fec7faf|lpw_c1b52e0e64|lpw_02811cec0b,lpw_a0c7716669|lpw_d409ab2ab3|lpw_6a9fec7faf|lpw_c1b52e0e64|lpw_02811cec0b,lpw_a0c7716669|lpw_d409ab2ab3|lpw_6a9fec7faf|lpw_c1b52e0e64|lpw_02811cec0b,9,5,5,5
1291,1293,13,2,false,“五亿一百六十二万二千七百三十一颗。,五|亿|一百|六|十二|万|二千|七百|三十|一颗,18,10,lpw_c9b87f516a|lpw_395ae225e5|lpw_9a18d5dc38,五|亿|一颗,,,,3,0,0,0
1292,1294,13,2,false,"我是个认真的人,",我是|个|认真|的|人,8,5,lpw_06ba27715e|lpw_3a116815bc|lpw_8af2350cfd|lpw_50f5d65d57,我是|个|的|人,lpw_8af2350cfd|lpw_50f5d65d57,lpw_3a116815bc|lpw_8af2350cfd|lpw_50f5d65d57,lpw_3a116815bc|lpw_8af2350cfd|lpw_50f5d65d57,4,2,3,3
1293,1295,13,2,false,我讲究精确。”,我|讲究|精确,7,3,lpw_b70bb4acc0,我,lpw_b70bb4acc0,lpw_b70bb4acc0,lpw_b70bb4acc0,1,1,1,1
1294,1296,13,2,false,“那你拿这些星星来做什么呢?”,那|你|拿|这些|星星|来|做|什么|呢,15,9,lpw_5a2362a202|lpw_a0c7716669|lpw_7a590a22cd|lpw_6a9fec7faf|lpw_6d8229118c|lpw_94f5404441|lpw_c1b52e0e64|lpw_02811cec0b,那|你|这些|星星|来|做|什么|呢,lpw_5a2362a202|lpw_a0c7716669|lpw_6a9fec7faf|lpw_6d8229118c|lpw_c1b52e0e64|lpw_02811cec0b,lpw_5a2362a202|lpw_a0c7716669|lpw_6a9fec7faf|lpw_6d8229118c|lpw_c1b52e0e64|lpw_02811cec0b,lpw_5a2362a202|lpw_a0c7716669|lpw_7a590a22cd|lpw_6a9fec7faf|lpw_6d8229118c|lpw_c1b52e0e64|lpw_02811cec0b,8,6,6,7
1295,1297,13,2,false,“我拿它们做什么?”,我|拿|它们|做|什么,10,5,lpw_b70bb4acc0|lpw_c40b3d2880|lpw_94f5404441|lpw_c1b52e0e64,我|它们|做|什么,lpw_b70bb4acc0|lpw_c1b52e0e64,lpw_b70bb4acc0|lpw_c40b3d2880|lpw_c1b52e0e64,lpw_b70bb4acc0|lpw_c40b3d2880|lpw_c1b52e0e64,4,2,3,3
1296,1298,13,2,false,“是啊。”,是|啊,5,2,lpw_b5141d3d19|lpw_7c2c50fbaf,是|啊,lpw_b5141d3d19,lpw_b5141d3d19,lpw_b5141d3d19,2,1,1,1
1297,1299,13,2,false,“不做什么。,不做|什么,6,2,lpw_c1b52e0e64,什么,lpw_c1b52e0e64,lpw_c1b52e0e64,lpw_c1b52e0e64,1,1,1,1
1298,1300,13,2,false,我占有它们。”,我|占有|它们,7,3,lpw_b70bb4acc0|lpw_c40b3d2880,我|它们,lpw_b70bb4acc0,lpw_b70bb4acc0|lpw_c40b3d2880,lpw_b70bb4acc0|lpw_c40b3d2880,2,1,2,2
1299,1301,13,2,false,“你占有这些星星?”,你|占有|这些|星星,10,4,lpw_a0c7716669|lpw_7a590a22cd|lpw_6a9fec7faf,你|这些|星星,lpw_a0c7716669|lpw_6a9fec7faf,lpw_a0c7716669|lpw_6a9fec7faf,lpw_a0c7716669|lpw_7a590a22cd|lpw_6a9fec7faf,3,2,2,3
1300,1302,13,2,false,“对。”,对,4,1,lpw_74570c7270,对,lpw_74570c7270,lpw_74570c7270,lpw_74570c7270,1,1,1,1
1301,1303,13,2,false,"“可我已经见到有个国王,",可|我|已经|见到|有|个|国王,12,7,lpw_8b9cefa38e|lpw_b70bb4acc0|lpw_8ee12e2310|lpw_90ce0f66f0|lpw_3a116815bc|lpw_38e917f021,可|我|已经|有|个|国王,lpw_b70bb4acc0|lpw_90ce0f66f0,lpw_8b9cefa38e|lpw_b70bb4acc0|lpw_90ce0f66f0|lpw_3a116815bc,lpw_8b9cefa38e|lpw_b70bb4acc0|lpw_90ce0f66f0|lpw_3a116815bc,6,2,4,4
1302,1304,13,2,false,他......”,他,8,1,lpw_8b7b91e000,他,lpw_8b7b91e000,lpw_8b7b91e000,lpw_8b7b91e000,1,1,1,1
1303,1305,13,2,false,“国王并不占有。,国王|并不|占有,8,3,lpw_38e917f021|lpw_5b693ea232,国王|并不,,,,2,0,0,0
1304,1306,13,2,false,他们只是‘统治’。,他们|只是|统治,9,3,lpw_10518f8f0a,他们,lpw_10518f8f0a,lpw_10518f8f0a,lpw_10518f8f0a,1,1,1,1
1305,1307,13,2,false,这完全是两码事。”,这|完全|是|两码|事,9,5,lpw_d409ab2ab3|lpw_b5141d3d19|lpw_1d9ed56951,这|是|事,lpw_d409ab2ab3|lpw_b5141d3d19,lpw_d409ab2ab3|lpw_b5141d3d19|lpw_1d9ed56951,lpw_d409ab2ab3|lpw_b5141d3d19|lpw_1d9ed56951,3,2,3,3
1306,1308,13,2,false,“占有这些星星对你有什么用呢?”,占有|这些|星星|对|你有|什么|用|呢,16,8,lpw_7a590a22cd|lpw_6a9fec7faf|lpw_74570c7270|lpw_c1b52e0e64|lpw_04e45efb3b|lpw_02811cec0b,这些|星星|对|什么|用|呢,lpw_6a9fec7faf|lpw_74570c7270|lpw_c1b52e0e64|lpw_02811cec0b,lpw_6a9fec7faf|lpw_74570c7270|lpw_c1b52e0e64|lpw_02811cec0b,lpw_7a590a22cd|lpw_6a9fec7faf|lpw_74570c7270|lpw_c1b52e0e64|lpw_04e45efb3b|lpw_02811cec0b,6,4,4,6
1307,1309,13,2,false,“可以使我富有。”,可以|使|我|富有,9,4,lpw_0ef5c86fab|lpw_22c95798a9|lpw_b70bb4acc0,可以|使|我,lpw_b70bb4acc0,lpw_b70bb4acc0,lpw_0ef5c86fab|lpw_b70bb4acc0,3,1,1,2
1308,1310,13,2,false,“富有对你有什么用呢?”,富有|对|你有|什么|用|呢,12,6,lpw_74570c7270|lpw_c1b52e0e64|lpw_04e45efb3b|lpw_02811cec0b,对|什么|用|呢,lpw_74570c7270|lpw_c1b52e0e64|lpw_02811cec0b,lpw_74570c7270|lpw_c1b52e0e64|lpw_02811cec0b,lpw_74570c7270|lpw_c1b52e0e64|lpw_04e45efb3b|lpw_02811cec0b,4,3,3,4
1309,1311,13,2,false,“可以去买其他的星星—,可以|去|买|其他|的|星星,11,6,lpw_0ef5c86fab|lpw_99ae21ea6c|lpw_8af2350cfd|lpw_6a9fec7faf,可以|去|的|星星,lpw_8af2350cfd|lpw_6a9fec7faf,lpw_99ae21ea6c|lpw_8af2350cfd|lpw_6a9fec7faf,lpw_0ef5c86fab|lpw_99ae21ea6c|lpw_8af2350cfd|lpw_6a9fec7faf,4,2,3,4
1310,1312,13,2,false,—只要有人发现了这样的星星。”,只要有|人|发现|了|这样|的|星星,15,7,lpw_50f5d65d57|lpw_10493d06b9|lpw_b2dd27e84f|lpw_b7fc681861|lpw_8af2350cfd|lpw_6a9fec7faf,人|发现|了|这样|的|星星,lpw_50f5d65d57|lpw_b2dd27e84f|lpw_8af2350cfd|lpw_6a9fec7faf,lpw_50f5d65d57|lpw_b2dd27e84f|lpw_b7fc681861|lpw_8af2350cfd|lpw_6a9fec7faf,lpw_50f5d65d57|lpw_b2dd27e84f|lpw_b7fc681861|lpw_8af2350cfd|lpw_6a9fec7faf,6,4,5,5
1311,1313,13,2,false,"“这个人,”",这个|人,6,2,lpw_979e2bc35b|lpw_50f5d65d57,这个|人,lpw_50f5d65d57,lpw_979e2bc35b|lpw_50f5d65d57,lpw_979e2bc35b|lpw_50f5d65d57,2,1,2,2
1312,1314,13,2,false,"小王子暗自思忖,",小王子|暗自|思忖,8,3,lpw_87f2a033cf,小王子,lpw_87f2a033cf,lpw_87f2a033cf,lpw_87f2a033cf,1,1,1,1
1313,1315,13,2,false,“想问题有点像那个酒鬼。”,想|问题|有点|像|那个|酒鬼,13,6,lpw_df0d251938|lpw_33a8618cb6|lpw_29506aa712|lpw_cf8cedd58b|lpw_fa6e73c549|lpw_1c31582177,想|问题|有点|像|那个|酒鬼,,,lpw_df0d251938|lpw_29506aa712|lpw_cf8cedd58b,6,0,0,3
1314,1316,13,2,false,"话虽这么说,",话|虽|这么|说,6,4,lpw_036f781126|lpw_7677ca84c6|lpw_ccca744613,话|这么|说,lpw_ccca744613,lpw_ccca744613,lpw_7677ca84c6|lpw_ccca744613,3,1,1,2
1315,1317,13,2,false,他还是接着提问题:,他|还是|接着|提|问题,9,5,lpw_8b7b91e000|lpw_dfaa7d6f73|lpw_58ed4c69fb|lpw_33a8618cb6,他|还是|接着|问题,lpw_8b7b91e000,lpw_8b7b91e000,lpw_8b7b91e000,4,1,1,1
1316,1318,13,2,false,“一个人怎么能够占有这些星星呢?”,一个|人|怎么|能够|占有|这些|星星|呢,17,8,lpw_e1dbc1c99f|lpw_50f5d65d57|lpw_5ee8091a38|lpw_7a590a22cd|lpw_6a9fec7faf|lpw_02811cec0b,一个|人|怎么|这些|星星|呢,lpw_e1dbc1c99f|lpw_50f5d65d57|lpw_6a9fec7faf|lpw_02811cec0b,lpw_e1dbc1c99f|lpw_50f5d65d57|lpw_6a9fec7faf|lpw_02811cec0b,lpw_e1dbc1c99f|lpw_50f5d65d57|lpw_7a590a22cd|lpw_6a9fec7faf|lpw_02811cec0b,6,4,4,5
1317,1319,13,2,false,“它们属于谁了?”,它们|属于|谁|了,9,4,lpw_c40b3d2880|lpw_056b9c6262|lpw_b2dd27e84f,它们|谁|了,lpw_b2dd27e84f,lpw_c40b3d2880|lpw_b2dd27e84f,lpw_c40b3d2880|lpw_b2dd27e84f,3,1,2,2
1318,1320,13,2,false,商人没好气地顶了他一句。,商人|没好气|地|顶了|他|一句,12,6,lpw_3f1784ce8b|lpw_bdbd41e490|lpw_8b7b91e000,商人|地|他,lpw_bdbd41e490|lpw_8b7b91e000,lpw_bdbd41e490|lpw_8b7b91e000,lpw_bdbd41e490|lpw_8b7b91e000,3,2,2,2
1319,1321,13,2,false,“我不知道。,我不|知道,6,2,lpw_3e63e3d08e|lpw_d7b6472b11,我不|知道,,lpw_d7b6472b11,lpw_d7b6472b11,2,0,1,1
1320,1322,13,2,false,谁也不属于。”,谁|也不|属于,7,3,lpw_056b9c6262|lpw_941252022a,谁|也不,,,,2,0,0,0
1321,1323,13,2,false,"“那么它们就属于我,",那么|它们|就|属于|我,10,5,lpw_a61f02e145|lpw_c40b3d2880|lpw_2f9d9872e5|lpw_b70bb4acc0,那么|它们|就|我,lpw_2f9d9872e5|lpw_b70bb4acc0,lpw_c40b3d2880|lpw_2f9d9872e5|lpw_b70bb4acc0,lpw_a61f02e145|lpw_c40b3d2880|lpw_2f9d9872e5|lpw_b70bb4acc0,4,2,3,4
1322,1324,13,2,false,因为是我第一个想到这件事的。”,因为|是|我|第|一个|想到|这|件|事|的,15,10,lpw_795cfc96d4|lpw_b5141d3d19|lpw_b70bb4acc0|lpw_e1dbc1c99f|lpw_d409ab2ab3|lpw_1d9ed56951|lpw_8af2350cfd,因为|是|我|一个|这|事|的,lpw_b5141d3d19|lpw_b70bb4acc0|lpw_e1dbc1c99f|lpw_d409ab2ab3|lpw_8af2350cfd,lpw_795cfc96d4|lpw_b5141d3d19|lpw_b70bb4acc0|lpw_e1dbc1c99f|lpw_d409ab2ab3|lpw_1d9ed56951|lpw_8af2350cfd,lpw_795cfc96d4|lpw_b5141d3d19|lpw_b70bb4acc0|lpw_e1dbc1c99f|lpw_d409ab2ab3|lpw_1d9ed56951|lpw_8af2350cfd,7,5,7,7
1323,1325,13,2,false,“这就够了?”,这|就|够|了,7,4,lpw_d409ab2ab3|lpw_2f9d9872e5|lpw_b2dd27e84f,这|就|了,lpw_d409ab2ab3|lpw_2f9d9872e5|lpw_b2dd27e84f,lpw_d409ab2ab3|lpw_2f9d9872e5|lpw_b2dd27e84f,lpw_d409ab2ab3|lpw_2f9d9872e5|lpw_b2dd27e84f,3,3,3,3
1324,1326,13,2,false,“当然。,当然,4,1,lpw_0002e2d87f,当然,,,,1,0,0,0
1325,1327,13,2,false,"当你发现一颗不属于任何人的钻石,",当|你|发现|一颗|不|属于|任何人|的|钻石,16,9,lpw_142d843e71|lpw_a0c7716669|lpw_10493d06b9|lpw_9a18d5dc38|lpw_b02dfe2160|lpw_8af2350cfd,当|你|发现|一颗|不|的,lpw_a0c7716669|lpw_8af2350cfd,lpw_a0c7716669|lpw_b02dfe2160|lpw_8af2350cfd,lpw_a0c7716669|lpw_b02dfe2160|lpw_8af2350cfd,6,2,3,3
1326,1328,13,2,false,它就属于你。,它|就|属于|你,6,4,lpw_7e9260e925|lpw_2f9d9872e5|lpw_a0c7716669,它|就|你,lpw_7e9260e925|lpw_2f9d9872e5|lpw_a0c7716669,lpw_7e9260e925|lpw_2f9d9872e5|lpw_a0c7716669,lpw_7e9260e925|lpw_2f9d9872e5|lpw_a0c7716669,3,3,3,3
1327,1329,13,2,false,"当你发现一个不属于任何人的岛屿,",当|你|发现|一个|不|属于|任何人|的|岛屿,16,9,lpw_142d843e71|lpw_a0c7716669|lpw_10493d06b9|lpw_e1dbc1c99f|lpw_b02dfe2160|lpw_8af2350cfd,当|你|发现|一个|不|的,lpw_a0c7716669|lpw_e1dbc1c99f|lpw_8af2350cfd,lpw_a0c7716669|lpw_e1dbc1c99f|lpw_b02dfe2160|lpw_8af2350cfd,lpw_a0c7716669|lpw_e1dbc1c99f|lpw_b02dfe2160|lpw_8af2350cfd,6,3,4,4
1328,1330,13,2,false,它就属于你。,它|就|属于|你,6,4,lpw_7e9260e925|lpw_2f9d9872e5|lpw_a0c7716669,它|就|你,lpw_7e9260e925|lpw_2f9d9872e5|lpw_a0c7716669,lpw_7e9260e925|lpw_2f9d9872e5|lpw_a0c7716669,lpw_7e9260e925|lpw_2f9d9872e5|lpw_a0c7716669,3,3,3,3
1329,1331,13,2,false,"当你最先想出一个主意,",当|你|最先|想出|一个|主意,11,6,lpw_142d843e71|lpw_a0c7716669|lpw_e1dbc1c99f,当|你|一个,lpw_a0c7716669|lpw_e1dbc1c99f,lpw_a0c7716669|lpw_e1dbc1c99f,lpw_a0c7716669|lpw_e1dbc1c99f,3,2,2,2
1330,1332,13,2,false,"你去申请发明专利,",你|去|申请|发明|专利,9,5,lpw_a0c7716669|lpw_99ae21ea6c,你|去,lpw_a0c7716669,lpw_a0c7716669|lpw_99ae21ea6c,lpw_a0c7716669|lpw_99ae21ea6c,2,1,2,2
1331,1333,13,2,false,它就属于你。,它|就|属于|你,6,4,lpw_7e9260e925|lpw_2f9d9872e5|lpw_a0c7716669,它|就|你,lpw_7e9260e925|lpw_2f9d9872e5|lpw_a0c7716669,lpw_7e9260e925|lpw_2f9d9872e5|lpw_a0c7716669,lpw_7e9260e925|lpw_2f9d9872e5|lpw_a0c7716669,3,3,3,3
1332,1334,13,2,false,"现在我占有了这些星星,",现在|我|占有|了|这些|星星,11,6,lpw_43584f37c1|lpw_b70bb4acc0|lpw_b2dd27e84f|lpw_7a590a22cd|lpw_6a9fec7faf,现在|我|了|这些|星星,lpw_b70bb4acc0|lpw_b2dd27e84f|lpw_6a9fec7faf,lpw_b70bb4acc0|lpw_b2dd27e84f|lpw_6a9fec7faf,lpw_b70bb4acc0|lpw_b2dd27e84f|lpw_7a590a22cd|lpw_6a9fec7faf,5,3,3,4
1333,1335,13,2,false,因为在我以前没有人想到过占有它们。”,因为|在|我|以前|没有|人|想到|过|占有|它们,18,10,lpw_795cfc96d4|lpw_12404a0b63|lpw_b70bb4acc0|lpw_aa98317793|lpw_f127804b92|lpw_50f5d65d57|lpw_f777893480|lpw_c40b3d2880,因为|在|我|以前|没有|人|过|它们,lpw_12404a0b63|lpw_b70bb4acc0|lpw_50f5d65d57,lpw_795cfc96d4|lpw_12404a0b63|lpw_b70bb4acc0|lpw_f127804b92|lpw_50f5d65d57|lpw_f777893480|lpw_c40b3d2880,lpw_795cfc96d4|lpw_12404a0b63|lpw_b70bb4acc0|lpw_f127804b92|lpw_50f5d65d57|lpw_f777893480|lpw_c40b3d2880,8,3,7,7
1334,1336,13,2,false,"“这倒也是,”",这|倒|也是,7,3,lpw_d409ab2ab3|lpw_256c0476ed,这|也是,lpw_d409ab2ab3,lpw_d409ab2ab3,lpw_d409ab2ab3,2,1,1,1
1335,1337,13,2,false,"小王子说,",小王子|说,5,2,lpw_87f2a033cf|lpw_ccca744613,小王子|说,lpw_87f2a033cf|lpw_ccca744613,lpw_87f2a033cf|lpw_ccca744613,lpw_87f2a033cf|lpw_ccca744613,2,2,2,2
1336,1338,13,2,false,“可你拿它们来做什么呢?”,可|你|拿|它们|来|做|什么|呢,13,8,lpw_8b9cefa38e|lpw_a0c7716669|lpw_c40b3d2880|lpw_6d8229118c|lpw_94f5404441|lpw_c1b52e0e64|lpw_02811cec0b,可|你|它们|来|做|什么|呢,lpw_a0c7716669|lpw_6d8229118c|lpw_c1b52e0e64|lpw_02811cec0b,lpw_8b9cefa38e|lpw_a0c7716669|lpw_c40b3d2880|lpw_6d8229118c|lpw_c1b52e0e64|lpw_02811cec0b,lpw_8b9cefa38e|lpw_a0c7716669|lpw_c40b3d2880|lpw_6d8229118c|lpw_c1b52e0e64|lpw_02811cec0b,7,4,6,6
1337,1339,13,2,false,“我经营它们。,我|经营|它们,7,3,lpw_b70bb4acc0|lpw_c40b3d2880,我|它们,lpw_b70bb4acc0,lpw_b70bb4acc0|lpw_c40b3d2880,lpw_b70bb4acc0|lpw_c40b3d2880,2,1,2,2
1338,1340,13,2,false,"我一遍又一遍地计算它们的数目,”",我|一遍|又一|遍地|计算|它们|的|数目,16,8,lpw_b70bb4acc0|lpw_c40b3d2880|lpw_8af2350cfd,我|它们|的,lpw_b70bb4acc0|lpw_8af2350cfd,lpw_b70bb4acc0|lpw_c40b3d2880|lpw_8af2350cfd,lpw_b70bb4acc0|lpw_c40b3d2880|lpw_8af2350cfd,3,2,3,3
1339,1341,13,2,false,"商人说,",商人|说,4,2,lpw_3f1784ce8b|lpw_ccca744613,商人|说,lpw_ccca744613,lpw_ccca744613,lpw_ccca744613,2,1,1,1
1340,1342,13,2,false,“这并不容易。,这|并不|容易,7,3,lpw_d409ab2ab3|lpw_5b693ea232,这|并不,lpw_d409ab2ab3,lpw_d409ab2ab3,lpw_d409ab2ab3,2,1,1,1
1341,1343,13,2,false,可我是个干正事的人!”,可|我是|个|干|正|事|的|人,11,8,lpw_8b9cefa38e|lpw_06ba27715e|lpw_3a116815bc|lpw_9ee0280bc4|lpw_d657ee1d4a|lpw_1d9ed56951|lpw_8af2350cfd|lpw_50f5d65d57,可|我是|个|干|正|事|的|人,lpw_8af2350cfd|lpw_50f5d65d57,lpw_8b9cefa38e|lpw_3a116815bc|lpw_1d9ed56951|lpw_8af2350cfd|lpw_50f5d65d57,lpw_8b9cefa38e|lpw_3a116815bc|lpw_1d9ed56951|lpw_8af2350cfd|lpw_50f5d65d57,8,2,5,5
1342,1344,13,2,false,小王子还是不满意。,小王子|还是|不|满意,9,4,lpw_87f2a033cf|lpw_dfaa7d6f73|lpw_b02dfe2160,小王子|还是|不,lpw_87f2a033cf,lpw_87f2a033cf|lpw_b02dfe2160,lpw_87f2a033cf|lpw_b02dfe2160,3,1,2,2
1343,1345,13,2,false,"“我呀,",我|呀,4,2,lpw_b70bb4acc0|lpw_03fe6b38e7,我|呀,lpw_b70bb4acc0,lpw_b70bb4acc0,lpw_b70bb4acc0|lpw_03fe6b38e7,2,1,1,2
1344,1346,13,2,false,"如果我有一块方围巾,",如果|我有|一块|方|围巾,10,5,lpw_7ca71b72d7|lpw_59cbe38d1c,如果|我有,,,,2,0,0,0
1345,1347,13,2,false,我可以把它围在脖子上带走它。,我|可以|把|它|围|在|脖子|上|带走|它,14,10,lpw_b70bb4acc0|lpw_0ef5c86fab|lpw_2442748e41|lpw_7e9260e925|lpw_12404a0b63|lpw_db5ba671d2,我|可以|把|它|在|上,lpw_b70bb4acc0|lpw_7e9260e925|lpw_12404a0b63|lpw_db5ba671d2,lpw_b70bb4acc0|lpw_2442748e41|lpw_7e9260e925|lpw_12404a0b63|lpw_db5ba671d2,lpw_b70bb4acc0|lpw_0ef5c86fab|lpw_2442748e41|lpw_7e9260e925|lpw_12404a0b63|lpw_db5ba671d2,6,4,5,6
1346,1348,13,2,false,"如果我有一朵花儿,",如果|我有|一朵|花儿,9,4,lpw_7ca71b72d7|lpw_59cbe38d1c|lpw_aebd6fbbd2|lpw_059ab0f707,如果|我有|一朵|花儿,lpw_059ab0f707,lpw_059ab0f707,lpw_aebd6fbbd2|lpw_059ab0f707,4,1,1,2
1347,1349,13,2,false,我可以摘下这朵花儿带走它。,我|可以|摘下|这|朵|花儿|带走|它,13,8,lpw_b70bb4acc0|lpw_0ef5c86fab|lpw_d409ab2ab3|lpw_0da9a35a4b|lpw_059ab0f707|lpw_7e9260e925,我|可以|这|朵|花儿|它,lpw_b70bb4acc0|lpw_d409ab2ab3|lpw_059ab0f707|lpw_7e9260e925,lpw_b70bb4acc0|lpw_d409ab2ab3|lpw_059ab0f707|lpw_7e9260e925,lpw_b70bb4acc0|lpw_0ef5c86fab|lpw_d409ab2ab3|lpw_059ab0f707|lpw_7e9260e925,6,4,4,5
1348,1350,13,2,false,可是你没法摘下这些星星呀!”,可是|你|没法|摘下|这些|星星|呀,14,7,lpw_38ca4a9c76|lpw_a0c7716669|lpw_7a590a22cd|lpw_6a9fec7faf|lpw_03fe6b38e7,可是|你|这些|星星|呀,lpw_a0c7716669|lpw_6a9fec7faf,lpw_38ca4a9c76|lpw_a0c7716669|lpw_6a9fec7faf,lpw_38ca4a9c76|lpw_a0c7716669|lpw_7a590a22cd|lpw_6a9fec7faf|lpw_03fe6b38e7,5,2,3,5
1349,1351,13,2,false,"“没错,",没错,4,1,,,,,,0,0,0,0
1350,1352,13,2,false,但是我可以把它们存入银行。”,但是|我|可以|把|它们|存入|银行,14,7,lpw_8cb1f721c8|lpw_b70bb4acc0|lpw_0ef5c86fab|lpw_2442748e41|lpw_c40b3d2880,但是|我|可以|把|它们,lpw_b70bb4acc0,lpw_b70bb4acc0|lpw_2442748e41|lpw_c40b3d2880,lpw_b70bb4acc0|lpw_0ef5c86fab|lpw_2442748e41|lpw_c40b3d2880,5,1,3,4
1351,1353,13,2,false,“这是什么意思?”,这|是|什么|意思,9,4,lpw_d409ab2ab3|lpw_b5141d3d19|lpw_c1b52e0e64|lpw_65eb352d08,这|是|什么|意思,lpw_d409ab2ab3|lpw_b5141d3d19|lpw_c1b52e0e64,lpw_d409ab2ab3|lpw_b5141d3d19|lpw_c1b52e0e64,lpw_d409ab2ab3|lpw_b5141d3d19|lpw_c1b52e0e64,4,3,3,3
1352,1354,13,2,false,"“这就是说,",这|就是|说,6,3,lpw_d409ab2ab3|lpw_88aa006eb3|lpw_ccca744613,这|就是|说,lpw_d409ab2ab3|lpw_ccca744613,lpw_d409ab2ab3|lpw_88aa006eb3|lpw_ccca744613,lpw_d409ab2ab3|lpw_88aa006eb3|lpw_ccca744613,3,2,3,3
1353,1355,13,2,false,我把我的星星的总数写在一张小纸片上。,我把|我|的|星星|的|总数|写在|一张|小|纸|片上,18,11,lpw_5ebf3d1bfd|lpw_b70bb4acc0|lpw_8af2350cfd|lpw_6a9fec7faf|lpw_dc50d5e51e|lpw_6a7339bb75,我把|我|的|星星|一张|小,lpw_b70bb4acc0|lpw_8af2350cfd|lpw_6a9fec7faf,lpw_b70bb4acc0|lpw_8af2350cfd|lpw_6a9fec7faf|lpw_6a7339bb75,lpw_b70bb4acc0|lpw_8af2350cfd|lpw_6a9fec7faf|lpw_6a7339bb75,6,3,4,4
1354,1356,13,2,false,然后我把这张小纸片放进一个抽屉锁好。”,然后|我把|这|张|小|纸|片|放进|一个|抽屉|锁好,19,11,lpw_ca4f5ee82e|lpw_5ebf3d1bfd|lpw_d409ab2ab3|lpw_6a7339bb75|lpw_e1dbc1c99f,然后|我把|这|小|一个,lpw_d409ab2ab3|lpw_e1dbc1c99f,lpw_d409ab2ab3|lpw_6a7339bb75|lpw_e1dbc1c99f,lpw_d409ab2ab3|lpw_6a7339bb75|lpw_e1dbc1c99f,5,2,3,3
1355,1357,13,2,false,“就这些?”,就|这些,6,2,lpw_2f9d9872e5|lpw_7a590a22cd,就|这些,lpw_2f9d9872e5,lpw_2f9d9872e5,lpw_2f9d9872e5|lpw_7a590a22cd,2,1,1,2
1356,1358,13,2,false,“这就够了!”,这|就|够|了,7,4,lpw_d409ab2ab3|lpw_2f9d9872e5|lpw_b2dd27e84f,这|就|了,lpw_d409ab2ab3|lpw_2f9d9872e5|lpw_b2dd27e84f,lpw_d409ab2ab3|lpw_2f9d9872e5|lpw_b2dd27e84f,lpw_d409ab2ab3|lpw_2f9d9872e5|lpw_b2dd27e84f,3,3,3,3
1357,1359,13,2,false,"“真有趣,”",真|有趣,6,2,lpw_827d018e1b,真,,,,1,0,0,0
1358,1360,13,2,false,"小王子心想,",小王子|心想,6,2,lpw_87f2a033cf,小王子,lpw_87f2a033cf,lpw_87f2a033cf,lpw_87f2a033cf,1,1,1,1
1359,1361,13,2,false,“倒挺有诗意的。,倒|挺有|诗意|的,8,4,lpw_8af2350cfd,的,lpw_8af2350cfd,lpw_8af2350cfd,lpw_8af2350cfd,1,1,1,1
1360,1362,13,2,false,可这算不上什么正事呀。”,可|这|算不上|什么|正|事|呀,12,7,lpw_8b9cefa38e|lpw_d409ab2ab3|lpw_c1b52e0e64|lpw_d657ee1d4a|lpw_1d9ed56951|lpw_03fe6b38e7,可|这|什么|正|事|呀,lpw_d409ab2ab3|lpw_c1b52e0e64,lpw_8b9cefa38e|lpw_d409ab2ab3|lpw_c1b52e0e64|lpw_1d9ed56951,lpw_8b9cefa38e|lpw_d409ab2ab3|lpw_c1b52e0e64|lpw_1d9ed56951|lpw_03fe6b38e7,6,2,4,5
1361,1363,13,2,false,"小王子对正事的看法,",小王子|对|正|事|的|看法,10,6,lpw_87f2a033cf|lpw_74570c7270|lpw_d657ee1d4a|lpw_1d9ed56951|lpw_8af2350cfd,小王子|对|正|事|的,lpw_87f2a033cf|lpw_74570c7270|lpw_8af2350cfd,lpw_87f2a033cf|lpw_74570c7270|lpw_1d9ed56951|lpw_8af2350cfd,lpw_87f2a033cf|lpw_74570c7270|lpw_1d9ed56951|lpw_8af2350cfd,5,3,4,4
1362,1364,13,2,false,跟大人对正事的看法很不相同。,跟|大人|对|正|事|的|看法|很不|相同,14,9,lpw_383a53d95c|lpw_44dd6014a5|lpw_74570c7270|lpw_d657ee1d4a|lpw_1d9ed56951|lpw_8af2350cfd,跟|大人|对|正|事|的,lpw_74570c7270|lpw_8af2350cfd,lpw_74570c7270|lpw_1d9ed56951|lpw_8af2350cfd,lpw_383a53d95c|lpw_44dd6014a5|lpw_74570c7270|lpw_1d9ed56951|lpw_8af2350cfd,6,2,3,5
1363,1365,13,2,false,"“我有一朵花儿,”",我有|一朵|花儿,9,3,lpw_59cbe38d1c|lpw_aebd6fbbd2|lpw_059ab0f707,我有|一朵|花儿,lpw_059ab0f707,lpw_059ab0f707,lpw_aebd6fbbd2|lpw_059ab0f707,3,1,1,2
1364,1366,13,2,false,"他又说道,",他|又|说道,5,3,lpw_8b7b91e000|lpw_e71ce5deab,他|又,lpw_8b7b91e000|lpw_e71ce5deab,lpw_8b7b91e000|lpw_e71ce5deab,lpw_8b7b91e000|lpw_e71ce5deab,2,2,2,2
1365,1367,13,2,false,“我每天都给她浇水。,我|每天|都|给|她|浇水,10,6,lpw_b70bb4acc0|lpw_7eabb36ba1|lpw_6e55fb9d8a|lpw_2ab425e0c6,我|都|给|她,lpw_b70bb4acc0|lpw_6e55fb9d8a|lpw_2ab425e0c6,lpw_b70bb4acc0|lpw_7eabb36ba1|lpw_6e55fb9d8a|lpw_2ab425e0c6,lpw_b70bb4acc0|lpw_7eabb36ba1|lpw_6e55fb9d8a|lpw_2ab425e0c6,4,3,4,4
1366,1368,13,2,false,"我有三座火山,",我有|三|座|火山,7,4,lpw_59cbe38d1c|lpw_a4c3313deb|lpw_001d9c64f7|lpw_dc749837f4,我有|三|座|火山,,,,4,0,0,0
1367,1369,13,2,false,我每星期都把它们疏通一遍。,我|每星期|都|把|它们|疏通|一遍,13,7,lpw_b70bb4acc0|lpw_7eabb36ba1|lpw_2442748e41|lpw_c40b3d2880,我|都|把|它们,lpw_b70bb4acc0,lpw_b70bb4acc0|lpw_7eabb36ba1|lpw_2442748e41|lpw_c40b3d2880,lpw_b70bb4acc0|lpw_7eabb36ba1|lpw_2442748e41|lpw_c40b3d2880,4,1,4,4
1368,1370,13,2,false,那座死火山我也疏通。,那|座|死|火山|我也|疏通,10,6,lpw_5a2362a202|lpw_001d9c64f7|lpw_dc749837f4,那|座|火山,lpw_5a2362a202,lpw_5a2362a202,lpw_5a2362a202,3,1,1,1
1369,1371,13,2,false,因为谁也说不准它还会不会喷发。,因为|谁|也|说|不准|它|还|会不会|喷发,15,9,lpw_795cfc96d4|lpw_056b9c6262|lpw_658605835b|lpw_ccca744613|lpw_7e9260e925|lpw_1bc709b8bf,因为|谁|也|说|它|还,lpw_ccca744613|lpw_7e9260e925,lpw_795cfc96d4|lpw_658605835b|lpw_ccca744613|lpw_7e9260e925,lpw_795cfc96d4|lpw_658605835b|lpw_ccca744613|lpw_7e9260e925|lpw_1bc709b8bf,6,2,4,5
1370,1372,13,2,false,"我占有它们,",我|占有|它们,6,3,lpw_b70bb4acc0|lpw_c40b3d2880,我|它们,lpw_b70bb4acc0,lpw_b70bb4acc0|lpw_c40b3d2880,lpw_b70bb4acc0|lpw_c40b3d2880,2,1,2,2
1371,1373,13,2,false,"对火山有好处,",对|火山|有|好处,7,4,lpw_74570c7270|lpw_dc749837f4|lpw_90ce0f66f0,对|火山|有,lpw_74570c7270|lpw_90ce0f66f0,lpw_74570c7270|lpw_90ce0f66f0,lpw_74570c7270|lpw_90ce0f66f0,3,2,2,2
1372,1374,13,2,false,对花儿也有好处。,对|花儿|也有|好处,8,4,lpw_74570c7270|lpw_059ab0f707,对|花儿,lpw_74570c7270|lpw_059ab0f707,lpw_74570c7270|lpw_059ab0f707,lpw_74570c7270|lpw_059ab0f707,2,2,2,2
1373,1375,13,2,false,"可是你占有星星,",可是|你|占有|星星,8,4,lpw_38ca4a9c76|lpw_a0c7716669|lpw_6a9fec7faf,可是|你|星星,lpw_a0c7716669|lpw_6a9fec7faf,lpw_38ca4a9c76|lpw_a0c7716669|lpw_6a9fec7faf,lpw_38ca4a9c76|lpw_a0c7716669|lpw_6a9fec7faf,3,2,3,3
1374,1376,13,2,false,对它们没有好处。”,对|它们|没有|好处,9,4,lpw_74570c7270|lpw_c40b3d2880|lpw_f127804b92,对|它们|没有,lpw_74570c7270,lpw_74570c7270|lpw_c40b3d2880|lpw_f127804b92,lpw_74570c7270|lpw_c40b3d2880|lpw_f127804b92,3,1,3,3
1375,1377,13,2,false,"商人张口结舌,",商人|张口|结舌,7,3,lpw_3f1784ce8b,商人,,,,1,0,0,0
1376,1378,13,2,false,无言以对。,无|言|以|对,5,4,lpw_74570c7270,对,lpw_74570c7270,lpw_74570c7270,lpw_74570c7270,1,1,1,1
1377,1379,13,2,false,小王子就走了。,小王子|就|走了,7,3,lpw_87f2a033cf|lpw_2f9d9872e5|lpw_25eba59465,小王子|就|走了,lpw_87f2a033cf|lpw_2f9d9872e5,lpw_87f2a033cf|lpw_2f9d9872e5,lpw_87f2a033cf|lpw_2f9d9872e5,3,2,2,2
1378,1380,13,2,false,"“这些大人真的好古怪,”",这些|大人|真的|好|古怪,12,5,lpw_7a590a22cd|lpw_44dd6014a5|lpw_f867f34178,这些|大人|好,,lpw_f867f34178,lpw_7a590a22cd|lpw_44dd6014a5|lpw_f867f34178,3,0,1,3
1379,1381,13,2,false,"一路上,",一路上,4,1,,,,,,0,0,0,0
1380,1382,13,2,false,他只是自言自语说了这么一句。,他|只是|自言自语|说|了|这么|一句,14,7,lpw_8b7b91e000|lpw_ccca744613|lpw_b2dd27e84f|lpw_7677ca84c6,他|说|了|这么,lpw_8b7b91e000|lpw_ccca744613|lpw_b2dd27e84f,lpw_8b7b91e000|lpw_ccca744613|lpw_b2dd27e84f,lpw_8b7b91e000|lpw_ccca744613|lpw_b2dd27e84f|lpw_7677ca84c6,4,3,3,4
1381,1383,14,2,true,14,,2,0,,,,,,0,0,0,0
1382,1384,14,2,false,第五颗行星非常奇怪。,第|五颗|行星|非常|奇怪,10,5,lpw_19956b104c|lpw_2ccec3b419,行星|非常,,,,2,0,0,0
1383,1385,14,2,false,这是最小的一颗。,这|是|最小|的|一颗,8,5,lpw_d409ab2ab3|lpw_b5141d3d19|lpw_8af2350cfd|lpw_9a18d5dc38,这|是|的|一颗,lpw_d409ab2ab3|lpw_b5141d3d19|lpw_8af2350cfd,lpw_d409ab2ab3|lpw_b5141d3d19|lpw_8af2350cfd,lpw_d409ab2ab3|lpw_b5141d3d19|lpw_8af2350cfd,4,3,3,3
1384,1386,14,2,false,上面刚好只能容得下一盏路灯和一个点灯人。,上面|刚好|只能|容|得|下|一盏|路灯|和|一个|点灯人,20,11,lpw_71b1ed1114|lpw_13c12b064b|lpw_64f62e9803|lpw_3d7114281f|lpw_e1dbc1c99f|lpw_dd18ed3fb2,得|下|路灯|和|一个|点灯人,lpw_e1dbc1c99f,lpw_71b1ed1114|lpw_3d7114281f|lpw_e1dbc1c99f,lpw_71b1ed1114|lpw_3d7114281f|lpw_e1dbc1c99f,6,1,3,3
1385,1387,14,2,false,"小王子好生纳闷,",小王子|好生|纳闷,8,3,lpw_87f2a033cf,小王子,lpw_87f2a033cf,lpw_87f2a033cf,lpw_87f2a033cf,1,1,1,1
1386,1388,14,2,false,"在天空的一个角落,",在|天空|的|一个|角落,9,5,lpw_12404a0b63|lpw_8af2350cfd|lpw_e1dbc1c99f,在|的|一个,lpw_12404a0b63|lpw_8af2350cfd|lpw_e1dbc1c99f,lpw_12404a0b63|lpw_8af2350cfd|lpw_e1dbc1c99f,lpw_12404a0b63|lpw_8af2350cfd|lpw_e1dbc1c99f,3,3,3,3
1387,1389,14,2,false,"在一个既没有房子也没有居民的行星上,",在|一个|既|没有|房子|也没有|居民|的|行星|上,18,10,lpw_12404a0b63|lpw_e1dbc1c99f|lpw_f127804b92|lpw_8af2350cfd|lpw_19956b104c|lpw_db5ba671d2,在|一个|没有|的|行星|上,lpw_12404a0b63|lpw_e1dbc1c99f|lpw_8af2350cfd|lpw_db5ba671d2,lpw_12404a0b63|lpw_e1dbc1c99f|lpw_f127804b92|lpw_8af2350cfd|lpw_db5ba671d2,lpw_12404a0b63|lpw_e1dbc1c99f|lpw_f127804b92|lpw_8af2350cfd|lpw_db5ba671d2,6,4,5,5
1388,1390,14,2,false,"要一盏路灯和一个点灯人,",要|一盏|路灯|和|一个|点灯人,12,6,lpw_975f35218e|lpw_64f62e9803|lpw_3d7114281f|lpw_e1dbc1c99f|lpw_dd18ed3fb2,要|路灯|和|一个|点灯人,lpw_e1dbc1c99f,lpw_975f35218e|lpw_3d7114281f|lpw_e1dbc1c99f,lpw_975f35218e|lpw_3d7114281f|lpw_e1dbc1c99f,5,1,3,3
1389,1391,14,2,false,又能有什么用呢?,又能|有|什么|用|呢,8,5,lpw_90ce0f66f0|lpw_c1b52e0e64|lpw_04e45efb3b|lpw_02811cec0b,有|什么|用|呢,lpw_90ce0f66f0|lpw_c1b52e0e64|lpw_02811cec0b,lpw_90ce0f66f0|lpw_c1b52e0e64|lpw_02811cec0b,lpw_90ce0f66f0|lpw_c1b52e0e64|lpw_04e45efb3b|lpw_02811cec0b,4,3,3,4
1390,1392,14,2,false,不过他还是对自己说:,不过|他|还是|对|自己|说,10,6,lpw_72113362c6|lpw_8b7b91e000|lpw_dfaa7d6f73|lpw_74570c7270|lpw_fb43354d2a|lpw_ccca744613,不过|他|还是|对|自己|说,lpw_8b7b91e000|lpw_74570c7270|lpw_ccca744613,lpw_8b7b91e000|lpw_74570c7270|lpw_fb43354d2a|lpw_ccca744613,lpw_72113362c6|lpw_8b7b91e000|lpw_74570c7270|lpw_fb43354d2a|lpw_ccca744613,6,3,4,5
1391,1393,14,2,false,“很可能这个人是有点不正常。,很可能|这个|人|是|有点|不正常,14,6,lpw_979e2bc35b|lpw_50f5d65d57|lpw_b5141d3d19|lpw_29506aa712,这个|人|是|有点,lpw_50f5d65d57|lpw_b5141d3d19,lpw_979e2bc35b|lpw_50f5d65d57|lpw_b5141d3d19,lpw_979e2bc35b|lpw_50f5d65d57|lpw_b5141d3d19|lpw_29506aa712,4,2,3,4
1392,1394,14,2,false,"但是跟那个国王,",但是|跟|那个|国王,8,4,lpw_8cb1f721c8|lpw_383a53d95c|lpw_fa6e73c549|lpw_38e917f021,但是|跟|那个|国王,,,lpw_383a53d95c,4,0,0,1
1393,1395,14,2,false,"那个爱虚荣的人,",那个|爱|虚荣的人,8,3,lpw_fa6e73c549|lpw_bafe3b2ee7|lpw_577fd55103,那个|爱|虚荣的人,,,,3,0,0,0
1394,1396,14,2,false,"那个商人和那个酒鬼比起来,",那个|商人|和|那个|酒鬼|比起来,13,6,lpw_fa6e73c549|lpw_3f1784ce8b|lpw_3d7114281f|lpw_1c31582177,那个|商人|和|酒鬼,,lpw_3d7114281f,lpw_3d7114281f,4,0,1,1
1395,1397,14,2,false,他还是要比他们正常些。,他|还是|要|比|他们|正常|些,11,7,lpw_8b7b91e000|lpw_dfaa7d6f73|lpw_975f35218e|lpw_ab158a8483|lpw_10518f8f0a|lpw_af76fed85c,他|还是|要|比|他们|些,lpw_8b7b91e000|lpw_10518f8f0a,lpw_8b7b91e000|lpw_975f35218e|lpw_10518f8f0a,lpw_8b7b91e000|lpw_975f35218e|lpw_10518f8f0a,6,2,3,3
1396,1398,14,2,false,至少他的工作还有意义。,至少|他|的|工作|还有|意义,11,6,lpw_8b7b91e000|lpw_8af2350cfd|lpw_83eec76b39,他|的|还有,lpw_8b7b91e000|lpw_8af2350cfd,lpw_8b7b91e000|lpw_8af2350cfd,lpw_8b7b91e000|lpw_8af2350cfd,3,2,2,2
1397,1399,14,2,false,"他点亮路灯,",他|点亮|路灯,6,3,lpw_8b7b91e000|lpw_64f62e9803,他|路灯,lpw_8b7b91e000,lpw_8b7b91e000,lpw_8b7b91e000,2,1,1,1
1398,1400,14,2,false,就好比唤醒了另一个太阳或者一朵花儿。,就好|比|唤醒|了|另|一个|太阳|或者|一朵|花儿,18,10,lpw_ab158a8483|lpw_b2dd27e84f|lpw_e1dbc1c99f|lpw_aebd6fbbd2|lpw_059ab0f707,比|了|一个|一朵|花儿,lpw_b2dd27e84f|lpw_e1dbc1c99f|lpw_059ab0f707,lpw_b2dd27e84f|lpw_e1dbc1c99f|lpw_059ab0f707,lpw_b2dd27e84f|lpw_e1dbc1c99f|lpw_aebd6fbbd2|lpw_059ab0f707,5,3,3,4
1399,1401,14,2,false,"他熄灭路灯,",他|熄灭|路灯,6,3,lpw_8b7b91e000|lpw_64f62e9803,他|路灯,lpw_8b7b91e000,lpw_8b7b91e000,lpw_8b7b91e000,2,1,1,1
1400,1402,14,2,false,就好比让这朵花儿或这个太阳睡觉了。,就好|比|让|这|朵|花儿|或|这个|太阳|睡觉|了,17,11,lpw_ab158a8483|lpw_ad37574404|lpw_d409ab2ab3|lpw_0da9a35a4b|lpw_059ab0f707|lpw_979e2bc35b|lpw_b2dd27e84f,比|让|这|朵|花儿|这个|了,lpw_ad37574404|lpw_d409ab2ab3|lpw_059ab0f707|lpw_b2dd27e84f,lpw_ad37574404|lpw_d409ab2ab3|lpw_059ab0f707|lpw_979e2bc35b|lpw_b2dd27e84f,lpw_ad37574404|lpw_d409ab2ab3|lpw_059ab0f707|lpw_979e2bc35b|lpw_b2dd27e84f,7,4,5,5
1401,1403,14,2,false,这是件很美的事情。,这|是|件|很美|的|事情,9,6,lpw_d409ab2ab3|lpw_b5141d3d19|lpw_8af2350cfd|lpw_e66d9fac19,这|是|的|事情,lpw_d409ab2ab3|lpw_b5141d3d19|lpw_8af2350cfd,lpw_d409ab2ab3|lpw_b5141d3d19|lpw_8af2350cfd,lpw_d409ab2ab3|lpw_b5141d3d19|lpw_8af2350cfd,4,3,3,3
1402,1404,14,2,false,"既然很美,",既然|很美,5,2,,,,,,0,0,0,0
1403,1405,14,2,false,自然就有用啰!”,自然|就有|用|啰,8,4,lpw_04e45efb3b,用,,,lpw_04e45efb3b,1,0,0,1
1404,1406,14,2,false,"他一到这个星球,",他|一|到|这个|星球,8,5,lpw_8b7b91e000|lpw_51a75f4634|lpw_b56f36b529|lpw_979e2bc35b|lpw_62f2d6c1a1,他|一|到|这个|星球,lpw_8b7b91e000|lpw_62f2d6c1a1,lpw_8b7b91e000|lpw_51a75f4634|lpw_979e2bc35b|lpw_62f2d6c1a1,lpw_8b7b91e000|lpw_51a75f4634|lpw_979e2bc35b|lpw_62f2d6c1a1,5,2,4,4
1405,1407,14,2,false,就很尊敬地向点灯人打招呼:,就|很|尊敬|地|向|点灯人|打招呼,13,7,lpw_2f9d9872e5|lpw_f2b91797ea|lpw_bdbd41e490|lpw_a2f77db0e9|lpw_dd18ed3fb2,就|很|地|向|点灯人,lpw_2f9d9872e5|lpw_f2b91797ea|lpw_bdbd41e490,lpw_2f9d9872e5|lpw_f2b91797ea|lpw_bdbd41e490,lpw_2f9d9872e5|lpw_f2b91797ea|lpw_bdbd41e490,5,3,3,3
1406,1408,14,2,false,“早上好。,早上|好,5,2,lpw_f867f34178,好,,lpw_f867f34178,lpw_f867f34178,1,0,1,1
1407,1409,14,2,false,你刚才为什么把路灯熄掉呢?”,你|刚才|为什么|把|路灯|熄掉|呢,14,7,lpw_a0c7716669|lpw_1b919bb478|lpw_2442748e41|lpw_64f62e9803|lpw_02811cec0b,你|为什么|把|路灯|呢,lpw_a0c7716669|lpw_02811cec0b,lpw_a0c7716669|lpw_2442748e41|lpw_02811cec0b,lpw_a0c7716669|lpw_2442748e41|lpw_02811cec0b,5,2,3,3
1408,1410,14,2,false,"“这是规定,”",这|是|规定,7,3,lpw_d409ab2ab3|lpw_b5141d3d19,这|是,lpw_d409ab2ab3|lpw_b5141d3d19,lpw_d409ab2ab3|lpw_b5141d3d19,lpw_d409ab2ab3|lpw_b5141d3d19,2,2,2,2
1409,1411,14,2,false,"点灯人回答说,",点灯人|回答|说,7,3,lpw_dd18ed3fb2|lpw_f3f5126487|lpw_ccca744613,点灯人|回答|说,lpw_ccca744613,lpw_f3f5126487|lpw_ccca744613,lpw_f3f5126487|lpw_ccca744613,3,1,2,2
1410,1412,14,2,false,“早上好。”,早上|好,6,2,lpw_f867f34178,好,,lpw_f867f34178,lpw_f867f34178,1,0,1,1
1411,1413,14,2,false,“什么规定?”,什么|规定,7,2,lpw_c1b52e0e64,什么,lpw_c1b52e0e64,lpw_c1b52e0e64,lpw_c1b52e0e64,1,1,1,1
1412,1414,14,2,false,“熄灭路灯呗。,熄灭|路灯|呗,7,3,lpw_64f62e9803,路灯,,,,1,0,0,0
1413,1415,14,2,false,晚上好。”,晚上|好,5,2,lpw_a9b1124b34|lpw_f867f34178,晚上|好,,lpw_f867f34178,lpw_f867f34178,2,0,1,1
1414,1416,14,2,false,说着他又点亮了路灯。,说|着|他|又|点亮|了|路灯,10,7,lpw_ccca744613|lpw_9e5bf0d2d9|lpw_8b7b91e000|lpw_e71ce5deab|lpw_b2dd27e84f|lpw_64f62e9803,说|着|他|又|了|路灯,lpw_ccca744613|lpw_9e5bf0d2d9|lpw_8b7b91e000|lpw_e71ce5deab|lpw_b2dd27e84f,lpw_ccca744613|lpw_9e5bf0d2d9|lpw_8b7b91e000|lpw_e71ce5deab|lpw_b2dd27e84f,lpw_ccca744613|lpw_9e5bf0d2d9|lpw_8b7b91e000|lpw_e71ce5deab|lpw_b2dd27e84f,6,5,5,5
1415,1417,14,2,false,“那你刚才为什么又点亮路灯呢?”,那|你|刚才|为什么|又|点亮|路灯|呢,16,8,lpw_5a2362a202|lpw_a0c7716669|lpw_1b919bb478|lpw_e71ce5deab|lpw_64f62e9803|lpw_02811cec0b,那|你|为什么|又|路灯|呢,lpw_5a2362a202|lpw_a0c7716669|lpw_e71ce5deab|lpw_02811cec0b,lpw_5a2362a202|lpw_a0c7716669|lpw_e71ce5deab|lpw_02811cec0b,lpw_5a2362a202|lpw_a0c7716669|lpw_e71ce5deab|lpw_02811cec0b,6,4,4,4
1416,1418,14,2,false,"“这是规定,”",这|是|规定,7,3,lpw_d409ab2ab3|lpw_b5141d3d19,这|是,lpw_d409ab2ab3|lpw_b5141d3d19,lpw_d409ab2ab3|lpw_b5141d3d19,lpw_d409ab2ab3|lpw_b5141d3d19,2,2,2,2
1417,1419,14,2,false,点灯人回答说。,点灯人|回答|说,7,3,lpw_dd18ed3fb2|lpw_f3f5126487|lpw_ccca744613,点灯人|回答|说,lpw_ccca744613,lpw_f3f5126487|lpw_ccca744613,lpw_f3f5126487|lpw_ccca744613,3,1,2,2
1418,1420,14,2,false,"“我弄不懂,”",我|弄|不懂,7,3,lpw_b70bb4acc0,我,lpw_b70bb4acc0,lpw_b70bb4acc0,lpw_b70bb4acc0,1,1,1,1
1419,1421,14,2,false,小王子说。,小王子|说,5,2,lpw_87f2a033cf|lpw_ccca744613,小王子|说,lpw_87f2a033cf|lpw_ccca744613,lpw_87f2a033cf|lpw_ccca744613,lpw_87f2a033cf|lpw_ccca744613,2,2,2,2
1420,1422,14,2,false,"“没什么要弄懂的,”",没什么|要|弄懂|的,10,4,lpw_975f35218e|lpw_8af2350cfd,要|的,lpw_8af2350cfd,lpw_975f35218e|lpw_8af2350cfd,lpw_975f35218e|lpw_8af2350cfd,2,1,2,2
1421,1423,14,2,false,"点灯人说,",点灯人|说,5,2,lpw_dd18ed3fb2|lpw_ccca744613,点灯人|说,lpw_ccca744613,lpw_ccca744613,lpw_ccca744613,2,1,1,1
1422,1424,14,2,false,“规定就是规定。,规定|就是|规定,8,3,lpw_88aa006eb3,就是,,lpw_88aa006eb3,lpw_88aa006eb3,1,0,1,1
1423,1425,14,2,false,早上好。”,早上|好,5,2,lpw_f867f34178,好,,lpw_f867f34178,lpw_f867f34178,1,0,1,1
1424,1426,14,2,false,说着他熄灭了路灯。,说|着|他|熄灭|了|路灯,9,6,lpw_ccca744613|lpw_9e5bf0d2d9|lpw_8b7b91e000|lpw_b2dd27e84f|lpw_64f62e9803,说|着|他|了|路灯,lpw_ccca744613|lpw_9e5bf0d2d9|lpw_8b7b91e000|lpw_b2dd27e84f,lpw_ccca744613|lpw_9e5bf0d2d9|lpw_8b7b91e000|lpw_b2dd27e84f,lpw_ccca744613|lpw_9e5bf0d2d9|lpw_8b7b91e000|lpw_b2dd27e84f,5,4,4,4
1425,1427,14,2,false,然后他用一块有红方格的手帕擦了擦额头。,然后|他用|一块|有|红|方|格|的|手帕|擦|了|擦|额头,19,13,lpw_ca4f5ee82e|lpw_90ce0f66f0|lpw_8af2350cfd|lpw_b2dd27e84f,然后|有|的|了,lpw_90ce0f66f0|lpw_8af2350cfd|lpw_b2dd27e84f,lpw_90ce0f66f0|lpw_8af2350cfd|lpw_b2dd27e84f,lpw_90ce0f66f0|lpw_8af2350cfd|lpw_b2dd27e84f,4,3,3,3
1426,1428,14,2,false,“我干的是件非常累人的差事。,我|干|的是|件|非常|累人|的|差|事,14,9,lpw_b70bb4acc0|lpw_9ee0280bc4|lpw_5e1dc2a833|lpw_2ccec3b419|lpw_8af2350cfd|lpw_1d9ed56951,我|干|的是|非常|的|事,lpw_b70bb4acc0|lpw_8af2350cfd,lpw_b70bb4acc0|lpw_8af2350cfd|lpw_1d9ed56951,lpw_b70bb4acc0|lpw_8af2350cfd|lpw_1d9ed56951,6,2,3,3
1427,1429,14,2,false,以前还说得过去。,以前|还|说得|过去,8,4,lpw_aa98317793|lpw_1bc709b8bf,以前|还,,,lpw_1bc709b8bf,2,0,0,1
1428,1430,14,2,false,"我早晨熄灯,",我|早晨|熄灯,6,3,lpw_b70bb4acc0,我,lpw_b70bb4acc0,lpw_b70bb4acc0,lpw_b70bb4acc0,1,1,1,1
1429,1431,14,2,false,晚上点灯。,晚上|点灯,5,2,lpw_a9b1124b34,晚上,,,,1,0,0,0
1430,1432,14,2,false,"白天我有时间休息,",白天|我有|时间|休息,9,4,lpw_59cbe38d1c|lpw_8b6ff49851,我有|时间,,,,2,0,0,0
1431,1433,14,2,false,夜里也有时间睡觉......”,夜里|也有|时间|睡觉,15,4,lpw_41f8d30e7f|lpw_8b6ff49851,夜里|时间,,,,2,0,0,0
1432,1434,14,2,false,"“那么,",那么,4,1,lpw_a61f02e145,那么,,,lpw_a61f02e145,1,0,0,1
1433,1435,14,2,false,后来规定改变了?”,后来|规定|改变|了,9,4,lpw_b2dd27e84f,了,lpw_b2dd27e84f,lpw_b2dd27e84f,lpw_b2dd27e84f,1,1,1,1
1434,1436,14,2,false,"“规定没有改变,”",规定|没有|改变,9,3,lpw_f127804b92,没有,,lpw_f127804b92,lpw_f127804b92,1,0,1,1
1435,1437,14,3,false,"点灯人说,",点灯人|说,5,2,lpw_dd18ed3fb2|lpw_ccca744613,点灯人|说,lpw_ccca744613,lpw_ccca744613,lpw_ccca744613,2,1,1,1
1436,1438,14,3,false,“惨就惨在这儿!,惨|就|惨|在|这儿,8,5,lpw_2f9d9872e5|lpw_12404a0b63|lpw_19a29e87c9,就|在|这儿,lpw_2f9d9872e5|lpw_12404a0b63,lpw_2f9d9872e5|lpw_12404a0b63|lpw_19a29e87c9,lpw_2f9d9872e5|lpw_12404a0b63|lpw_19a29e87c9,3,2,3,3
1437,1439,14,3,false,"这颗行星一年比一年转得快,",这|颗|行星|一年|比|一年|转|得|快,13,9,lpw_d409ab2ab3|lpw_09901d3de2|lpw_19956b104c|lpw_ab158a8483|lpw_9482d0359c|lpw_71b1ed1114,这|颗|行星|比|转|得,lpw_d409ab2ab3,lpw_d409ab2ab3|lpw_71b1ed1114,lpw_d409ab2ab3|lpw_71b1ed1114,6,1,2,2
1438,1440,14,3,false,可规定却没变!”,可|规定|却|没变,8,4,lpw_8b9cefa38e|lpw_da153c5b45,可|却,,lpw_8b9cefa38e,lpw_8b9cefa38e,2,0,1,1
1439,1441,14,3,false,“结果呢?”,结果|呢,6,2,lpw_02811cec0b,呢,lpw_02811cec0b,lpw_02811cec0b,lpw_02811cec0b,1,1,1,1
1440,1442,14,3,false,小王子说。,小王子|说,5,2,lpw_87f2a033cf|lpw_ccca744613,小王子|说,lpw_87f2a033cf|lpw_ccca744613,lpw_87f2a033cf|lpw_ccca744613,lpw_87f2a033cf|lpw_ccca744613,2,2,2,2
1441,1443,14,3,false,"“结果现在每分钟转一圈,",结果|现在|每|分钟|转|一圈,12,6,lpw_43584f37c1|lpw_bd957bc497|lpw_9482d0359c,现在|分钟|转,,,,3,0,0,0
1442,1444,14,3,false,我连一秒钟的休息时间都没有。,我|连|一秒钟|的|休息|时间|都没有,14,7,lpw_b70bb4acc0|lpw_8af2350cfd|lpw_8b6ff49851,我|的|时间,lpw_b70bb4acc0|lpw_8af2350cfd,lpw_b70bb4acc0|lpw_8af2350cfd,lpw_b70bb4acc0|lpw_8af2350cfd,3,2,2,2
1443,1445,14,3,false,"我每分钟就要点一次灯,",我|每|分钟|就要|点|一次|灯,11,7,lpw_b70bb4acc0|lpw_bd957bc497|lpw_08dddeac13,我|分钟|点,lpw_b70bb4acc0,lpw_b70bb4acc0,lpw_b70bb4acc0,3,1,1,1
1444,1446,14,3,false,熄一次灯!”,熄|一次|灯,6,3,,,,,,0,0,0,0
1445,1447,14,3,false,“这可真有趣!,这|可|真|有趣,7,4,lpw_d409ab2ab3|lpw_8b9cefa38e|lpw_827d018e1b,这|可|真,lpw_d409ab2ab3,lpw_d409ab2ab3|lpw_8b9cefa38e,lpw_d409ab2ab3|lpw_8b9cefa38e,3,1,2,2
1446,1448,14,3,false,你这儿一天只有一分钟!”,你|这儿|一天|只有|一|分钟,12,6,lpw_a0c7716669|lpw_19a29e87c9|lpw_5448481f38|lpw_ba8bd7c8c9|lpw_51a75f4634|lpw_bd957bc497,你|这儿|一天|只有|一|分钟,lpw_a0c7716669,lpw_a0c7716669|lpw_19a29e87c9|lpw_51a75f4634,lpw_a0c7716669|lpw_19a29e87c9|lpw_51a75f4634,6,1,3,3
1447,1449,14,3,false,"“一点也不有趣,”",一点|也不|有趣,9,3,lpw_148b16e603|lpw_941252022a,一点|也不,,,,2,0,0,0
1448,1450,14,3,false,"点灯人说,",点灯人|说,5,2,lpw_dd18ed3fb2|lpw_ccca744613,点灯人|说,lpw_ccca744613,lpw_ccca744613,lpw_ccca744613,2,1,1,1
1449,1451,14,3,false,"“我们说着话,",我们|说|着|话,7,4,lpw_bcacb40df8|lpw_ccca744613|lpw_9e5bf0d2d9|lpw_036f781126,我们|说|着|话,lpw_ccca744613|lpw_9e5bf0d2d9,lpw_ccca744613|lpw_9e5bf0d2d9,lpw_ccca744613|lpw_9e5bf0d2d9,4,2,2,2
1450,1452,14,3,false,就已经一个月过去了。”,就|已经|一个|月|过去|了,11,6,lpw_2f9d9872e5|lpw_8ee12e2310|lpw_e1dbc1c99f|lpw_b2dd27e84f,就|已经|一个|了,lpw_2f9d9872e5|lpw_e1dbc1c99f|lpw_b2dd27e84f,lpw_2f9d9872e5|lpw_e1dbc1c99f|lpw_b2dd27e84f,lpw_2f9d9872e5|lpw_e1dbc1c99f|lpw_b2dd27e84f,4,3,3,3
1451,1453,14,3,false,“一个月?”,一个|月,6,2,lpw_e1dbc1c99f,一个,lpw_e1dbc1c99f,lpw_e1dbc1c99f,lpw_e1dbc1c99f,1,1,1,1
1452,1454,14,3,false,“对。三十分钟。,对|三十|分钟,8,3,lpw_74570c7270|lpw_bd957bc497,对|分钟,lpw_74570c7270,lpw_74570c7270,lpw_74570c7270,2,1,1,1
1453,1455,14,3,false,三十天!晚上好。”,三十|天|晚上|好,9,4,lpw_49da61ceee|lpw_a9b1124b34|lpw_f867f34178,天|晚上|好,,lpw_f867f34178,lpw_49da61ceee|lpw_f867f34178,3,0,1,2
1454,1456,14,3,false,说着他点亮了路灯。,说|着|他|点亮|了|路灯,9,6,lpw_ccca744613|lpw_9e5bf0d2d9|lpw_8b7b91e000|lpw_b2dd27e84f|lpw_64f62e9803,说|着|他|了|路灯,lpw_ccca744613|lpw_9e5bf0d2d9|lpw_8b7b91e000|lpw_b2dd27e84f,lpw_ccca744613|lpw_9e5bf0d2d9|lpw_8b7b91e000|lpw_b2dd27e84f,lpw_ccca744613|lpw_9e5bf0d2d9|lpw_8b7b91e000|lpw_b2dd27e84f,5,4,4,4
1455,1457,14,3,false,"小王子瞧着他,",小王子|瞧|着|他,7,4,lpw_87f2a033cf|lpw_9e5bf0d2d9|lpw_8b7b91e000,小王子|着|他,lpw_87f2a033cf|lpw_9e5bf0d2d9|lpw_8b7b91e000,lpw_87f2a033cf|lpw_9e5bf0d2d9|lpw_8b7b91e000,lpw_87f2a033cf|lpw_9e5bf0d2d9|lpw_8b7b91e000,3,3,3,3
1456,1458,14,3,false,心里喜欢上了这个忠于职守的点灯人。,心里|喜欢|上了|这个|忠于|职|守|的|点灯人,17,9,lpw_653b04330b|lpw_979e2bc35b|lpw_8af2350cfd|lpw_dd18ed3fb2,喜欢|这个|的|点灯人,lpw_8af2350cfd,lpw_979e2bc35b|lpw_8af2350cfd,lpw_979e2bc35b|lpw_8af2350cfd,4,1,2,2
1457,1459,14,3,false,他想起了自己以前的挪椅子看日落。,他|想起|了|自己|以前|的|挪|椅子|看|日|落,16,11,lpw_8b7b91e000|lpw_b2dd27e84f|lpw_fb43354d2a|lpw_aa98317793|lpw_8af2350cfd|lpw_61f43315f9|lpw_85217f7aff|lpw_e9ce9aefa3,他|了|自己|以前|的|看|日|落,lpw_8b7b91e000|lpw_b2dd27e84f|lpw_8af2350cfd,lpw_8b7b91e000|lpw_b2dd27e84f|lpw_fb43354d2a|lpw_8af2350cfd,lpw_8b7b91e000|lpw_b2dd27e84f|lpw_fb43354d2a|lpw_8af2350cfd|lpw_61f43315f9,8,3,4,5
1458,1460,14,3,false,他挺想帮助这个朋友:,他|挺|想|帮助|这个|朋友,10,6,lpw_8b7b91e000|lpw_df0d251938|lpw_979e2bc35b|lpw_677aad1a0e,他|想|这个|朋友,lpw_8b7b91e000,lpw_8b7b91e000|lpw_979e2bc35b,lpw_8b7b91e000|lpw_df0d251938|lpw_979e2bc35b|lpw_677aad1a0e,4,1,2,4
1459,1461,14,3,false,“你知道......,你|知道,10,2,lpw_a0c7716669|lpw_d7b6472b11,你|知道,lpw_a0c7716669,lpw_a0c7716669|lpw_d7b6472b11,lpw_a0c7716669|lpw_d7b6472b11,2,1,2,2
1460,1462,14,3,false,"我有一个办法,",我有|一个|办法,7,3,lpw_59cbe38d1c|lpw_e1dbc1c99f,我有|一个,lpw_e1dbc1c99f,lpw_e1dbc1c99f,lpw_e1dbc1c99f,2,1,1,1
1461,1463,14,3,false,好让你想休息就能休息......”,好|让|你想|休息|就|能|休息,17,7,lpw_f867f34178|lpw_ad37574404|lpw_2f9d9872e5|lpw_413c06bcef,好|让|就|能,lpw_ad37574404|lpw_2f9d9872e5,lpw_f867f34178|lpw_ad37574404|lpw_2f9d9872e5,lpw_f867f34178|lpw_ad37574404|lpw_2f9d9872e5,4,2,3,3
1462,1464,14,3,false,"我干的是桩非常累人的差事“我一直想休息,”",我|干|的是|桩|非常|累人|的|差|事|我|一直|想|休息,21,13,lpw_b70bb4acc0|lpw_9ee0280bc4|lpw_5e1dc2a833|lpw_2ccec3b419|lpw_8af2350cfd|lpw_1d9ed56951|lpw_df0d251938,我|干|的是|非常|的|事|想,lpw_b70bb4acc0|lpw_8af2350cfd,lpw_b70bb4acc0|lpw_8af2350cfd|lpw_1d9ed56951,lpw_b70bb4acc0|lpw_8af2350cfd|lpw_1d9ed56951|lpw_df0d251938,7,2,3,4
1463,1465,14,3,false,点灯人说。,点灯人|说,5,2,lpw_dd18ed3fb2|lpw_ccca744613,点灯人|说,lpw_ccca744613,lpw_ccca744613,lpw_ccca744613,2,1,1,1
1464,1466,14,3,false,"因为,",因为,3,1,lpw_795cfc96d4,因为,,lpw_795cfc96d4,lpw_795cfc96d4,1,0,1,1
1465,1467,14,3,false,"一个人可以同时是忠于职守的,",一个|人|可以|同时|是|忠于|职|守|的,14,9,lpw_e1dbc1c99f|lpw_50f5d65d57|lpw_0ef5c86fab|lpw_b5141d3d19|lpw_8af2350cfd,一个|人|可以|是|的,lpw_e1dbc1c99f|lpw_50f5d65d57|lpw_b5141d3d19|lpw_8af2350cfd,lpw_e1dbc1c99f|lpw_50f5d65d57|lpw_b5141d3d19|lpw_8af2350cfd,lpw_e1dbc1c99f|lpw_50f5d65d57|lpw_0ef5c86fab|lpw_b5141d3d19|lpw_8af2350cfd,5,4,4,5
1466,1468,14,3,false,又是生性疏懒的。,又是|生|性|疏|懒|的,8,6,lpw_8af2350cfd,的,lpw_8af2350cfd,lpw_8af2350cfd,lpw_8af2350cfd,1,1,1,1
1467,1469,14,3,false,小王子接着说:,小王子|接着|说,7,3,lpw_87f2a033cf|lpw_58ed4c69fb|lpw_ccca744613,小王子|接着|说,lpw_87f2a033cf|lpw_ccca744613,lpw_87f2a033cf|lpw_ccca744613,lpw_87f2a033cf|lpw_ccca744613,3,2,2,2
1468,1470,14,3,false,"“你的星球小得很,",你|的|星球|小|得很,9,5,lpw_a0c7716669|lpw_8af2350cfd|lpw_62f2d6c1a1|lpw_6a7339bb75,你|的|星球|小,lpw_a0c7716669|lpw_8af2350cfd|lpw_62f2d6c1a1,lpw_a0c7716669|lpw_8af2350cfd|lpw_62f2d6c1a1|lpw_6a7339bb75,lpw_a0c7716669|lpw_8af2350cfd|lpw_62f2d6c1a1|lpw_6a7339bb75,4,3,4,4
1469,1471,14,3,false,你走三步就绕了一圈。,你|走|三步|就|绕|了|一圈,10,7,lpw_a0c7716669|lpw_f66de6c4cd|lpw_2f9d9872e5|lpw_b2dd27e84f,你|走|就|了,lpw_a0c7716669|lpw_2f9d9872e5|lpw_b2dd27e84f,lpw_a0c7716669|lpw_2f9d9872e5|lpw_b2dd27e84f,lpw_a0c7716669|lpw_2f9d9872e5|lpw_b2dd27e84f,4,3,3,3
1470,1472,14,3,false,"所以你只要走得慢一些,",所以|你|只要|走得慢|一些,11,5,lpw_a2f7e42081|lpw_a0c7716669,所以|你,lpw_a0c7716669,lpw_a0c7716669,lpw_a0c7716669,2,1,1,1
1471,1473,14,3,false,就可以一直待在阳光下。,就|可以|一直|待|在|阳光|下,11,7,lpw_2f9d9872e5|lpw_0ef5c86fab|lpw_12404a0b63|lpw_13c12b064b,就|可以|在|下,lpw_2f9d9872e5|lpw_12404a0b63,lpw_2f9d9872e5|lpw_12404a0b63,lpw_2f9d9872e5|lpw_0ef5c86fab|lpw_12404a0b63,4,2,2,3
1472,1474,14,3,false,"你要想休息了,",你要|想|休息|了,7,4,lpw_642b100e13|lpw_df0d251938|lpw_b2dd27e84f,你要|想|了,lpw_b2dd27e84f,lpw_b2dd27e84f,lpw_df0d251938|lpw_b2dd27e84f,3,1,1,2
1473,1475,14,3,false,就往前走......,就|往前走,10,2,lpw_2f9d9872e5,就,lpw_2f9d9872e5,lpw_2f9d9872e5,lpw_2f9d9872e5,1,1,1,1
1474,1476,14,3,false,"你要白天有多长,",你要|白天|有|多|长,8,5,lpw_642b100e13|lpw_90ce0f66f0|lpw_1940119f05|lpw_597ae23d84,你要|有|多|长,lpw_90ce0f66f0,lpw_90ce0f66f0,lpw_90ce0f66f0,4,1,1,1
1475,1477,14,3,false,它就有多长。”,它|就有|多|长,7,4,lpw_7e9260e925|lpw_1940119f05|lpw_597ae23d84,它|多|长,lpw_7e9260e925,lpw_7e9260e925,lpw_7e9260e925,3,1,1,1
1476,1478,14,3,false,"“这办法帮不了我多少忙,”",这|办法|帮|不了|我|多少|忙,13,7,lpw_d409ab2ab3|lpw_b70bb4acc0,这|我,lpw_d409ab2ab3|lpw_b70bb4acc0,lpw_d409ab2ab3|lpw_b70bb4acc0,lpw_d409ab2ab3|lpw_b70bb4acc0,2,2,2,2
1477,1479,14,3,false,"点灯人说,",点灯人|说,5,2,lpw_dd18ed3fb2|lpw_ccca744613,点灯人|说,lpw_ccca744613,lpw_ccca744613,lpw_ccca744613,2,1,1,1
1478,1480,14,3,false,"“我这人,",我|这|人,5,3,lpw_b70bb4acc0|lpw_d409ab2ab3|lpw_50f5d65d57,我|这|人,lpw_b70bb4acc0|lpw_d409ab2ab3|lpw_50f5d65d57,lpw_b70bb4acc0|lpw_d409ab2ab3|lpw_50f5d65d57,lpw_b70bb4acc0|lpw_d409ab2ab3|lpw_50f5d65d57,3,3,3,3
1479,1481,14,3,false,平生就喜欢睡觉。”,平生|就|喜欢|睡觉,9,4,lpw_2f9d9872e5|lpw_653b04330b,就|喜欢,lpw_2f9d9872e5,lpw_2f9d9872e5,lpw_2f9d9872e5,2,1,1,1
1480,1482,14,3,false,"“真不走运,”",真不|走运,7,2,,,,,,0,0,0,0
1481,1483,14,3,false,小王子说。,小王子|说,5,2,lpw_87f2a033cf|lpw_ccca744613,小王子|说,lpw_87f2a033cf|lpw_ccca744613,lpw_87f2a033cf|lpw_ccca744613,lpw_87f2a033cf|lpw_ccca744613,2,2,2,2
1482,1484,14,3,false,"“真不走运,”",真不|走运,7,2,,,,,,0,0,0,0
1483,1485,14,3,false,"点灯人说,",点灯人|说,5,2,lpw_dd18ed3fb2|lpw_ccca744613,点灯人|说,lpw_ccca744613,lpw_ccca744613,lpw_ccca744613,2,1,1,1
1484,1486,14,3,false,“早上好。”,早上|好,6,2,lpw_f867f34178,好,,lpw_f867f34178,lpw_f867f34178,1,0,1,1
1485,1487,14,3,false,说着他熄灭了路灯。,说|着|他|熄灭|了|路灯,9,6,lpw_ccca744613|lpw_9e5bf0d2d9|lpw_8b7b91e000|lpw_b2dd27e84f|lpw_64f62e9803,说|着|他|了|路灯,lpw_ccca744613|lpw_9e5bf0d2d9|lpw_8b7b91e000|lpw_b2dd27e84f,lpw_ccca744613|lpw_9e5bf0d2d9|lpw_8b7b91e000|lpw_b2dd27e84f,lpw_ccca744613|lpw_9e5bf0d2d9|lpw_8b7b91e000|lpw_b2dd27e84f,5,4,4,4
1486,1488,14,3,false,"“这个人呀,”",这个|人|呀,7,3,lpw_979e2bc35b|lpw_50f5d65d57|lpw_03fe6b38e7,这个|人|呀,lpw_50f5d65d57,lpw_979e2bc35b|lpw_50f5d65d57,lpw_979e2bc35b|lpw_50f5d65d57|lpw_03fe6b38e7,3,1,2,3
1487,1489,14,3,false,"小王子一边继续他的旅途,",小王子|一边|继续|他|的|旅途,12,6,lpw_87f2a033cf|lpw_8b7b91e000|lpw_8af2350cfd,小王子|他|的,lpw_87f2a033cf|lpw_8b7b91e000|lpw_8af2350cfd,lpw_87f2a033cf|lpw_8b7b91e000|lpw_8af2350cfd,lpw_87f2a033cf|lpw_8b7b91e000|lpw_8af2350cfd,3,3,3,3
1488,1490,14,3,false,"一边在想,",一边|在|想,5,3,lpw_12404a0b63|lpw_df0d251938,在|想,lpw_12404a0b63,lpw_12404a0b63,lpw_12404a0b63|lpw_df0d251938,2,1,1,2
1489,1491,14,3,false,"“国王也好,",国王|也好,6,2,lpw_38e917f021,国王,,,,1,0,0,0
1490,1492,14,3,false,"爱虚荣的人也好,",爱|虚荣的人|也好,8,3,lpw_bafe3b2ee7|lpw_577fd55103,爱|虚荣的人,,,,2,0,0,0
1491,1493,14,3,false,"酒鬼也好,商人也好,",酒鬼|也好|商人|也好,10,4,lpw_1c31582177|lpw_3f1784ce8b,酒鬼|商人,,,,2,0,0,0
1492,1494,14,3,false,他们都会瞧不起这个人。,他们|都会|瞧不起|这个|人,11,5,lpw_10518f8f0a|lpw_979e2bc35b|lpw_50f5d65d57,他们|这个|人,lpw_10518f8f0a|lpw_50f5d65d57,lpw_10518f8f0a|lpw_979e2bc35b|lpw_50f5d65d57,lpw_10518f8f0a|lpw_979e2bc35b|lpw_50f5d65d57,3,2,3,3
1493,1495,14,3,false,"可是,",可是,3,1,lpw_38ca4a9c76,可是,,lpw_38ca4a9c76,lpw_38ca4a9c76,1,0,1,1
1494,1496,14,3,false,就只有他没让我感到可笑。,就|只有|他|没|让|我|感到|可笑,12,8,lpw_2f9d9872e5|lpw_ba8bd7c8c9|lpw_8b7b91e000|lpw_279e8b3573|lpw_ad37574404|lpw_b70bb4acc0|lpw_15c2457566,就|只有|他|没|让|我|感到,lpw_2f9d9872e5|lpw_8b7b91e000|lpw_ad37574404|lpw_b70bb4acc0,lpw_2f9d9872e5|lpw_8b7b91e000|lpw_279e8b3573|lpw_ad37574404|lpw_b70bb4acc0,lpw_2f9d9872e5|lpw_8b7b91e000|lpw_279e8b3573|lpw_ad37574404|lpw_b70bb4acc0|lpw_15c2457566,7,4,5,6
1495,1497,14,3,false,"也许,",也许,3,1,,,,,,0,0,0,0
1496,1498,14,3,false,"这是因为他关心的是别的事情,",这|是|因为|他|关心|的是|别的|事情,14,8,lpw_d409ab2ab3|lpw_b5141d3d19|lpw_795cfc96d4|lpw_8b7b91e000|lpw_5e1dc2a833|lpw_3966c0d55d|lpw_e66d9fac19,这|是|因为|他|的是|别的|事情,lpw_d409ab2ab3|lpw_b5141d3d19|lpw_8b7b91e000,lpw_d409ab2ab3|lpw_b5141d3d19|lpw_795cfc96d4|lpw_8b7b91e000,lpw_d409ab2ab3|lpw_b5141d3d19|lpw_795cfc96d4|lpw_8b7b91e000,7,3,4,4
1497,1499,14,3,false,而不是自己。”,而不是|自己,7,2,lpw_fb43354d2a,自己,,lpw_fb43354d2a,lpw_fb43354d2a,1,0,1,1
1498,1500,14,3,false,"他惋惜地叹了口气,",他|惋惜|地|叹|了|口气,9,6,lpw_8b7b91e000|lpw_bdbd41e490|lpw_b2dd27e84f,他|地|了,lpw_8b7b91e000|lpw_bdbd41e490|lpw_b2dd27e84f,lpw_8b7b91e000|lpw_bdbd41e490|lpw_b2dd27e84f,lpw_8b7b91e000|lpw_bdbd41e490|lpw_b2dd27e84f,3,3,3,3
1499,1501,14,3,false,又自言自语:,又|自言自语,6,2,lpw_e71ce5deab,又,lpw_e71ce5deab,lpw_e71ce5deab,lpw_e71ce5deab,1,1,1,1
1500,1502,14,3,false,“只有这个人我可以跟他交朋友。,只有|这个|人|我|可以|跟|他|交|朋友,15,9,lpw_ba8bd7c8c9|lpw_979e2bc35b|lpw_50f5d65d57|lpw_b70bb4acc0|lpw_0ef5c86fab|lpw_383a53d95c|lpw_8b7b91e000|lpw_677aad1a0e,只有|这个|人|我|可以|跟|他|朋友,lpw_50f5d65d57|lpw_b70bb4acc0|lpw_8b7b91e000,lpw_979e2bc35b|lpw_50f5d65d57|lpw_b70bb4acc0|lpw_8b7b91e000,lpw_979e2bc35b|lpw_50f5d65d57|lpw_b70bb4acc0|lpw_0ef5c86fab|lpw_383a53d95c|lpw_8b7b91e000|lpw_677aad1a0e,8,3,4,7
1501,1503,14,3,false,可是他的星球实在太小了。,可是|他|的|星球|实在|太|小|了,12,8,lpw_38ca4a9c76|lpw_8b7b91e000|lpw_8af2350cfd|lpw_62f2d6c1a1|lpw_e7ace7adf2|lpw_6a7339bb75|lpw_b2dd27e84f,可是|他|的|星球|太|小|了,lpw_8b7b91e000|lpw_8af2350cfd|lpw_62f2d6c1a1|lpw_b2dd27e84f,lpw_38ca4a9c76|lpw_8b7b91e000|lpw_8af2350cfd|lpw_62f2d6c1a1|lpw_6a7339bb75|lpw_b2dd27e84f,lpw_38ca4a9c76|lpw_8b7b91e000|lpw_8af2350cfd|lpw_62f2d6c1a1|lpw_e7ace7adf2|lpw_6a7339bb75|lpw_b2dd27e84f,7,4,6,7
1502,1504,14,3,false,两个人挤不下......”,两|个人|挤|不|下,13,5,lpw_83385d2eda|lpw_b02dfe2160|lpw_13c12b064b,两|不|下,,lpw_b02dfe2160,lpw_b02dfe2160,3,0,1,1
1503,1505,14,3,false,"小王子不敢承认的是,",小王子|不敢|承认|的是,10,4,lpw_87f2a033cf|lpw_5e1dc2a833,小王子|的是,lpw_87f2a033cf,lpw_87f2a033cf,lpw_87f2a033cf,2,1,1,1
1504,1506,14,3,false,"他留恋这颗受上苍眷顾的星球,",他|留恋|这|颗|受|上|苍|眷顾|的|星球,14,10,lpw_8b7b91e000|lpw_d409ab2ab3|lpw_09901d3de2|lpw_db5ba671d2|lpw_8af2350cfd|lpw_62f2d6c1a1,他|这|颗|上|的|星球,lpw_8b7b91e000|lpw_d409ab2ab3|lpw_db5ba671d2|lpw_8af2350cfd|lpw_62f2d6c1a1,lpw_8b7b91e000|lpw_d409ab2ab3|lpw_db5ba671d2|lpw_8af2350cfd|lpw_62f2d6c1a1,lpw_8b7b91e000|lpw_d409ab2ab3|lpw_db5ba671d2|lpw_8af2350cfd|lpw_62f2d6c1a1,6,5,5,5
1505,1507,14,3,false,是因为每二十四小时就有一千四百四十次日落!,是|因为|每|二十四|小时|就有|一千|四百|四十|次|日|落,21,12,lpw_b5141d3d19|lpw_795cfc96d4|lpw_85217f7aff|lpw_e9ce9aefa3,是|因为|日|落,lpw_b5141d3d19,lpw_b5141d3d19|lpw_795cfc96d4,lpw_b5141d3d19|lpw_795cfc96d4,4,1,2,2
1506,1508,15,3,true,15,,2,0,,,,,,0,0,0,0
1507,1509,15,3,false,第六颗行星是一颗大十倍的行星。,第|六颗|行星|是|一颗|大|十倍|的|行星,15,9,lpw_19956b104c|lpw_b5141d3d19|lpw_9a18d5dc38|lpw_7d4ca7f48e|lpw_8af2350cfd,行星|是|一颗|大|的,lpw_b5141d3d19|lpw_8af2350cfd,lpw_b5141d3d19|lpw_8af2350cfd,lpw_b5141d3d19|lpw_8af2350cfd,5,2,2,2
1508,1510,15,3,false,"上面住着一个老先生,",上面|住|着|一个|老先生,10,5,lpw_cbba0a98ab|lpw_9e5bf0d2d9|lpw_e1dbc1c99f,住|着|一个,lpw_9e5bf0d2d9|lpw_e1dbc1c99f,lpw_9e5bf0d2d9|lpw_e1dbc1c99f,lpw_9e5bf0d2d9|lpw_e1dbc1c99f,3,2,2,2
1509,1511,15,3,false,他在写一本本大部头的著作。,他在|写|一本|本|大部|头|的|著作,13,8,lpw_8af2350cfd,的,lpw_8af2350cfd,lpw_8af2350cfd,lpw_8af2350cfd,1,1,1,1
1510,1512,15,3,false,“瞧!,瞧,3,1,,,,,,0,0,0,0
1511,1513,15,3,false,来了一位探险家!”,来|了|一位|探险|家,9,5,lpw_6d8229118c|lpw_b2dd27e84f|lpw_e8635424ab|lpw_c8ae97be80,来|了|探险|家,lpw_6d8229118c|lpw_b2dd27e84f,lpw_6d8229118c|lpw_b2dd27e84f,lpw_6d8229118c|lpw_b2dd27e84f,4,2,2,2
1512,1514,15,3,false,"他一看见小王子,",他|一|看见|小王子,8,4,lpw_8b7b91e000|lpw_51a75f4634|lpw_7205426737|lpw_87f2a033cf,他|一|看见|小王子,lpw_8b7b91e000|lpw_87f2a033cf,lpw_8b7b91e000|lpw_51a75f4634|lpw_87f2a033cf,lpw_8b7b91e000|lpw_51a75f4634|lpw_7205426737|lpw_87f2a033cf,4,2,3,4
1513,1515,15,3,false,就喊道。,就|喊|道,4,3,lpw_2f9d9872e5|lpw_00a9d5bd97,就|道,lpw_2f9d9872e5,lpw_2f9d9872e5,lpw_2f9d9872e5,2,1,1,1
1514,1516,15,3,false,"小王子坐在桌边,",小王子|坐在|桌|边,8,4,lpw_87f2a033cf,小王子,lpw_87f2a033cf,lpw_87f2a033cf,lpw_87f2a033cf,1,1,1,1
1515,1517,15,3,false,喘了喘气。,喘|了|喘气,5,3,lpw_b2dd27e84f,了,lpw_b2dd27e84f,lpw_b2dd27e84f,lpw_b2dd27e84f,1,1,1,1
1516,1518,15,3,false,他刚走了那么多路!,他|刚|走了|那么|多|路,9,6,lpw_8b7b91e000|lpw_25eba59465|lpw_a61f02e145|lpw_1940119f05,他|走了|那么|多,lpw_8b7b91e000,lpw_8b7b91e000,lpw_8b7b91e000|lpw_a61f02e145,4,1,1,2
1517,1519,15,3,false,“你从哪儿来啊?”,你|从|哪儿|来|啊,9,5,lpw_a0c7716669|lpw_2719a8ea30|lpw_1ca2298198|lpw_6d8229118c|lpw_7c2c50fbaf,你|从|哪儿|来|啊,lpw_a0c7716669|lpw_6d8229118c,lpw_a0c7716669|lpw_6d8229118c,lpw_a0c7716669|lpw_2719a8ea30|lpw_6d8229118c,5,2,2,3
1518,1520,15,3,false,老先生问他。,老先生|问|他,6,3,lpw_4628c0e06f|lpw_8b7b91e000,问|他,lpw_8b7b91e000,lpw_4628c0e06f|lpw_8b7b91e000,lpw_4628c0e06f|lpw_8b7b91e000,2,1,2,2
1519,1521,15,3,false,“这一大本是什么书?”,这|一大|本|是|什么|书,11,6,lpw_d409ab2ab3|lpw_b5141d3d19|lpw_c1b52e0e64|lpw_1be968f125,这|是|什么|书,lpw_d409ab2ab3|lpw_b5141d3d19|lpw_c1b52e0e64,lpw_d409ab2ab3|lpw_b5141d3d19|lpw_c1b52e0e64,lpw_d409ab2ab3|lpw_b5141d3d19|lpw_c1b52e0e64,4,3,3,3
1520,1522,15,3,false,"小王子说,",小王子|说,5,2,lpw_87f2a033cf|lpw_ccca744613,小王子|说,lpw_87f2a033cf|lpw_ccca744613,lpw_87f2a033cf|lpw_ccca744613,lpw_87f2a033cf|lpw_ccca744613,2,2,2,2
1521,1523,15,3,false,“您在这儿干什么呢?”,您|在|这儿|干什么|呢,11,5,lpw_9bbfbbc76f|lpw_12404a0b63|lpw_19a29e87c9|lpw_02811cec0b,您|在|这儿|呢,lpw_12404a0b63|lpw_02811cec0b,lpw_12404a0b63|lpw_19a29e87c9|lpw_02811cec0b,lpw_12404a0b63|lpw_19a29e87c9|lpw_02811cec0b,4,2,3,3
1522,1524,15,3,false,"“我是地理学家,”",我是|地理学家,9,2,lpw_06ba27715e|lpw_443053caf3,我是|地理学家,,,,2,0,0,0
1523,1525,15,3,false,老先生说。,老先生|说,5,2,lpw_ccca744613,说,lpw_ccca744613,lpw_ccca744613,lpw_ccca744613,1,1,1,1
1524,1526,15,3,false,“什么叫地理学家?”,什么|叫|地理学家,10,3,lpw_c1b52e0e64|lpw_443053caf3,什么|地理学家,lpw_c1b52e0e64,lpw_c1b52e0e64,lpw_c1b52e0e64,2,1,1,1
1525,1527,15,3,false,"“地理学家是个学者,",地理学家|是|个|学者,10,4,lpw_443053caf3|lpw_b5141d3d19|lpw_3a116815bc,地理学家|是|个,lpw_b5141d3d19,lpw_b5141d3d19|lpw_3a116815bc,lpw_b5141d3d19|lpw_3a116815bc,3,1,2,2
1526,1528,15,3,false,"他知道哪儿有海洋,",他|知道|哪儿|有|海洋,9,5,lpw_8b7b91e000|lpw_d7b6472b11|lpw_1ca2298198|lpw_90ce0f66f0,他|知道|哪儿|有,lpw_8b7b91e000|lpw_90ce0f66f0,lpw_8b7b91e000|lpw_d7b6472b11|lpw_90ce0f66f0,lpw_8b7b91e000|lpw_d7b6472b11|lpw_90ce0f66f0,4,2,3,3
1527,1529,15,3,false,"有河流,有城市,",有|河流|有|城市,8,4,lpw_90ce0f66f0,有,lpw_90ce0f66f0,lpw_90ce0f66f0,lpw_90ce0f66f0,1,1,1,1
1528,1530,15,3,false,有山脉和沙漠。”,有|山脉|和|沙漠,8,4,lpw_90ce0f66f0|lpw_3d7114281f|lpw_4fbf406572,有|和|沙漠,lpw_90ce0f66f0,lpw_90ce0f66f0|lpw_3d7114281f,lpw_90ce0f66f0|lpw_3d7114281f|lpw_4fbf406572,3,1,2,3
1529,1531,15,3,false,"“这挺有趣,”",这|挺|有趣,7,3,lpw_d409ab2ab3,这,lpw_d409ab2ab3,lpw_d409ab2ab3,lpw_d409ab2ab3,1,1,1,1
1530,1532,15,3,false,"小王子说,",小王子|说,5,2,lpw_87f2a033cf|lpw_ccca744613,小王子|说,lpw_87f2a033cf|lpw_ccca744613,lpw_87f2a033cf|lpw_ccca744613,lpw_87f2a033cf|lpw_ccca744613,2,2,2,2
1531,1533,15,3,false,"“啊,",啊,3,1,lpw_7c2c50fbaf,啊,,,,1,0,0,0
1532,1534,15,3,false,这才是真正的职业!”,这|才是|真正|的|职业,10,5,lpw_d409ab2ab3|lpw_8af2350cfd,这|的,lpw_d409ab2ab3|lpw_8af2350cfd,lpw_d409ab2ab3|lpw_8af2350cfd,lpw_d409ab2ab3|lpw_8af2350cfd,2,2,2,2
1533,1535,15,3,false,说着他朝地理学家的星球四周望了一眼。,说|着|他|朝|地理学家|的|星球|四周|望|了|一眼,18,11,lpw_ccca744613|lpw_9e5bf0d2d9|lpw_8b7b91e000|lpw_443053caf3|lpw_8af2350cfd|lpw_62f2d6c1a1|lpw_260bd80462|lpw_b2dd27e84f,说|着|他|地理学家|的|星球|望|了,lpw_ccca744613|lpw_9e5bf0d2d9|lpw_8b7b91e000|lpw_8af2350cfd|lpw_62f2d6c1a1|lpw_b2dd27e84f,lpw_ccca744613|lpw_9e5bf0d2d9|lpw_8b7b91e000|lpw_8af2350cfd|lpw_62f2d6c1a1|lpw_b2dd27e84f,lpw_ccca744613|lpw_9e5bf0d2d9|lpw_8b7b91e000|lpw_8af2350cfd|lpw_62f2d6c1a1|lpw_b2dd27e84f,8,6,6,6
1534,1536,15,3,false,他还从没见过这么雄伟壮丽的星球哩。,他|还从|没|见过|这么|雄伟|壮丽|的|星球|哩,17,10,lpw_8b7b91e000|lpw_279e8b3573|lpw_7677ca84c6|lpw_8af2350cfd|lpw_62f2d6c1a1,他|没|这么|的|星球,lpw_8b7b91e000|lpw_8af2350cfd|lpw_62f2d6c1a1,lpw_8b7b91e000|lpw_279e8b3573|lpw_8af2350cfd|lpw_62f2d6c1a1,lpw_8b7b91e000|lpw_279e8b3573|lpw_7677ca84c6|lpw_8af2350cfd|lpw_62f2d6c1a1,5,3,4,5
1535,1537,15,3,false,“您的星球真美。,您|的|星球|真美,8,4,lpw_9bbfbbc76f|lpw_8af2350cfd|lpw_62f2d6c1a1,您|的|星球,lpw_8af2350cfd|lpw_62f2d6c1a1,lpw_8af2350cfd|lpw_62f2d6c1a1,lpw_8af2350cfd|lpw_62f2d6c1a1,3,2,2,2
1536,1538,15,3,false,它有海洋吗?”,它|有|海洋|吗,7,4,lpw_7e9260e925|lpw_90ce0f66f0|lpw_5ac1612110,它|有|吗,lpw_7e9260e925|lpw_90ce0f66f0,lpw_7e9260e925|lpw_90ce0f66f0,lpw_7e9260e925|lpw_90ce0f66f0|lpw_5ac1612110,3,2,2,3
1537,1539,15,3,false,"“这我没法知道,”",这|我|没法|知道,9,4,lpw_d409ab2ab3|lpw_b70bb4acc0|lpw_d7b6472b11,这|我|知道,lpw_d409ab2ab3|lpw_b70bb4acc0,lpw_d409ab2ab3|lpw_b70bb4acc0|lpw_d7b6472b11,lpw_d409ab2ab3|lpw_b70bb4acc0|lpw_d7b6472b11,3,2,3,3
1538,1540,15,3,false,地理学家说。,地理学家|说,6,2,lpw_443053caf3|lpw_ccca744613,地理学家|说,lpw_ccca744613,lpw_ccca744613,lpw_ccca744613,2,1,1,1
1539,1541,15,3,false,“哦!”,哦,4,1,,,,,,0,0,0,0
1540,1542,15,3,false,小王子有点失望。,小王子|有点|失望,8,3,lpw_87f2a033cf|lpw_29506aa712,小王子|有点,lpw_87f2a033cf,lpw_87f2a033cf,lpw_87f2a033cf|lpw_29506aa712,2,1,1,2
1541,1543,15,3,false,“那么山脉呢?”,那么|山脉|呢,8,3,lpw_a61f02e145|lpw_02811cec0b,那么|呢,lpw_02811cec0b,lpw_02811cec0b,lpw_a61f02e145|lpw_02811cec0b,2,1,1,2
1542,1544,15,3,false,"“这我没法知道,”",这|我|没法|知道,9,4,lpw_d409ab2ab3|lpw_b70bb4acc0|lpw_d7b6472b11,这|我|知道,lpw_d409ab2ab3|lpw_b70bb4acc0,lpw_d409ab2ab3|lpw_b70bb4acc0|lpw_d7b6472b11,lpw_d409ab2ab3|lpw_b70bb4acc0|lpw_d7b6472b11,3,2,3,3
1543,1545,15,3,false,地理学家说。,地理学家|说,6,2,lpw_443053caf3|lpw_ccca744613,地理学家|说,lpw_ccca744613,lpw_ccca744613,lpw_ccca744613,2,1,1,1
1544,1546,15,3,false,“城市、河流和沙漠呢?”,城市|河流|和|沙漠|呢,12,5,lpw_3d7114281f|lpw_4fbf406572|lpw_02811cec0b,和|沙漠|呢,lpw_02811cec0b,lpw_3d7114281f|lpw_02811cec0b,lpw_3d7114281f|lpw_4fbf406572|lpw_02811cec0b,3,1,2,3
1545,1547,15,3,false,"“这我也没法知道,”",这|我也没|法|知道,10,4,lpw_d409ab2ab3|lpw_d7b6472b11,这|知道,lpw_d409ab2ab3,lpw_d409ab2ab3|lpw_d7b6472b11,lpw_d409ab2ab3|lpw_d7b6472b11,2,1,2,2
1546,1548,15,3,false,地理学家说。,地理学家|说,6,2,lpw_443053caf3|lpw_ccca744613,地理学家|说,lpw_ccca744613,lpw_ccca744613,lpw_ccca744613,2,1,1,1
1547,1549,15,3,false,“可您是地理学家呀!”,可|您|是|地理学家|呀,11,5,lpw_8b9cefa38e|lpw_9bbfbbc76f|lpw_b5141d3d19|lpw_443053caf3|lpw_03fe6b38e7,可|您|是|地理学家|呀,lpw_b5141d3d19,lpw_8b9cefa38e|lpw_b5141d3d19,lpw_8b9cefa38e|lpw_b5141d3d19|lpw_03fe6b38e7,5,1,2,3
1548,1550,15,3,false,"“一点不错,”",一点|不错,7,2,lpw_148b16e603,一点,,,,1,0,0,0
1549,1551,15,3,false,"地理学家说,",地理学家|说,6,2,lpw_443053caf3|lpw_ccca744613,地理学家|说,lpw_ccca744613,lpw_ccca744613,lpw_ccca744613,2,1,1,1
1550,1552,15,3,false,“但我不是探险家。,但|我不是|探险|家,9,4,lpw_1f863793c6|lpw_e8635424ab|lpw_c8ae97be80,但|探险|家,,,,3,0,0,0
1551,1553,15,3,false,我这里一个探险家也没有。,我|这里|一个|探险|家|也没有,12,6,lpw_b70bb4acc0|lpw_e1dbc1c99f|lpw_e8635424ab|lpw_c8ae97be80,我|一个|探险|家,lpw_b70bb4acc0|lpw_e1dbc1c99f,lpw_b70bb4acc0|lpw_e1dbc1c99f,lpw_b70bb4acc0|lpw_e1dbc1c99f,4,2,2,2
1552,1554,15,3,false,地理学家是不出去探测城,地理学家|是|不出去|探测|城,11,5,lpw_443053caf3|lpw_b5141d3d19,地理学家|是,lpw_b5141d3d19,lpw_b5141d3d19,lpw_b5141d3d19,2,1,1,1
1553,1555,15,3,false,市、河流、山脉、海洋和沙漠的。,市|河流|山脉|海洋|和|沙漠|的,15,7,lpw_3d7114281f|lpw_4fbf406572|lpw_8af2350cfd,和|沙漠|的,lpw_8af2350cfd,lpw_3d7114281f|lpw_8af2350cfd,lpw_3d7114281f|lpw_4fbf406572|lpw_8af2350cfd,3,1,2,3
1554,1556,15,3,false,"地理学家非常重要,",地理学家|非常|重要,9,3,lpw_443053caf3|lpw_2ccec3b419|lpw_a8cd9642aa,地理学家|非常|重要,,,,3,0,0,0
1555,1557,15,3,false,他不能到处闲逛。,他|不能|到处|闲|逛,8,5,lpw_8b7b91e000,他,lpw_8b7b91e000,lpw_8b7b91e000,lpw_8b7b91e000,1,1,1,1
1556,1558,15,3,false,他从不离开自己的书房。,他|从不|离开|自己|的|书房,11,6,lpw_8b7b91e000|lpw_fb43354d2a|lpw_8af2350cfd,他|自己|的,lpw_8b7b91e000|lpw_8af2350cfd,lpw_8b7b91e000|lpw_fb43354d2a|lpw_8af2350cfd,lpw_8b7b91e000|lpw_fb43354d2a|lpw_8af2350cfd,3,2,3,3
1557,1559,15,3,false,不过他会在那里接见探险家。,不过|他|会|在|那里|接见|探险|家,13,8,lpw_72113362c6|lpw_8b7b91e000|lpw_5ba1e3c0eb|lpw_12404a0b63|lpw_e8635424ab|lpw_c8ae97be80,不过|他|会|在|探险|家,lpw_8b7b91e000|lpw_5ba1e3c0eb|lpw_12404a0b63,lpw_8b7b91e000|lpw_5ba1e3c0eb|lpw_12404a0b63,lpw_72113362c6|lpw_8b7b91e000|lpw_5ba1e3c0eb|lpw_12404a0b63,6,3,3,4
1558,1560,15,3,false,"他向他们提问,",他|向|他们|提问,7,4,lpw_8b7b91e000|lpw_a2f77db0e9|lpw_10518f8f0a,他|向|他们,lpw_8b7b91e000|lpw_10518f8f0a,lpw_8b7b91e000|lpw_10518f8f0a,lpw_8b7b91e000|lpw_10518f8f0a,3,2,2,2
1559,1561,15,3,false,把他们的旅行回忆记下来。,把|他们|的|旅行|回忆|记下来,12,6,lpw_2442748e41|lpw_10518f8f0a|lpw_8af2350cfd,把|他们|的,lpw_10518f8f0a|lpw_8af2350cfd,lpw_2442748e41|lpw_10518f8f0a|lpw_8af2350cfd,lpw_2442748e41|lpw_10518f8f0a|lpw_8af2350cfd,3,2,3,3
1560,1562,15,3,false,"要是他觉得他们中间哪个人的回忆有意思,",要是|他|觉得|他们|中间|哪个|人的|回忆|有意思,19,9,lpw_467b2562ed|lpw_8b7b91e000|lpw_78c82d9f41|lpw_10518f8f0a,要是|他|觉得|他们,lpw_8b7b91e000|lpw_10518f8f0a,lpw_8b7b91e000|lpw_10518f8f0a,lpw_467b2562ed|lpw_8b7b91e000|lpw_78c82d9f41|lpw_10518f8f0a,4,2,2,4
1561,1563,15,3,false,他就会让人对这个探险家的品行作一番调查。”,他|就|会|让|人|对|这个|探险|家|的|品行|作|一番|调查,21,14,lpw_8b7b91e000|lpw_2f9d9872e5|lpw_5ba1e3c0eb|lpw_ad37574404|lpw_50f5d65d57|lpw_74570c7270|lpw_979e2bc35b|lpw_e8635424ab|lpw_c8ae97be80|lpw_8af2350cfd|lpw_7ff9df9923,他|就|会|让|人|对|这个|探险|家|的|作,lpw_8b7b91e000|lpw_2f9d9872e5|lpw_5ba1e3c0eb|lpw_ad37574404|lpw_50f5d65d57|lpw_74570c7270|lpw_8af2350cfd,lpw_8b7b91e000|lpw_2f9d9872e5|lpw_5ba1e3c0eb|lpw_ad37574404|lpw_50f5d65d57|lpw_74570c7270|lpw_979e2bc35b|lpw_8af2350cfd,lpw_8b7b91e000|lpw_2f9d9872e5|lpw_5ba1e3c0eb|lpw_ad37574404|lpw_50f5d65d57|lpw_74570c7270|lpw_979e2bc35b|lpw_8af2350cfd,11,7,8,8
1562,1564,15,3,false,“这是为什么?”,这|是|为什么,8,3,lpw_d409ab2ab3|lpw_b5141d3d19|lpw_1b919bb478,这|是|为什么,lpw_d409ab2ab3|lpw_b5141d3d19,lpw_d409ab2ab3|lpw_b5141d3d19,lpw_d409ab2ab3|lpw_b5141d3d19,3,2,2,2
1563,1565,15,3,false,“因为一个说谎的探险家,因为|一个|说谎|的|探险|家,11,6,lpw_795cfc96d4|lpw_e1dbc1c99f|lpw_8af2350cfd|lpw_e8635424ab|lpw_c8ae97be80,因为|一个|的|探险|家,lpw_e1dbc1c99f|lpw_8af2350cfd,lpw_795cfc96d4|lpw_e1dbc1c99f|lpw_8af2350cfd,lpw_795cfc96d4|lpw_e1dbc1c99f|lpw_8af2350cfd,5,2,3,3
1564,1566,15,3,false,会给地理书带来灾难性的后果。,会|给|地理|书|带来|灾难|性的|后果,14,8,lpw_5ba1e3c0eb|lpw_6e55fb9d8a|lpw_1be968f125,会|给|书,lpw_5ba1e3c0eb|lpw_6e55fb9d8a,lpw_5ba1e3c0eb|lpw_6e55fb9d8a,lpw_5ba1e3c0eb|lpw_6e55fb9d8a,3,2,2,2
1565,1567,15,3,false,一个贪杯的探险家也是如此。”,一个|贪杯|的|探险|家|也是|如此,14,7,lpw_e1dbc1c99f|lpw_8af2350cfd|lpw_e8635424ab|lpw_c8ae97be80|lpw_256c0476ed,一个|的|探险|家|也是,lpw_e1dbc1c99f|lpw_8af2350cfd,lpw_e1dbc1c99f|lpw_8af2350cfd,lpw_e1dbc1c99f|lpw_8af2350cfd,5,2,2,2
1566,1568,15,3,false,“这是为什么?”,这|是|为什么,8,3,lpw_d409ab2ab3|lpw_b5141d3d19|lpw_1b919bb478,这|是|为什么,lpw_d409ab2ab3|lpw_b5141d3d19,lpw_d409ab2ab3|lpw_b5141d3d19,lpw_d409ab2ab3|lpw_b5141d3d19,3,2,2,2
1567,1569,15,3,false,小王子问。,小王子|问,5,2,lpw_87f2a033cf|lpw_4628c0e06f,小王子|问,lpw_87f2a033cf,lpw_87f2a033cf|lpw_4628c0e06f,lpw_87f2a033cf|lpw_4628c0e06f,2,1,2,2
1568,1570,15,3,false,“因为酒鬼会把一样东西看成两样东西。,因为|酒鬼|会|把|一样|东西|看成|两|样|东西,18,10,lpw_795cfc96d4|lpw_1c31582177|lpw_5ba1e3c0eb|lpw_2442748e41|lpw_9dc5c0158d|lpw_b181350186|lpw_83385d2eda,因为|酒鬼|会|把|一样|东西|两,lpw_5ba1e3c0eb,lpw_795cfc96d4|lpw_5ba1e3c0eb|lpw_2442748e41,lpw_795cfc96d4|lpw_5ba1e3c0eb|lpw_2442748e41|lpw_9dc5c0158d|lpw_b181350186,7,1,3,5
1569,1571,15,3,false,"这样一来,",这样|一|来,5,3,lpw_b7fc681861|lpw_51a75f4634|lpw_6d8229118c,这样|一|来,lpw_6d8229118c,lpw_b7fc681861|lpw_51a75f4634|lpw_6d8229118c,lpw_b7fc681861|lpw_51a75f4634|lpw_6d8229118c,3,1,3,3
1570,1572,15,3,false,地理学家就会把明明只有一,地理学家|就|会|把|明明|只有|一,12,7,lpw_443053caf3|lpw_2f9d9872e5|lpw_5ba1e3c0eb|lpw_2442748e41|lpw_ba8bd7c8c9|lpw_51a75f4634,地理学家|就|会|把|只有|一,lpw_2f9d9872e5|lpw_5ba1e3c0eb,lpw_2f9d9872e5|lpw_5ba1e3c0eb|lpw_2442748e41|lpw_51a75f4634,lpw_2f9d9872e5|lpw_5ba1e3c0eb|lpw_2442748e41|lpw_51a75f4634,6,2,4,4
1571,1573,15,3,false,座山的地方写成有两座山了。”,座|山|的|地方|写成|有|两|座|山|了,14,10,lpw_001d9c64f7|lpw_8af2350cfd|lpw_1462a7d853|lpw_90ce0f66f0|lpw_83385d2eda|lpw_b2dd27e84f,座|的|地方|有|两|了,lpw_8af2350cfd|lpw_90ce0f66f0|lpw_b2dd27e84f,lpw_8af2350cfd|lpw_90ce0f66f0|lpw_b2dd27e84f,lpw_8af2350cfd|lpw_1462a7d853|lpw_90ce0f66f0|lpw_b2dd27e84f,6,3,3,4
1572,1574,15,3,false,"“我认识一个人,”",我|认识|一个|人,9,4,lpw_b70bb4acc0|lpw_e1dbc1c99f|lpw_50f5d65d57,我|一个|人,lpw_b70bb4acc0|lpw_e1dbc1c99f|lpw_50f5d65d57,lpw_b70bb4acc0|lpw_e1dbc1c99f|lpw_50f5d65d57,lpw_b70bb4acc0|lpw_e1dbc1c99f|lpw_50f5d65d57,3,3,3,3
1573,1575,15,3,false,"小王子说,",小王子|说,5,2,lpw_87f2a033cf|lpw_ccca744613,小王子|说,lpw_87f2a033cf|lpw_ccca744613,lpw_87f2a033cf|lpw_ccca744613,lpw_87f2a033cf|lpw_ccca744613,2,2,2,2
1574,1576,15,3,false,“他当探险家就不行。”,他|当|探险|家|就不|行,11,6,lpw_8b7b91e000|lpw_142d843e71|lpw_e8635424ab|lpw_c8ae97be80,他|当|探险|家,lpw_8b7b91e000,lpw_8b7b91e000,lpw_8b7b91e000,4,1,1,1
1575,1577,15,3,false,"“这有可能。所以,",这|有|可能|所以,9,4,lpw_d409ab2ab3|lpw_90ce0f66f0|lpw_a2f7e42081,这|有|所以,lpw_d409ab2ab3|lpw_90ce0f66f0,lpw_d409ab2ab3|lpw_90ce0f66f0,lpw_d409ab2ab3|lpw_90ce0f66f0,3,2,2,2
1576,1578,15,3,false,"要等到了解探险家品行良好以后,",要|等到|了解|探险|家|品行|良好|以后,15,8,lpw_975f35218e|lpw_e8635424ab|lpw_c8ae97be80|lpw_e6ad7a1dbc,要|探险|家|以后,,lpw_975f35218e,lpw_975f35218e,4,0,1,1
1577,1579,15,3,false,才对他的发现进行调查。”,才对|他|的|发现|进行|调查,12,6,lpw_8b7b91e000|lpw_8af2350cfd|lpw_10493d06b9,他|的|发现,lpw_8b7b91e000|lpw_8af2350cfd,lpw_8b7b91e000|lpw_8af2350cfd,lpw_8b7b91e000|lpw_8af2350cfd,3,2,2,2
1578,1580,15,3,false,“去看一下?”,去|看一下,7,2,lpw_99ae21ea6c,去,,lpw_99ae21ea6c,lpw_99ae21ea6c,1,0,1,1
1579,1581,15,3,false,“不。这太复杂了。,不|这|太|复杂|了,9,5,lpw_b02dfe2160|lpw_d409ab2ab3|lpw_e7ace7adf2|lpw_b2dd27e84f,不|这|太|了,lpw_d409ab2ab3|lpw_b2dd27e84f,lpw_b02dfe2160|lpw_d409ab2ab3|lpw_b2dd27e84f,lpw_b02dfe2160|lpw_d409ab2ab3|lpw_e7ace7adf2|lpw_b2dd27e84f,4,2,3,4
1580,1582,15,3,false,地理学家只要求探险家提供物证。,地理学家|只|要求|探险|家|提供|物|证,15,8,lpw_443053caf3|lpw_409e2c3882|lpw_e8635424ab|lpw_c8ae97be80,地理学家|只|探险|家,,lpw_409e2c3882,lpw_409e2c3882,4,0,1,1
1581,1583,15,3,false,"比如说,",比如|说,4,2,lpw_ccca744613,说,lpw_ccca744613,lpw_ccca744613,lpw_ccca744613,1,1,1,1
1582,1584,15,3,false,"他发现了一座大山,",他|发现|了|一座|大山,9,5,lpw_8b7b91e000|lpw_10493d06b9|lpw_b2dd27e84f|lpw_e2d5460909,他|发现|了|一座,lpw_8b7b91e000|lpw_b2dd27e84f,lpw_8b7b91e000|lpw_b2dd27e84f,lpw_8b7b91e000|lpw_b2dd27e84f,4,2,2,2
1583,1585,15,3,false,地理学家就要求他带一块大石头来。”,地理学家|就|要求|他|带|一块|大|石头|来,17,9,lpw_443053caf3|lpw_2f9d9872e5|lpw_8b7b91e000|lpw_7d4ca7f48e|lpw_6d8229118c,地理学家|就|他|大|来,lpw_2f9d9872e5|lpw_8b7b91e000|lpw_6d8229118c,lpw_2f9d9872e5|lpw_8b7b91e000|lpw_6d8229118c,lpw_2f9d9872e5|lpw_8b7b91e000|lpw_6d8229118c,5,3,3,3
1584,1586,15,3,false,地理学家忽然激动起来。,地理学家|忽然|激动|起来,11,4,lpw_443053caf3|lpw_b8a694b2df,地理学家|起来,,,lpw_b8a694b2df,2,0,0,1
1585,1587,15,3,false,"“嗨,",嗨,3,1,,,,,,0,0,0,0
1586,1588,15,3,false,你是大老远来的!,你是|大|老远|来|的,8,5,lpw_7d4ca7f48e|lpw_6d8229118c|lpw_8af2350cfd,大|来|的,lpw_6d8229118c|lpw_8af2350cfd,lpw_6d8229118c|lpw_8af2350cfd,lpw_6d8229118c|lpw_8af2350cfd,3,2,2,2
1587,1589,15,3,false,你是探险家!,你是|探险|家,6,3,lpw_e8635424ab|lpw_c8ae97be80,探险|家,,,,2,0,0,0
1588,1590,15,3,false,你给我说说你的星球!”,你|给|我|说|说|你|的|星球,11,8,lpw_a0c7716669|lpw_6e55fb9d8a|lpw_b70bb4acc0|lpw_ccca744613|lpw_8af2350cfd|lpw_62f2d6c1a1,你|给|我|说|的|星球,lpw_a0c7716669|lpw_6e55fb9d8a|lpw_b70bb4acc0|lpw_ccca744613|lpw_8af2350cfd|lpw_62f2d6c1a1,lpw_a0c7716669|lpw_6e55fb9d8a|lpw_b70bb4acc0|lpw_ccca744613|lpw_8af2350cfd|lpw_62f2d6c1a1,lpw_a0c7716669|lpw_6e55fb9d8a|lpw_b70bb4acc0|lpw_ccca744613|lpw_8af2350cfd|lpw_62f2d6c1a1,6,6,6,6
1589,1591,15,3,false,"说着,",说|着,3,2,lpw_ccca744613|lpw_9e5bf0d2d9,说|着,lpw_ccca744613|lpw_9e5bf0d2d9,lpw_ccca744613|lpw_9e5bf0d2d9,lpw_ccca744613|lpw_9e5bf0d2d9,2,2,2,2
1590,1592,15,3,false,"地理学家打开笔记本,",地理学家|打开|笔记|本,10,4,lpw_443053caf3,地理学家,,,,1,0,0,0
1591,1593,15,3,false,削了支铅笔。,削|了|支|铅笔,6,4,lpw_b2dd27e84f,了,lpw_b2dd27e84f,lpw_b2dd27e84f,lpw_b2dd27e84f,1,1,1,1
1592,1594,15,3,false,地理学家一开始只用铅笔记下探险家讲的话。,地理学家|一|开始|只用|铅笔|记|下|探险|家|讲|的话,20,11,lpw_443053caf3|lpw_51a75f4634|lpw_13c12b064b|lpw_e8635424ab|lpw_c8ae97be80|lpw_9b952dd4e3,地理学家|一|下|探险|家|的话,,lpw_51a75f4634,lpw_51a75f4634,6,0,1,1
1593,1595,15,3,false,"要等到这个探险家提供物证以后,",要|等到|这个|探险|家|提供|物|证|以后,15,9,lpw_975f35218e|lpw_979e2bc35b|lpw_e8635424ab|lpw_c8ae97be80|lpw_e6ad7a1dbc,要|这个|探险|家|以后,,lpw_975f35218e|lpw_979e2bc35b,lpw_975f35218e|lpw_979e2bc35b,5,0,2,2
1594,1596,15,3,false,才换用钢笔来记录。,才|换用|钢笔|来|记录,9,5,lpw_6d8229118c,来,lpw_6d8229118c,lpw_6d8229118c,lpw_6d8229118c,1,1,1,1
1595,1597,15,3,false,“怎么样?”,怎么|样,6,2,lpw_5ee8091a38,怎么,,,,1,0,0,0
1596,1598,15,3,false,地理学家问。,地理学家|问,6,2,lpw_443053caf3|lpw_4628c0e06f,地理学家|问,,lpw_4628c0e06f,lpw_4628c0e06f,2,0,1,1
1597,1599,15,3,false,"“哦!我那儿,”",哦|我|那儿,8,3,lpw_b70bb4acc0|lpw_b4444021ad,我|那儿,lpw_b70bb4acc0,lpw_b70bb4acc0,lpw_b70bb4acc0,2,1,1,1
1598,1600,15,3,false,"小王子说,",小王子|说,5,2,lpw_87f2a033cf|lpw_ccca744613,小王子|说,lpw_87f2a033cf|lpw_ccca744613,lpw_87f2a033cf|lpw_ccca744613,lpw_87f2a033cf|lpw_ccca744613,2,2,2,2
1599,1601,15,3,false,"“并不很有趣,",并不|很|有趣,7,3,lpw_5b693ea232|lpw_f2b91797ea,并不|很,lpw_f2b91797ea,lpw_f2b91797ea,lpw_f2b91797ea,2,1,1,1
1600,1602,15,3,false,那是颗很小的星球。,那是|颗|很小|的|星球,9,5,lpw_09901d3de2|lpw_8af2350cfd|lpw_62f2d6c1a1,颗|的|星球,lpw_8af2350cfd|lpw_62f2d6c1a1,lpw_8af2350cfd|lpw_62f2d6c1a1,lpw_8af2350cfd|lpw_62f2d6c1a1,3,2,2,2
1601,1603,15,3,false,我有三座火山。,我有|三|座|火山,7,4,lpw_59cbe38d1c|lpw_a4c3313deb|lpw_001d9c64f7|lpw_dc749837f4,我有|三|座|火山,,,,4,0,0,0
1602,1604,15,3,false,"两座活火山,",两|座|活|火山,6,4,lpw_83385d2eda|lpw_001d9c64f7|lpw_dc749837f4,两|座|火山,,,,3,0,0,0
1603,1605,15,3,false,一座死火山。,一座|死|火山,6,3,lpw_e2d5460909|lpw_dc749837f4,一座|火山,,,,2,0,0,0
1604,1606,15,3,false,不过这也说不定。”,不过|这|也|说不定,9,4,lpw_72113362c6|lpw_d409ab2ab3|lpw_658605835b|lpw_63e84e56ed,不过|这|也|说不定,lpw_d409ab2ab3,lpw_d409ab2ab3|lpw_658605835b,lpw_72113362c6|lpw_d409ab2ab3|lpw_658605835b,4,1,2,3
1605,1607,15,3,false,"“这可说不定,”",这|可|说不定,8,3,lpw_d409ab2ab3|lpw_8b9cefa38e|lpw_63e84e56ed,这|可|说不定,lpw_d409ab2ab3,lpw_d409ab2ab3|lpw_8b9cefa38e,lpw_d409ab2ab3|lpw_8b9cefa38e,3,1,2,2
1606,1608,15,3,false,地理学家说。,地理学家|说,6,2,lpw_443053caf3|lpw_ccca744613,地理学家|说,lpw_ccca744613,lpw_ccca744613,lpw_ccca744613,2,1,1,1
1607,1609,15,3,false,“我还有一朵花儿。”,我|还有|一朵|花儿,10,4,lpw_b70bb4acc0|lpw_83eec76b39|lpw_aebd6fbbd2|lpw_059ab0f707,我|还有|一朵|花儿,lpw_b70bb4acc0|lpw_059ab0f707,lpw_b70bb4acc0|lpw_059ab0f707,lpw_b70bb4acc0|lpw_aebd6fbbd2|lpw_059ab0f707,4,2,2,3
1608,1610,15,3,false,"“花儿我们是不记下来的,”",花儿|我们|是不|记下来|的,13,5,lpw_059ab0f707|lpw_bcacb40df8|lpw_8af2350cfd,花儿|我们|的,lpw_059ab0f707|lpw_8af2350cfd,lpw_059ab0f707|lpw_8af2350cfd,lpw_059ab0f707|lpw_8af2350cfd,3,2,2,2
1609,1611,15,3,false,地理学家说。,地理学家|说,6,2,lpw_443053caf3|lpw_ccca744613,地理学家|说,lpw_ccca744613,lpw_ccca744613,lpw_ccca744613,2,1,1,1
1610,1612,15,3,false,“这是为什么?,这|是|为什么,7,3,lpw_d409ab2ab3|lpw_b5141d3d19|lpw_1b919bb478,这|是|为什么,lpw_d409ab2ab3|lpw_b5141d3d19,lpw_d409ab2ab3|lpw_b5141d3d19,lpw_d409ab2ab3|lpw_b5141d3d19,3,2,2,2
1611,1613,15,3,false,花儿是最美的呀!”,花儿|是|最美|的|呀,9,5,lpw_059ab0f707|lpw_b5141d3d19|lpw_8af2350cfd|lpw_03fe6b38e7,花儿|是|的|呀,lpw_059ab0f707|lpw_b5141d3d19|lpw_8af2350cfd,lpw_059ab0f707|lpw_b5141d3d19|lpw_8af2350cfd,lpw_059ab0f707|lpw_b5141d3d19|lpw_8af2350cfd|lpw_03fe6b38e7,4,3,3,4
1612,1614,15,3,false,“因为花是转瞬即逝的。”,因为|花|是|转|瞬|即|逝|的,12,8,lpw_795cfc96d4|lpw_b5141d3d19|lpw_9482d0359c|lpw_8af2350cfd,因为|是|转|的,lpw_b5141d3d19|lpw_8af2350cfd,lpw_795cfc96d4|lpw_b5141d3d19|lpw_8af2350cfd,lpw_795cfc96d4|lpw_b5141d3d19|lpw_8af2350cfd,4,2,3,3
1613,1615,15,3,false,“什么叫‘转瞬即逝’,什么|叫|转|瞬|即|逝,10,6,lpw_c1b52e0e64|lpw_9482d0359c,什么|转,lpw_c1b52e0e64,lpw_c1b52e0e64,lpw_c1b52e0e64,2,1,1,1
1614,1616,15,3,false,呢?”,呢,3,1,lpw_02811cec0b,呢,lpw_02811cec0b,lpw_02811cec0b,lpw_02811cec0b,1,1,1,1
1615,1617,15,3,false,"“地理书,”",地理|书,6,2,lpw_1be968f125,书,,,,1,0,0,0
1616,1618,15,3,false,"地理学家说,",地理学家|说,6,2,lpw_443053caf3|lpw_ccca744613,地理学家|说,lpw_ccca744613,lpw_ccca744613,lpw_ccca744613,2,1,1,1
1617,1619,15,3,false,“是所有的书中间最宝贵的。,是|所有|的|书|中间|最|宝贵|的,13,8,lpw_b5141d3d19|lpw_ae99f297e9|lpw_8af2350cfd|lpw_1be968f125,是|所有|的|书,lpw_b5141d3d19|lpw_8af2350cfd,lpw_b5141d3d19|lpw_8af2350cfd,lpw_b5141d3d19|lpw_8af2350cfd,4,2,2,2
1618,1620,15,3,false,地理书永远不会过时。,地理|书|永远|不会|过时,10,5,lpw_1be968f125|lpw_c7ae73a94d,书|不会,,,,2,0,0,0
1619,1621,15,3,false,山脉移位的情形是极其罕见的。,山脉|移位|的|情形|是|极其|罕见|的,14,8,lpw_8af2350cfd|lpw_b5141d3d19,的|是,lpw_8af2350cfd|lpw_b5141d3d19,lpw_8af2350cfd|lpw_b5141d3d19,lpw_8af2350cfd|lpw_b5141d3d19,2,2,2,2
1620,1622,15,3,false,海洋干涸的情形也是极其罕见的。,海洋|干涸|的|情形|也是|极其|罕见|的,15,8,lpw_8af2350cfd|lpw_256c0476ed,的|也是,lpw_8af2350cfd,lpw_8af2350cfd,lpw_8af2350cfd,2,1,1,1
1621,1623,15,3,false,我们写的都是永恒的事物。”,我们|写的|都是|永恒|的|事物,13,6,lpw_bcacb40df8|lpw_ef4e15ff45|lpw_8af2350cfd,我们|都是|的,lpw_8af2350cfd,lpw_8af2350cfd,lpw_8af2350cfd,3,1,1,1
1622,1624,15,3,false,"“可是死火山说不定也会醒来,”",可是|死|火山|说不定|也|会|醒来,15,7,lpw_38ca4a9c76|lpw_dc749837f4|lpw_63e84e56ed|lpw_658605835b|lpw_5ba1e3c0eb,可是|火山|说不定|也|会,lpw_5ba1e3c0eb,lpw_38ca4a9c76|lpw_658605835b|lpw_5ba1e3c0eb,lpw_38ca4a9c76|lpw_658605835b|lpw_5ba1e3c0eb,5,1,3,3
1623,1625,15,3,false,"小王子插话说,",小王子|插|话说,7,3,lpw_87f2a033cf,小王子,lpw_87f2a033cf,lpw_87f2a033cf,lpw_87f2a033cf,1,1,1,1
1624,1626,15,3,false,“什么叫‘转瞬即逝’,什么|叫|转|瞬|即|逝,10,6,lpw_c1b52e0e64|lpw_9482d0359c,什么|转,lpw_c1b52e0e64,lpw_c1b52e0e64,lpw_c1b52e0e64,2,1,1,1
1625,1627,15,3,false,呢?”,呢,3,1,lpw_02811cec0b,呢,lpw_02811cec0b,lpw_02811cec0b,lpw_02811cec0b,1,1,1,1
1626,1628,15,3,false,"“火山睡也好,",火山|睡|也好,7,3,lpw_dc749837f4,火山,,,,1,0,0,0
1627,1629,15,3,false,"醒也好,",醒|也好,4,2,,,,,,0,0,0,0
1628,1630,15,3,false,"对我们地理学家来说是一码事,”",对|我们|地理学家|来说|是|一码|事,15,7,lpw_74570c7270|lpw_bcacb40df8|lpw_443053caf3|lpw_a0cc5593ee|lpw_b5141d3d19|lpw_1d9ed56951,对|我们|地理学家|来说|是|事,lpw_74570c7270|lpw_b5141d3d19,lpw_74570c7270|lpw_b5141d3d19|lpw_1d9ed56951,lpw_74570c7270|lpw_a0cc5593ee|lpw_b5141d3d19|lpw_1d9ed56951,6,2,3,4
1629,1631,15,3,false,"地理学家说,",地理学家|说,6,2,lpw_443053caf3|lpw_ccca744613,地理学家|说,lpw_ccca744613,lpw_ccca744613,lpw_ccca744613,2,1,1,1
1630,1632,15,3,false,“我们关心的是山。,我们|关心|的是|山,9,4,lpw_bcacb40df8|lpw_5e1dc2a833,我们|的是,,,,2,0,0,0
1631,1633,15,3,false,山是一成不变的。”,山|是|一成|不变|的,9,5,lpw_b5141d3d19|lpw_8af2350cfd,是|的,lpw_b5141d3d19|lpw_8af2350cfd,lpw_b5141d3d19|lpw_8af2350cfd,lpw_b5141d3d19|lpw_8af2350cfd,2,2,2,2
1632,1634,15,3,false,"“可是,",可是,4,1,lpw_38ca4a9c76,可是,,lpw_38ca4a9c76,lpw_38ca4a9c76,1,0,1,1
1633,1635,15,3,false,什么叫‘转瞬即逝’,什么|叫|转|瞬|即|逝,9,6,lpw_c1b52e0e64|lpw_9482d0359c,什么|转,lpw_c1b52e0e64,lpw_c1b52e0e64,lpw_c1b52e0e64,2,1,1,1
1634,1636,15,3,false,呢?”,呢,3,1,lpw_02811cec0b,呢,lpw_02811cec0b,lpw_02811cec0b,lpw_02811cec0b,1,1,1,1
1635,1637,15,3,false,"小王子追问道,",小王子|追问|道,7,3,lpw_87f2a033cf|lpw_00a9d5bd97,小王子|道,lpw_87f2a033cf,lpw_87f2a033cf,lpw_87f2a033cf,2,1,1,1
1636,1638,15,3,false,他向来提了问题就不肯放过。,他|向来|提了|问题|就|不肯|放|过,13,8,lpw_8b7b91e000|lpw_33a8618cb6|lpw_2f9d9872e5|lpw_f777893480,他|问题|就|过,lpw_8b7b91e000|lpw_2f9d9872e5,lpw_8b7b91e000|lpw_2f9d9872e5|lpw_f777893480,lpw_8b7b91e000|lpw_2f9d9872e5|lpw_f777893480,4,2,3,3
1637,1639,15,3,false,“意思就是‘随时有消逝的危险’。,意思|就是|随时|有|消逝|的|危险,16,7,lpw_65eb352d08|lpw_88aa006eb3|lpw_90ce0f66f0|lpw_8af2350cfd,意思|就是|有|的,lpw_90ce0f66f0|lpw_8af2350cfd,lpw_88aa006eb3|lpw_90ce0f66f0|lpw_8af2350cfd,lpw_88aa006eb3|lpw_90ce0f66f0|lpw_8af2350cfd,4,2,3,3
1638,1640,15,3,false,“我的花儿随时有消逝的危险吗?”,我|的|花儿|随时|有|消逝|的|危险|吗,16,9,lpw_b70bb4acc0|lpw_8af2350cfd|lpw_059ab0f707|lpw_90ce0f66f0|lpw_5ac1612110,我|的|花儿|有|吗,lpw_b70bb4acc0|lpw_8af2350cfd|lpw_059ab0f707|lpw_90ce0f66f0,lpw_b70bb4acc0|lpw_8af2350cfd|lpw_059ab0f707|lpw_90ce0f66f0,lpw_b70bb4acc0|lpw_8af2350cfd|lpw_059ab0f707|lpw_90ce0f66f0|lpw_5ac1612110,5,4,4,5
1639,1641,15,3,false,“当然。”,当然,5,1,lpw_0002e2d87f,当然,,,,1,0,0,0
1640,1642,15,3,false,"“我的花儿是转瞬即逝的,”",我|的|花儿|是|转|瞬|即|逝|的,13,9,lpw_b70bb4acc0|lpw_8af2350cfd|lpw_059ab0f707|lpw_b5141d3d19|lpw_9482d0359c,我|的|花儿|是|转,lpw_b70bb4acc0|lpw_8af2350cfd|lpw_059ab0f707|lpw_b5141d3d19,lpw_b70bb4acc0|lpw_8af2350cfd|lpw_059ab0f707|lpw_b5141d3d19,lpw_b70bb4acc0|lpw_8af2350cfd|lpw_059ab0f707|lpw_b5141d3d19,5,4,4,4
1641,1643,15,3,false,"小王子想道,",小王子|想|道,6,3,lpw_87f2a033cf|lpw_df0d251938|lpw_00a9d5bd97,小王子|想|道,lpw_87f2a033cf,lpw_87f2a033cf,lpw_87f2a033cf|lpw_df0d251938,3,1,1,2
1642,1644,15,3,false,"“她只有四根刺可以自卫,",她|只有|四|根|刺|可以|自卫,12,7,lpw_2ab425e0c6|lpw_ba8bd7c8c9|lpw_754a9d5828|lpw_b2ddecd32a|lpw_0ef5c86fab,她|只有|四|刺|可以,lpw_2ab425e0c6,lpw_2ab425e0c6,lpw_2ab425e0c6|lpw_0ef5c86fab,5,1,1,2
1643,1645,15,3,false,可以用来抵御这个世界!,可以|用|来|抵御|这个|世界,11,6,lpw_0ef5c86fab|lpw_04e45efb3b|lpw_6d8229118c|lpw_979e2bc35b,可以|用|来|这个,lpw_6d8229118c,lpw_6d8229118c|lpw_979e2bc35b,lpw_0ef5c86fab|lpw_04e45efb3b|lpw_6d8229118c|lpw_979e2bc35b,4,1,2,4
1644,1646,15,3,false,而我却丢下她孤零零地在那儿!”,而|我|却|丢下|她|孤零零|地|在|那儿,15,9,lpw_08e2725ce1|lpw_b70bb4acc0|lpw_da153c5b45|lpw_2ab425e0c6|lpw_bdbd41e490|lpw_12404a0b63|lpw_b4444021ad,而|我|却|她|地|在|那儿,lpw_b70bb4acc0|lpw_2ab425e0c6|lpw_bdbd41e490|lpw_12404a0b63,lpw_b70bb4acc0|lpw_2ab425e0c6|lpw_bdbd41e490|lpw_12404a0b63,lpw_08e2725ce1|lpw_b70bb4acc0|lpw_2ab425e0c6|lpw_bdbd41e490|lpw_12404a0b63,7,4,4,5
1645,1647,15,3,false,"想到这儿,",想到|这儿,5,2,lpw_19a29e87c9,这儿,,lpw_19a29e87c9,lpw_19a29e87c9,1,0,1,1
1646,1648,15,3,false,他不由得感到了后悔。,他|不由得|感到|了|后悔,10,5,lpw_8b7b91e000|lpw_15c2457566|lpw_b2dd27e84f,他|感到|了,lpw_8b7b91e000|lpw_b2dd27e84f,lpw_8b7b91e000|lpw_b2dd27e84f,lpw_8b7b91e000|lpw_15c2457566|lpw_b2dd27e84f,3,2,2,3
1647,1649,15,3,false,不过他马上又振作起来:,不过|他|马上|又|振作起来,11,5,lpw_72113362c6|lpw_8b7b91e000|lpw_e71ce5deab,不过|他|又,lpw_8b7b91e000|lpw_e71ce5deab,lpw_8b7b91e000|lpw_e71ce5deab,lpw_72113362c6|lpw_8b7b91e000|lpw_e71ce5deab,3,2,2,3
1648,1650,15,3,false,"“依您看,",依|您|看,5,3,lpw_9bbfbbc76f|lpw_61f43315f9,您|看,,,lpw_61f43315f9,2,0,0,1
1649,1651,15,3,false,我再去哪儿访问好呢?”,我|再去|哪儿|访问|好|呢,11,6,lpw_b70bb4acc0|lpw_1ca2298198|lpw_f867f34178|lpw_02811cec0b,我|哪儿|好|呢,lpw_b70bb4acc0|lpw_02811cec0b,lpw_b70bb4acc0|lpw_f867f34178|lpw_02811cec0b,lpw_b70bb4acc0|lpw_f867f34178|lpw_02811cec0b,4,2,3,3
1650,1652,15,3,false,他问。,他|问,3,2,lpw_8b7b91e000|lpw_4628c0e06f,他|问,lpw_8b7b91e000,lpw_8b7b91e000|lpw_4628c0e06f,lpw_8b7b91e000|lpw_4628c0e06f,2,1,2,2
1651,1653,15,3,false,"“地球吧,”",地球|吧,6,2,lpw_eeef861b87|lpw_bad8b6c7ae,地球|吧,,,lpw_eeef861b87|lpw_bad8b6c7ae,2,0,0,2
1652,1654,15,3,false,"地理学家回答说,",地理学家|回答|说,8,3,lpw_443053caf3|lpw_f3f5126487|lpw_ccca744613,地理学家|回答|说,lpw_ccca744613,lpw_f3f5126487|lpw_ccca744613,lpw_f3f5126487|lpw_ccca744613,3,1,2,2
1653,1655,15,3,false,“它的名气挺响......”,它|的|名气|挺|响,14,5,lpw_7e9260e925|lpw_8af2350cfd,它|的,lpw_7e9260e925|lpw_8af2350cfd,lpw_7e9260e925|lpw_8af2350cfd,lpw_7e9260e925|lpw_8af2350cfd,2,2,2,2
1654,1656,15,3,false,"于是小王子走了,",于是|小王子|走了,8,3,lpw_3617c85a66|lpw_87f2a033cf|lpw_25eba59465,于是|小王子|走了,lpw_87f2a033cf,lpw_87f2a033cf,lpw_87f2a033cf,3,1,1,1
1655,1657,15,3,false,一边走一边想着他的花儿。,一边|走|一边|想|着|他|的|花儿,12,8,lpw_f66de6c4cd|lpw_df0d251938|lpw_9e5bf0d2d9|lpw_8b7b91e000|lpw_8af2350cfd|lpw_059ab0f707,走|想|着|他|的|花儿,lpw_9e5bf0d2d9|lpw_8b7b91e000|lpw_8af2350cfd|lpw_059ab0f707,lpw_9e5bf0d2d9|lpw_8b7b91e000|lpw_8af2350cfd|lpw_059ab0f707,lpw_df0d251938|lpw_9e5bf0d2d9|lpw_8b7b91e000|lpw_8af2350cfd|lpw_059ab0f707,6,4,4,5
1656,1658,16,3,true,16,,2,0,,,,,,0,0,0,0
1657,1659,16,3,false,"所以,",所以,3,1,lpw_a2f7e42081,所以,,,,1,0,0,0
1658,1660,16,3,false,第七颗行星就是地球了。,第七|颗|行星|就是|地球|了,11,6,lpw_09901d3de2|lpw_19956b104c|lpw_88aa006eb3|lpw_eeef861b87|lpw_b2dd27e84f,颗|行星|就是|地球|了,lpw_b2dd27e84f,lpw_88aa006eb3|lpw_b2dd27e84f,lpw_88aa006eb3|lpw_eeef861b87|lpw_b2dd27e84f,5,1,2,3
1659,1661,16,3,false,地球可不是普普通通的行星!,地球|可不是|普|普通|通|的|行星,13,7,lpw_eeef861b87|lpw_b30391caa1|lpw_8af2350cfd|lpw_19956b104c,地球|可不是|的|行星,lpw_8af2350cfd,lpw_8af2350cfd,lpw_eeef861b87|lpw_8af2350cfd,4,1,1,2
1660,1662,16,3,false,"它上面有一百十一个国王(当然,",它|上面|有一|百十|一个|国王|当然,15,7,lpw_7e9260e925|lpw_e1dbc1c99f|lpw_38e917f021|lpw_0002e2d87f,它|一个|国王|当然,lpw_7e9260e925|lpw_e1dbc1c99f,lpw_7e9260e925|lpw_e1dbc1c99f,lpw_7e9260e925|lpw_e1dbc1c99f,4,2,2,2
1661,1663,16,3,false,"黑人国王也包括在内),",黑人|国王|也|包括|在内,11,5,lpw_38e917f021|lpw_658605835b,国王|也,,lpw_658605835b,lpw_658605835b,2,0,1,1
1662,1664,16,3,false,"七千万个地理学家,",七千|万个|地理学家,9,3,lpw_443053caf3,地理学家,,,,1,0,0,0
1663,1665,16,3,false,"九十万个商人,",九|十万个|商人,7,3,lpw_3f1784ce8b,商人,,,,1,0,0,0
1664,1666,16,3,false,"七百五十万个酒鬼,",七百|五|十万个|酒鬼,9,4,lpw_c9b87f516a|lpw_1c31582177,五|酒鬼,,,,2,0,0,0
1665,1667,16,3,false,"三亿一千一百个爱虚荣的人,",三|亿|一千|一百个|爱|虚荣的人,13,6,lpw_a4c3313deb|lpw_395ae225e5|lpw_bafe3b2ee7|lpw_577fd55103,三|亿|爱|虚荣的人,,,,4,0,0,0
1666,1668,16,3,false,总共大约有二十亿个大人。,总共|大约有|二十|亿|个|大人,12,6,lpw_395ae225e5|lpw_3a116815bc|lpw_44dd6014a5,亿|个|大人,,lpw_3a116815bc,lpw_3a116815bc|lpw_44dd6014a5,3,0,1,2
1667,1669,16,3,false,"为了让你们对地球的大小有个概念,",为了|让|你们|对|地球|的|大小|有|个|概念,16,10,lpw_2ed64c1d92|lpw_ad37574404|lpw_8a5d477bda|lpw_74570c7270|lpw_eeef861b87|lpw_8af2350cfd|lpw_90ce0f66f0|lpw_3a116815bc,为了|让|你们|对|地球|的|有|个,lpw_ad37574404|lpw_74570c7270|lpw_8af2350cfd|lpw_90ce0f66f0,lpw_ad37574404|lpw_8a5d477bda|lpw_74570c7270|lpw_8af2350cfd|lpw_90ce0f66f0|lpw_3a116815bc,lpw_ad37574404|lpw_8a5d477bda|lpw_74570c7270|lpw_eeef861b87|lpw_8af2350cfd|lpw_90ce0f66f0|lpw_3a116815bc,8,4,6,7
1668,1670,16,3,false,"我就这么对你们说吧,",我|就|这么|对|你们|说|吧,10,7,lpw_b70bb4acc0|lpw_2f9d9872e5|lpw_7677ca84c6|lpw_74570c7270|lpw_8a5d477bda|lpw_ccca744613|lpw_bad8b6c7ae,我|就|这么|对|你们|说|吧,lpw_b70bb4acc0|lpw_2f9d9872e5|lpw_74570c7270|lpw_ccca744613,lpw_b70bb4acc0|lpw_2f9d9872e5|lpw_74570c7270|lpw_8a5d477bda|lpw_ccca744613,lpw_b70bb4acc0|lpw_2f9d9872e5|lpw_7677ca84c6|lpw_74570c7270|lpw_8a5d477bda|lpw_ccca744613|lpw_bad8b6c7ae,7,4,5,7
1669,1671,16,3,false,"在发明电以前,",在|发明|电|以前,7,4,lpw_12404a0b63|lpw_aa98317793,在|以前,lpw_12404a0b63,lpw_12404a0b63,lpw_12404a0b63,2,1,1,1
1670,1672,16,3,false,"地球的六大洲上,",地球|的|六|大洲|上,8,5,lpw_eeef861b87|lpw_8af2350cfd|lpw_db5ba671d2,地球|的|上,lpw_8af2350cfd|lpw_db5ba671d2,lpw_8af2350cfd|lpw_db5ba671d2,lpw_eeef861b87|lpw_8af2350cfd|lpw_db5ba671d2,3,2,2,3
1671,1673,16,3,false,需要维持一支四十六万二千五百,需要|维持|一支|四|十六|万|二千|五百,14,8,lpw_754a9d5828,四,,,,1,0,0,0
1672,1674,16,3,false,十一人的浩浩荡荡的点灯人大军。,十一|人的|浩浩荡荡|的|点灯人|大|军,15,7,lpw_8af2350cfd|lpw_dd18ed3fb2|lpw_7d4ca7f48e,的|点灯人|大,lpw_8af2350cfd,lpw_8af2350cfd,lpw_8af2350cfd,3,1,1,1
1673,1675,16,3,false,"从稍远些的地方看去,",从|稍远|些|的|地方|看去,10,6,lpw_2719a8ea30|lpw_af76fed85c|lpw_8af2350cfd|lpw_1462a7d853,从|些|的|地方,lpw_8af2350cfd,lpw_8af2350cfd,lpw_2719a8ea30|lpw_8af2350cfd|lpw_1462a7d853,4,1,1,3
1674,1676,16,3,false,这是一幅壮丽的景观。,这|是|一幅|壮丽|的|景|观,10,7,lpw_d409ab2ab3|lpw_b5141d3d19|lpw_8af2350cfd,这|是|的,lpw_d409ab2ab3|lpw_b5141d3d19|lpw_8af2350cfd,lpw_d409ab2ab3|lpw_b5141d3d19|lpw_8af2350cfd,lpw_d409ab2ab3|lpw_b5141d3d19|lpw_8af2350cfd,3,3,3,3
1675,1677,16,3,false,"这支大军行动起来,",这|支|大|军|行动|起来,9,6,lpw_d409ab2ab3|lpw_7d4ca7f48e|lpw_b8a694b2df,这|大|起来,lpw_d409ab2ab3,lpw_d409ab2ab3,lpw_d409ab2ab3|lpw_b8a694b2df,3,1,1,2
1676,1678,16,3,false,就像在歌剧院里跳芭蕾舞那样有条不紊。,就像|在|歌|剧院|里|跳|芭蕾舞|那样|有|条|不|紊,18,12,lpw_3a1a30dbb2|lpw_12404a0b63|lpw_79f43de6e3|lpw_90ce0f66f0|lpw_b02dfe2160,就像|在|里|有|不,lpw_12404a0b63|lpw_90ce0f66f0,lpw_12404a0b63|lpw_79f43de6e3|lpw_90ce0f66f0|lpw_b02dfe2160,lpw_12404a0b63|lpw_79f43de6e3|lpw_90ce0f66f0|lpw_b02dfe2160,5,2,4,4
1677,1679,16,3,false,最先上场的是新西兰和澳大利亚的点灯人。,最先|上|场|的是|新西兰|和|澳大利亚|的|点灯人,19,9,lpw_db5ba671d2|lpw_5e1dc2a833|lpw_3d7114281f|lpw_8af2350cfd|lpw_dd18ed3fb2,上|的是|和|的|点灯人,lpw_db5ba671d2|lpw_8af2350cfd,lpw_db5ba671d2|lpw_3d7114281f|lpw_8af2350cfd,lpw_db5ba671d2|lpw_3d7114281f|lpw_8af2350cfd,5,2,3,3
1678,1680,16,3,false,"点着了灯,",点|着|了|灯,5,4,lpw_08dddeac13|lpw_9e5bf0d2d9|lpw_b2dd27e84f,点|着|了,lpw_9e5bf0d2d9|lpw_b2dd27e84f,lpw_9e5bf0d2d9|lpw_b2dd27e84f,lpw_9e5bf0d2d9|lpw_b2dd27e84f,3,2,2,2
1679,1681,16,3,false,他们就退下去睡觉。,他们|就|退下去|睡觉,9,4,lpw_10518f8f0a|lpw_2f9d9872e5,他们|就,lpw_10518f8f0a|lpw_2f9d9872e5,lpw_10518f8f0a|lpw_2f9d9872e5,lpw_10518f8f0a|lpw_2f9d9872e5,2,2,2,2
1680,1682,16,3,false,"接着是中国和西伯利亚的点灯人上场,",接着|是|中国|和|西伯利亚|的|点灯人|上|场,17,9,lpw_58ed4c69fb|lpw_b5141d3d19|lpw_3d7114281f|lpw_8af2350cfd|lpw_dd18ed3fb2|lpw_db5ba671d2,接着|是|和|的|点灯人|上,lpw_b5141d3d19|lpw_8af2350cfd|lpw_db5ba671d2,lpw_b5141d3d19|lpw_3d7114281f|lpw_8af2350cfd|lpw_db5ba671d2,lpw_b5141d3d19|lpw_3d7114281f|lpw_8af2350cfd|lpw_db5ba671d2,6,3,4,4
1681,1683,16,3,false,随后他们也退到幕后。,随后|他们|也|退到|幕后,10,5,lpw_10518f8f0a|lpw_658605835b,他们|也,lpw_10518f8f0a,lpw_10518f8f0a|lpw_658605835b,lpw_10518f8f0a|lpw_658605835b,2,1,2,2
1682,1684,16,3,false,下面轮到了俄罗斯和印度的点灯人。,下面|轮到|了|俄罗斯|和|印度|的|点灯人,16,8,lpw_b2dd27e84f|lpw_3d7114281f|lpw_8af2350cfd|lpw_dd18ed3fb2,了|和|的|点灯人,lpw_b2dd27e84f|lpw_8af2350cfd,lpw_b2dd27e84f|lpw_3d7114281f|lpw_8af2350cfd,lpw_b2dd27e84f|lpw_3d7114281f|lpw_8af2350cfd,4,2,3,3
1683,1685,16,3,false,"接下去是非洲和欧洲的,",接下去|是|非洲|和|欧洲|的,11,6,lpw_b5141d3d19|lpw_3d7114281f|lpw_8af2350cfd,是|和|的,lpw_b5141d3d19|lpw_8af2350cfd,lpw_b5141d3d19|lpw_3d7114281f|lpw_8af2350cfd,lpw_b5141d3d19|lpw_3d7114281f|lpw_8af2350cfd,3,2,3,3
1684,1686,16,3,false,而后是南美的。,而后|是|南美|的,7,4,lpw_b5141d3d19|lpw_8af2350cfd,是|的,lpw_b5141d3d19|lpw_8af2350cfd,lpw_b5141d3d19|lpw_8af2350cfd,lpw_b5141d3d19|lpw_8af2350cfd,2,2,2,2
1685,1687,16,3,false,再后来是北美的。,再|后来|是|北美|的,8,5,lpw_b5141d3d19|lpw_8af2350cfd,是|的,lpw_b5141d3d19|lpw_8af2350cfd,lpw_b5141d3d19|lpw_8af2350cfd,lpw_b5141d3d19|lpw_8af2350cfd,2,2,2,2
1686,1688,16,3,false,所有这些点灯人从来不会搞乱上场的次序。,所有|这些|点灯人|从来|不会|搞|乱|上|场|的|次序,19,11,lpw_ae99f297e9|lpw_7a590a22cd|lpw_dd18ed3fb2|lpw_c7ae73a94d|lpw_db5ba671d2|lpw_8af2350cfd,所有|这些|点灯人|不会|上|的,lpw_db5ba671d2|lpw_8af2350cfd,lpw_db5ba671d2|lpw_8af2350cfd,lpw_7a590a22cd|lpw_db5ba671d2|lpw_8af2350cfd,6,2,2,3
1687,1689,16,3,false,这场面真是蔚为壮观。,这|场面|真是|蔚为|壮观,10,5,lpw_d409ab2ab3,这,lpw_d409ab2ab3,lpw_d409ab2ab3,lpw_d409ab2ab3,1,1,1,1
1688,1690,16,3,false,只有北极(那儿只有唯一一盏路灯)的点,只有|北极|那儿|只有|唯一|一盏|路灯|的|点,18,9,lpw_ba8bd7c8c9|lpw_b4444021ad|lpw_64f62e9803|lpw_8af2350cfd|lpw_08dddeac13,只有|那儿|路灯|的|点,lpw_8af2350cfd,lpw_8af2350cfd,lpw_8af2350cfd,5,1,1,1
1689,1691,16,3,false,"灯人和南极(那儿也只有唯一一盏路灯)的那个同行,",灯|人|和|南极|那儿|也|只有|唯一|一盏|路灯|的|那个|同行,24,13,lpw_50f5d65d57|lpw_3d7114281f|lpw_b4444021ad|lpw_658605835b|lpw_ba8bd7c8c9|lpw_64f62e9803|lpw_8af2350cfd|lpw_fa6e73c549,人|和|那儿|也|只有|路灯|的|那个,lpw_50f5d65d57|lpw_8af2350cfd,lpw_50f5d65d57|lpw_3d7114281f|lpw_658605835b|lpw_8af2350cfd,lpw_50f5d65d57|lpw_3d7114281f|lpw_658605835b|lpw_8af2350cfd,8,2,4,4
1690,1692,16,3,false,过着悠闲懒散的生活:,过|着|悠闲|懒散|的|生活,10,6,lpw_f777893480|lpw_9e5bf0d2d9|lpw_8af2350cfd,过|着|的,lpw_9e5bf0d2d9|lpw_8af2350cfd,lpw_f777893480|lpw_9e5bf0d2d9|lpw_8af2350cfd,lpw_f777893480|lpw_9e5bf0d2d9|lpw_8af2350cfd,3,2,3,3
1691,1693,16,3,false,他俩一年干两回活儿。,他|俩|一年|干|两|回|活儿,10,7,lpw_8b7b91e000|lpw_9ee0280bc4|lpw_83385d2eda,他|干|两,lpw_8b7b91e000,lpw_8b7b91e000,lpw_8b7b91e000,3,1,1,1
1692,1694,17,3,true,17,,2,0,,,,,,0,0,0,0
1693,1695,17,3,false,"一个人如果想把话说得有趣些,",一个|人|如果|想把|话说|得|有趣|些,14,8,lpw_e1dbc1c99f|lpw_50f5d65d57|lpw_7ca71b72d7|lpw_71b1ed1114|lpw_af76fed85c,一个|人|如果|得|些,lpw_e1dbc1c99f|lpw_50f5d65d57,lpw_e1dbc1c99f|lpw_50f5d65d57|lpw_71b1ed1114,lpw_e1dbc1c99f|lpw_50f5d65d57|lpw_71b1ed1114,5,2,3,3
1694,1696,17,3,false,免不了会稍稍撒点谎。,免不了|会|稍稍|撒|点|谎,10,6,lpw_5ba1e3c0eb|lpw_08dddeac13,会|点,lpw_5ba1e3c0eb,lpw_5ba1e3c0eb,lpw_5ba1e3c0eb,2,1,1,1
1695,1697,17,3,false,"我给你们讲点灯人大军的那会儿,",我|给|你们|讲|点灯人|大|军|的|那|会|儿,15,11,lpw_b70bb4acc0|lpw_6e55fb9d8a|lpw_8a5d477bda|lpw_dd18ed3fb2|lpw_7d4ca7f48e|lpw_8af2350cfd|lpw_5a2362a202|lpw_5ba1e3c0eb|lpw_1ed5efc3dc,我|给|你们|点灯人|大|的|那|会|儿,lpw_b70bb4acc0|lpw_6e55fb9d8a|lpw_8af2350cfd|lpw_5a2362a202|lpw_5ba1e3c0eb,lpw_b70bb4acc0|lpw_6e55fb9d8a|lpw_8a5d477bda|lpw_8af2350cfd|lpw_5a2362a202|lpw_5ba1e3c0eb,lpw_b70bb4acc0|lpw_6e55fb9d8a|lpw_8a5d477bda|lpw_8af2350cfd|lpw_5a2362a202|lpw_5ba1e3c0eb,9,5,6,6
1696,1698,17,3,false,就不是很诚实。,就不是|很|诚实,7,3,lpw_f2b91797ea,很,lpw_f2b91797ea,lpw_f2b91797ea,lpw_f2b91797ea,1,1,1,1
1697,1699,17,3,false,"那些不了解我们行星的人,",那些|不|了解|我们|行星|的|人,12,7,lpw_abd258db99|lpw_b02dfe2160|lpw_bcacb40df8|lpw_19956b104c|lpw_8af2350cfd|lpw_50f5d65d57,那些|不|我们|行星|的|人,lpw_8af2350cfd|lpw_50f5d65d57,lpw_b02dfe2160|lpw_8af2350cfd|lpw_50f5d65d57,lpw_abd258db99|lpw_b02dfe2160|lpw_8af2350cfd|lpw_50f5d65d57,6,2,3,4
1698,1700,17,3,false,"听了我讲的故事,",听|了|我|讲的|故事,8,5,lpw_1f2eb2608d|lpw_b2dd27e84f|lpw_b70bb4acc0,听|了|我,lpw_b2dd27e84f|lpw_b70bb4acc0,lpw_b2dd27e84f|lpw_b70bb4acc0,lpw_b2dd27e84f|lpw_b70bb4acc0,3,2,2,2
1699,1701,17,3,false,可能会造成一种错觉。,可能|会|造成|一种|错觉,10,5,lpw_5ba1e3c0eb,会,lpw_5ba1e3c0eb,lpw_5ba1e3c0eb,lpw_5ba1e3c0eb,1,1,1,1
1700,1702,17,3,false,其实人在地球上只占一点点地方。,其实|人|在|地球|上|只|占|一点|点|地方,15,10,lpw_50f5d65d57|lpw_12404a0b63|lpw_eeef861b87|lpw_db5ba671d2|lpw_409e2c3882|lpw_148b16e603|lpw_08dddeac13|lpw_1462a7d853,人|在|地球|上|只|一点|点|地方,lpw_50f5d65d57|lpw_12404a0b63|lpw_db5ba671d2,lpw_50f5d65d57|lpw_12404a0b63|lpw_db5ba671d2|lpw_409e2c3882,lpw_50f5d65d57|lpw_12404a0b63|lpw_eeef861b87|lpw_db5ba671d2|lpw_409e2c3882|lpw_1462a7d853,8,3,4,6
1701,1703,17,3,false,"倘若让地球上的二十亿居民全都挨个儿站着,",倘若|让|地球|上|的|二十|亿|居民|全都|挨个儿|站|着,20,12,lpw_ad37574404|lpw_eeef861b87|lpw_db5ba671d2|lpw_8af2350cfd|lpw_395ae225e5|lpw_9e5bf0d2d9,让|地球|上|的|亿|着,lpw_ad37574404|lpw_db5ba671d2|lpw_8af2350cfd|lpw_9e5bf0d2d9,lpw_ad37574404|lpw_db5ba671d2|lpw_8af2350cfd|lpw_9e5bf0d2d9,lpw_ad37574404|lpw_eeef861b87|lpw_db5ba671d2|lpw_8af2350cfd|lpw_9e5bf0d2d9,6,4,4,5
1702,1704,17,3,false,"就像集会时那样,",就像|集会|时|那样,8,4,lpw_3a1a30dbb2|lpw_7d58b6422c,就像|时,,,,2,0,0,0
1703,1705,17,3,false,那么二十海里长、二十海,那么|二十|海里|长|二十|海,11,6,lpw_a61f02e145|lpw_597ae23d84,那么|长,,,lpw_a61f02e145,2,0,0,1
1704,1706,17,3,false,里宽的一个广场就容得下他们。,里|宽的|一个|广场|就|容|得|下|他们,14,9,lpw_79f43de6e3|lpw_e1dbc1c99f|lpw_2f9d9872e5|lpw_71b1ed1114|lpw_13c12b064b|lpw_10518f8f0a,里|一个|就|得|下|他们,lpw_e1dbc1c99f|lpw_2f9d9872e5|lpw_10518f8f0a,lpw_79f43de6e3|lpw_e1dbc1c99f|lpw_2f9d9872e5|lpw_71b1ed1114|lpw_10518f8f0a,lpw_79f43de6e3|lpw_e1dbc1c99f|lpw_2f9d9872e5|lpw_71b1ed1114|lpw_10518f8f0a,6,3,5,5
1705,1707,17,3,false,全人类可以挤在太平洋中最小的一个岛屿上。,全|人类|可以|挤|在|太平洋|中|最小|的|一个|岛屿|上,20,12,lpw_0ef5c86fab|lpw_12404a0b63|lpw_a567bdaa11|lpw_8af2350cfd|lpw_e1dbc1c99f|lpw_db5ba671d2,可以|在|中|的|一个|上,lpw_12404a0b63|lpw_8af2350cfd|lpw_e1dbc1c99f|lpw_db5ba671d2,lpw_12404a0b63|lpw_8af2350cfd|lpw_e1dbc1c99f|lpw_db5ba671d2,lpw_0ef5c86fab|lpw_12404a0b63|lpw_8af2350cfd|lpw_e1dbc1c99f|lpw_db5ba671d2,6,4,4,5
1706,1708,17,3,false,"当然,",当然,3,1,lpw_0002e2d87f,当然,,,,1,0,0,0
1707,1709,17,3,false,大人是不会相信你们的。,大人|是|不会|相信|你们|的,11,6,lpw_44dd6014a5|lpw_b5141d3d19|lpw_c7ae73a94d|lpw_8a5d477bda|lpw_8af2350cfd,大人|是|不会|你们|的,lpw_b5141d3d19|lpw_8af2350cfd,lpw_b5141d3d19|lpw_8a5d477bda|lpw_8af2350cfd,lpw_44dd6014a5|lpw_b5141d3d19|lpw_8a5d477bda|lpw_8af2350cfd,5,2,3,4
1708,1710,17,3,false,他们自以为占了好多好多地方。,他们|自|以为|占了|好多|好多|地方,14,7,lpw_10518f8f0a|lpw_1462a7d853,他们|地方,lpw_10518f8f0a,lpw_10518f8f0a,lpw_10518f8f0a|lpw_1462a7d853,2,1,1,2
1709,1711,17,3,false,他们把自己看得跟猴面包树一样重要。,他们|把|自己|看得|跟|猴面包树|一样|重要,17,8,lpw_10518f8f0a|lpw_2442748e41|lpw_fb43354d2a|lpw_383a53d95c|lpw_1ec087a5d0|lpw_9dc5c0158d|lpw_a8cd9642aa,他们|把|自己|跟|猴面包树|一样|重要,lpw_10518f8f0a,lpw_10518f8f0a|lpw_2442748e41|lpw_fb43354d2a,lpw_10518f8f0a|lpw_2442748e41|lpw_fb43354d2a|lpw_383a53d95c|lpw_9dc5c0158d,7,1,3,5
1710,1712,17,3,false,你们不妨劝他们好好算一算。,你们|不妨|劝|他们|好好|算|一|算,13,8,lpw_8a5d477bda|lpw_10518f8f0a|lpw_51a75f4634,你们|他们|一,lpw_10518f8f0a,lpw_8a5d477bda|lpw_10518f8f0a|lpw_51a75f4634,lpw_8a5d477bda|lpw_10518f8f0a|lpw_51a75f4634,3,1,3,3
1711,1713,17,3,false,"他们喜欢数字,",他们|喜欢|数字,7,3,lpw_10518f8f0a|lpw_653b04330b,他们|喜欢,lpw_10518f8f0a,lpw_10518f8f0a,lpw_10518f8f0a,2,1,1,1
1712,1714,17,3,false,说到计算就来劲。,说|到|计算|就|来|劲,8,6,lpw_ccca744613|lpw_b56f36b529|lpw_2f9d9872e5|lpw_6d8229118c,说|到|就|来,lpw_ccca744613|lpw_2f9d9872e5|lpw_6d8229118c,lpw_ccca744613|lpw_2f9d9872e5|lpw_6d8229118c,lpw_ccca744613|lpw_2f9d9872e5|lpw_6d8229118c,4,3,3,3
1713,1715,17,3,false,"不过你们可别浪费时间,",不过|你们|可别|浪费|时间,11,5,lpw_72113362c6|lpw_8a5d477bda|lpw_8b6ff49851,不过|你们|时间,,lpw_8a5d477bda,lpw_72113362c6|lpw_8a5d477bda,3,0,1,2
1714,1716,17,3,false,去做这种叫人厌烦的事情。,去|做|这种|叫|人|厌烦|的|事情,12,8,lpw_99ae21ea6c|lpw_94f5404441|lpw_50f5d65d57|lpw_8af2350cfd|lpw_e66d9fac19,去|做|人|的|事情,lpw_50f5d65d57|lpw_8af2350cfd,lpw_99ae21ea6c|lpw_50f5d65d57|lpw_8af2350cfd,lpw_99ae21ea6c|lpw_50f5d65d57|lpw_8af2350cfd,5,2,3,3
1715,1717,17,3,false,根本不用去做。,根本|不用|去|做,7,4,lpw_99ae21ea6c|lpw_94f5404441,去|做,,lpw_99ae21ea6c,lpw_99ae21ea6c,2,0,1,1
1716,1718,17,3,false,你们相信我就行了。,你们|相信|我|就|行|了,9,6,lpw_8a5d477bda|lpw_b70bb4acc0|lpw_2f9d9872e5|lpw_b2dd27e84f,你们|我|就|了,lpw_b70bb4acc0|lpw_2f9d9872e5|lpw_b2dd27e84f,lpw_8a5d477bda|lpw_b70bb4acc0|lpw_2f9d9872e5|lpw_b2dd27e84f,lpw_8a5d477bda|lpw_b70bb4acc0|lpw_2f9d9872e5|lpw_b2dd27e84f,4,3,4,4
1717,1719,17,3,false,"所以小王子一踏上地球,",所以|小王子|一|踏上|地球,11,5,lpw_a2f7e42081|lpw_87f2a033cf|lpw_51a75f4634|lpw_eeef861b87,所以|小王子|一|地球,lpw_87f2a033cf,lpw_87f2a033cf|lpw_51a75f4634,lpw_87f2a033cf|lpw_51a75f4634|lpw_eeef861b87,4,1,2,3
1718,1720,17,3,false,"就觉得奇怪,",就|觉得|奇怪,6,3,lpw_2f9d9872e5|lpw_78c82d9f41,就|觉得,lpw_2f9d9872e5,lpw_2f9d9872e5,lpw_2f9d9872e5|lpw_78c82d9f41,2,1,1,2
1719,1721,17,3,false,怎么一个人也看不见呢。,怎么|一个|人|也|看不见|呢,11,6,lpw_5ee8091a38|lpw_e1dbc1c99f|lpw_50f5d65d57|lpw_658605835b|lpw_f92f065aad|lpw_02811cec0b,怎么|一个|人|也|看不见|呢,lpw_e1dbc1c99f|lpw_50f5d65d57|lpw_02811cec0b,lpw_e1dbc1c99f|lpw_50f5d65d57|lpw_658605835b|lpw_02811cec0b,lpw_e1dbc1c99f|lpw_50f5d65d57|lpw_658605835b|lpw_02811cec0b,6,3,4,4
1720,1722,17,3,false,"他正在担心是不是来错了星球,",他|正在|担心|是不是|来|错|了|星球,14,8,lpw_8b7b91e000|lpw_6d8229118c|lpw_b2dd27e84f|lpw_62f2d6c1a1,他|来|了|星球,lpw_8b7b91e000|lpw_6d8229118c|lpw_b2dd27e84f|lpw_62f2d6c1a1,lpw_8b7b91e000|lpw_6d8229118c|lpw_b2dd27e84f|lpw_62f2d6c1a1,lpw_8b7b91e000|lpw_6d8229118c|lpw_b2dd27e84f|lpw_62f2d6c1a1,4,4,4,4
1721,1723,17,3,false,忽然看见沙地上一个月白色的圆环在挪动。,忽然|看见|沙|地上|一个|月|白色|的|圆|环|在|挪动,19,12,lpw_7205426737|lpw_e1dbc1c99f|lpw_8af2350cfd|lpw_12404a0b63,看见|一个|的|在,lpw_e1dbc1c99f|lpw_8af2350cfd|lpw_12404a0b63,lpw_e1dbc1c99f|lpw_8af2350cfd|lpw_12404a0b63,lpw_7205426737|lpw_e1dbc1c99f|lpw_8af2350cfd|lpw_12404a0b63,4,3,3,4
1722,1724,17,3,false,"“晚上好,”",晚上|好,6,2,lpw_a9b1124b34|lpw_f867f34178,晚上|好,,lpw_f867f34178,lpw_f867f34178,2,0,1,1
1723,1725,17,3,false,小王子没把握地招呼说。,小王子|没|把握|地|招呼|说,11,6,lpw_87f2a033cf|lpw_279e8b3573|lpw_bdbd41e490|lpw_ccca744613,小王子|没|地|说,lpw_87f2a033cf|lpw_bdbd41e490|lpw_ccca744613,lpw_87f2a033cf|lpw_279e8b3573|lpw_bdbd41e490|lpw_ccca744613,lpw_87f2a033cf|lpw_279e8b3573|lpw_bdbd41e490|lpw_ccca744613,4,3,4,4
1724,1726,17,3,false,"“晚上好,”",晚上|好,6,2,lpw_a9b1124b34|lpw_f867f34178,晚上|好,,lpw_f867f34178,lpw_f867f34178,2,0,1,1
1725,1727,17,3,false,蛇说。,蛇|说,3,2,lpw_e49587b1da|lpw_ccca744613,蛇|说,lpw_ccca744613,lpw_ccca744613,lpw_ccca744613,2,1,1,1
1726,1728,17,3,false,“我落在哪个行星上了?”,我|落在|哪个|行星|上了,12,5,lpw_b70bb4acc0|lpw_19956b104c,我|行星,lpw_b70bb4acc0,lpw_b70bb4acc0,lpw_b70bb4acc0,2,1,1,1
1727,1729,17,3,false,小王子问。,小王子|问,5,2,lpw_87f2a033cf|lpw_4628c0e06f,小王子|问,lpw_87f2a033cf,lpw_87f2a033cf|lpw_4628c0e06f,lpw_87f2a033cf|lpw_4628c0e06f,2,1,2,2
1728,1730,17,3,false,"“在地球上,",在|地球|上,6,3,lpw_12404a0b63|lpw_eeef861b87|lpw_db5ba671d2,在|地球|上,lpw_12404a0b63|lpw_db5ba671d2,lpw_12404a0b63|lpw_db5ba671d2,lpw_12404a0b63|lpw_eeef861b87|lpw_db5ba671d2,3,2,2,3
1729,1731,17,3,false,"这是非洲,”",这|是|非洲,6,3,lpw_d409ab2ab3|lpw_b5141d3d19,这|是,lpw_d409ab2ab3|lpw_b5141d3d19,lpw_d409ab2ab3|lpw_b5141d3d19,lpw_d409ab2ab3|lpw_b5141d3d19,2,2,2,2
1730,1732,17,3,false,蛇回答。,蛇|回答,4,2,lpw_e49587b1da|lpw_f3f5126487,蛇|回答,,lpw_f3f5126487,lpw_f3f5126487,2,0,1,1
1731,1733,17,3,false,“噢!,噢,3,1,,,,,,0,0,0,0
1732,1734,17,3,false,难道地球上一个人也没有吗?”,难道|地球|上|一个|人|也没有|吗,14,7,lpw_eeef861b87|lpw_db5ba671d2|lpw_e1dbc1c99f|lpw_50f5d65d57|lpw_5ac1612110,地球|上|一个|人|吗,lpw_db5ba671d2|lpw_e1dbc1c99f|lpw_50f5d65d57,lpw_db5ba671d2|lpw_e1dbc1c99f|lpw_50f5d65d57,lpw_eeef861b87|lpw_db5ba671d2|lpw_e1dbc1c99f|lpw_50f5d65d57|lpw_5ac1612110,5,3,3,5
1733,1735,17,3,false,“这儿是沙漠。,这儿|是|沙漠,7,3,lpw_19a29e87c9|lpw_b5141d3d19|lpw_4fbf406572,这儿|是|沙漠,lpw_b5141d3d19,lpw_19a29e87c9|lpw_b5141d3d19,lpw_19a29e87c9|lpw_b5141d3d19|lpw_4fbf406572,3,1,2,3
1734,1736,17,3,false,在沙漠上是一个人也没有的。,在|沙漠|上|是|一个|人|也没有|的,13,8,lpw_12404a0b63|lpw_4fbf406572|lpw_db5ba671d2|lpw_b5141d3d19|lpw_e1dbc1c99f|lpw_50f5d65d57|lpw_8af2350cfd,在|沙漠|上|是|一个|人|的,lpw_12404a0b63|lpw_db5ba671d2|lpw_b5141d3d19|lpw_e1dbc1c99f|lpw_50f5d65d57|lpw_8af2350cfd,lpw_12404a0b63|lpw_db5ba671d2|lpw_b5141d3d19|lpw_e1dbc1c99f|lpw_50f5d65d57|lpw_8af2350cfd,lpw_12404a0b63|lpw_4fbf406572|lpw_db5ba671d2|lpw_b5141d3d19|lpw_e1dbc1c99f|lpw_50f5d65d57|lpw_8af2350cfd,7,6,6,7
1735,1737,17,3,false,"地球大着呢,”",地球|大|着|呢,7,4,lpw_eeef861b87|lpw_7d4ca7f48e|lpw_9e5bf0d2d9|lpw_02811cec0b,地球|大|着|呢,lpw_9e5bf0d2d9|lpw_02811cec0b,lpw_9e5bf0d2d9|lpw_02811cec0b,lpw_eeef861b87|lpw_9e5bf0d2d9|lpw_02811cec0b,4,2,2,3
1736,1738,17,3,false,蛇说。,蛇|说,3,2,lpw_e49587b1da|lpw_ccca744613,蛇|说,lpw_ccca744613,lpw_ccca744613,lpw_ccca744613,2,1,1,1
1737,1739,17,3,false,"小王子在一块石头上坐下,",小王子|在|一块|石头|上|坐下,12,6,lpw_87f2a033cf|lpw_12404a0b63|lpw_db5ba671d2,小王子|在|上,lpw_87f2a033cf|lpw_12404a0b63|lpw_db5ba671d2,lpw_87f2a033cf|lpw_12404a0b63|lpw_db5ba671d2,lpw_87f2a033cf|lpw_12404a0b63|lpw_db5ba671d2,3,3,3,3
1738,1740,17,3,false,抬头望着天空:,抬头|望|着|天空,7,4,lpw_260bd80462|lpw_9e5bf0d2d9,望|着,lpw_9e5bf0d2d9,lpw_9e5bf0d2d9,lpw_9e5bf0d2d9,2,1,1,1
1739,1741,17,3,false,"“我在想,”",我在|想,6,2,lpw_33f40475f8|lpw_df0d251938,我在|想,,,lpw_df0d251938,2,0,0,1
1740,1742,17,3,false,"他说,",他|说,3,2,lpw_8b7b91e000|lpw_ccca744613,他|说,lpw_8b7b91e000|lpw_ccca744613,lpw_8b7b91e000|lpw_ccca744613,lpw_8b7b91e000|lpw_ccca744613,2,2,2,2
1741,1743,17,3,false,"“这些星星闪闪发亮,",这些|星星|闪闪|发亮,10,4,lpw_7a590a22cd|lpw_6a9fec7faf,这些|星星,lpw_6a9fec7faf,lpw_6a9fec7faf,lpw_7a590a22cd|lpw_6a9fec7faf,2,1,1,2
1742,1744,17,3,false,大概是要让每个人总有一,大概是|要|让|每个人|总|有一,11,6,lpw_975f35218e|lpw_ad37574404,要|让,lpw_ad37574404,lpw_975f35218e|lpw_ad37574404,lpw_975f35218e|lpw_ad37574404,2,1,2,2
1743,1745,17,3,false,天能找到自己的那颗星星吧。,天|能|找到|自己|的|那颗|星星|吧,13,8,lpw_49da61ceee|lpw_413c06bcef|lpw_fb43354d2a|lpw_8af2350cfd|lpw_6a9fec7faf|lpw_bad8b6c7ae,天|能|自己|的|星星|吧,lpw_8af2350cfd|lpw_6a9fec7faf,lpw_fb43354d2a|lpw_8af2350cfd|lpw_6a9fec7faf,lpw_49da61ceee|lpw_fb43354d2a|lpw_8af2350cfd|lpw_6a9fec7faf|lpw_bad8b6c7ae,6,2,3,5
1744,1746,17,3,false,瞧我的那颗星星。,瞧|我|的|那颗|星星,8,5,lpw_b70bb4acc0|lpw_8af2350cfd|lpw_6a9fec7faf,我|的|星星,lpw_b70bb4acc0|lpw_8af2350cfd|lpw_6a9fec7faf,lpw_b70bb4acc0|lpw_8af2350cfd|lpw_6a9fec7faf,lpw_b70bb4acc0|lpw_8af2350cfd|lpw_6a9fec7faf,3,3,3,3
1745,1747,17,3,false,它正好在我们头顶上......,它|正好|在|我们|头顶上,15,5,lpw_7e9260e925|lpw_12404a0b63|lpw_bcacb40df8,它|在|我们,lpw_7e9260e925|lpw_12404a0b63,lpw_7e9260e925|lpw_12404a0b63,lpw_7e9260e925|lpw_12404a0b63,3,2,2,2
1746,1748,17,3,false,可是它离得那么远!”,可是|它|离|得|那么|远,10,6,lpw_38ca4a9c76|lpw_7e9260e925|lpw_71b1ed1114|lpw_a61f02e145|lpw_057c8f7842,可是|它|得|那么|远,lpw_7e9260e925,lpw_38ca4a9c76|lpw_7e9260e925|lpw_71b1ed1114,lpw_38ca4a9c76|lpw_7e9260e925|lpw_71b1ed1114|lpw_a61f02e145,5,1,3,4
1747,1749,17,3,false,"“它很美,”",它|很美,6,2,lpw_7e9260e925,它,lpw_7e9260e925,lpw_7e9260e925,lpw_7e9260e925,1,1,1,1
1748,1750,17,3,false,"蛇说,",蛇|说,3,2,lpw_e49587b1da|lpw_ccca744613,蛇|说,lpw_ccca744613,lpw_ccca744613,lpw_ccca744613,2,1,1,1
1749,1751,17,3,false,“你到这儿来干吗?”,你|到|这儿|来|干|吗,10,6,lpw_a0c7716669|lpw_b56f36b529|lpw_19a29e87c9|lpw_6d8229118c|lpw_9ee0280bc4|lpw_5ac1612110,你|到|这儿|来|干|吗,lpw_a0c7716669|lpw_6d8229118c,lpw_a0c7716669|lpw_19a29e87c9|lpw_6d8229118c,lpw_a0c7716669|lpw_19a29e87c9|lpw_6d8229118c|lpw_5ac1612110,6,2,3,4
1750,1752,17,3,false,"“你真是种奇怪的动物,”",你|真是|种|奇怪|的|动物,12,6,lpw_a0c7716669|lpw_8af2350cfd,你|的,lpw_a0c7716669|lpw_8af2350cfd,lpw_a0c7716669|lpw_8af2350cfd,lpw_a0c7716669|lpw_8af2350cfd,2,2,2,2
1751,1753,17,3,false,"最后他说,",最后|他|说,5,3,lpw_8b7b91e000|lpw_ccca744613,他|说,lpw_8b7b91e000|lpw_ccca744613,lpw_8b7b91e000|lpw_ccca744613,lpw_8b7b91e000|lpw_ccca744613,2,2,2,2
1752,1754,17,3,false,“细得像根手指......”,细|得|像|根|手指,14,5,lpw_71b1ed1114|lpw_cf8cedd58b,得|像,,lpw_71b1ed1114,lpw_71b1ed1114|lpw_cf8cedd58b,2,0,1,2
1753,1755,17,3,false,"“我和一朵花儿闹了别扭,”",我|和|一朵|花儿|闹|了|别扭,13,7,lpw_b70bb4acc0|lpw_3d7114281f|lpw_aebd6fbbd2|lpw_059ab0f707|lpw_b2dd27e84f,我|和|一朵|花儿|了,lpw_b70bb4acc0|lpw_059ab0f707|lpw_b2dd27e84f,lpw_b70bb4acc0|lpw_3d7114281f|lpw_059ab0f707|lpw_b2dd27e84f,lpw_b70bb4acc0|lpw_3d7114281f|lpw_aebd6fbbd2|lpw_059ab0f707|lpw_b2dd27e84f,5,3,4,5
1754,1756,17,3,false,小王子说。,小王子|说,5,2,lpw_87f2a033cf|lpw_ccca744613,小王子|说,lpw_87f2a033cf|lpw_ccca744613,lpw_87f2a033cf|lpw_ccca744613,lpw_87f2a033cf|lpw_ccca744613,2,2,2,2
1755,1757,17,3,false,“噢!”,噢,4,1,,,,,,0,0,0,0
1756,1758,17,3,false,蛇说。,蛇|说,3,2,lpw_e49587b1da|lpw_ccca744613,蛇|说,lpw_ccca744613,lpw_ccca744613,lpw_ccca744613,2,1,1,1
1757,1759,17,3,false,他俩都沉默了。,他|俩|都|沉默|了,7,5,lpw_8b7b91e000|lpw_7eabb36ba1|lpw_b2dd27e84f,他|都|了,lpw_8b7b91e000|lpw_b2dd27e84f,lpw_8b7b91e000|lpw_7eabb36ba1|lpw_b2dd27e84f,lpw_8b7b91e000|lpw_7eabb36ba1|lpw_b2dd27e84f,3,2,3,3
1758,1760,17,3,false,“哪儿见得到人呢?”,哪儿|见|得到|人|呢,10,5,lpw_1ca2298198|lpw_50f5d65d57|lpw_02811cec0b,哪儿|人|呢,lpw_50f5d65d57|lpw_02811cec0b,lpw_50f5d65d57|lpw_02811cec0b,lpw_50f5d65d57|lpw_02811cec0b,3,2,2,2
1759,1761,17,3,false,"小王子终于又开口了,",小王子|终于|又|开口|了,10,5,lpw_87f2a033cf|lpw_e71ce5deab|lpw_b2dd27e84f,小王子|又|了,lpw_87f2a033cf|lpw_e71ce5deab|lpw_b2dd27e84f,lpw_87f2a033cf|lpw_e71ce5deab|lpw_b2dd27e84f,lpw_87f2a033cf|lpw_e71ce5deab|lpw_b2dd27e84f,3,3,3,3
1760,1762,17,3,false,“在沙漠里真有点孤独......”,在|沙漠|里|真|有点|孤独,17,6,lpw_12404a0b63|lpw_4fbf406572|lpw_79f43de6e3|lpw_827d018e1b|lpw_29506aa712,在|沙漠|里|真|有点,lpw_12404a0b63,lpw_12404a0b63|lpw_79f43de6e3,lpw_12404a0b63|lpw_4fbf406572|lpw_79f43de6e3|lpw_29506aa712,5,1,2,4
1761,1763,17,3,false,"“在人群中间,",在|人群|中间,7,3,lpw_12404a0b63,在,lpw_12404a0b63,lpw_12404a0b63,lpw_12404a0b63,1,1,1,1
1762,1764,17,3,false,"你也会感到孤独,”",你|也|会|感到|孤独,9,5,lpw_a0c7716669|lpw_658605835b|lpw_5ba1e3c0eb|lpw_15c2457566,你|也|会|感到,lpw_a0c7716669|lpw_5ba1e3c0eb,lpw_a0c7716669|lpw_658605835b|lpw_5ba1e3c0eb,lpw_a0c7716669|lpw_658605835b|lpw_5ba1e3c0eb|lpw_15c2457566,4,2,3,4
1763,1765,17,3,false,蛇说。,蛇|说,3,2,lpw_e49587b1da|lpw_ccca744613,蛇|说,lpw_ccca744613,lpw_ccca744613,lpw_ccca744613,2,1,1,1
1764,1766,17,3,false,小王子久久地注视着蛇:,小王子|久久|地|注视着|蛇,11,5,lpw_87f2a033cf|lpw_bdbd41e490|lpw_e49587b1da,小王子|地|蛇,lpw_87f2a033cf|lpw_bdbd41e490,lpw_87f2a033cf|lpw_bdbd41e490,lpw_87f2a033cf|lpw_bdbd41e490,3,2,2,2
1765,1767,17,3,false,"“你真是种奇怪的动物,”",你|真是|种|奇怪|的|动物,12,6,lpw_a0c7716669|lpw_8af2350cfd,你|的,lpw_a0c7716669|lpw_8af2350cfd,lpw_a0c7716669|lpw_8af2350cfd,lpw_a0c7716669|lpw_8af2350cfd,2,2,2,2
1766,1768,17,3,false,"最后他说,",最后|他|说,5,3,lpw_8b7b91e000|lpw_ccca744613,他|说,lpw_8b7b91e000|lpw_ccca744613,lpw_8b7b91e000|lpw_ccca744613,lpw_8b7b91e000|lpw_ccca744613,2,2,2,2
1767,1769,17,3,false,“细得像根手指......”,细|得|像|根|手指,14,5,lpw_71b1ed1114|lpw_cf8cedd58b,得|像,,lpw_71b1ed1114,lpw_71b1ed1114|lpw_cf8cedd58b,2,0,1,2
1768,1770,17,3,false,"“可我比一个国王的手指还厉害呢,”",可|我|比|一个|国王|的|手指|还|厉害|呢,17,10,lpw_8b9cefa38e|lpw_b70bb4acc0|lpw_ab158a8483|lpw_e1dbc1c99f|lpw_38e917f021|lpw_8af2350cfd|lpw_1bc709b8bf|lpw_02811cec0b,可|我|比|一个|国王|的|还|呢,lpw_b70bb4acc0|lpw_e1dbc1c99f|lpw_8af2350cfd|lpw_02811cec0b,lpw_8b9cefa38e|lpw_b70bb4acc0|lpw_e1dbc1c99f|lpw_8af2350cfd|lpw_02811cec0b,lpw_8b9cefa38e|lpw_b70bb4acc0|lpw_e1dbc1c99f|lpw_8af2350cfd|lpw_1bc709b8bf|lpw_02811cec0b,8,4,5,6
1769,1771,17,3,false,蛇说。,蛇|说,3,2,lpw_e49587b1da|lpw_ccca744613,蛇|说,lpw_ccca744613,lpw_ccca744613,lpw_ccca744613,2,1,1,1
1770,1772,17,3,false,小王子笑了:,小王子|笑了,6,2,lpw_87f2a033cf,小王子,lpw_87f2a033cf,lpw_87f2a033cf,lpw_87f2a033cf,1,1,1,1
1771,1773,17,3,false,“你厉害不到哪儿去......,你|厉害|不到|哪儿|去,15,5,lpw_a0c7716669|lpw_1ca2298198|lpw_99ae21ea6c,你|哪儿|去,lpw_a0c7716669,lpw_a0c7716669|lpw_99ae21ea6c,lpw_a0c7716669|lpw_99ae21ea6c,3,1,2,2
1772,1774,17,3,false,你连脚都没有......,你|连|脚|都没有,12,4,lpw_a0c7716669,你,lpw_a0c7716669,lpw_a0c7716669,lpw_a0c7716669,1,1,1,1
1773,1775,17,3,false,要出远门你就不行吧?”,要|出|远门|你|就不|行|吧,11,7,lpw_975f35218e|lpw_a0c7716669|lpw_bad8b6c7ae,要|你|吧,lpw_a0c7716669,lpw_975f35218e|lpw_a0c7716669,lpw_975f35218e|lpw_a0c7716669|lpw_bad8b6c7ae,3,1,2,3
1774,1776,17,3,false,"“我可以把你带到很远很远的地方去,",我|可以|把|你|带到|很|远|很|远|的|地方|去,17,12,lpw_b70bb4acc0|lpw_0ef5c86fab|lpw_2442748e41|lpw_a0c7716669|lpw_f2b91797ea|lpw_057c8f7842|lpw_8af2350cfd|lpw_1462a7d853|lpw_99ae21ea6c,我|可以|把|你|很|远|的|地方|去,lpw_b70bb4acc0|lpw_a0c7716669|lpw_f2b91797ea|lpw_8af2350cfd,lpw_b70bb4acc0|lpw_2442748e41|lpw_a0c7716669|lpw_f2b91797ea|lpw_8af2350cfd|lpw_99ae21ea6c,lpw_b70bb4acc0|lpw_0ef5c86fab|lpw_2442748e41|lpw_a0c7716669|lpw_f2b91797ea|lpw_8af2350cfd|lpw_1462a7d853|lpw_99ae21ea6c,9,4,6,8
1775,1777,17,3,false,"比一艘船去的地方还远,”",比|一艘船|去|的|地方|还|远,12,7,lpw_ab158a8483|lpw_99ae21ea6c|lpw_8af2350cfd|lpw_1462a7d853|lpw_1bc709b8bf|lpw_057c8f7842,比|去|的|地方|还|远,lpw_8af2350cfd,lpw_99ae21ea6c|lpw_8af2350cfd,lpw_99ae21ea6c|lpw_8af2350cfd|lpw_1462a7d853|lpw_1bc709b8bf,6,1,2,4
1776,1778,17,3,false,蛇说。,蛇|说,3,2,lpw_e49587b1da|lpw_ccca744613,蛇|说,lpw_ccca744613,lpw_ccca744613,lpw_ccca744613,2,1,1,1
1777,1779,17,3,false,"它盘在小王子的脚踝上,",它|盘|在|小王子|的|脚踝|上,11,7,lpw_7e9260e925|lpw_12404a0b63|lpw_87f2a033cf|lpw_8af2350cfd|lpw_db5ba671d2,它|在|小王子|的|上,lpw_7e9260e925|lpw_12404a0b63|lpw_87f2a033cf|lpw_8af2350cfd|lpw_db5ba671d2,lpw_7e9260e925|lpw_12404a0b63|lpw_87f2a033cf|lpw_8af2350cfd|lpw_db5ba671d2,lpw_7e9260e925|lpw_12404a0b63|lpw_87f2a033cf|lpw_8af2350cfd|lpw_db5ba671d2,5,5,5,5
1778,1780,17,3,false,像一只金镯子:,像|一只|金镯|子,7,4,lpw_cf8cedd58b|lpw_216a478784,像|一只,,,lpw_cf8cedd58b,2,0,0,1
1779,1781,17,3,false,"“凡是我碰过的人,",凡是|我|碰|过的|人,9,5,lpw_b70bb4acc0|lpw_50f5d65d57,我|人,lpw_b70bb4acc0|lpw_50f5d65d57,lpw_b70bb4acc0|lpw_50f5d65d57,lpw_b70bb4acc0|lpw_50f5d65d57,2,2,2,2
1780,1782,17,3,false,"我都把他们送回老家去,”",我|都|把|他们|送|回老家|去,12,7,lpw_b70bb4acc0|lpw_7eabb36ba1|lpw_2442748e41|lpw_10518f8f0a|lpw_99ae21ea6c,我|都|把|他们|去,lpw_b70bb4acc0|lpw_10518f8f0a,lpw_b70bb4acc0|lpw_7eabb36ba1|lpw_2442748e41|lpw_10518f8f0a|lpw_99ae21ea6c,lpw_b70bb4acc0|lpw_7eabb36ba1|lpw_2442748e41|lpw_10518f8f0a|lpw_99ae21ea6c,5,2,5,5
1781,1783,17,3,false,"它又说,",它|又|说,4,3,lpw_7e9260e925|lpw_e71ce5deab|lpw_ccca744613,它|又|说,lpw_7e9260e925|lpw_e71ce5deab|lpw_ccca744613,lpw_7e9260e925|lpw_e71ce5deab|lpw_ccca744613,lpw_7e9260e925|lpw_e71ce5deab|lpw_ccca744613,3,3,3,3
1782,1784,17,3,false,"“可你这么纯洁,",可|你|这么|纯洁,8,4,lpw_8b9cefa38e|lpw_a0c7716669|lpw_7677ca84c6,可|你|这么,lpw_a0c7716669,lpw_8b9cefa38e|lpw_a0c7716669,lpw_8b9cefa38e|lpw_a0c7716669|lpw_7677ca84c6,3,1,2,3
1783,1785,17,3,false,又是从一颗星星那儿来的......”,又是|从|一颗|星星|那儿|来|的,18,7,lpw_2719a8ea30|lpw_9a18d5dc38|lpw_6a9fec7faf|lpw_b4444021ad|lpw_6d8229118c|lpw_8af2350cfd,从|一颗|星星|那儿|来|的,lpw_6a9fec7faf|lpw_6d8229118c|lpw_8af2350cfd,lpw_6a9fec7faf|lpw_6d8229118c|lpw_8af2350cfd,lpw_2719a8ea30|lpw_6a9fec7faf|lpw_6d8229118c|lpw_8af2350cfd,6,3,3,4
1784,1786,17,3,false,小王子没有作声。,小王子|没有|作|声,8,4,lpw_87f2a033cf|lpw_f127804b92|lpw_7ff9df9923|lpw_693e132f27,小王子|没有|作|声,lpw_87f2a033cf,lpw_87f2a033cf|lpw_f127804b92,lpw_87f2a033cf|lpw_f127804b92|lpw_693e132f27,4,1,2,3
1785,1787,17,3,false,"“在这个花岗石的地球上,",在|这个|花岗石|的|地球|上,12,6,lpw_12404a0b63|lpw_979e2bc35b|lpw_8af2350cfd|lpw_eeef861b87|lpw_db5ba671d2,在|这个|的|地球|上,lpw_12404a0b63|lpw_8af2350cfd|lpw_db5ba671d2,lpw_12404a0b63|lpw_979e2bc35b|lpw_8af2350cfd|lpw_db5ba671d2,lpw_12404a0b63|lpw_979e2bc35b|lpw_8af2350cfd|lpw_eeef861b87|lpw_db5ba671d2,5,3,4,5
1786,1788,17,3,false,"你是这么弱小,",你是|这么|弱小,7,3,lpw_7677ca84c6,这么,,,lpw_7677ca84c6,1,0,0,1
1787,1789,17,3,false,我很可怜你。,我|很|可怜|你,6,4,lpw_b70bb4acc0|lpw_f2b91797ea|lpw_a0c7716669,我|很|你,lpw_b70bb4acc0|lpw_f2b91797ea|lpw_a0c7716669,lpw_b70bb4acc0|lpw_f2b91797ea|lpw_a0c7716669,lpw_b70bb4acc0|lpw_f2b91797ea|lpw_a0c7716669,3,3,3,3
1788,1790,17,3,false,"哪天你要是想念你的星星了,",哪|天|你要|是|想念|你|的|星星|了,13,9,lpw_49da61ceee|lpw_642b100e13|lpw_b5141d3d19|lpw_a0c7716669|lpw_8af2350cfd|lpw_6a9fec7faf|lpw_b2dd27e84f,天|你要|是|你|的|星星|了,lpw_b5141d3d19|lpw_a0c7716669|lpw_8af2350cfd|lpw_6a9fec7faf|lpw_b2dd27e84f,lpw_b5141d3d19|lpw_a0c7716669|lpw_8af2350cfd|lpw_6a9fec7faf|lpw_b2dd27e84f,lpw_49da61ceee|lpw_b5141d3d19|lpw_a0c7716669|lpw_8af2350cfd|lpw_6a9fec7faf|lpw_b2dd27e84f,7,5,5,6
1789,1791,17,3,false,我可以帮助你。,我|可以|帮助|你,7,4,lpw_b70bb4acc0|lpw_0ef5c86fab|lpw_a0c7716669,我|可以|你,lpw_b70bb4acc0|lpw_a0c7716669,lpw_b70bb4acc0|lpw_a0c7716669,lpw_b70bb4acc0|lpw_0ef5c86fab|lpw_a0c7716669,3,2,2,3
1790,1792,17,3,false,我可以......”,我|可以,10,2,lpw_b70bb4acc0|lpw_0ef5c86fab,我|可以,lpw_b70bb4acc0,lpw_b70bb4acc0,lpw_b70bb4acc0|lpw_0ef5c86fab,2,1,1,2
1791,1793,17,3,false,“噢!,噢,3,1,,,,,,0,0,0,0
1792,1794,17,3,false,"我明白你的意思,”",我|明白|你|的|意思,9,5,lpw_b70bb4acc0|lpw_8e37cd5f7f|lpw_a0c7716669|lpw_8af2350cfd|lpw_65eb352d08,我|明白|你|的|意思,lpw_b70bb4acc0|lpw_a0c7716669|lpw_8af2350cfd,lpw_b70bb4acc0|lpw_a0c7716669|lpw_8af2350cfd,lpw_b70bb4acc0|lpw_a0c7716669|lpw_8af2350cfd,5,3,3,3
1793,1795,17,3,false,"小王子说,",小王子|说,5,2,lpw_87f2a033cf|lpw_ccca744613,小王子|说,lpw_87f2a033cf|lpw_ccca744613,lpw_87f2a033cf|lpw_ccca744613,lpw_87f2a033cf|lpw_ccca744613,2,2,2,2
1794,1796,17,3,false,“可为什么你说的话都像谜似的?”,可|为什么|你|说|的话|都像|谜|似的,16,8,lpw_8b9cefa38e|lpw_1b919bb478|lpw_a0c7716669|lpw_ccca744613|lpw_9b952dd4e3,可|为什么|你|说|的话,lpw_a0c7716669|lpw_ccca744613,lpw_8b9cefa38e|lpw_a0c7716669|lpw_ccca744613,lpw_8b9cefa38e|lpw_a0c7716669|lpw_ccca744613,5,2,3,3
1795,1797,17,3,false,"“这些谜我都能解开,”",这些|谜|我|都能|解开,11,5,lpw_7a590a22cd|lpw_b70bb4acc0,这些|我,lpw_b70bb4acc0,lpw_b70bb4acc0,lpw_7a590a22cd|lpw_b70bb4acc0,2,1,1,2
1796,1798,17,3,false,蛇说。,蛇|说,3,2,lpw_e49587b1da|lpw_ccca744613,蛇|说,lpw_ccca744613,lpw_ccca744613,lpw_ccca744613,2,1,1,1
1797,1799,17,3,false,然后他们又都沉默了。,然后|他们|又|都|沉默|了,10,6,lpw_ca4f5ee82e|lpw_10518f8f0a|lpw_e71ce5deab|lpw_7eabb36ba1|lpw_b2dd27e84f,然后|他们|又|都|了,lpw_10518f8f0a|lpw_e71ce5deab|lpw_b2dd27e84f,lpw_10518f8f0a|lpw_e71ce5deab|lpw_7eabb36ba1|lpw_b2dd27e84f,lpw_10518f8f0a|lpw_e71ce5deab|lpw_7eabb36ba1|lpw_b2dd27e84f,5,3,4,4
1798,1800,18,3,true,18,,2,0,,,,,,0,0,0,0
1799,1801,18,3,false,"小王子穿过沙漠,",小王子|穿过|沙漠,8,3,lpw_87f2a033cf|lpw_4fbf406572,小王子|沙漠,lpw_87f2a033cf,lpw_87f2a033cf,lpw_87f2a033cf|lpw_4fbf406572,2,1,1,2
1800,1802,18,3,false,只见到了一朵花儿。,只|见到|了|一朵|花儿,9,5,lpw_409e2c3882|lpw_b2dd27e84f|lpw_aebd6fbbd2|lpw_059ab0f707,只|了|一朵|花儿,lpw_b2dd27e84f|lpw_059ab0f707,lpw_409e2c3882|lpw_b2dd27e84f|lpw_059ab0f707,lpw_409e2c3882|lpw_b2dd27e84f|lpw_aebd6fbbd2|lpw_059ab0f707,4,2,3,4
1801,1803,18,3,false,"一朵长着三片花瓣的花儿,",一朵|长|着|三|片|花瓣|的|花儿,12,8,lpw_aebd6fbbd2|lpw_597ae23d84|lpw_9e5bf0d2d9|lpw_a4c3313deb|lpw_8af2350cfd|lpw_059ab0f707,一朵|长|着|三|的|花儿,lpw_9e5bf0d2d9|lpw_8af2350cfd|lpw_059ab0f707,lpw_9e5bf0d2d9|lpw_8af2350cfd|lpw_059ab0f707,lpw_aebd6fbbd2|lpw_9e5bf0d2d9|lpw_8af2350cfd|lpw_059ab0f707,6,3,3,4
1802,1804,18,3,false,一朵不起眼的花儿......,一朵|不起眼|的|花儿,14,4,lpw_aebd6fbbd2|lpw_8af2350cfd|lpw_059ab0f707,一朵|的|花儿,lpw_8af2350cfd|lpw_059ab0f707,lpw_8af2350cfd|lpw_059ab0f707,lpw_aebd6fbbd2|lpw_8af2350cfd|lpw_059ab0f707,3,2,2,3
1803,1805,18,3,false,"“你好,”",你好,5,1,,,,,,0,0,0,0
1804,1806,18,3,false,小王子说。,小王子|说,5,2,lpw_87f2a033cf|lpw_ccca744613,小王子|说,lpw_87f2a033cf|lpw_ccca744613,lpw_87f2a033cf|lpw_ccca744613,lpw_87f2a033cf|lpw_ccca744613,2,2,2,2
1805,1807,18,3,false,"“你好,”",你好,5,1,,,,,,0,0,0,0
1806,1808,18,3,false,花儿说。,花儿|说,4,2,lpw_059ab0f707|lpw_ccca744613,花儿|说,lpw_059ab0f707|lpw_ccca744613,lpw_059ab0f707|lpw_ccca744613,lpw_059ab0f707|lpw_ccca744613,2,2,2,2
1807,1809,18,3,false,“人们在哪儿呢?”,人们|在|哪儿|呢,9,4,lpw_1ec687a275|lpw_12404a0b63|lpw_1ca2298198|lpw_02811cec0b,人们|在|哪儿|呢,lpw_12404a0b63|lpw_02811cec0b,lpw_12404a0b63|lpw_02811cec0b,lpw_12404a0b63|lpw_02811cec0b,4,2,2,2
1808,1810,18,3,false,小王子有礼貌地问。,小王子|有|礼貌|地|问,9,5,lpw_87f2a033cf|lpw_90ce0f66f0|lpw_bdbd41e490|lpw_4628c0e06f,小王子|有|地|问,lpw_87f2a033cf|lpw_90ce0f66f0|lpw_bdbd41e490,lpw_87f2a033cf|lpw_90ce0f66f0|lpw_bdbd41e490|lpw_4628c0e06f,lpw_87f2a033cf|lpw_90ce0f66f0|lpw_bdbd41e490|lpw_4628c0e06f,4,3,4,4
1809,1811,18,3,false,花儿看见过一支沙漠驼队经过:,花儿|看见|过|一支|沙漠|驼|队|经过,14,8,lpw_059ab0f707|lpw_7205426737|lpw_f777893480|lpw_4fbf406572,花儿|看见|过|沙漠,lpw_059ab0f707,lpw_059ab0f707|lpw_f777893480,lpw_059ab0f707|lpw_7205426737|lpw_f777893480|lpw_4fbf406572,4,1,2,4
1810,1812,18,3,false,"“人们?我想是有的,",人们|我想|是有|的,10,4,lpw_1ec687a275|lpw_42230da180|lpw_8af2350cfd,人们|我想|的,lpw_8af2350cfd,lpw_8af2350cfd,lpw_8af2350cfd,3,1,1,1
1811,1813,18,3,false,不是六个就是七个。,不是|六|个|就是|七个,9,5,lpw_584cd0fcf3|lpw_3a116815bc|lpw_88aa006eb3,不是|个|就是,,lpw_3a116815bc|lpw_88aa006eb3,lpw_3a116815bc|lpw_88aa006eb3,3,0,2,2
1812,1814,18,3,false,"好几年以前,",好几|年|以前,6,3,lpw_aa98317793,以前,,,,1,0,0,0
1813,1815,18,3,false,我见过他们。,我|见过|他们,6,3,lpw_b70bb4acc0|lpw_10518f8f0a,我|他们,lpw_b70bb4acc0|lpw_10518f8f0a,lpw_b70bb4acc0|lpw_10518f8f0a,lpw_b70bb4acc0|lpw_10518f8f0a,2,2,2,2
1814,1816,18,3,false,"不过谁也不知道,",不过|谁|也不|知道,8,4,lpw_72113362c6|lpw_056b9c6262|lpw_941252022a|lpw_d7b6472b11,不过|谁|也不|知道,,lpw_d7b6472b11,lpw_72113362c6|lpw_d7b6472b11,4,0,1,2
1815,1817,18,3,false,要上哪儿才能找到他们。,要|上|哪儿|才能|找到|他们,11,6,lpw_975f35218e|lpw_db5ba671d2|lpw_1ca2298198|lpw_10518f8f0a,要|上|哪儿|他们,lpw_db5ba671d2|lpw_10518f8f0a,lpw_975f35218e|lpw_db5ba671d2|lpw_10518f8f0a,lpw_975f35218e|lpw_db5ba671d2|lpw_10518f8f0a,4,2,3,3
1816,1818,18,3,false,"风把他们一会儿吹到这儿,",风|把|他们|一|会|儿|吹到|这儿,12,8,lpw_be65bd5518|lpw_2442748e41|lpw_10518f8f0a|lpw_51a75f4634|lpw_5ba1e3c0eb|lpw_1ed5efc3dc|lpw_19a29e87c9,风|把|他们|一|会|儿|这儿,lpw_10518f8f0a|lpw_5ba1e3c0eb,lpw_2442748e41|lpw_10518f8f0a|lpw_51a75f4634|lpw_5ba1e3c0eb|lpw_19a29e87c9,lpw_2442748e41|lpw_10518f8f0a|lpw_51a75f4634|lpw_5ba1e3c0eb|lpw_19a29e87c9,7,2,5,5
1817,1819,18,3,false,一会儿吹到那儿。,一|会|儿|吹到|那儿,8,5,lpw_51a75f4634|lpw_5ba1e3c0eb|lpw_1ed5efc3dc|lpw_b4444021ad,一|会|儿|那儿,lpw_5ba1e3c0eb,lpw_51a75f4634|lpw_5ba1e3c0eb,lpw_51a75f4634|lpw_5ba1e3c0eb,4,1,2,2
1818,1820,18,3,false,"他们没有根,",他们|没有|根,6,3,lpw_10518f8f0a|lpw_f127804b92,他们|没有,lpw_10518f8f0a,lpw_10518f8f0a|lpw_f127804b92,lpw_10518f8f0a|lpw_f127804b92,2,1,2,2
1819,1821,18,3,false,活得很辛苦。”,活|得很|辛苦,7,3,,,,,,0,0,0,0
1820,1822,18,3,false,"“再见了,”",再见|了,6,2,lpw_b2dd27e84f,了,lpw_b2dd27e84f,lpw_b2dd27e84f,lpw_b2dd27e84f,1,1,1,1
1821,1823,18,3,false,小王子说。,小王子|说,5,2,lpw_87f2a033cf|lpw_ccca744613,小王子|说,lpw_87f2a033cf|lpw_ccca744613,lpw_87f2a033cf|lpw_ccca744613,lpw_87f2a033cf|lpw_ccca744613,2,2,2,2
1822,1824,18,3,false,"“再见,”",再见,5,1,,,,,,0,0,0,0
1823,1825,18,3,false,花儿说。,花儿|说,4,2,lpw_059ab0f707|lpw_ccca744613,花儿|说,lpw_059ab0f707|lpw_ccca744613,lpw_059ab0f707|lpw_ccca744613,lpw_059ab0f707|lpw_ccca744613,2,2,2,2
1824,1826,19,3,true,19,,2,0,,,,,,0,0,0,0
1825,1827,19,3,false,小王子攀上一座高山。,小王子|攀上|一座|高山,10,4,lpw_87f2a033cf|lpw_e2d5460909,小王子|一座,lpw_87f2a033cf,lpw_87f2a033cf,lpw_87f2a033cf,2,1,1,1
1826,1828,19,3,false,他过去只见过三座齐膝高的火山。,他|过去|只|见过|三|座|齐|膝|高|的|火山,15,11,lpw_8b7b91e000|lpw_409e2c3882|lpw_a4c3313deb|lpw_001d9c64f7|lpw_8af2350cfd|lpw_dc749837f4,他|只|三|座|的|火山,lpw_8b7b91e000|lpw_8af2350cfd,lpw_8b7b91e000|lpw_409e2c3882|lpw_8af2350cfd,lpw_8b7b91e000|lpw_409e2c3882|lpw_8af2350cfd,6,2,3,3
1827,1829,19,3,false,他还把那座死火山当凳子坐哩。,他|还把|那|座|死|火山|当|凳子|坐|哩,14,10,lpw_8b7b91e000|lpw_5a2362a202|lpw_001d9c64f7|lpw_dc749837f4|lpw_142d843e71,他|那|座|火山|当,lpw_8b7b91e000|lpw_5a2362a202,lpw_8b7b91e000|lpw_5a2362a202,lpw_8b7b91e000|lpw_5a2362a202,5,2,2,2
1828,1830,19,3,false,"“从一座这么高的山上望下去,”",从|一座|这么|高|的|山上|望|下去,15,8,lpw_2719a8ea30|lpw_e2d5460909|lpw_7677ca84c6|lpw_8af2350cfd|lpw_260bd80462,从|一座|这么|的|望,lpw_8af2350cfd,lpw_8af2350cfd,lpw_2719a8ea30|lpw_7677ca84c6|lpw_8af2350cfd,5,1,1,3
1829,1831,19,3,false,"他心想,",他|心想,4,2,lpw_8b7b91e000,他,lpw_8b7b91e000,lpw_8b7b91e000,lpw_8b7b91e000,1,1,1,1
1830,1832,19,3,false,“我一眼就能看到整个星球和所有的人们......”,我|一眼|就|能|看到|整个|星球|和|所有|的|人们,25,11,lpw_b70bb4acc0|lpw_2f9d9872e5|lpw_413c06bcef|lpw_e9c1d16595|lpw_62f2d6c1a1|lpw_3d7114281f|lpw_ae99f297e9|lpw_8af2350cfd|lpw_1ec687a275,我|就|能|看到|星球|和|所有|的|人们,lpw_b70bb4acc0|lpw_2f9d9872e5|lpw_62f2d6c1a1|lpw_8af2350cfd,lpw_b70bb4acc0|lpw_2f9d9872e5|lpw_62f2d6c1a1|lpw_3d7114281f|lpw_8af2350cfd,lpw_b70bb4acc0|lpw_2f9d9872e5|lpw_62f2d6c1a1|lpw_3d7114281f|lpw_8af2350cfd,9,4,5,5
1831,1833,19,3,false,"可是,",可是,3,1,lpw_38ca4a9c76,可是,,lpw_38ca4a9c76,lpw_38ca4a9c76,1,0,1,1
1832,1834,19,3,false,他看到的只是些陡峭的山峰。,他|看到|的|只是|些|陡峭|的|山峰,13,8,lpw_8b7b91e000|lpw_e9c1d16595|lpw_8af2350cfd|lpw_af76fed85c,他|看到|的|些,lpw_8b7b91e000|lpw_8af2350cfd,lpw_8b7b91e000|lpw_8af2350cfd,lpw_8b7b91e000|lpw_8af2350cfd,4,2,2,2
1833,1835,19,3,false,"“你们好,”",你们|好,6,2,lpw_8a5d477bda|lpw_f867f34178,你们|好,,lpw_8a5d477bda|lpw_f867f34178,lpw_8a5d477bda|lpw_f867f34178,2,0,2,2
1834,1836,19,3,false,他怯生生地招呼说。,他|怯生生|地|招呼|说,9,5,lpw_8b7b91e000|lpw_bdbd41e490|lpw_ccca744613,他|地|说,lpw_8b7b91e000|lpw_bdbd41e490|lpw_ccca744613,lpw_8b7b91e000|lpw_bdbd41e490|lpw_ccca744613,lpw_8b7b91e000|lpw_bdbd41e490|lpw_ccca744613,3,3,3,3
1835,1837,19,3,false,“你们好......,你们|好,10,2,lpw_8a5d477bda|lpw_f867f34178,你们|好,,lpw_8a5d477bda|lpw_f867f34178,lpw_8a5d477bda|lpw_f867f34178,2,0,2,2
1836,1838,19,3,false,你们好......你们好......”,你们|好|你们|好,19,4,lpw_8a5d477bda|lpw_f867f34178,你们|好,,lpw_8a5d477bda|lpw_f867f34178,lpw_8a5d477bda|lpw_f867f34178,2,0,2,2
1837,1839,19,3,false,回声应道。,回声|应|道,5,3,lpw_00a9d5bd97,道,,,,1,0,0,0
1838,1840,19,3,false,“你们是谁呀?”,你们|是|谁|呀,8,4,lpw_8a5d477bda|lpw_b5141d3d19|lpw_056b9c6262|lpw_03fe6b38e7,你们|是|谁|呀,lpw_b5141d3d19,lpw_8a5d477bda|lpw_b5141d3d19,lpw_8a5d477bda|lpw_b5141d3d19|lpw_03fe6b38e7,4,1,2,3
1839,1841,19,3,false,小王子问。,小王子|问,5,2,lpw_87f2a033cf|lpw_4628c0e06f,小王子|问,lpw_87f2a033cf,lpw_87f2a033cf|lpw_4628c0e06f,lpw_87f2a033cf|lpw_4628c0e06f,2,1,2,2
1840,1842,19,3,false,“你们是谁呀......,你们|是|谁|呀,12,4,lpw_8a5d477bda|lpw_b5141d3d19|lpw_056b9c6262|lpw_03fe6b38e7,你们|是|谁|呀,lpw_b5141d3d19,lpw_8a5d477bda|lpw_b5141d3d19,lpw_8a5d477bda|lpw_b5141d3d19|lpw_03fe6b38e7,4,1,2,3
1841,1843,19,3,false,你们是谁呀......,你们|是|谁|呀,11,4,lpw_8a5d477bda|lpw_b5141d3d19|lpw_056b9c6262|lpw_03fe6b38e7,你们|是|谁|呀,lpw_b5141d3d19,lpw_8a5d477bda|lpw_b5141d3d19,lpw_8a5d477bda|lpw_b5141d3d19|lpw_03fe6b38e7,4,1,2,3
1842,1844,19,3,false,你们是谁呀......”,你们|是|谁|呀,12,4,lpw_8a5d477bda|lpw_b5141d3d19|lpw_056b9c6262|lpw_03fe6b38e7,你们|是|谁|呀,lpw_b5141d3d19,lpw_8a5d477bda|lpw_b5141d3d19,lpw_8a5d477bda|lpw_b5141d3d19|lpw_03fe6b38e7,4,1,2,3
1843,1845,19,3,false,回声应道。,回声|应|道,5,3,lpw_00a9d5bd97,道,,,,1,0,0,0
1844,1846,19,3,false,"“请做我的朋友吧,",请|做|我|的|朋友|吧,9,6,lpw_88d5840fab|lpw_94f5404441|lpw_b70bb4acc0|lpw_8af2350cfd|lpw_677aad1a0e|lpw_bad8b6c7ae,请|做|我|的|朋友|吧,lpw_b70bb4acc0|lpw_8af2350cfd,lpw_b70bb4acc0|lpw_8af2350cfd,lpw_b70bb4acc0|lpw_8af2350cfd|lpw_677aad1a0e|lpw_bad8b6c7ae,6,2,2,4
1845,1847,19,3,false,"我很孤独,”",我|很|孤独,6,3,lpw_b70bb4acc0|lpw_f2b91797ea,我|很,lpw_b70bb4acc0|lpw_f2b91797ea,lpw_b70bb4acc0|lpw_f2b91797ea,lpw_b70bb4acc0|lpw_f2b91797ea,2,2,2,2
1846,1848,19,3,false,他说。,他|说,3,2,lpw_8b7b91e000|lpw_ccca744613,他|说,lpw_8b7b91e000|lpw_ccca744613,lpw_8b7b91e000|lpw_ccca744613,lpw_8b7b91e000|lpw_ccca744613,2,2,2,2
1847,1849,19,3,false,“我很孤独......,我|很|孤独,11,3,lpw_b70bb4acc0|lpw_f2b91797ea,我|很,lpw_b70bb4acc0|lpw_f2b91797ea,lpw_b70bb4acc0|lpw_f2b91797ea,lpw_b70bb4acc0|lpw_f2b91797ea,2,2,2,2
1848,1850,19,3,false,我很孤独......,我|很|孤独,10,3,lpw_b70bb4acc0|lpw_f2b91797ea,我|很,lpw_b70bb4acc0|lpw_f2b91797ea,lpw_b70bb4acc0|lpw_f2b91797ea,lpw_b70bb4acc0|lpw_f2b91797ea,2,2,2,2
1849,1851,19,3,false,我很孤独......”,我|很|孤独,11,3,lpw_b70bb4acc0|lpw_f2b91797ea,我|很,lpw_b70bb4acc0|lpw_f2b91797ea,lpw_b70bb4acc0|lpw_f2b91797ea,lpw_b70bb4acc0|lpw_f2b91797ea,2,2,2,2
1850,1852,19,3,false,回声应道。,回声|应|道,5,3,lpw_00a9d5bd97,道,,,,1,0,0,0
1851,1853,19,3,false,“这颗行星可真怪!”,这|颗|行星|可|真|怪,10,6,lpw_d409ab2ab3|lpw_09901d3de2|lpw_19956b104c|lpw_8b9cefa38e|lpw_827d018e1b,这|颗|行星|可|真,lpw_d409ab2ab3,lpw_d409ab2ab3|lpw_8b9cefa38e,lpw_d409ab2ab3|lpw_8b9cefa38e,5,1,2,2
1852,1854,19,3,false,"他心想,",他|心想,4,2,lpw_8b7b91e000,他,lpw_8b7b91e000,lpw_8b7b91e000,lpw_8b7b91e000,1,1,1,1
1853,1855,19,3,false,"“又干,又尖,",又|干|又|尖,7,4,lpw_e71ce5deab|lpw_9ee0280bc4,又|干,lpw_e71ce5deab,lpw_e71ce5deab,lpw_e71ce5deab,2,1,1,1
1854,1856,19,3,false,又锋利。,又|锋利,4,2,lpw_e71ce5deab,又,lpw_e71ce5deab,lpw_e71ce5deab,lpw_e71ce5deab,1,1,1,1
1855,1857,19,3,false,人们一点想象力都没有。,人们|一点|想象力|都没有,11,4,lpw_1ec687a275|lpw_148b16e603,人们|一点,,,,2,0,0,0
1856,1858,19,3,false,他们老是重复别人对他们说的话......,他们|老是|重复|别人|对|他们|说|的话,20,8,lpw_10518f8f0a|lpw_74570c7270|lpw_ccca744613|lpw_9b952dd4e3,他们|对|说|的话,lpw_10518f8f0a|lpw_74570c7270|lpw_ccca744613,lpw_10518f8f0a|lpw_74570c7270|lpw_ccca744613,lpw_10518f8f0a|lpw_74570c7270|lpw_ccca744613,4,3,3,3
1857,1859,19,3,false,"在我那儿有一朵花儿,",在|我|那儿|有|一朵|花儿,10,6,lpw_12404a0b63|lpw_b70bb4acc0|lpw_b4444021ad|lpw_90ce0f66f0|lpw_aebd6fbbd2|lpw_059ab0f707,在|我|那儿|有|一朵|花儿,lpw_12404a0b63|lpw_b70bb4acc0|lpw_90ce0f66f0|lpw_059ab0f707,lpw_12404a0b63|lpw_b70bb4acc0|lpw_90ce0f66f0|lpw_059ab0f707,lpw_12404a0b63|lpw_b70bb4acc0|lpw_90ce0f66f0|lpw_aebd6fbbd2|lpw_059ab0f707,6,4,4,5
1858,1860,19,3,false,她总是先开口说话的......”,她|总是|先|开口|说话|的,16,6,lpw_2ab425e0c6|lpw_8af2350cfd,她|的,lpw_2ab425e0c6|lpw_8af2350cfd,lpw_2ab425e0c6|lpw_8af2350cfd,lpw_2ab425e0c6|lpw_8af2350cfd,2,2,2,2
1859,1861,19,3,false,"这颗行星又干,",这|颗|行星|又|干,7,5,lpw_d409ab2ab3|lpw_09901d3de2|lpw_19956b104c|lpw_e71ce5deab|lpw_9ee0280bc4,这|颗|行星|又|干,lpw_d409ab2ab3|lpw_e71ce5deab,lpw_d409ab2ab3|lpw_e71ce5deab,lpw_d409ab2ab3|lpw_e71ce5deab,5,2,2,2
1860,1862,19,3,false,"又尖,",又|尖,3,2,lpw_e71ce5deab,又,lpw_e71ce5deab,lpw_e71ce5deab,lpw_e71ce5deab,1,1,1,1
1861,1863,19,3,false,又锋利,又|锋利,3,2,lpw_e71ce5deab,又,lpw_e71ce5deab,lpw_e71ce5deab,lpw_e71ce5deab,1,1,1,1
1862,1864,20,3,true,20,,2,0,,,,,,0,0,0,0
1863,1865,20,3,false,"小王子在沙漠、山岩和雪地上走了很长时间以后,",小王子|在|沙漠|山|岩|和|雪|地上|走了|很|长|时间|以后,22,13,lpw_87f2a033cf|lpw_12404a0b63|lpw_4fbf406572|lpw_3d7114281f|lpw_25eba59465|lpw_f2b91797ea|lpw_597ae23d84|lpw_8b6ff49851|lpw_e6ad7a1dbc,小王子|在|沙漠|和|走了|很|长|时间|以后,lpw_87f2a033cf|lpw_12404a0b63|lpw_f2b91797ea,lpw_87f2a033cf|lpw_12404a0b63|lpw_3d7114281f|lpw_f2b91797ea,lpw_87f2a033cf|lpw_12404a0b63|lpw_4fbf406572|lpw_3d7114281f|lpw_f2b91797ea,9,3,4,5
1864,1866,20,3,false,终于发现了一条路。,终于|发现|了|一条|路,9,5,lpw_10493d06b9|lpw_b2dd27e84f,发现|了,lpw_b2dd27e84f,lpw_b2dd27e84f,lpw_b2dd27e84f,2,1,1,1
1865,1867,20,3,false,所有的路都通往有人住的地方。,所有|的|路|都|通往|有人|住|的|地方,14,9,lpw_ae99f297e9|lpw_8af2350cfd|lpw_7eabb36ba1|lpw_cbba0a98ab|lpw_1462a7d853,所有|的|都|住|地方,lpw_8af2350cfd,lpw_8af2350cfd|lpw_7eabb36ba1,lpw_8af2350cfd|lpw_7eabb36ba1|lpw_1462a7d853,5,1,2,3
1866,1868,20,3,false,"“你们好,”",你们|好,6,2,lpw_8a5d477bda|lpw_f867f34178,你们|好,,lpw_8a5d477bda|lpw_f867f34178,lpw_8a5d477bda|lpw_f867f34178,2,0,2,2
1867,1869,20,3,false,他说。,他|说,3,2,lpw_8b7b91e000|lpw_ccca744613,他|说,lpw_8b7b91e000|lpw_ccca744613,lpw_8b7b91e000|lpw_ccca744613,lpw_8b7b91e000|lpw_ccca744613,2,2,2,2
1868,1870,20,3,false,眼前是一座玫瑰盛开的花园。,眼前|是|一座|玫瑰|盛开|的|花园,13,7,lpw_b5141d3d19|lpw_e2d5460909|lpw_a6664df1ef|lpw_8af2350cfd,是|一座|玫瑰|的,lpw_b5141d3d19|lpw_8af2350cfd,lpw_b5141d3d19|lpw_8af2350cfd,lpw_b5141d3d19|lpw_a6664df1ef|lpw_8af2350cfd,4,2,2,3
1869,1871,20,3,false,"“你好,”",你好,5,1,,,,,,0,0,0,0
1870,1872,20,3,false,玫瑰们说。,玫瑰|们|说,5,3,lpw_a6664df1ef|lpw_b4dcb3305a|lpw_ccca744613,玫瑰|们|说,lpw_ccca744613,lpw_ccca744613,lpw_a6664df1ef|lpw_ccca744613,3,1,1,2
1871,1873,20,3,false,小王子瞧着她们。,小王子|瞧|着|她们,8,4,lpw_87f2a033cf|lpw_9e5bf0d2d9,小王子|着,lpw_87f2a033cf|lpw_9e5bf0d2d9,lpw_87f2a033cf|lpw_9e5bf0d2d9,lpw_87f2a033cf|lpw_9e5bf0d2d9,2,2,2,2
1872,1874,20,3,false,她们都长得和他的花儿一模一样。,她们|都|长得|和|他|的|花儿|一|模|一样,15,10,lpw_7eabb36ba1|lpw_3d7114281f|lpw_8b7b91e000|lpw_8af2350cfd|lpw_059ab0f707|lpw_51a75f4634|lpw_9dc5c0158d,都|和|他|的|花儿|一|一样,lpw_8b7b91e000|lpw_8af2350cfd|lpw_059ab0f707,lpw_7eabb36ba1|lpw_3d7114281f|lpw_8b7b91e000|lpw_8af2350cfd|lpw_059ab0f707|lpw_51a75f4634,lpw_7eabb36ba1|lpw_3d7114281f|lpw_8b7b91e000|lpw_8af2350cfd|lpw_059ab0f707|lpw_51a75f4634|lpw_9dc5c0158d,7,3,6,7
1873,1875,20,3,false,“你们是什么花呀?”,你们|是|什么|花|呀,10,5,lpw_8a5d477bda|lpw_b5141d3d19|lpw_c1b52e0e64|lpw_03fe6b38e7,你们|是|什么|呀,lpw_b5141d3d19|lpw_c1b52e0e64,lpw_8a5d477bda|lpw_b5141d3d19|lpw_c1b52e0e64,lpw_8a5d477bda|lpw_b5141d3d19|lpw_c1b52e0e64|lpw_03fe6b38e7,4,2,3,4
1874,1876,20,3,false,他惊奇地问。,他|惊奇|地|问,6,4,lpw_8b7b91e000|lpw_bdbd41e490|lpw_4628c0e06f,他|地|问,lpw_8b7b91e000|lpw_bdbd41e490,lpw_8b7b91e000|lpw_bdbd41e490|lpw_4628c0e06f,lpw_8b7b91e000|lpw_bdbd41e490|lpw_4628c0e06f,3,2,3,3
1875,1877,20,3,false,"“我们是玫瑰花,”",我们|是|玫瑰花,9,3,lpw_bcacb40df8|lpw_b5141d3d19,我们|是,lpw_b5141d3d19,lpw_b5141d3d19,lpw_b5141d3d19,2,1,1,1
1876,1878,20,3,false,玫瑰们说。,玫瑰|们|说,5,3,lpw_a6664df1ef|lpw_b4dcb3305a|lpw_ccca744613,玫瑰|们|说,lpw_ccca744613,lpw_ccca744613,lpw_a6664df1ef|lpw_ccca744613,3,1,1,2
1877,1879,20,3,false,“噢!”,噢,4,1,,,,,,0,0,0,0
1878,1880,20,3,false,小王子说......,小王子|说,10,2,lpw_87f2a033cf|lpw_ccca744613,小王子|说,lpw_87f2a033cf|lpw_ccca744613,lpw_87f2a033cf|lpw_ccca744613,lpw_87f2a033cf|lpw_ccca744613,2,2,2,2
1879,1881,20,3,false,他感到非常伤心。,他|感到|非常|伤心,8,4,lpw_8b7b91e000|lpw_15c2457566|lpw_2ccec3b419,他|感到|非常,lpw_8b7b91e000,lpw_8b7b91e000,lpw_8b7b91e000|lpw_15c2457566,3,1,1,2
1880,1882,20,3,false,"他的花儿跟他说过,",他|的|花儿|跟|他|说|过,9,7,lpw_8b7b91e000|lpw_8af2350cfd|lpw_059ab0f707|lpw_383a53d95c|lpw_ccca744613|lpw_f777893480,他|的|花儿|跟|说|过,lpw_8b7b91e000|lpw_8af2350cfd|lpw_059ab0f707|lpw_ccca744613,lpw_8b7b91e000|lpw_8af2350cfd|lpw_059ab0f707|lpw_ccca744613|lpw_f777893480,lpw_8b7b91e000|lpw_8af2350cfd|lpw_059ab0f707|lpw_383a53d95c|lpw_ccca744613|lpw_f777893480,6,4,5,6
1881,1883,20,3,false,她是整个宇宙中独一无二的花儿。,她是|整个|宇宙|中|独一无二|的|花儿,15,7,lpw_a567bdaa11|lpw_8af2350cfd|lpw_059ab0f707,中|的|花儿,lpw_8af2350cfd|lpw_059ab0f707,lpw_8af2350cfd|lpw_059ab0f707,lpw_8af2350cfd|lpw_059ab0f707,3,2,2,2
1882,1884,20,3,false,"可这儿,",可|这儿,4,2,lpw_8b9cefa38e|lpw_19a29e87c9,可|这儿,,lpw_8b9cefa38e|lpw_19a29e87c9,lpw_8b9cefa38e|lpw_19a29e87c9,2,0,2,2
1883,1885,20,3,false,"在一座花园里就有五千朵,",在|一座|花园|里|就有|五千|朵,12,7,lpw_12404a0b63|lpw_e2d5460909|lpw_79f43de6e3|lpw_0da9a35a4b,在|一座|里|朵,lpw_12404a0b63,lpw_12404a0b63|lpw_79f43de6e3,lpw_12404a0b63|lpw_79f43de6e3,4,1,2,2
1884,1886,20,3,false,全都一模一样!,全都|一|模|一样,7,4,lpw_51a75f4634|lpw_9dc5c0158d,一|一样,,lpw_51a75f4634,lpw_51a75f4634|lpw_9dc5c0158d,2,0,1,2
1885,1887,20,3,false,"“要是让她看到了,”",要是|让|她|看到|了,10,5,lpw_467b2562ed|lpw_ad37574404|lpw_2ab425e0c6|lpw_e9c1d16595|lpw_b2dd27e84f,要是|让|她|看到|了,lpw_ad37574404|lpw_2ab425e0c6|lpw_b2dd27e84f,lpw_ad37574404|lpw_2ab425e0c6|lpw_b2dd27e84f,lpw_467b2562ed|lpw_ad37574404|lpw_2ab425e0c6|lpw_b2dd27e84f,5,3,3,4
1886,1888,20,3,false,"他想,",他想,3,1,,,,,,0,0,0,0
1887,1889,20,3,false,“她一定会非常生气......,她|一定|会|非常|生气,15,5,lpw_2ab425e0c6|lpw_5ba1e3c0eb|lpw_2ccec3b419,她|会|非常,lpw_2ab425e0c6|lpw_5ba1e3c0eb,lpw_2ab425e0c6|lpw_5ba1e3c0eb,lpw_2ab425e0c6|lpw_5ba1e3c0eb,3,2,2,2
1888,1890,20,3,false,"她会拼命咳嗽,",她|会|拼命|咳嗽,7,4,lpw_2ab425e0c6|lpw_5ba1e3c0eb,她|会,lpw_2ab425e0c6|lpw_5ba1e3c0eb,lpw_2ab425e0c6|lpw_5ba1e3c0eb,lpw_2ab425e0c6|lpw_5ba1e3c0eb,2,2,2,2
1889,1891,20,3,false,"她还会假装死去,",她|还|会|假装|死去,8,5,lpw_2ab425e0c6|lpw_1bc709b8bf|lpw_5ba1e3c0eb,她|还|会,lpw_2ab425e0c6|lpw_5ba1e3c0eb,lpw_2ab425e0c6|lpw_5ba1e3c0eb,lpw_2ab425e0c6|lpw_1bc709b8bf|lpw_5ba1e3c0eb,3,2,2,3
1890,1892,20,3,false,"免得让人耻笑。我呢,",免得|让|人|耻|笑|我|呢,10,7,lpw_ad37574404|lpw_50f5d65d57|lpw_1d8fb5e34e|lpw_b70bb4acc0|lpw_02811cec0b,让|人|笑|我|呢,lpw_ad37574404|lpw_50f5d65d57|lpw_b70bb4acc0|lpw_02811cec0b,lpw_ad37574404|lpw_50f5d65d57|lpw_b70bb4acc0|lpw_02811cec0b,lpw_ad37574404|lpw_50f5d65d57|lpw_b70bb4acc0|lpw_02811cec0b,5,4,4,4
1891,1893,20,3,false,"还得假装去照料她,",还|得|假装|去|照料|她,9,6,lpw_1bc709b8bf|lpw_71b1ed1114|lpw_99ae21ea6c|lpw_2ab425e0c6,还|得|去|她,lpw_2ab425e0c6,lpw_71b1ed1114|lpw_99ae21ea6c|lpw_2ab425e0c6,lpw_1bc709b8bf|lpw_71b1ed1114|lpw_99ae21ea6c|lpw_2ab425e0c6,4,1,3,4
1892,1894,20,3,false,"否则她为了让我感到羞愧,",否则|她|为了|让|我|感到|羞愧,12,7,lpw_2ab425e0c6|lpw_2ed64c1d92|lpw_ad37574404|lpw_b70bb4acc0|lpw_15c2457566,她|为了|让|我|感到,lpw_2ab425e0c6|lpw_ad37574404|lpw_b70bb4acc0,lpw_2ab425e0c6|lpw_ad37574404|lpw_b70bb4acc0,lpw_2ab425e0c6|lpw_ad37574404|lpw_b70bb4acc0|lpw_15c2457566,5,3,3,4
1893,1895,20,3,false,说不定真的会让自己死去......”,说不定|真的|会|让|自己|死去,18,6,lpw_63e84e56ed|lpw_5ba1e3c0eb|lpw_ad37574404|lpw_fb43354d2a,说不定|会|让|自己,lpw_5ba1e3c0eb|lpw_ad37574404,lpw_5ba1e3c0eb|lpw_ad37574404|lpw_fb43354d2a,lpw_5ba1e3c0eb|lpw_ad37574404|lpw_fb43354d2a,4,2,3,3
1894,1896,20,3,false,随后他又想:,随后|他|又|想,6,4,lpw_8b7b91e000|lpw_e71ce5deab|lpw_df0d251938,他|又|想,lpw_8b7b91e000|lpw_e71ce5deab,lpw_8b7b91e000|lpw_e71ce5deab,lpw_8b7b91e000|lpw_e71ce5deab|lpw_df0d251938,3,2,2,3
1895,1897,20,3,false,"“我还以为自己拥有的是独一无二的一朵花儿呢,",我还|以为|自己|拥有|的是|独一无二|的|一朵|花儿|呢,22,10,lpw_fb43354d2a|lpw_5e1dc2a833|lpw_8af2350cfd|lpw_aebd6fbbd2|lpw_059ab0f707|lpw_02811cec0b,自己|的是|的|一朵|花儿|呢,lpw_8af2350cfd|lpw_059ab0f707|lpw_02811cec0b,lpw_fb43354d2a|lpw_8af2350cfd|lpw_059ab0f707|lpw_02811cec0b,lpw_fb43354d2a|lpw_8af2350cfd|lpw_aebd6fbbd2|lpw_059ab0f707|lpw_02811cec0b,6,3,4,5
1896,1898,20,3,false,可我有的只是普普通通的一朵玫瑰花罢了。,可|我有|的|只是|普|普通|通|的|一朵|玫瑰花|罢了,19,11,lpw_8b9cefa38e|lpw_59cbe38d1c|lpw_8af2350cfd|lpw_aebd6fbbd2,可|我有|的|一朵,lpw_8af2350cfd,lpw_8b9cefa38e|lpw_8af2350cfd,lpw_8b9cefa38e|lpw_8af2350cfd|lpw_aebd6fbbd2,4,1,2,3
1897,1899,20,3,false,"这朵花儿,",这|朵|花儿,5,3,lpw_d409ab2ab3|lpw_0da9a35a4b|lpw_059ab0f707,这|朵|花儿,lpw_d409ab2ab3|lpw_059ab0f707,lpw_d409ab2ab3|lpw_059ab0f707,lpw_d409ab2ab3|lpw_059ab0f707,3,2,2,2
1898,1900,20,3,false,"加上那三座只到我膝盖的火山,",加上|那|三|座|只|到|我|膝盖|的|火山,14,10,lpw_5a2362a202|lpw_a4c3313deb|lpw_001d9c64f7|lpw_409e2c3882|lpw_b56f36b529|lpw_b70bb4acc0|lpw_8af2350cfd|lpw_dc749837f4,那|三|座|只|到|我|的|火山,lpw_5a2362a202|lpw_b70bb4acc0|lpw_8af2350cfd,lpw_5a2362a202|lpw_409e2c3882|lpw_b70bb4acc0|lpw_8af2350cfd,lpw_5a2362a202|lpw_409e2c3882|lpw_b70bb4acc0|lpw_8af2350cfd,8,3,4,4
1899,1901,20,3,false,"其中有一座还说不定永远不会再喷发,",其中|有|一座|还|说不定|永远|不会|再|喷发,17,9,lpw_90ce0f66f0|lpw_e2d5460909|lpw_1bc709b8bf|lpw_63e84e56ed|lpw_c7ae73a94d,有|一座|还|说不定|不会,lpw_90ce0f66f0,lpw_90ce0f66f0,lpw_90ce0f66f0|lpw_1bc709b8bf,5,1,1,2
1900,1902,20,3,false,"就凭这些,",就|凭|这些,5,3,lpw_2f9d9872e5|lpw_7a590a22cd,就|这些,lpw_2f9d9872e5,lpw_2f9d9872e5,lpw_2f9d9872e5|lpw_7a590a22cd,2,1,1,2
1901,1903,20,3,false,我怎么也成不了一个伟大的王子......”,我|怎么|也|成|不了|一个|伟大|的|王子,21,9,lpw_b70bb4acc0|lpw_5ee8091a38|lpw_658605835b|lpw_e1dbc1c99f|lpw_8af2350cfd,我|怎么|也|一个|的,lpw_b70bb4acc0|lpw_e1dbc1c99f|lpw_8af2350cfd,lpw_b70bb4acc0|lpw_658605835b|lpw_e1dbc1c99f|lpw_8af2350cfd,lpw_b70bb4acc0|lpw_658605835b|lpw_e1dbc1c99f|lpw_8af2350cfd,5,3,4,4
1902,1904,20,3,false,"想着想着,",想|着想|着,5,3,lpw_df0d251938|lpw_9e5bf0d2d9,想|着,lpw_9e5bf0d2d9,lpw_9e5bf0d2d9,lpw_df0d251938|lpw_9e5bf0d2d9,2,1,1,2
1903,1905,20,3,false,他趴在草地上哭了起来。,他|趴在|草地|上|哭了|起来,11,6,lpw_8b7b91e000|lpw_db5ba671d2|lpw_b8a694b2df,他|上|起来,lpw_8b7b91e000|lpw_db5ba671d2,lpw_8b7b91e000|lpw_db5ba671d2,lpw_8b7b91e000|lpw_db5ba671d2|lpw_b8a694b2df,3,2,2,3
1904,1906,21,3,true,21,,2,0,,,,,,0,0,0,0
1905,1907,21,3,false,就在这时狐狸出现了。,就在|这时|狐狸|出现|了,10,5,lpw_0a93e4ffe2|lpw_b2dd27e84f,狐狸|了,lpw_b2dd27e84f,lpw_b2dd27e84f,lpw_b2dd27e84f,2,1,1,1
1906,1908,21,3,false,"“早哇,”",早|哇,5,2,,,,,,0,0,0,0
1907,1909,21,3,false,狐狸说。,狐狸|说,4,2,lpw_0a93e4ffe2|lpw_ccca744613,狐狸|说,lpw_ccca744613,lpw_ccca744613,lpw_ccca744613,2,1,1,1
1908,1910,21,3,false,"“早,”",早,4,1,,,,,,0,0,0,0
1909,1911,21,3,false,"小王子有礼貌地回答,",小王子|有|礼貌|地|回答,10,5,lpw_87f2a033cf|lpw_90ce0f66f0|lpw_bdbd41e490|lpw_f3f5126487,小王子|有|地|回答,lpw_87f2a033cf|lpw_90ce0f66f0|lpw_bdbd41e490,lpw_87f2a033cf|lpw_90ce0f66f0|lpw_bdbd41e490|lpw_f3f5126487,lpw_87f2a033cf|lpw_90ce0f66f0|lpw_bdbd41e490|lpw_f3f5126487,4,3,4,4
1910,1912,21,3,false,"他转过身来,",他|转|过|身|来,6,5,lpw_8b7b91e000|lpw_9482d0359c|lpw_f777893480|lpw_6d8229118c,他|转|过|来,lpw_8b7b91e000|lpw_6d8229118c,lpw_8b7b91e000|lpw_f777893480|lpw_6d8229118c,lpw_8b7b91e000|lpw_f777893480|lpw_6d8229118c,4,2,3,3
1911,1913,21,3,false,却什么也没看到。,却|什么|也没|看到,8,4,lpw_da153c5b45|lpw_c1b52e0e64|lpw_e9c1d16595,却|什么|看到,lpw_c1b52e0e64,lpw_c1b52e0e64,lpw_c1b52e0e64,3,1,1,1
1912,1914,21,3,false,"“我在这儿呢,”",我在|这儿|呢,8,3,lpw_33f40475f8|lpw_19a29e87c9|lpw_02811cec0b,我在|这儿|呢,lpw_02811cec0b,lpw_19a29e87c9|lpw_02811cec0b,lpw_19a29e87c9|lpw_02811cec0b,3,1,2,2
1913,1915,21,3,false,"那声音说,",那|声音|说,5,3,lpw_5a2362a202|lpw_473400815c|lpw_ccca744613,那|声音|说,lpw_5a2362a202|lpw_ccca744613,lpw_5a2362a202|lpw_ccca744613,lpw_5a2362a202|lpw_ccca744613,3,2,2,2
1914,1916,21,3,false,“在苹果树下面......”,在|苹果|树|下面,14,4,lpw_12404a0b63,在,lpw_12404a0b63,lpw_12404a0b63,lpw_12404a0b63,1,1,1,1
1915,1917,21,3,false,“你是谁?”,你是|谁,6,2,lpw_056b9c6262,谁,,,,1,0,0,0
1916,1918,21,3,false,"小王子说,",小王子|说,5,2,lpw_87f2a033cf|lpw_ccca744613,小王子|说,lpw_87f2a033cf|lpw_ccca744613,lpw_87f2a033cf|lpw_ccca744613,lpw_87f2a033cf|lpw_ccca744613,2,2,2,2
1917,1919,21,3,false,“你很漂亮。”,你|很|漂亮,7,3,lpw_a0c7716669|lpw_f2b91797ea,你|很,lpw_a0c7716669|lpw_f2b91797ea,lpw_a0c7716669|lpw_f2b91797ea,lpw_a0c7716669|lpw_f2b91797ea,2,2,2,2
1918,1920,21,3,false,"“我是一只狐狸,”",我是|一只|狐狸,9,3,lpw_06ba27715e|lpw_216a478784|lpw_0a93e4ffe2,我是|一只|狐狸,,,,3,0,0,0
1919,1921,21,3,false,狐狸说。,狐狸|说,4,2,lpw_0a93e4ffe2|lpw_ccca744613,狐狸|说,lpw_ccca744613,lpw_ccca744613,lpw_ccca744613,2,1,1,1
1920,1922,21,3,false,"“来和我一起玩吧,”",来|和|我|一起|玩|吧,10,6,lpw_6d8229118c|lpw_3d7114281f|lpw_b70bb4acc0|lpw_bad8b6c7ae,来|和|我|吧,lpw_6d8229118c|lpw_b70bb4acc0,lpw_6d8229118c|lpw_3d7114281f|lpw_b70bb4acc0,lpw_6d8229118c|lpw_3d7114281f|lpw_b70bb4acc0|lpw_bad8b6c7ae,4,2,3,4
1921,1923,21,3,false,"小王子提议,",小王子|提议,6,2,lpw_87f2a033cf,小王子,lpw_87f2a033cf,lpw_87f2a033cf,lpw_87f2a033cf,1,1,1,1
1922,1924,21,3,false,“我很不快活......”,我|很不|快活,13,3,lpw_b70bb4acc0,我,lpw_b70bb4acc0,lpw_b70bb4acc0,lpw_b70bb4acc0,1,1,1,1
1923,1925,21,3,false,"“我不能和你一起玩,”",我|不能|和|你|一起|玩,11,6,lpw_b70bb4acc0|lpw_3d7114281f|lpw_a0c7716669,我|和|你,lpw_b70bb4acc0|lpw_a0c7716669,lpw_b70bb4acc0|lpw_3d7114281f|lpw_a0c7716669,lpw_b70bb4acc0|lpw_3d7114281f|lpw_a0c7716669,3,2,3,3
1924,1926,21,3,false,"狐狸说,",狐狸|说,4,2,lpw_0a93e4ffe2|lpw_ccca744613,狐狸|说,lpw_ccca744613,lpw_ccca744613,lpw_ccca744613,2,1,1,1
1925,1927,21,3,false,“还没人驯养过我呢。”,还|没|人|驯|养|过|我|呢,11,8,lpw_1bc709b8bf|lpw_279e8b3573|lpw_50f5d65d57|lpw_c3a6e91c19|lpw_bd49c65dde|lpw_f777893480|lpw_b70bb4acc0|lpw_02811cec0b,还|没|人|驯|养|过|我|呢,lpw_50f5d65d57|lpw_b70bb4acc0|lpw_02811cec0b,lpw_279e8b3573|lpw_50f5d65d57|lpw_f777893480|lpw_b70bb4acc0|lpw_02811cec0b,lpw_1bc709b8bf|lpw_279e8b3573|lpw_50f5d65d57|lpw_f777893480|lpw_b70bb4acc0|lpw_02811cec0b,8,3,5,6
1926,1928,21,3,false,"“啊!对不起,”",啊|对不起,8,2,lpw_7c2c50fbaf,啊,,,,1,0,0,0
1927,1929,21,3,false,小王子说。,小王子|说,5,2,lpw_87f2a033cf|lpw_ccca744613,小王子|说,lpw_87f2a033cf|lpw_ccca744613,lpw_87f2a033cf|lpw_ccca744613,lpw_87f2a033cf|lpw_ccca744613,2,2,2,2
1928,1930,21,3,false,"不过,",不过,3,1,lpw_72113362c6,不过,,,lpw_72113362c6,1,0,0,1
1929,1931,21,3,false,他想了想又说:,他想|了|想|又|说,7,5,lpw_b2dd27e84f|lpw_df0d251938|lpw_e71ce5deab|lpw_ccca744613,了|想|又|说,lpw_b2dd27e84f|lpw_e71ce5deab|lpw_ccca744613,lpw_b2dd27e84f|lpw_e71ce5deab|lpw_ccca744613,lpw_b2dd27e84f|lpw_df0d251938|lpw_e71ce5deab|lpw_ccca744613,4,3,3,4
1930,1932,21,3,false,“‘驯养’,驯|养,5,2,lpw_c3a6e91c19|lpw_bd49c65dde,驯|养,,,,2,0,0,0
1931,1933,21,3,false,是什么意思?”,是|什么|意思,7,3,lpw_b5141d3d19|lpw_c1b52e0e64|lpw_65eb352d08,是|什么|意思,lpw_b5141d3d19|lpw_c1b52e0e64,lpw_b5141d3d19|lpw_c1b52e0e64,lpw_b5141d3d19|lpw_c1b52e0e64,3,2,2,2
1932,1934,21,3,false,"“你一定不是这儿的人,”",你|一定|不是|这儿|的|人,12,6,lpw_a0c7716669|lpw_584cd0fcf3|lpw_19a29e87c9|lpw_8af2350cfd|lpw_50f5d65d57,你|不是|这儿|的|人,lpw_a0c7716669|lpw_8af2350cfd|lpw_50f5d65d57,lpw_a0c7716669|lpw_19a29e87c9|lpw_8af2350cfd|lpw_50f5d65d57,lpw_a0c7716669|lpw_19a29e87c9|lpw_8af2350cfd|lpw_50f5d65d57,5,3,4,4
1933,1935,21,3,false,"狐狸说,",狐狸|说,4,2,lpw_0a93e4ffe2|lpw_ccca744613,狐狸|说,lpw_ccca744613,lpw_ccca744613,lpw_ccca744613,2,1,1,1
1934,1936,21,3,false,“你来寻找什么呢?”,你来|寻找|什么|呢,10,4,lpw_c1b52e0e64|lpw_02811cec0b,什么|呢,lpw_c1b52e0e64|lpw_02811cec0b,lpw_c1b52e0e64|lpw_02811cec0b,lpw_c1b52e0e64|lpw_02811cec0b,2,2,2,2
1935,1937,21,3,false,"“我来找人,”",我来|找人,7,2,,,,,,0,0,0,0
1936,1938,21,3,false,小王子说。,小王子|说,5,2,lpw_87f2a033cf|lpw_ccca744613,小王子|说,lpw_87f2a033cf|lpw_ccca744613,lpw_87f2a033cf|lpw_ccca744613,lpw_87f2a033cf|lpw_ccca744613,2,2,2,2
1937,1939,21,3,false,“‘驯养’,驯|养,5,2,lpw_c3a6e91c19|lpw_bd49c65dde,驯|养,,,,2,0,0,0
1938,1940,21,3,false,是什么意思?”,是|什么|意思,7,3,lpw_b5141d3d19|lpw_c1b52e0e64|lpw_65eb352d08,是|什么|意思,lpw_b5141d3d19|lpw_c1b52e0e64,lpw_b5141d3d19|lpw_c1b52e0e64,lpw_b5141d3d19|lpw_c1b52e0e64,3,2,2,2
1939,1941,21,3,false,"“人哪,”",人|哪,5,2,lpw_50f5d65d57,人,lpw_50f5d65d57,lpw_50f5d65d57,lpw_50f5d65d57,1,1,1,1
1940,1942,21,3,false,"狐狸说,",狐狸|说,4,2,lpw_0a93e4ffe2|lpw_ccca744613,狐狸|说,lpw_ccca744613,lpw_ccca744613,lpw_ccca744613,2,1,1,1
1941,1943,21,3,false,"“他们有枪,还打猎。",他们|有枪|还|打猎,10,4,lpw_10518f8f0a|lpw_1bc709b8bf,他们|还,lpw_10518f8f0a,lpw_10518f8f0a,lpw_10518f8f0a|lpw_1bc709b8bf,2,1,1,2
1942,1944,21,3,false,讨厌极了!,讨厌|极了,5,2,,,,,,0,0,0,0
1943,1945,21,3,false,"他们还养母鸡,",他们|还养|母鸡,7,3,lpw_10518f8f0a,他们,lpw_10518f8f0a,lpw_10518f8f0a,lpw_10518f8f0a,1,1,1,1
1944,1946,21,3,false,这总算有点意思。,这|总算|有点|意思,8,4,lpw_d409ab2ab3|lpw_29506aa712|lpw_65eb352d08,这|有点|意思,lpw_d409ab2ab3,lpw_d409ab2ab3,lpw_d409ab2ab3|lpw_29506aa712,3,1,1,2
1945,1947,21,3,false,你也找母鸡吗?”,你|也|找|母鸡|吗,8,5,lpw_a0c7716669|lpw_658605835b|lpw_c277be8a4b|lpw_5ac1612110,你|也|找|吗,lpw_a0c7716669,lpw_a0c7716669|lpw_658605835b,lpw_a0c7716669|lpw_658605835b|lpw_5ac1612110,4,1,2,3
1946,1948,21,3,false,"“不找,”",不|找,5,2,lpw_b02dfe2160|lpw_c277be8a4b,不|找,,lpw_b02dfe2160,lpw_b02dfe2160,2,0,1,1
1947,1949,21,3,false,小王子说。,小王子|说,5,2,lpw_87f2a033cf|lpw_ccca744613,小王子|说,lpw_87f2a033cf|lpw_ccca744613,lpw_87f2a033cf|lpw_ccca744613,lpw_87f2a033cf|lpw_ccca744613,2,2,2,2
1948,1950,21,3,false,“我找朋友。‘驯养’,我|找|朋友|驯|养,10,5,lpw_b70bb4acc0|lpw_c277be8a4b|lpw_677aad1a0e|lpw_c3a6e91c19|lpw_bd49c65dde,我|找|朋友|驯|养,lpw_b70bb4acc0,lpw_b70bb4acc0,lpw_b70bb4acc0|lpw_677aad1a0e,5,1,1,2
1949,1951,21,3,false,是什么意思?”,是|什么|意思,7,3,lpw_b5141d3d19|lpw_c1b52e0e64|lpw_65eb352d08,是|什么|意思,lpw_b5141d3d19|lpw_c1b52e0e64,lpw_b5141d3d19|lpw_c1b52e0e64,lpw_b5141d3d19|lpw_c1b52e0e64,3,2,2,2
1950,1952,21,3,false,"“这是一件经常被忽略的事情,”",这|是|一件|经常|被|忽略|的|事情,15,8,lpw_d409ab2ab3|lpw_b5141d3d19|lpw_8af2350cfd|lpw_e66d9fac19,这|是|的|事情,lpw_d409ab2ab3|lpw_b5141d3d19|lpw_8af2350cfd,lpw_d409ab2ab3|lpw_b5141d3d19|lpw_8af2350cfd,lpw_d409ab2ab3|lpw_b5141d3d19|lpw_8af2350cfd,4,3,3,3
1951,1953,21,3,false,狐狸说。,狐狸|说,4,2,lpw_0a93e4ffe2|lpw_ccca744613,狐狸|说,lpw_ccca744613,lpw_ccca744613,lpw_ccca744613,2,1,1,1
1952,1954,21,3,false,“意思是‘建立感情联系’...,意思|是|建立|感情|联系,15,5,lpw_65eb352d08|lpw_b5141d3d19,意思|是,lpw_b5141d3d19,lpw_b5141d3d19,lpw_b5141d3d19,2,1,1,1
1953,1955,21,3,false,“建立感情联系?”,建立|感情|联系,9,3,,,,,,0,0,0,0
1954,1956,21,3,false,"“当然,”",当然,5,1,lpw_0002e2d87f,当然,,,,1,0,0,0
1955,1957,21,3,false,"狐狸说,",狐狸|说,4,2,lpw_0a93e4ffe2|lpw_ccca744613,狐狸|说,lpw_ccca744613,lpw_ccca744613,lpw_ccca744613,2,1,1,1
1956,1958,21,3,false,"“现在你对我来说,",现在|你|对|我|来说,9,5,lpw_43584f37c1|lpw_a0c7716669|lpw_74570c7270|lpw_b70bb4acc0|lpw_a0cc5593ee,现在|你|对|我|来说,lpw_a0c7716669|lpw_74570c7270|lpw_b70bb4acc0,lpw_a0c7716669|lpw_74570c7270|lpw_b70bb4acc0,lpw_a0c7716669|lpw_74570c7270|lpw_b70bb4acc0|lpw_a0cc5593ee,5,3,3,4
1957,1959,21,3,false,"只不过是个小男孩,",只不过是|个|小|男孩,9,4,lpw_3a116815bc|lpw_6a7339bb75,个|小,,lpw_3a116815bc|lpw_6a7339bb75,lpw_3a116815bc|lpw_6a7339bb75,2,0,2,2
1958,1960,21,3,false,跟成千上万别的小男孩毫无两样。,跟|成千上万|别的|小|男孩|毫无|两|样,15,8,lpw_383a53d95c|lpw_3966c0d55d|lpw_6a7339bb75|lpw_83385d2eda,跟|别的|小|两,,lpw_6a7339bb75,lpw_383a53d95c|lpw_6a7339bb75,4,0,1,2
1959,1961,21,3,false,我不需要你。,我|不需要|你,6,3,lpw_b70bb4acc0|lpw_a0c7716669,我|你,lpw_b70bb4acc0|lpw_a0c7716669,lpw_b70bb4acc0|lpw_a0c7716669,lpw_b70bb4acc0|lpw_a0c7716669,2,2,2,2
1960,1962,21,3,false,你也不需要我。,你|也不|需要|我,7,4,lpw_a0c7716669|lpw_941252022a|lpw_b70bb4acc0,你|也不|我,lpw_a0c7716669|lpw_b70bb4acc0,lpw_a0c7716669|lpw_b70bb4acc0,lpw_a0c7716669|lpw_b70bb4acc0,3,2,2,2
1961,1963,21,3,false,"我对你来说,",我|对|你|来说,6,4,lpw_b70bb4acc0|lpw_74570c7270|lpw_a0c7716669|lpw_a0cc5593ee,我|对|你|来说,lpw_b70bb4acc0|lpw_74570c7270|lpw_a0c7716669,lpw_b70bb4acc0|lpw_74570c7270|lpw_a0c7716669,lpw_b70bb4acc0|lpw_74570c7270|lpw_a0c7716669|lpw_a0cc5593ee,4,3,3,4
1962,1964,21,3,false,"也只不过是个狐狸,",也|只不过是|个|狐狸,9,4,lpw_658605835b|lpw_3a116815bc|lpw_0a93e4ffe2,也|个|狐狸,,lpw_658605835b|lpw_3a116815bc,lpw_658605835b|lpw_3a116815bc,3,0,2,2
1963,1965,21,3,false,跟成千上万别的狐狸毫无两样。,跟|成千上万|别的|狐狸|毫无|两|样,14,7,lpw_383a53d95c|lpw_3966c0d55d|lpw_0a93e4ffe2|lpw_83385d2eda,跟|别的|狐狸|两,,,lpw_383a53d95c,4,0,0,1
1964,1966,21,3,false,"但是,",但是,3,1,lpw_8cb1f721c8,但是,,,,1,0,0,0
1965,1967,21,3,false,"你要是驯养了我,",你要|是|驯|养了|我,8,5,lpw_642b100e13|lpw_b5141d3d19|lpw_c3a6e91c19|lpw_b70bb4acc0,你要|是|驯|我,lpw_b5141d3d19|lpw_b70bb4acc0,lpw_b5141d3d19|lpw_b70bb4acc0,lpw_b5141d3d19|lpw_b70bb4acc0,4,2,2,2
1966,1968,21,3,false,我俩就彼此都需要对方了。,我|俩|就|彼此|都|需要|对方|了,12,8,lpw_b70bb4acc0|lpw_2f9d9872e5|lpw_7eabb36ba1|lpw_b2dd27e84f,我|就|都|了,lpw_b70bb4acc0|lpw_2f9d9872e5|lpw_b2dd27e84f,lpw_b70bb4acc0|lpw_2f9d9872e5|lpw_7eabb36ba1|lpw_b2dd27e84f,lpw_b70bb4acc0|lpw_2f9d9872e5|lpw_7eabb36ba1|lpw_b2dd27e84f,4,3,4,4
1967,1969,21,3,false,你对我来说是世界上独一无二的。,你|对|我|来说|是|世界上|独一无二|的,15,8,lpw_a0c7716669|lpw_74570c7270|lpw_b70bb4acc0|lpw_a0cc5593ee|lpw_b5141d3d19|lpw_8af2350cfd,你|对|我|来说|是|的,lpw_a0c7716669|lpw_74570c7270|lpw_b70bb4acc0|lpw_b5141d3d19|lpw_8af2350cfd,lpw_a0c7716669|lpw_74570c7270|lpw_b70bb4acc0|lpw_b5141d3d19|lpw_8af2350cfd,lpw_a0c7716669|lpw_74570c7270|lpw_b70bb4acc0|lpw_a0cc5593ee|lpw_b5141d3d19|lpw_8af2350cfd,6,5,5,6
1968,1970,21,3,false,"我对你来说,",我|对|你|来说,6,4,lpw_b70bb4acc0|lpw_74570c7270|lpw_a0c7716669|lpw_a0cc5593ee,我|对|你|来说,lpw_b70bb4acc0|lpw_74570c7270|lpw_a0c7716669,lpw_b70bb4acc0|lpw_74570c7270|lpw_a0c7716669,lpw_b70bb4acc0|lpw_74570c7270|lpw_a0c7716669|lpw_a0cc5593ee,4,3,3,4
1969,1971,21,3,false,也是世界上独一无二的......”,也是|世界上|独一无二|的,17,4,lpw_256c0476ed|lpw_8af2350cfd,也是|的,lpw_8af2350cfd,lpw_8af2350cfd,lpw_8af2350cfd,2,1,1,1
1970,1972,21,3,false,"“我有点明白了,”",我|有点|明白|了,9,4,lpw_b70bb4acc0|lpw_29506aa712|lpw_8e37cd5f7f|lpw_b2dd27e84f,我|有点|明白|了,lpw_b70bb4acc0|lpw_b2dd27e84f,lpw_b70bb4acc0|lpw_b2dd27e84f,lpw_b70bb4acc0|lpw_29506aa712|lpw_b2dd27e84f,4,2,2,3
1971,1973,21,3,false,"小王子说,",小王子|说,5,2,lpw_87f2a033cf|lpw_ccca744613,小王子|说,lpw_87f2a033cf|lpw_ccca744613,lpw_87f2a033cf|lpw_ccca744613,lpw_87f2a033cf|lpw_ccca744613,2,2,2,2
1972,1974,21,3,false,“有一朵花儿......,有|一朵|花儿,12,3,lpw_90ce0f66f0|lpw_aebd6fbbd2|lpw_059ab0f707,有|一朵|花儿,lpw_90ce0f66f0|lpw_059ab0f707,lpw_90ce0f66f0|lpw_059ab0f707,lpw_90ce0f66f0|lpw_aebd6fbbd2|lpw_059ab0f707,3,2,2,3
1973,1975,21,3,false,我想她是驯养了我......”,我想|她是|驯|养了|我,15,5,lpw_42230da180|lpw_c3a6e91c19|lpw_b70bb4acc0,我想|驯|我,lpw_b70bb4acc0,lpw_b70bb4acc0,lpw_b70bb4acc0,3,1,1,1
1974,1976,21,3,false,"“有可能,”",有|可能,6,2,lpw_90ce0f66f0,有,lpw_90ce0f66f0,lpw_90ce0f66f0,lpw_90ce0f66f0,1,1,1,1
1975,1977,21,3,false,"狐狸说,",狐狸|说,4,2,lpw_0a93e4ffe2|lpw_ccca744613,狐狸|说,lpw_ccca744613,lpw_ccca744613,lpw_ccca744613,2,1,1,1
1976,1978,21,3,false,“这个地球上各色各样的事都有......”,这个|地球|上|各色各样|的|事|都有,21,7,lpw_979e2bc35b|lpw_eeef861b87|lpw_db5ba671d2|lpw_8af2350cfd|lpw_1d9ed56951,这个|地球|上|的|事,lpw_db5ba671d2|lpw_8af2350cfd,lpw_979e2bc35b|lpw_db5ba671d2|lpw_8af2350cfd|lpw_1d9ed56951,lpw_979e2bc35b|lpw_eeef861b87|lpw_db5ba671d2|lpw_8af2350cfd|lpw_1d9ed56951,5,2,4,5
1977,1979,21,3,false,"“哦!不是在地球上,”",哦|不是|在|地球|上,11,5,lpw_584cd0fcf3|lpw_12404a0b63|lpw_eeef861b87|lpw_db5ba671d2,不是|在|地球|上,lpw_12404a0b63|lpw_db5ba671d2,lpw_12404a0b63|lpw_db5ba671d2,lpw_12404a0b63|lpw_eeef861b87|lpw_db5ba671d2,4,2,2,3
1978,1980,21,3,false,小王子说。,小王子|说,5,2,lpw_87f2a033cf|lpw_ccca744613,小王子|说,lpw_87f2a033cf|lpw_ccca744613,lpw_87f2a033cf|lpw_ccca744613,lpw_87f2a033cf|lpw_ccca744613,2,2,2,2
1979,1981,21,3,false,狐狸看上去很惊讶:,狐狸|看上去|很|惊讶,9,4,lpw_0a93e4ffe2|lpw_f2b91797ea,狐狸|很,lpw_f2b91797ea,lpw_f2b91797ea,lpw_f2b91797ea,2,1,1,1
1980,1982,21,3,false,“在另一个星球上?”,在|另|一个|星球|上,10,5,lpw_12404a0b63|lpw_e1dbc1c99f|lpw_62f2d6c1a1|lpw_db5ba671d2,在|一个|星球|上,lpw_12404a0b63|lpw_e1dbc1c99f|lpw_62f2d6c1a1|lpw_db5ba671d2,lpw_12404a0b63|lpw_e1dbc1c99f|lpw_62f2d6c1a1|lpw_db5ba671d2,lpw_12404a0b63|lpw_e1dbc1c99f|lpw_62f2d6c1a1|lpw_db5ba671d2,4,4,4,4
1981,1983,21,3,false,“对。”,对,4,1,lpw_74570c7270,对,lpw_74570c7270,lpw_74570c7270,lpw_74570c7270,1,1,1,1
1982,1984,21,3,false,“在那个星球上有没有猎人呢?”,在|那个|星球|上有|没有|猎人|呢,15,7,lpw_12404a0b63|lpw_fa6e73c549|lpw_62f2d6c1a1|lpw_f127804b92|lpw_02811cec0b,在|那个|星球|没有|呢,lpw_12404a0b63|lpw_62f2d6c1a1|lpw_02811cec0b,lpw_12404a0b63|lpw_62f2d6c1a1|lpw_f127804b92|lpw_02811cec0b,lpw_12404a0b63|lpw_62f2d6c1a1|lpw_f127804b92|lpw_02811cec0b,5,3,4,4
1983,1985,21,3,false,“没有。”,没有,5,1,lpw_f127804b92,没有,,lpw_f127804b92,lpw_f127804b92,1,0,1,1
1984,1986,21,3,false,"“哈,这很有意思!",哈|这|很|有意思,9,4,lpw_d409ab2ab3|lpw_f2b91797ea,这|很,lpw_d409ab2ab3|lpw_f2b91797ea,lpw_d409ab2ab3|lpw_f2b91797ea,lpw_d409ab2ab3|lpw_f2b91797ea,2,2,2,2
1985,1987,21,3,false,那么母鸡呢?”,那么|母鸡|呢,7,3,lpw_a61f02e145|lpw_02811cec0b,那么|呢,lpw_02811cec0b,lpw_02811cec0b,lpw_a61f02e145|lpw_02811cec0b,2,1,1,2
1986,1988,21,3,false,“没有。”,没有,5,1,lpw_f127804b92,没有,,lpw_f127804b92,lpw_f127804b92,1,0,1,1
1987,1989,21,3,false,"“没有十全十美的事呵,”",没有|十全十美|的|事|呵,12,5,lpw_f127804b92|lpw_8af2350cfd|lpw_1d9ed56951,没有|的|事,lpw_8af2350cfd,lpw_f127804b92|lpw_8af2350cfd|lpw_1d9ed56951,lpw_f127804b92|lpw_8af2350cfd|lpw_1d9ed56951,3,1,3,3
1988,1990,21,3,false,狐狸叹气说。,狐狸|叹气|说,6,3,lpw_0a93e4ffe2|lpw_ccca744613,狐狸|说,lpw_ccca744613,lpw_ccca744613,lpw_ccca744613,2,1,1,1
1989,1991,21,3,false,"不过,",不过,3,1,lpw_72113362c6,不过,,,lpw_72113362c6,1,0,0,1
1990,1992,21,3,false,狐狸很快又回到刚才的想法上来:,狐狸|很快|又|回到|刚才|的|想法|上来,15,8,lpw_0a93e4ffe2|lpw_e71ce5deab|lpw_8af2350cfd,狐狸|又|的,lpw_e71ce5deab|lpw_8af2350cfd,lpw_e71ce5deab|lpw_8af2350cfd,lpw_e71ce5deab|lpw_8af2350cfd,3,2,2,2
1991,1993,21,3,false,“我的生活很单调。,我|的|生活|很|单调,9,5,lpw_b70bb4acc0|lpw_8af2350cfd|lpw_f2b91797ea,我|的|很,lpw_b70bb4acc0|lpw_8af2350cfd|lpw_f2b91797ea,lpw_b70bb4acc0|lpw_8af2350cfd|lpw_f2b91797ea,lpw_b70bb4acc0|lpw_8af2350cfd|lpw_f2b91797ea,3,3,3,3
1992,1994,21,3,false,"我去捉鸡,人来捉我。",我去|捉|鸡|人|来|捉|我,10,7,lpw_50f5d65d57|lpw_6d8229118c|lpw_b70bb4acc0,人|来|我,lpw_50f5d65d57|lpw_6d8229118c|lpw_b70bb4acc0,lpw_50f5d65d57|lpw_6d8229118c|lpw_b70bb4acc0,lpw_50f5d65d57|lpw_6d8229118c|lpw_b70bb4acc0,3,3,3,3
1993,1995,21,3,false,"母鸡全都长得一个模样,",母鸡|全都|长得|一个|模样,11,5,lpw_e1dbc1c99f,一个,lpw_e1dbc1c99f,lpw_e1dbc1c99f,lpw_e1dbc1c99f,1,1,1,1
1994,1996,21,3,false,人也全都长得一个模样。,人|也|全都|长得|一个|模样,11,6,lpw_50f5d65d57|lpw_658605835b|lpw_e1dbc1c99f,人|也|一个,lpw_50f5d65d57|lpw_e1dbc1c99f,lpw_50f5d65d57|lpw_658605835b|lpw_e1dbc1c99f,lpw_50f5d65d57|lpw_658605835b|lpw_e1dbc1c99f,3,2,3,3
1995,1997,21,3,false,所以我有点腻了。,所以|我|有点|腻|了,8,5,lpw_a2f7e42081|lpw_b70bb4acc0|lpw_29506aa712|lpw_b2dd27e84f,所以|我|有点|了,lpw_b70bb4acc0|lpw_b2dd27e84f,lpw_b70bb4acc0|lpw_b2dd27e84f,lpw_b70bb4acc0|lpw_29506aa712|lpw_b2dd27e84f,4,2,2,3
1996,1998,21,3,false,"不过,要是你驯养我,",不过|要是|你|驯|养|我,10,6,lpw_72113362c6|lpw_467b2562ed|lpw_a0c7716669|lpw_c3a6e91c19|lpw_bd49c65dde|lpw_b70bb4acc0,不过|要是|你|驯|养|我,lpw_a0c7716669|lpw_b70bb4acc0,lpw_a0c7716669|lpw_b70bb4acc0,lpw_72113362c6|lpw_467b2562ed|lpw_a0c7716669|lpw_b70bb4acc0,6,2,2,4
1997,1999,21,3,false,我的生活就会变得充满阳光。,我|的|生活|就|会|变得|充满|阳光,13,8,lpw_b70bb4acc0|lpw_8af2350cfd|lpw_2f9d9872e5|lpw_5ba1e3c0eb|lpw_23e89ba0a1,我|的|就|会|变得,lpw_b70bb4acc0|lpw_8af2350cfd|lpw_2f9d9872e5|lpw_5ba1e3c0eb,lpw_b70bb4acc0|lpw_8af2350cfd|lpw_2f9d9872e5|lpw_5ba1e3c0eb,lpw_b70bb4acc0|lpw_8af2350cfd|lpw_2f9d9872e5|lpw_5ba1e3c0eb,5,4,4,4
1998,2000,21,3,false,我会辨认出一种和其他所有人都不同的脚步声。,我|会|辨认|出|一种|和|其他|所有|人|都|不同|的|脚步|声,21,14,lpw_b70bb4acc0|lpw_5ba1e3c0eb|lpw_3d7114281f|lpw_ae99f297e9|lpw_50f5d65d57|lpw_7eabb36ba1|lpw_8af2350cfd|lpw_693e132f27,我|会|和|所有|人|都|的|声,lpw_b70bb4acc0|lpw_5ba1e3c0eb|lpw_50f5d65d57|lpw_8af2350cfd,lpw_b70bb4acc0|lpw_5ba1e3c0eb|lpw_3d7114281f|lpw_50f5d65d57|lpw_7eabb36ba1|lpw_8af2350cfd,lpw_b70bb4acc0|lpw_5ba1e3c0eb|lpw_3d7114281f|lpw_50f5d65d57|lpw_7eabb36ba1|lpw_8af2350cfd|lpw_693e132f27,8,4,6,7
1999,2001,21,3,false,"听见别的脚步声,",听见|别的|脚步|声,8,4,lpw_3966c0d55d|lpw_693e132f27,别的|声,,,lpw_693e132f27,2,0,0,1
2000,2002,21,3,false,"我会往地底下钻,",我|会|往|地|底下|钻,8,6,lpw_b70bb4acc0|lpw_5ba1e3c0eb|lpw_bdbd41e490,我|会|地,lpw_b70bb4acc0|lpw_5ba1e3c0eb|lpw_bdbd41e490,lpw_b70bb4acc0|lpw_5ba1e3c0eb|lpw_bdbd41e490,lpw_b70bb4acc0|lpw_5ba1e3c0eb|lpw_bdbd41e490,3,3,3,3
2001,2003,21,3,false,"而你的脚步声,",而|你|的|脚步|声,7,5,lpw_08e2725ce1|lpw_a0c7716669|lpw_8af2350cfd|lpw_693e132f27,而|你|的|声,lpw_a0c7716669|lpw_8af2350cfd,lpw_a0c7716669|lpw_8af2350cfd,lpw_08e2725ce1|lpw_a0c7716669|lpw_8af2350cfd|lpw_693e132f27,4,2,2,4
2002,2004,21,3,false,"会像音乐一样,",会|像|音乐|一样,7,4,lpw_5ba1e3c0eb|lpw_cf8cedd58b|lpw_9dc5c0158d,会|像|一样,lpw_5ba1e3c0eb,lpw_5ba1e3c0eb,lpw_5ba1e3c0eb|lpw_cf8cedd58b|lpw_9dc5c0158d,3,1,1,3
2003,2005,21,3,false,把我召唤到洞外。,把|我|召唤|到|洞|外,8,6,lpw_2442748e41|lpw_b70bb4acc0|lpw_b56f36b529,把|我|到,lpw_b70bb4acc0,lpw_2442748e41|lpw_b70bb4acc0,lpw_2442748e41|lpw_b70bb4acc0,3,1,2,2
2004,2006,21,3,false,"还有,你看!",还有|你|看,6,3,lpw_83eec76b39|lpw_a0c7716669|lpw_61f43315f9,还有|你|看,lpw_a0c7716669,lpw_a0c7716669,lpw_a0c7716669|lpw_61f43315f9,3,1,1,2
2005,2007,21,3,false,你看到那边的麦田了吗?,你|看到|那边|的|麦田|了|吗,11,7,lpw_a0c7716669|lpw_e9c1d16595|lpw_8af2350cfd|lpw_b2dd27e84f|lpw_5ac1612110,你|看到|的|了|吗,lpw_a0c7716669|lpw_8af2350cfd|lpw_b2dd27e84f,lpw_a0c7716669|lpw_8af2350cfd|lpw_b2dd27e84f,lpw_a0c7716669|lpw_8af2350cfd|lpw_b2dd27e84f|lpw_5ac1612110,5,3,3,4
2006,2008,21,3,false,我是不吃面包的。,我是|不吃|面包|的,8,4,lpw_06ba27715e|lpw_8af2350cfd,我是|的,lpw_8af2350cfd,lpw_8af2350cfd,lpw_8af2350cfd,2,1,1,1
2007,2009,21,3,false,麦子对我来说毫无用处。,麦子|对|我|来说|毫无|用处,11,6,lpw_74570c7270|lpw_b70bb4acc0|lpw_a0cc5593ee,对|我|来说,lpw_74570c7270|lpw_b70bb4acc0,lpw_74570c7270|lpw_b70bb4acc0,lpw_74570c7270|lpw_b70bb4acc0|lpw_a0cc5593ee,3,2,2,3
2008,2010,21,3,false,我对麦田无动于衷。,我|对|麦田|无|动|于|衷,9,7,lpw_b70bb4acc0|lpw_74570c7270,我|对,lpw_b70bb4acc0|lpw_74570c7270,lpw_b70bb4acc0|lpw_74570c7270,lpw_b70bb4acc0|lpw_74570c7270,2,2,2,2
2009,2011,21,3,false,可悲就可悲在这儿!,可悲|就|可悲|在|这儿,9,5,lpw_2f9d9872e5|lpw_12404a0b63|lpw_19a29e87c9,就|在|这儿,lpw_2f9d9872e5|lpw_12404a0b63,lpw_2f9d9872e5|lpw_12404a0b63|lpw_19a29e87c9,lpw_2f9d9872e5|lpw_12404a0b63|lpw_19a29e87c9,3,2,3,3
2010,2012,21,3,false,而你的头发是金黄色的。,而|你|的|头发|是|金|黄色|的,11,8,lpw_08e2725ce1|lpw_a0c7716669|lpw_8af2350cfd|lpw_b5141d3d19,而|你|的|是,lpw_a0c7716669|lpw_8af2350cfd|lpw_b5141d3d19,lpw_a0c7716669|lpw_8af2350cfd|lpw_b5141d3d19,lpw_08e2725ce1|lpw_a0c7716669|lpw_8af2350cfd|lpw_b5141d3d19,4,3,3,4
2011,2013,21,3,false,"所以,",所以,3,1,lpw_a2f7e42081,所以,,,,1,0,0,0
2012,2014,21,3,false,"一旦你驯养了我,",一旦|你|驯|养了|我,8,5,lpw_a0c7716669|lpw_c3a6e91c19|lpw_b70bb4acc0,你|驯|我,lpw_a0c7716669|lpw_b70bb4acc0,lpw_a0c7716669|lpw_b70bb4acc0,lpw_a0c7716669|lpw_b70bb4acc0,3,2,2,2
2013,2015,21,3,false,事情就变得很美妙了!,事情|就|变得|很|美妙|了,10,6,lpw_e66d9fac19|lpw_2f9d9872e5|lpw_23e89ba0a1|lpw_f2b91797ea|lpw_b2dd27e84f,事情|就|变得|很|了,lpw_2f9d9872e5|lpw_f2b91797ea|lpw_b2dd27e84f,lpw_2f9d9872e5|lpw_f2b91797ea|lpw_b2dd27e84f,lpw_2f9d9872e5|lpw_f2b91797ea|lpw_b2dd27e84f,5,3,3,3
2014,2016,21,3,false,"金黄色的麦子,",金|黄色|的|麦子,7,4,lpw_8af2350cfd,的,lpw_8af2350cfd,lpw_8af2350cfd,lpw_8af2350cfd,1,1,1,1
2015,2017,21,3,false,会让我想起你。,会|让|我|想起|你,7,5,lpw_5ba1e3c0eb|lpw_ad37574404|lpw_b70bb4acc0|lpw_a0c7716669,会|让|我|你,lpw_5ba1e3c0eb|lpw_ad37574404|lpw_b70bb4acc0|lpw_a0c7716669,lpw_5ba1e3c0eb|lpw_ad37574404|lpw_b70bb4acc0|lpw_a0c7716669,lpw_5ba1e3c0eb|lpw_ad37574404|lpw_b70bb4acc0|lpw_a0c7716669,4,4,4,4
2016,2018,21,3,false,我会喜爱风儿吹拂麦浪的声音......”,我|会|喜爱|风|儿|吹拂|麦|浪|的|声音,20,10,lpw_b70bb4acc0|lpw_5ba1e3c0eb|lpw_be65bd5518|lpw_1ed5efc3dc|lpw_8af2350cfd|lpw_473400815c,我|会|风|儿|的|声音,lpw_b70bb4acc0|lpw_5ba1e3c0eb|lpw_8af2350cfd,lpw_b70bb4acc0|lpw_5ba1e3c0eb|lpw_8af2350cfd,lpw_b70bb4acc0|lpw_5ba1e3c0eb|lpw_8af2350cfd,6,3,3,3
2017,2019,21,3,false,"狐狸停下来,",狐狸|停下|来,6,3,lpw_0a93e4ffe2|lpw_6d8229118c,狐狸|来,lpw_6d8229118c,lpw_6d8229118c,lpw_6d8229118c,2,1,1,1
2018,2020,21,3,false,久久地注视着小王子:,久久|地|注视着|小王子,10,4,lpw_bdbd41e490|lpw_87f2a033cf,地|小王子,lpw_bdbd41e490|lpw_87f2a033cf,lpw_bdbd41e490|lpw_87f2a033cf,lpw_bdbd41e490|lpw_87f2a033cf,2,2,2,2
2019,2021,21,3,false,“请你......驯养我吧!”,请|你|驯|养|我|吧,15,6,lpw_88d5840fab|lpw_a0c7716669|lpw_c3a6e91c19|lpw_bd49c65dde|lpw_b70bb4acc0|lpw_bad8b6c7ae,请|你|驯|养|我|吧,lpw_a0c7716669|lpw_b70bb4acc0,lpw_a0c7716669|lpw_b70bb4acc0,lpw_a0c7716669|lpw_b70bb4acc0|lpw_bad8b6c7ae,6,2,2,3
2020,2022,21,3,false,他说。,他|说,3,2,lpw_8b7b91e000|lpw_ccca744613,他|说,lpw_8b7b91e000|lpw_ccca744613,lpw_8b7b91e000|lpw_ccca744613,lpw_8b7b91e000|lpw_ccca744613,2,2,2,2
2021,2023,21,3,false,"如果你能在下午四点钟来,",如果|你|能|在|下午|四|点钟|来,12,8,lpw_7ca71b72d7|lpw_a0c7716669|lpw_413c06bcef|lpw_12404a0b63|lpw_754a9d5828|lpw_6d8229118c,如果|你|能|在|四|来,lpw_a0c7716669|lpw_12404a0b63|lpw_6d8229118c,lpw_a0c7716669|lpw_12404a0b63|lpw_6d8229118c,lpw_a0c7716669|lpw_12404a0b63|lpw_6d8229118c,6,3,3,3
2022,2024,21,3,false,那么我在三点钟就会开始有一种幸福的感觉。,那么|我在|三点钟|就|会|开始|有|一种|幸福|的|感觉,20,11,lpw_a61f02e145|lpw_33f40475f8|lpw_2f9d9872e5|lpw_5ba1e3c0eb|lpw_90ce0f66f0|lpw_8af2350cfd,那么|我在|就|会|有|的,lpw_2f9d9872e5|lpw_5ba1e3c0eb|lpw_90ce0f66f0|lpw_8af2350cfd,lpw_2f9d9872e5|lpw_5ba1e3c0eb|lpw_90ce0f66f0|lpw_8af2350cfd,lpw_a61f02e145|lpw_2f9d9872e5|lpw_5ba1e3c0eb|lpw_90ce0f66f0|lpw_8af2350cfd,6,4,4,5
2023,2025,21,3,false,"“我很愿意,”",我|很|愿意,7,3,lpw_b70bb4acc0|lpw_f2b91797ea,我|很,lpw_b70bb4acc0|lpw_f2b91797ea,lpw_b70bb4acc0|lpw_f2b91797ea,lpw_b70bb4acc0|lpw_f2b91797ea,2,2,2,2
2024,2026,21,3,false,"小王子回答说,",小王子|回答|说,7,3,lpw_87f2a033cf|lpw_f3f5126487|lpw_ccca744613,小王子|回答|说,lpw_87f2a033cf|lpw_ccca744613,lpw_87f2a033cf|lpw_f3f5126487|lpw_ccca744613,lpw_87f2a033cf|lpw_f3f5126487|lpw_ccca744613,3,2,3,3
2025,2027,21,3,false,“可是我时间不多了。,可是|我|时间|不多|了,10,5,lpw_38ca4a9c76|lpw_b70bb4acc0|lpw_8b6ff49851|lpw_b2dd27e84f,可是|我|时间|了,lpw_b70bb4acc0|lpw_b2dd27e84f,lpw_38ca4a9c76|lpw_b70bb4acc0|lpw_b2dd27e84f,lpw_38ca4a9c76|lpw_b70bb4acc0|lpw_b2dd27e84f,4,2,3,3
2026,2028,21,3,false,"我得去找朋友,",我|得|去|找|朋友,7,5,lpw_b70bb4acc0|lpw_71b1ed1114|lpw_99ae21ea6c|lpw_c277be8a4b|lpw_677aad1a0e,我|得|去|找|朋友,lpw_b70bb4acc0,lpw_b70bb4acc0|lpw_71b1ed1114|lpw_99ae21ea6c,lpw_b70bb4acc0|lpw_71b1ed1114|lpw_99ae21ea6c|lpw_677aad1a0e,5,1,3,4
2027,2029,21,3,false,还得去了解许多东西。”,还|得|去|了解|许多|东西,11,6,lpw_1bc709b8bf|lpw_71b1ed1114|lpw_99ae21ea6c|lpw_b181350186,还|得|去|东西,,lpw_71b1ed1114|lpw_99ae21ea6c,lpw_1bc709b8bf|lpw_71b1ed1114|lpw_99ae21ea6c|lpw_b181350186,4,0,2,4
2028,2030,21,3,false,"“只有驯养过的东西,",只有|驯|养|过的|东西,10,5,lpw_ba8bd7c8c9|lpw_c3a6e91c19|lpw_bd49c65dde|lpw_b181350186,只有|驯|养|东西,,,lpw_b181350186,4,0,0,1
2029,2031,21,3,false,"你才会了解它,”",你|才|会|了解|它,8,5,lpw_a0c7716669|lpw_5ba1e3c0eb|lpw_7e9260e925,你|会|它,lpw_a0c7716669|lpw_5ba1e3c0eb|lpw_7e9260e925,lpw_a0c7716669|lpw_5ba1e3c0eb|lpw_7e9260e925,lpw_a0c7716669|lpw_5ba1e3c0eb|lpw_7e9260e925,3,3,3,3
2030,2032,21,3,false,"狐狸说,",狐狸|说,4,2,lpw_0a93e4ffe2|lpw_ccca744613,狐狸|说,lpw_ccca744613,lpw_ccca744613,lpw_ccca744613,2,1,1,1
2031,2033,21,3,false,“人们也没有时间去了解任何东西。,人们|也没有|时间|去|了解|任何|东西,16,7,lpw_1ec687a275|lpw_8b6ff49851|lpw_99ae21ea6c|lpw_b181350186,人们|时间|去|东西,,lpw_99ae21ea6c,lpw_99ae21ea6c|lpw_b181350186,4,0,1,2
2032,2034,21,3,false,他们总到商店去购买现成的东西。,他们|总|到|商店|去|购买|现成|的|东西,15,9,lpw_10518f8f0a|lpw_b56f36b529|lpw_99ae21ea6c|lpw_8af2350cfd|lpw_b181350186,他们|到|去|的|东西,lpw_10518f8f0a|lpw_8af2350cfd,lpw_10518f8f0a|lpw_99ae21ea6c|lpw_8af2350cfd,lpw_10518f8f0a|lpw_99ae21ea6c|lpw_8af2350cfd|lpw_b181350186,5,2,3,4
2033,2035,21,3,false,"但是不存在出售朋友的商店,",但是|不存在|出售|朋友|的|商店,13,6,lpw_8cb1f721c8|lpw_677aad1a0e|lpw_8af2350cfd,但是|朋友|的,lpw_8af2350cfd,lpw_8af2350cfd,lpw_677aad1a0e|lpw_8af2350cfd,3,1,1,2
2034,2036,21,3,false,所以人们也就不会有朋友。,所以|人们|也就|不会有|朋友,12,5,lpw_a2f7e42081|lpw_1ec687a275|lpw_677aad1a0e,所以|人们|朋友,,,lpw_677aad1a0e,3,0,0,1
2035,2037,21,3,false,"你如果想要有个朋友,",你|如果|想要|有|个|朋友,10,6,lpw_a0c7716669|lpw_7ca71b72d7|lpw_90ce0f66f0|lpw_3a116815bc|lpw_677aad1a0e,你|如果|有|个|朋友,lpw_a0c7716669|lpw_90ce0f66f0,lpw_a0c7716669|lpw_90ce0f66f0|lpw_3a116815bc,lpw_a0c7716669|lpw_90ce0f66f0|lpw_3a116815bc|lpw_677aad1a0e,5,2,3,4
2036,2038,21,3,false,就驯养我吧!”,就|驯|养|我|吧,7,5,lpw_2f9d9872e5|lpw_c3a6e91c19|lpw_bd49c65dde|lpw_b70bb4acc0|lpw_bad8b6c7ae,就|驯|养|我|吧,lpw_2f9d9872e5|lpw_b70bb4acc0,lpw_2f9d9872e5|lpw_b70bb4acc0,lpw_2f9d9872e5|lpw_b70bb4acc0|lpw_bad8b6c7ae,5,2,2,3
2037,2039,21,3,false,“那么应当做些什么呢?”,那么|应当|做|些|什么|呢,12,6,lpw_a61f02e145|lpw_94f5404441|lpw_af76fed85c|lpw_c1b52e0e64|lpw_02811cec0b,那么|做|些|什么|呢,lpw_c1b52e0e64|lpw_02811cec0b,lpw_c1b52e0e64|lpw_02811cec0b,lpw_a61f02e145|lpw_c1b52e0e64|lpw_02811cec0b,5,2,2,3
2038,2040,21,3,false,小王子说。,小王子|说,5,2,lpw_87f2a033cf|lpw_ccca744613,小王子|说,lpw_87f2a033cf|lpw_ccca744613,lpw_87f2a033cf|lpw_ccca744613,lpw_87f2a033cf|lpw_ccca744613,2,2,2,2
2039,2041,21,3,false,"“应当很有耐心,”",应当|很有|耐心,9,3,,,,,,0,0,0,0
2040,2042,21,3,false,"狐狸回答说,",狐狸|回答|说,6,3,lpw_0a93e4ffe2|lpw_f3f5126487|lpw_ccca744613,狐狸|回答|说,lpw_ccca744613,lpw_f3f5126487|lpw_ccca744613,lpw_f3f5126487|lpw_ccca744613,3,1,2,2
2041,2043,21,3,false,"“你先坐在草地上,",你|先|坐在|草地|上,9,5,lpw_a0c7716669|lpw_db5ba671d2,你|上,lpw_a0c7716669|lpw_db5ba671d2,lpw_a0c7716669|lpw_db5ba671d2,lpw_a0c7716669|lpw_db5ba671d2,2,2,2,2
2042,2044,21,3,false,"离我稍远一些,",离|我|稍远|一些,7,4,lpw_b70bb4acc0,我,lpw_b70bb4acc0,lpw_b70bb4acc0,lpw_b70bb4acc0,1,1,1,1
2043,2045,21,3,false,就像这样。,就像|这样,5,2,lpw_3a1a30dbb2|lpw_b7fc681861,就像|这样,,lpw_b7fc681861,lpw_b7fc681861,2,0,1,1
2044,2046,21,3,false,"我从眼角里瞅你,",我|从|眼角|里|瞅|你,8,6,lpw_b70bb4acc0|lpw_2719a8ea30|lpw_79f43de6e3|lpw_a0c7716669,我|从|里|你,lpw_b70bb4acc0|lpw_a0c7716669,lpw_b70bb4acc0|lpw_79f43de6e3|lpw_a0c7716669,lpw_b70bb4acc0|lpw_2719a8ea30|lpw_79f43de6e3|lpw_a0c7716669,4,2,3,4
2045,2047,21,3,false,而你什么也别说。,而|你|什么|也|别|说,8,6,lpw_08e2725ce1|lpw_a0c7716669|lpw_c1b52e0e64|lpw_658605835b|lpw_ccca744613,而|你|什么|也|说,lpw_a0c7716669|lpw_c1b52e0e64|lpw_ccca744613,lpw_a0c7716669|lpw_c1b52e0e64|lpw_658605835b|lpw_ccca744613,lpw_08e2725ce1|lpw_a0c7716669|lpw_c1b52e0e64|lpw_658605835b|lpw_ccca744613,5,3,4,5
2046,2048,21,3,false,语言是误解的根源。,语言|是|误解|的|根源,9,5,lpw_b5141d3d19|lpw_8af2350cfd,是|的,lpw_b5141d3d19|lpw_8af2350cfd,lpw_b5141d3d19|lpw_8af2350cfd,lpw_b5141d3d19|lpw_8af2350cfd,2,2,2,2
2047,2049,21,3,false,"不过,",不过,3,1,lpw_72113362c6,不过,,,lpw_72113362c6,1,0,0,1
2048,2050,21,3,false,每天你都可以坐得离我稍稍近一些......”,每天|你|都可以|坐得|离|我|稍稍|近|一些,22,9,lpw_a0c7716669|lpw_b70bb4acc0,你|我,lpw_a0c7716669|lpw_b70bb4acc0,lpw_a0c7716669|lpw_b70bb4acc0,lpw_a0c7716669|lpw_b70bb4acc0,2,2,2,2
2049,2051,21,3,false,"第二天,",第二|天,4,2,lpw_49da61ceee,天,,,lpw_49da61ceee,1,0,0,1
2050,2052,21,3,false,小王子又来了。,小王子|又|来|了,7,4,lpw_87f2a033cf|lpw_e71ce5deab|lpw_6d8229118c|lpw_b2dd27e84f,小王子|又|来|了,lpw_87f2a033cf|lpw_e71ce5deab|lpw_6d8229118c|lpw_b2dd27e84f,lpw_87f2a033cf|lpw_e71ce5deab|lpw_6d8229118c|lpw_b2dd27e84f,lpw_87f2a033cf|lpw_e71ce5deab|lpw_6d8229118c|lpw_b2dd27e84f,4,4,4,4
2051,2053,21,3,false,"“最好你能在同一时间来,”",最好|你|能|在|同一|时间|来,13,7,lpw_a0c7716669|lpw_413c06bcef|lpw_12404a0b63|lpw_8b6ff49851|lpw_6d8229118c,你|能|在|时间|来,lpw_a0c7716669|lpw_12404a0b63|lpw_6d8229118c,lpw_a0c7716669|lpw_12404a0b63|lpw_6d8229118c,lpw_a0c7716669|lpw_12404a0b63|lpw_6d8229118c,5,3,3,3
2052,2054,21,3,false,"狐狸说,",狐狸|说,4,2,lpw_0a93e4ffe2|lpw_ccca744613,狐狸|说,lpw_ccca744613,lpw_ccca744613,lpw_ccca744613,2,1,1,1
2053,2055,21,3,false,"“比如说,",比如|说,5,2,lpw_ccca744613,说,lpw_ccca744613,lpw_ccca744613,lpw_ccca744613,1,1,1,1
2054,2056,21,3,false,"下午四点钟吧,",下午|四|点钟|吧,7,4,lpw_754a9d5828|lpw_bad8b6c7ae,四|吧,,,lpw_bad8b6c7ae,2,0,0,1
2055,2057,21,3,false,那么我在三点钟就会开始感到幸福了。,那么|我在|三点钟|就|会|开始|感到|幸福|了,17,9,lpw_a61f02e145|lpw_33f40475f8|lpw_2f9d9872e5|lpw_5ba1e3c0eb|lpw_15c2457566|lpw_b2dd27e84f,那么|我在|就|会|感到|了,lpw_2f9d9872e5|lpw_5ba1e3c0eb|lpw_b2dd27e84f,lpw_2f9d9872e5|lpw_5ba1e3c0eb|lpw_b2dd27e84f,lpw_a61f02e145|lpw_2f9d9872e5|lpw_5ba1e3c0eb|lpw_15c2457566|lpw_b2dd27e84f,6,3,3,5
2056,2058,21,3,false,"时间越来越近,",时间|越来越|近,7,3,lpw_8b6ff49851,时间,,,,1,0,0,0
2057,2059,21,3,false,我就越来越幸福。,我|就|越来越|幸福,8,4,lpw_b70bb4acc0|lpw_2f9d9872e5,我|就,lpw_b70bb4acc0|lpw_2f9d9872e5,lpw_b70bb4acc0|lpw_2f9d9872e5,lpw_b70bb4acc0|lpw_2f9d9872e5,2,2,2,2
2058,2060,21,3,false,"到了四点钟,",到了|四|点钟,6,3,lpw_754a9d5828,四,,,,1,0,0,0
2059,2061,21,3,false,我会兴奋得坐立不安;幸福原来也很折磨人的!,我|会|兴奋|得|坐立不安|幸福|原来|也|很|折磨|人的,21,11,lpw_b70bb4acc0|lpw_5ba1e3c0eb|lpw_71b1ed1114|lpw_658605835b|lpw_f2b91797ea,我|会|得|也|很,lpw_b70bb4acc0|lpw_5ba1e3c0eb|lpw_f2b91797ea,lpw_b70bb4acc0|lpw_5ba1e3c0eb|lpw_71b1ed1114|lpw_658605835b|lpw_f2b91797ea,lpw_b70bb4acc0|lpw_5ba1e3c0eb|lpw_71b1ed1114|lpw_658605835b|lpw_f2b91797ea,5,3,5,5
2060,2062,21,3,false,"可要是你随便什么时候来,",可|要是|你|随便|什么时候|来,12,6,lpw_8b9cefa38e|lpw_467b2562ed|lpw_a0c7716669|lpw_6d8229118c,可|要是|你|来,lpw_a0c7716669|lpw_6d8229118c,lpw_8b9cefa38e|lpw_a0c7716669|lpw_6d8229118c,lpw_8b9cefa38e|lpw_467b2562ed|lpw_a0c7716669|lpw_6d8229118c,4,2,3,4
2061,2063,21,3,false,我就没法知道什么时候该准备好我的心情......,我|就|没法|知道|什么时候|该|准备|好|我|的|心情,24,11,lpw_b70bb4acc0|lpw_2f9d9872e5|lpw_d7b6472b11|lpw_f867f34178|lpw_8af2350cfd,我|就|知道|好|的,lpw_b70bb4acc0|lpw_2f9d9872e5|lpw_8af2350cfd,lpw_b70bb4acc0|lpw_2f9d9872e5|lpw_d7b6472b11|lpw_f867f34178|lpw_8af2350cfd,lpw_b70bb4acc0|lpw_2f9d9872e5|lpw_d7b6472b11|lpw_f867f34178|lpw_8af2350cfd,5,3,5,5
2062,2064,21,3,false,还是得有个仪式。”,还是|得|有|个|仪式,9,5,lpw_dfaa7d6f73|lpw_71b1ed1114|lpw_90ce0f66f0|lpw_3a116815bc,还是|得|有|个,lpw_90ce0f66f0,lpw_71b1ed1114|lpw_90ce0f66f0|lpw_3a116815bc,lpw_71b1ed1114|lpw_90ce0f66f0|lpw_3a116815bc,4,1,3,3
2063,2065,21,3,false,“什么叫仪式?”,什么|叫|仪式,8,3,lpw_c1b52e0e64,什么,lpw_c1b52e0e64,lpw_c1b52e0e64,lpw_c1b52e0e64,1,1,1,1
2064,2066,21,3,false,小王子问。,小王子|问,5,2,lpw_87f2a033cf|lpw_4628c0e06f,小王子|问,lpw_87f2a033cf,lpw_87f2a033cf|lpw_4628c0e06f,lpw_87f2a033cf|lpw_4628c0e06f,2,1,2,2
2065,2067,21,3,false,"“这也是一件经常被忽略的事情,”",这|也是|一件|经常|被|忽略|的|事情,16,8,lpw_d409ab2ab3|lpw_256c0476ed|lpw_8af2350cfd|lpw_e66d9fac19,这|也是|的|事情,lpw_d409ab2ab3|lpw_8af2350cfd,lpw_d409ab2ab3|lpw_8af2350cfd,lpw_d409ab2ab3|lpw_8af2350cfd,4,2,2,2
2066,2068,21,3,false,"狐狸说,",狐狸|说,4,2,lpw_0a93e4ffe2|lpw_ccca744613,狐狸|说,lpw_ccca744613,lpw_ccca744613,lpw_ccca744613,2,1,1,1
2067,2069,21,3,false,"“就是定下一个日子,",就是|定|下|一个|日子,10,5,lpw_88aa006eb3|lpw_13c12b064b|lpw_e1dbc1c99f,就是|下|一个,lpw_e1dbc1c99f,lpw_88aa006eb3|lpw_e1dbc1c99f,lpw_88aa006eb3|lpw_e1dbc1c99f,3,1,2,2
2068,2070,21,3,false,"使它不同于其他的日子,",使|它|不同|于|其他|的|日子,11,7,lpw_22c95798a9|lpw_7e9260e925|lpw_8af2350cfd,使|它|的,lpw_7e9260e925|lpw_8af2350cfd,lpw_7e9260e925|lpw_8af2350cfd,lpw_7e9260e925|lpw_8af2350cfd,3,2,2,2
2069,2071,21,3,false,"定下一个时间,",定|下|一个|时间,7,4,lpw_13c12b064b|lpw_e1dbc1c99f|lpw_8b6ff49851,下|一个|时间,lpw_e1dbc1c99f,lpw_e1dbc1c99f,lpw_e1dbc1c99f,3,1,1,1
2070,2072,21,3,false,使它不同于其他的时间。,使|它|不同|于|其他|的|时间,11,7,lpw_22c95798a9|lpw_7e9260e925|lpw_8af2350cfd|lpw_8b6ff49851,使|它|的|时间,lpw_7e9260e925|lpw_8af2350cfd,lpw_7e9260e925|lpw_8af2350cfd,lpw_7e9260e925|lpw_8af2350cfd,4,2,2,2
2071,2073,21,3,false,"比如说,",比如|说,4,2,lpw_ccca744613,说,lpw_ccca744613,lpw_ccca744613,lpw_ccca744613,1,1,1,1
2072,2074,21,3,false,猎人有一种仪式。,猎人|有|一种|仪式,8,4,lpw_90ce0f66f0,有,lpw_90ce0f66f0,lpw_90ce0f66f0,lpw_90ce0f66f0,1,1,1,1
2073,2075,21,3,false,每星期四他们都和村里的姑娘跳舞。,每|星期四|他们|都|和|村里|的|姑娘|跳舞,16,9,lpw_10518f8f0a|lpw_7eabb36ba1|lpw_3d7114281f|lpw_8af2350cfd,他们|都|和|的,lpw_10518f8f0a|lpw_8af2350cfd,lpw_10518f8f0a|lpw_7eabb36ba1|lpw_3d7114281f|lpw_8af2350cfd,lpw_10518f8f0a|lpw_7eabb36ba1|lpw_3d7114281f|lpw_8af2350cfd,4,2,4,4
2074,2076,21,3,false,"所以呢,",所以|呢,4,2,lpw_a2f7e42081|lpw_02811cec0b,所以|呢,lpw_02811cec0b,lpw_02811cec0b,lpw_02811cec0b,2,1,1,1
2075,2077,21,3,false,星期四就是个美妙的日子!,星期四|就是|个|美妙|的|日子,12,6,lpw_88aa006eb3|lpw_3a116815bc|lpw_8af2350cfd,就是|个|的,lpw_8af2350cfd,lpw_88aa006eb3|lpw_3a116815bc|lpw_8af2350cfd,lpw_88aa006eb3|lpw_3a116815bc|lpw_8af2350cfd,3,1,3,3
2076,2078,21,3,false,这一天我总要到葡萄地里去转悠转悠。,这|一天|我|总|要到|葡萄|地|里|去|转|悠|转|悠,17,13,lpw_d409ab2ab3|lpw_5448481f38|lpw_b70bb4acc0|lpw_bdbd41e490|lpw_79f43de6e3|lpw_99ae21ea6c|lpw_9482d0359c,这|一天|我|地|里|去|转,lpw_d409ab2ab3|lpw_b70bb4acc0|lpw_bdbd41e490,lpw_d409ab2ab3|lpw_b70bb4acc0|lpw_bdbd41e490|lpw_79f43de6e3|lpw_99ae21ea6c,lpw_d409ab2ab3|lpw_b70bb4acc0|lpw_bdbd41e490|lpw_79f43de6e3|lpw_99ae21ea6c,7,3,5,5
2077,2079,21,3,false,"要是猎人们随时跳舞,",要是|猎人|们|随时|跳舞,10,5,lpw_467b2562ed|lpw_b4dcb3305a,要是|们,,,lpw_467b2562ed,2,0,0,1
2078,2080,21,3,false,"每天不就都一模一样,",每天|不就|都|一|模|一样,10,6,lpw_7eabb36ba1|lpw_51a75f4634|lpw_9dc5c0158d,都|一|一样,,lpw_7eabb36ba1|lpw_51a75f4634,lpw_7eabb36ba1|lpw_51a75f4634|lpw_9dc5c0158d,3,0,2,3
2079,2081,21,3,false,我不也就没有假期了吗?”,我不|也就|没有|假期|了|吗,12,6,lpw_3e63e3d08e|lpw_f127804b92|lpw_b2dd27e84f|lpw_5ac1612110,我不|没有|了|吗,lpw_b2dd27e84f,lpw_f127804b92|lpw_b2dd27e84f,lpw_f127804b92|lpw_b2dd27e84f|lpw_5ac1612110,4,1,2,3
2080,2082,21,3,false,"就这样,",就|这样,4,2,lpw_2f9d9872e5|lpw_b7fc681861,就|这样,lpw_2f9d9872e5,lpw_2f9d9872e5|lpw_b7fc681861,lpw_2f9d9872e5|lpw_b7fc681861,2,1,2,2
2081,2083,21,3,false,小王子驯养了狐狸。,小王子|驯|养了|狐狸,9,4,lpw_87f2a033cf|lpw_c3a6e91c19|lpw_0a93e4ffe2,小王子|驯|狐狸,lpw_87f2a033cf,lpw_87f2a033cf,lpw_87f2a033cf,3,1,1,1
2082,2084,21,3,false,"而后,",而后,3,1,,,,,,0,0,0,0
2083,2085,21,3,false,眼看分手的时刻临近了:,眼看|分手|的|时刻|临近|了,11,6,lpw_8af2350cfd|lpw_b2dd27e84f,的|了,lpw_8af2350cfd|lpw_b2dd27e84f,lpw_8af2350cfd|lpw_b2dd27e84f,lpw_8af2350cfd|lpw_b2dd27e84f,2,2,2,2
2084,2086,21,3,false,“哎!”,哎,4,1,,,,,,0,0,0,0
2085,2087,21,3,false,"狐狸说,",狐狸|说,4,2,lpw_0a93e4ffe2|lpw_ccca744613,狐狸|说,lpw_ccca744613,lpw_ccca744613,lpw_ccca744613,2,1,1,1
2086,2088,21,3,false,“......我要哭了。”,我要|哭了,13,2,lpw_30bc5c7b4c,我要,,,,1,0,0,0
2087,2089,21,3,false,"“这可是你的不是哟,”",这|可是|你|的|不是|哟,11,6,lpw_d409ab2ab3|lpw_38ca4a9c76|lpw_a0c7716669|lpw_8af2350cfd|lpw_584cd0fcf3,这|可是|你|的|不是,lpw_d409ab2ab3|lpw_a0c7716669|lpw_8af2350cfd,lpw_d409ab2ab3|lpw_38ca4a9c76|lpw_a0c7716669|lpw_8af2350cfd,lpw_d409ab2ab3|lpw_38ca4a9c76|lpw_a0c7716669|lpw_8af2350cfd,5,3,4,4
2088,2090,21,3,false,"小王子说,",小王子|说,5,2,lpw_87f2a033cf|lpw_ccca744613,小王子|说,lpw_87f2a033cf|lpw_ccca744613,lpw_87f2a033cf|lpw_ccca744613,lpw_87f2a033cf|lpw_ccca744613,2,2,2,2
2089,2091,21,3,false,"“我本来没想让你受任何伤害,",我|本来|没|想|让|你|受|任何|伤害,14,9,lpw_b70bb4acc0|lpw_279e8b3573|lpw_df0d251938|lpw_ad37574404|lpw_a0c7716669,我|没|想|让|你,lpw_b70bb4acc0|lpw_ad37574404|lpw_a0c7716669,lpw_b70bb4acc0|lpw_279e8b3573|lpw_ad37574404|lpw_a0c7716669,lpw_b70bb4acc0|lpw_279e8b3573|lpw_df0d251938|lpw_ad37574404|lpw_a0c7716669,5,3,4,5
2090,2092,21,3,false,可你却要我驯养你......”,可|你|却要|我|驯|养|你,15,7,lpw_8b9cefa38e|lpw_a0c7716669|lpw_b70bb4acc0|lpw_c3a6e91c19|lpw_bd49c65dde,可|你|我|驯|养,lpw_a0c7716669|lpw_b70bb4acc0,lpw_8b9cefa38e|lpw_a0c7716669|lpw_b70bb4acc0,lpw_8b9cefa38e|lpw_a0c7716669|lpw_b70bb4acc0,5,2,3,3
2091,2093,21,3,false,"“可不是,”",可不是,6,1,lpw_b30391caa1,可不是,,,,1,0,0,0
2092,2094,21,3,false,狐狸说。,狐狸|说,4,2,lpw_0a93e4ffe2|lpw_ccca744613,狐狸|说,lpw_ccca744613,lpw_ccca744613,lpw_ccca744613,2,1,1,1
2093,2095,21,3,false,“不过你要哭了!”,不过|你要|哭了,9,3,lpw_72113362c6|lpw_642b100e13,不过|你要,,,lpw_72113362c6,2,0,0,1
2094,2096,21,3,false,小王子说。,小王子|说,5,2,lpw_87f2a033cf|lpw_ccca744613,小王子|说,lpw_87f2a033cf|lpw_ccca744613,lpw_87f2a033cf|lpw_ccca744613,lpw_87f2a033cf|lpw_ccca744613,2,2,2,2
2095,2097,21,3,false,"“可不是,”",可不是,6,1,lpw_b30391caa1,可不是,,,,1,0,0,0
2096,2098,21,3,false,狐狸说。,狐狸|说,4,2,lpw_0a93e4ffe2|lpw_ccca744613,狐狸|说,lpw_ccca744613,lpw_ccca744613,lpw_ccca744613,2,1,1,1
2097,2099,21,3,false,“结果你什么好处也没得到!”,结果|你|什么|好处|也没|得到,14,6,lpw_a0c7716669|lpw_c1b52e0e64,你|什么,lpw_a0c7716669|lpw_c1b52e0e64,lpw_a0c7716669|lpw_c1b52e0e64,lpw_a0c7716669|lpw_c1b52e0e64,2,2,2,2
2098,2100,21,3,false,"“我得到了,”",我|得到|了,7,3,lpw_b70bb4acc0|lpw_b2dd27e84f,我|了,lpw_b70bb4acc0|lpw_b2dd27e84f,lpw_b70bb4acc0|lpw_b2dd27e84f,lpw_b70bb4acc0|lpw_b2dd27e84f,2,2,2,2
2099,2101,21,3,false,"狐狸说,",狐狸|说,4,2,lpw_0a93e4ffe2|lpw_ccca744613,狐狸|说,lpw_ccca744613,lpw_ccca744613,lpw_ccca744613,2,1,1,1
2100,2102,21,3,false,“是麦田的颜色给我的。”,是|麦田|的|颜色|给|我|的,12,7,lpw_b5141d3d19|lpw_8af2350cfd|lpw_6e55fb9d8a|lpw_b70bb4acc0,是|的|给|我,lpw_b5141d3d19|lpw_8af2350cfd|lpw_6e55fb9d8a|lpw_b70bb4acc0,lpw_b5141d3d19|lpw_8af2350cfd|lpw_6e55fb9d8a|lpw_b70bb4acc0,lpw_b5141d3d19|lpw_8af2350cfd|lpw_6e55fb9d8a|lpw_b70bb4acc0,4,4,4,4
2101,2103,21,3,false,他随即又说:,他|随即|又|说,6,4,lpw_8b7b91e000|lpw_e71ce5deab|lpw_ccca744613,他|又|说,lpw_8b7b91e000|lpw_e71ce5deab|lpw_ccca744613,lpw_8b7b91e000|lpw_e71ce5deab|lpw_ccca744613,lpw_8b7b91e000|lpw_e71ce5deab|lpw_ccca744613,3,3,3,3
2102,2104,21,3,false,“你再去看看那些玫瑰花吧。,你|再去|看看|那些|玫瑰花|吧,13,6,lpw_a0c7716669|lpw_abd258db99|lpw_bad8b6c7ae,你|那些|吧,lpw_a0c7716669,lpw_a0c7716669,lpw_a0c7716669|lpw_abd258db99|lpw_bad8b6c7ae,3,1,1,3
2103,2105,21,3,false,你会明白你那朵玫瑰是世界上独一无二的。,你会|明白|你|那|朵|玫瑰|是|世界上|独一无二|的,19,10,lpw_8e80d04a82|lpw_8e37cd5f7f|lpw_a0c7716669|lpw_5a2362a202|lpw_0da9a35a4b|lpw_a6664df1ef|lpw_b5141d3d19|lpw_8af2350cfd,你会|明白|你|那|朵|玫瑰|是|的,lpw_a0c7716669|lpw_5a2362a202|lpw_b5141d3d19|lpw_8af2350cfd,lpw_a0c7716669|lpw_5a2362a202|lpw_b5141d3d19|lpw_8af2350cfd,lpw_a0c7716669|lpw_5a2362a202|lpw_a6664df1ef|lpw_b5141d3d19|lpw_8af2350cfd,8,4,4,5
2104,2106,21,3,false,"然后你再回来跟我告别,",然后|你|再回来|跟|我|告别,11,6,lpw_ca4f5ee82e|lpw_a0c7716669|lpw_383a53d95c|lpw_b70bb4acc0,然后|你|跟|我,lpw_a0c7716669|lpw_b70bb4acc0,lpw_a0c7716669|lpw_b70bb4acc0,lpw_a0c7716669|lpw_383a53d95c|lpw_b70bb4acc0,4,2,2,3
2105,2107,21,3,false,我要告诉你一个秘密作为临别礼物。”,我要|告诉|你|一个|秘密|作为|临别|礼物,17,8,lpw_30bc5c7b4c|lpw_a0c7716669|lpw_e1dbc1c99f,我要|你|一个,lpw_a0c7716669|lpw_e1dbc1c99f,lpw_a0c7716669|lpw_e1dbc1c99f,lpw_a0c7716669|lpw_e1dbc1c99f,3,2,2,2
2106,2108,21,3,false,小王子就去看那些玫瑰。,小王子|就去|看|那些|玫瑰,11,5,lpw_87f2a033cf|lpw_61f43315f9|lpw_abd258db99|lpw_a6664df1ef,小王子|看|那些|玫瑰,lpw_87f2a033cf,lpw_87f2a033cf,lpw_87f2a033cf|lpw_61f43315f9|lpw_abd258db99|lpw_a6664df1ef,4,1,1,4
2107,2109,21,3,false,"“你们根本不像我那朵玫瑰,",你们|根本|不像|我|那|朵|玫瑰,13,7,lpw_8a5d477bda|lpw_b70bb4acc0|lpw_5a2362a202|lpw_0da9a35a4b|lpw_a6664df1ef,你们|我|那|朵|玫瑰,lpw_b70bb4acc0|lpw_5a2362a202,lpw_8a5d477bda|lpw_b70bb4acc0|lpw_5a2362a202,lpw_8a5d477bda|lpw_b70bb4acc0|lpw_5a2362a202|lpw_a6664df1ef,5,2,3,4
2108,2110,21,3,false,"你们还什么都不是呢,”",你们|还|什么|都不是|呢,11,5,lpw_8a5d477bda|lpw_1bc709b8bf|lpw_c1b52e0e64|lpw_02811cec0b,你们|还|什么|呢,lpw_c1b52e0e64|lpw_02811cec0b,lpw_8a5d477bda|lpw_c1b52e0e64|lpw_02811cec0b,lpw_8a5d477bda|lpw_1bc709b8bf|lpw_c1b52e0e64|lpw_02811cec0b,4,2,3,4
2109,2111,21,3,false,"他对它们说,",他|对|它们|说,6,4,lpw_8b7b91e000|lpw_74570c7270|lpw_c40b3d2880|lpw_ccca744613,他|对|它们|说,lpw_8b7b91e000|lpw_74570c7270|lpw_ccca744613,lpw_8b7b91e000|lpw_74570c7270|lpw_c40b3d2880|lpw_ccca744613,lpw_8b7b91e000|lpw_74570c7270|lpw_c40b3d2880|lpw_ccca744613,4,3,4,4
2110,2112,21,3,false,"“谁都没驯养过你们,",谁|都没|驯|养|过|你们,10,6,lpw_056b9c6262|lpw_c3a6e91c19|lpw_bd49c65dde|lpw_f777893480|lpw_8a5d477bda,谁|驯|养|过|你们,,lpw_f777893480|lpw_8a5d477bda,lpw_f777893480|lpw_8a5d477bda,5,0,2,2
2111,2113,21,3,false,你们也谁都没驯养过。,你们|也|谁|都没|驯|养|过,10,7,lpw_8a5d477bda|lpw_658605835b|lpw_056b9c6262|lpw_c3a6e91c19|lpw_bd49c65dde|lpw_f777893480,你们|也|谁|驯|养|过,,lpw_8a5d477bda|lpw_658605835b|lpw_f777893480,lpw_8a5d477bda|lpw_658605835b|lpw_f777893480,6,0,3,3
2112,2114,21,3,false,你们就像狐狸以前一样。,你们|就像|狐狸|以前|一样,11,5,lpw_8a5d477bda|lpw_3a1a30dbb2|lpw_0a93e4ffe2|lpw_aa98317793|lpw_9dc5c0158d,你们|就像|狐狸|以前|一样,,lpw_8a5d477bda,lpw_8a5d477bda|lpw_9dc5c0158d,5,0,1,2
2113,2115,21,3,false,"那时候的它,",那|时候|的|它,6,4,lpw_5a2362a202|lpw_5484678be4|lpw_8af2350cfd|lpw_7e9260e925,那|时候|的|它,lpw_5a2362a202|lpw_8af2350cfd|lpw_7e9260e925,lpw_5a2362a202|lpw_8af2350cfd|lpw_7e9260e925,lpw_5a2362a202|lpw_8af2350cfd|lpw_7e9260e925,4,3,3,3
2114,2116,21,3,false,和成千上万别的狐狸毫无两样。,和|成千上万|别的|狐狸|毫无|两|样,14,7,lpw_3d7114281f|lpw_3966c0d55d|lpw_0a93e4ffe2|lpw_83385d2eda,和|别的|狐狸|两,,lpw_3d7114281f,lpw_3d7114281f,4,0,1,1
2115,2117,21,3,false,"可是我现在和它做了朋友,",可是|我|现在|和|它|做了|朋友,12,7,lpw_38ca4a9c76|lpw_b70bb4acc0|lpw_43584f37c1|lpw_3d7114281f|lpw_7e9260e925|lpw_677aad1a0e,可是|我|现在|和|它|朋友,lpw_b70bb4acc0|lpw_7e9260e925,lpw_38ca4a9c76|lpw_b70bb4acc0|lpw_3d7114281f|lpw_7e9260e925,lpw_38ca4a9c76|lpw_b70bb4acc0|lpw_3d7114281f|lpw_7e9260e925|lpw_677aad1a0e,6,2,4,5
2116,2118,21,3,false,它在世界上就是独一无二的了。”,它|在|世界上|就是|独一无二|的|了,15,7,lpw_7e9260e925|lpw_12404a0b63|lpw_88aa006eb3|lpw_8af2350cfd|lpw_b2dd27e84f,它|在|就是|的|了,lpw_7e9260e925|lpw_12404a0b63|lpw_8af2350cfd|lpw_b2dd27e84f,lpw_7e9260e925|lpw_12404a0b63|lpw_88aa006eb3|lpw_8af2350cfd|lpw_b2dd27e84f,lpw_7e9260e925|lpw_12404a0b63|lpw_88aa006eb3|lpw_8af2350cfd|lpw_b2dd27e84f,5,4,5,5
2117,2119,21,3,false,玫瑰们都很难为情。,玫瑰|们|都很|难为情,9,4,lpw_a6664df1ef|lpw_b4dcb3305a,玫瑰|们,,,lpw_a6664df1ef,2,0,0,1
2118,2120,21,3,false,"“你们很美,",你们|很美,6,2,lpw_8a5d477bda,你们,,lpw_8a5d477bda,lpw_8a5d477bda,1,0,1,1
2119,2121,21,3,false,"但你们是空虚的,”",但|你们|是|空虚|的,9,5,lpw_1f863793c6|lpw_8a5d477bda|lpw_b5141d3d19|lpw_8af2350cfd,但|你们|是|的,lpw_b5141d3d19|lpw_8af2350cfd,lpw_8a5d477bda|lpw_b5141d3d19|lpw_8af2350cfd,lpw_8a5d477bda|lpw_b5141d3d19|lpw_8af2350cfd,4,2,3,3
2120,2122,21,3,false,"小王子接着说,",小王子|接着|说,7,3,lpw_87f2a033cf|lpw_58ed4c69fb|lpw_ccca744613,小王子|接着|说,lpw_87f2a033cf|lpw_ccca744613,lpw_87f2a033cf|lpw_ccca744613,lpw_87f2a033cf|lpw_ccca744613,3,2,2,2
2121,2123,21,3,false,“没有人能为你们去死。,没有|人|能|为|你们|去|死,11,7,lpw_f127804b92|lpw_50f5d65d57|lpw_413c06bcef|lpw_8a5d477bda|lpw_99ae21ea6c,没有|人|能|你们|去,lpw_50f5d65d57,lpw_f127804b92|lpw_50f5d65d57|lpw_8a5d477bda|lpw_99ae21ea6c,lpw_f127804b92|lpw_50f5d65d57|lpw_8a5d477bda|lpw_99ae21ea6c,5,1,4,4
2122,2124,21,3,false,"当然,",当然,3,1,lpw_0002e2d87f,当然,,,,1,0,0,0
2123,2125,21,3,false,我那朵玫瑰在一个过路人眼里跟你们也一样。,我|那|朵|玫瑰|在|一个|过路人|眼|里|跟|你们|也|一样,20,13,lpw_b70bb4acc0|lpw_5a2362a202|lpw_0da9a35a4b|lpw_a6664df1ef|lpw_12404a0b63|lpw_e1dbc1c99f|lpw_79f43de6e3|lpw_383a53d95c|lpw_8a5d477bda|lpw_658605835b|lpw_9dc5c0158d,我|那|朵|玫瑰|在|一个|里|跟|你们|也|一样,lpw_b70bb4acc0|lpw_5a2362a202|lpw_12404a0b63|lpw_e1dbc1c99f,lpw_b70bb4acc0|lpw_5a2362a202|lpw_12404a0b63|lpw_e1dbc1c99f|lpw_79f43de6e3|lpw_8a5d477bda|lpw_658605835b,lpw_b70bb4acc0|lpw_5a2362a202|lpw_a6664df1ef|lpw_12404a0b63|lpw_e1dbc1c99f|lpw_79f43de6e3|lpw_383a53d95c|lpw_8a5d477bda|lpw_658605835b|lpw_9dc5c0158d,11,4,7,10
2124,2126,21,3,false,"然而对于我来说,",然而|对于|我|来说,8,4,lpw_b70bb4acc0|lpw_a0cc5593ee,我|来说,lpw_b70bb4acc0,lpw_b70bb4acc0,lpw_b70bb4acc0|lpw_a0cc5593ee,2,1,1,2
2125,2127,21,3,false,"单单她这一朵,",单|单|她|这|一朵,7,5,lpw_2ab425e0c6|lpw_d409ab2ab3|lpw_aebd6fbbd2,她|这|一朵,lpw_2ab425e0c6|lpw_d409ab2ab3,lpw_2ab425e0c6|lpw_d409ab2ab3,lpw_2ab425e0c6|lpw_d409ab2ab3|lpw_aebd6fbbd2,3,2,2,3
2126,2128,21,3,false,就比你们全体都重要得多。,就|比|你们|全体|都|重要|得|多,12,8,lpw_2f9d9872e5|lpw_ab158a8483|lpw_8a5d477bda|lpw_7eabb36ba1|lpw_a8cd9642aa|lpw_71b1ed1114|lpw_1940119f05,就|比|你们|都|重要|得|多,lpw_2f9d9872e5,lpw_2f9d9872e5|lpw_8a5d477bda|lpw_7eabb36ba1|lpw_71b1ed1114,lpw_2f9d9872e5|lpw_8a5d477bda|lpw_7eabb36ba1|lpw_71b1ed1114,7,1,4,4
2127,2129,21,3,false,"因为我给浇过水的是她,",因为|我|给|浇|过|水|的是|她,11,8,lpw_795cfc96d4|lpw_b70bb4acc0|lpw_6e55fb9d8a|lpw_f777893480|lpw_327b54d04f|lpw_5e1dc2a833|lpw_2ab425e0c6,因为|我|给|过|水|的是|她,lpw_b70bb4acc0|lpw_6e55fb9d8a|lpw_2ab425e0c6,lpw_795cfc96d4|lpw_b70bb4acc0|lpw_6e55fb9d8a|lpw_f777893480|lpw_2ab425e0c6,lpw_795cfc96d4|lpw_b70bb4acc0|lpw_6e55fb9d8a|lpw_f777893480|lpw_2ab425e0c6,7,3,5,5
2128,2130,21,3,false,"我给盖过罩子的是她,",我|给|盖|过|罩子|的是|她,10,7,lpw_b70bb4acc0|lpw_6e55fb9d8a|lpw_f777893480|lpw_5e1dc2a833|lpw_2ab425e0c6,我|给|过|的是|她,lpw_b70bb4acc0|lpw_6e55fb9d8a|lpw_2ab425e0c6,lpw_b70bb4acc0|lpw_6e55fb9d8a|lpw_f777893480|lpw_2ab425e0c6,lpw_b70bb4acc0|lpw_6e55fb9d8a|lpw_f777893480|lpw_2ab425e0c6,5,3,4,4
2129,2131,21,3,false,"我给遮过风障的是她,",我|给|遮|过|风|障|的是|她,10,8,lpw_b70bb4acc0|lpw_6e55fb9d8a|lpw_f777893480|lpw_be65bd5518|lpw_5e1dc2a833|lpw_2ab425e0c6,我|给|过|风|的是|她,lpw_b70bb4acc0|lpw_6e55fb9d8a|lpw_2ab425e0c6,lpw_b70bb4acc0|lpw_6e55fb9d8a|lpw_f777893480|lpw_2ab425e0c6,lpw_b70bb4acc0|lpw_6e55fb9d8a|lpw_f777893480|lpw_2ab425e0c6,6,3,4,4
2130,2132,21,3,false,我给除过毛虫的(只把两,我|给|除|过|毛虫|的|只把|两,11,8,lpw_b70bb4acc0|lpw_6e55fb9d8a|lpw_f777893480|lpw_8af2350cfd|lpw_83385d2eda,我|给|过|的|两,lpw_b70bb4acc0|lpw_6e55fb9d8a|lpw_8af2350cfd,lpw_b70bb4acc0|lpw_6e55fb9d8a|lpw_f777893480|lpw_8af2350cfd,lpw_b70bb4acc0|lpw_6e55fb9d8a|lpw_f777893480|lpw_8af2350cfd,5,3,4,4
2131,2133,21,3,false,三条要变成蝴蝶的留下)也是她。,三条|要|变成|蝴蝶|的|留下|也是|她,15,8,lpw_975f35218e|lpw_8af2350cfd|lpw_256c0476ed|lpw_2ab425e0c6,要|的|也是|她,lpw_8af2350cfd|lpw_2ab425e0c6,lpw_975f35218e|lpw_8af2350cfd|lpw_2ab425e0c6,lpw_975f35218e|lpw_8af2350cfd|lpw_2ab425e0c6,4,2,3,3
2132,2134,21,3,false,"我听她抱怨和自诩,",我|听|她|抱怨|和|自|诩,9,7,lpw_b70bb4acc0|lpw_1f2eb2608d|lpw_2ab425e0c6|lpw_3d7114281f,我|听|她|和,lpw_b70bb4acc0|lpw_2ab425e0c6,lpw_b70bb4acc0|lpw_2ab425e0c6|lpw_3d7114281f,lpw_b70bb4acc0|lpw_2ab425e0c6|lpw_3d7114281f,4,2,3,3
2133,2135,21,3,false,有时也和她默默相对。,有时|也|和|她|默默|相对,10,6,lpw_658605835b|lpw_3d7114281f|lpw_2ab425e0c6,也|和|她,lpw_2ab425e0c6,lpw_658605835b|lpw_3d7114281f|lpw_2ab425e0c6,lpw_658605835b|lpw_3d7114281f|lpw_2ab425e0c6,3,1,3,3
2134,2136,21,3,false,"她,是我的玫瑰。”",她|是|我|的|玫瑰,9,5,lpw_2ab425e0c6|lpw_b5141d3d19|lpw_b70bb4acc0|lpw_8af2350cfd|lpw_a6664df1ef,她|是|我|的|玫瑰,lpw_2ab425e0c6|lpw_b5141d3d19|lpw_b70bb4acc0|lpw_8af2350cfd,lpw_2ab425e0c6|lpw_b5141d3d19|lpw_b70bb4acc0|lpw_8af2350cfd,lpw_2ab425e0c6|lpw_b5141d3d19|lpw_b70bb4acc0|lpw_8af2350cfd|lpw_a6664df1ef,5,4,4,5
2135,2137,21,3,false,"说完,",说|完,3,2,lpw_ccca744613,说,lpw_ccca744613,lpw_ccca744613,lpw_ccca744613,1,1,1,1
2136,2138,21,3,false,他又回到狐狸跟前:,他|又|回到|狐狸|跟前,9,5,lpw_8b7b91e000|lpw_e71ce5deab|lpw_0a93e4ffe2,他|又|狐狸,lpw_8b7b91e000|lpw_e71ce5deab,lpw_8b7b91e000|lpw_e71ce5deab,lpw_8b7b91e000|lpw_e71ce5deab,3,2,2,2
2137,2139,21,3,false,“再见了......”,再见|了,11,2,lpw_b2dd27e84f,了,lpw_b2dd27e84f,lpw_b2dd27e84f,lpw_b2dd27e84f,1,1,1,1
2138,2140,21,3,false,他说。,他|说,3,2,lpw_8b7b91e000|lpw_ccca744613,他|说,lpw_8b7b91e000|lpw_ccca744613,lpw_8b7b91e000|lpw_ccca744613,lpw_8b7b91e000|lpw_ccca744613,2,2,2,2
2139,2141,21,3,false,"“再见,”",再见,5,1,,,,,,0,0,0,0
2140,2142,21,3,false,"狐狸说,",狐狸|说,4,2,lpw_0a93e4ffe2|lpw_ccca744613,狐狸|说,lpw_ccca744613,lpw_ccca744613,lpw_ccca744613,2,1,1,1
2141,2143,21,3,false,"“我告诉你那个秘密,",我|告诉|你|那个|秘密,10,5,lpw_b70bb4acc0|lpw_a0c7716669|lpw_fa6e73c549,我|你|那个,lpw_b70bb4acc0|lpw_a0c7716669,lpw_b70bb4acc0|lpw_a0c7716669,lpw_b70bb4acc0|lpw_a0c7716669,3,2,2,2
2142,2144,21,3,false,它很简单:,它|很简单,5,2,lpw_7e9260e925,它,lpw_7e9260e925,lpw_7e9260e925,lpw_7e9260e925,1,1,1,1
2143,2145,21,3,false,只有用心才能看见。,只有|用心|才能|看见,9,4,lpw_ba8bd7c8c9|lpw_7205426737,只有|看见,,,lpw_7205426737,2,0,0,1
2144,2146,21,4,false,本质的东西用眼是看不见的。”,本质|的|东西|用|眼|是|看不见|的,14,8,lpw_8af2350cfd|lpw_b181350186|lpw_04e45efb3b|lpw_b5141d3d19|lpw_f92f065aad,的|东西|用|是|看不见,lpw_8af2350cfd|lpw_b5141d3d19,lpw_8af2350cfd|lpw_b5141d3d19,lpw_8af2350cfd|lpw_b181350186|lpw_04e45efb3b|lpw_b5141d3d19,5,2,2,4
2145,2147,21,4,false,"“本质的东西用眼是看不见的,”",本质|的|东西|用|眼|是|看不见|的,15,8,lpw_8af2350cfd|lpw_b181350186|lpw_04e45efb3b|lpw_b5141d3d19|lpw_f92f065aad,的|东西|用|是|看不见,lpw_8af2350cfd|lpw_b5141d3d19,lpw_8af2350cfd|lpw_b5141d3d19,lpw_8af2350cfd|lpw_b181350186|lpw_04e45efb3b|lpw_b5141d3d19,5,2,2,4
2146,2148,21,4,false,"小王子重复了一遍,",小王子|重复|了|一遍,9,4,lpw_87f2a033cf|lpw_b2dd27e84f,小王子|了,lpw_87f2a033cf|lpw_b2dd27e84f,lpw_87f2a033cf|lpw_b2dd27e84f,lpw_87f2a033cf|lpw_b2dd27e84f,2,2,2,2
2147,2149,21,4,false,他要记住这句话。,他要|记住|这|句|话,8,5,lpw_d409ab2ab3|lpw_036f781126,这|话,lpw_d409ab2ab3,lpw_d409ab2ab3,lpw_d409ab2ab3,2,1,1,1
2148,2150,21,4,false,"“正是你为你的玫瑰花费的时光,",正是|你|为|你|的|玫瑰花|费|的|时光,15,9,lpw_a0c7716669|lpw_8af2350cfd,你|的,lpw_a0c7716669|lpw_8af2350cfd,lpw_a0c7716669|lpw_8af2350cfd,lpw_a0c7716669|lpw_8af2350cfd,2,2,2,2
2149,2151,21,4,false,才使你的玫瑰变得如此重要。”,才|使|你|的|玫瑰|变得|如此|重要,14,8,lpw_22c95798a9|lpw_a0c7716669|lpw_8af2350cfd|lpw_a6664df1ef|lpw_23e89ba0a1|lpw_a8cd9642aa,使|你|的|玫瑰|变得|重要,lpw_a0c7716669|lpw_8af2350cfd,lpw_a0c7716669|lpw_8af2350cfd,lpw_a0c7716669|lpw_8af2350cfd|lpw_a6664df1ef,6,2,2,3
2150,2152,21,4,false,"“正是我为我的玫瑰花费的时光,",正是|我|为|我|的|玫瑰花|费|的|时光,15,9,lpw_b70bb4acc0|lpw_8af2350cfd,我|的,lpw_b70bb4acc0|lpw_8af2350cfd,lpw_b70bb4acc0|lpw_8af2350cfd,lpw_b70bb4acc0|lpw_8af2350cfd,2,2,2,2
2151,2153,21,4,false,"才使我的玫瑰变得如此重要,”",才|使|我|的|玫瑰|变得|如此|重要,14,8,lpw_22c95798a9|lpw_b70bb4acc0|lpw_8af2350cfd|lpw_a6664df1ef|lpw_23e89ba0a1|lpw_a8cd9642aa,使|我|的|玫瑰|变得|重要,lpw_b70bb4acc0|lpw_8af2350cfd,lpw_b70bb4acc0|lpw_8af2350cfd,lpw_b70bb4acc0|lpw_8af2350cfd|lpw_a6664df1ef,6,2,2,3
2152,2154,21,4,false,"小王子说,",小王子|说,5,2,lpw_87f2a033cf|lpw_ccca744613,小王子|说,lpw_87f2a033cf|lpw_ccca744613,lpw_87f2a033cf|lpw_ccca744613,lpw_87f2a033cf|lpw_ccca744613,2,2,2,2
2153,2155,21,4,false,他要记住这句话。,他要|记住|这|句|话,8,5,lpw_d409ab2ab3|lpw_036f781126,这|话,lpw_d409ab2ab3,lpw_d409ab2ab3,lpw_d409ab2ab3,2,1,1,1
2154,2156,21,4,false,"“人们已经忘记了这个道理,”",人们|已经|忘记|了|这个|道理,14,6,lpw_1ec687a275|lpw_8ee12e2310|lpw_b2dd27e84f|lpw_979e2bc35b,人们|已经|了|这个,lpw_b2dd27e84f,lpw_b2dd27e84f|lpw_979e2bc35b,lpw_b2dd27e84f|lpw_979e2bc35b,4,1,2,2
2155,2157,21,4,false,狐狸说。,狐狸|说,4,2,lpw_0a93e4ffe2|lpw_ccca744613,狐狸|说,lpw_ccca744613,lpw_ccca744613,lpw_ccca744613,2,1,1,1
2156,2158,21,4,false,“但你不该忘记它。,但|你|不该|忘记|它,9,5,lpw_1f863793c6|lpw_a0c7716669|lpw_7e9260e925,但|你|它,lpw_a0c7716669|lpw_7e9260e925,lpw_a0c7716669|lpw_7e9260e925,lpw_a0c7716669|lpw_7e9260e925,3,2,2,2
2157,2159,21,4,false,"对你驯养过的东西,",对|你|驯|养|过的|东西,9,6,lpw_74570c7270|lpw_a0c7716669|lpw_c3a6e91c19|lpw_bd49c65dde|lpw_b181350186,对|你|驯|养|东西,lpw_74570c7270|lpw_a0c7716669,lpw_74570c7270|lpw_a0c7716669,lpw_74570c7270|lpw_a0c7716669|lpw_b181350186,5,2,2,3
2158,2160,21,4,false,你永远负有责任。,你|永远|负|有|责任,8,5,lpw_a0c7716669|lpw_90ce0f66f0,你|有,lpw_a0c7716669|lpw_90ce0f66f0,lpw_a0c7716669|lpw_90ce0f66f0,lpw_a0c7716669|lpw_90ce0f66f0,2,2,2,2
2159,2161,21,4,false,你必须对你的玫瑰负责......”,你|必须|对|你|的|玫瑰|负责,17,7,lpw_a0c7716669|lpw_74570c7270|lpw_8af2350cfd|lpw_a6664df1ef,你|对|的|玫瑰,lpw_a0c7716669|lpw_74570c7270|lpw_8af2350cfd,lpw_a0c7716669|lpw_74570c7270|lpw_8af2350cfd,lpw_a0c7716669|lpw_74570c7270|lpw_8af2350cfd|lpw_a6664df1ef,4,3,3,4
2160,2162,21,4,false,“我必须对我的玫瑰负责......”,我|必须|对|我|的|玫瑰|负责,18,7,lpw_b70bb4acc0|lpw_74570c7270|lpw_8af2350cfd|lpw_a6664df1ef,我|对|的|玫瑰,lpw_b70bb4acc0|lpw_74570c7270|lpw_8af2350cfd,lpw_b70bb4acc0|lpw_74570c7270|lpw_8af2350cfd,lpw_b70bb4acc0|lpw_74570c7270|lpw_8af2350cfd|lpw_a6664df1ef,4,3,3,4
2161,2163,21,4,false,"小王子重复一遍,",小王子|重复|一遍,8,3,lpw_87f2a033cf,小王子,lpw_87f2a033cf,lpw_87f2a033cf,lpw_87f2a033cf,1,1,1,1
2162,2164,21,4,false,他要记住这句话。,他要|记住|这|句|话,8,5,lpw_d409ab2ab3|lpw_036f781126,这|话,lpw_d409ab2ab3,lpw_d409ab2ab3,lpw_d409ab2ab3,2,1,1,1
2163,2165,22,4,true,22,,2,0,,,,,,0,0,0,0
2164,2166,22,4,false,"“你好,”",你好,5,1,,,,,,0,0,0,0
2165,2167,22,4,false,小王子说。,小王子|说,5,2,lpw_87f2a033cf|lpw_ccca744613,小王子|说,lpw_87f2a033cf|lpw_ccca744613,lpw_87f2a033cf|lpw_ccca744613,lpw_87f2a033cf|lpw_ccca744613,2,2,2,2
2166,2168,22,4,false,"“你好,”",你好,5,1,,,,,,0,0,0,0
2167,2169,22,4,false,扳道工说。,扳道|工|说,5,3,lpw_ccca744613,说,lpw_ccca744613,lpw_ccca744613,lpw_ccca744613,1,1,1,1
2168,2170,22,4,false,“你在这儿做什么?”,你在|这儿|做|什么,10,4,lpw_19a29e87c9|lpw_94f5404441|lpw_c1b52e0e64,这儿|做|什么,lpw_c1b52e0e64,lpw_19a29e87c9|lpw_c1b52e0e64,lpw_19a29e87c9|lpw_c1b52e0e64,3,1,2,2
2169,2171,22,4,false,小王子问。,小王子|问,5,2,lpw_87f2a033cf|lpw_4628c0e06f,小王子|问,lpw_87f2a033cf,lpw_87f2a033cf|lpw_4628c0e06f,lpw_87f2a033cf|lpw_4628c0e06f,2,1,2,2
2170,2172,22,4,false,"“我在分送旅客,",我在|分|送|旅客,8,4,lpw_33f40475f8,我在,,,,1,0,0,0
2171,2173,22,4,false,"一千人一拨,”",一千|人|一拨,7,3,lpw_50f5d65d57,人,lpw_50f5d65d57,lpw_50f5d65d57,lpw_50f5d65d57,1,1,1,1
2172,2174,22,4,false,"扳道工说,",扳道|工|说,5,3,lpw_ccca744613,说,lpw_ccca744613,lpw_ccca744613,lpw_ccca744613,1,1,1,1
2173,2175,22,4,false,"“我发送运载旅客的列车,",我|发送|运载|旅客|的|列车,12,6,lpw_b70bb4acc0|lpw_8af2350cfd,我|的,lpw_b70bb4acc0|lpw_8af2350cfd,lpw_b70bb4acc0|lpw_8af2350cfd,lpw_b70bb4acc0|lpw_8af2350cfd,2,2,2,2
2174,2176,22,4,false,"一会儿往右,",一|会|儿|往右,6,4,lpw_51a75f4634|lpw_5ba1e3c0eb|lpw_1ed5efc3dc,一|会|儿,lpw_5ba1e3c0eb,lpw_51a75f4634|lpw_5ba1e3c0eb,lpw_51a75f4634|lpw_5ba1e3c0eb,3,1,2,2
2175,2177,22,4,false,一会儿往左。”,一|会|儿|往左,7,4,lpw_51a75f4634|lpw_5ba1e3c0eb|lpw_1ed5efc3dc,一|会|儿,lpw_5ba1e3c0eb,lpw_51a75f4634|lpw_5ba1e3c0eb,lpw_51a75f4634|lpw_5ba1e3c0eb,3,1,2,2
2176,2178,22,4,false,"说着,",说|着,3,2,lpw_ccca744613|lpw_9e5bf0d2d9,说|着,lpw_ccca744613|lpw_9e5bf0d2d9,lpw_ccca744613|lpw_9e5bf0d2d9,lpw_ccca744613|lpw_9e5bf0d2d9,2,2,2,2
2177,2179,22,4,false,"一列灯火通明的快车,",一|列|灯火|通明|的|快车,10,6,lpw_51a75f4634|lpw_8af2350cfd,一|的,lpw_8af2350cfd,lpw_51a75f4634|lpw_8af2350cfd,lpw_51a75f4634|lpw_8af2350cfd,2,1,2,2
2178,2180,22,4,false,"像打雷似的轰鸣着驶过,",像|打雷|似的|轰|鸣|着|驶|过,11,8,lpw_cf8cedd58b|lpw_9e5bf0d2d9|lpw_f777893480,像|着|过,lpw_9e5bf0d2d9,lpw_9e5bf0d2d9|lpw_f777893480,lpw_cf8cedd58b|lpw_9e5bf0d2d9|lpw_f777893480,3,1,2,3
2179,2181,22,4,false,震得扳道房直打颤。,震|得|扳道|房|直|打|颤,9,7,lpw_71b1ed1114,得,,lpw_71b1ed1114,lpw_71b1ed1114,1,0,1,1
2180,2182,22,4,false,"“他们好匆忙,”",他们|好|匆忙,8,3,lpw_10518f8f0a|lpw_f867f34178,他们|好,lpw_10518f8f0a,lpw_10518f8f0a|lpw_f867f34178,lpw_10518f8f0a|lpw_f867f34178,2,1,2,2
2181,2183,22,4,false,"小王子说,",小王子|说,5,2,lpw_87f2a033cf|lpw_ccca744613,小王子|说,lpw_87f2a033cf|lpw_ccca744613,lpw_87f2a033cf|lpw_ccca744613,lpw_87f2a033cf|lpw_ccca744613,2,2,2,2
2182,2184,22,4,false,“他们去找什么呢?”,他们|去|找|什么|呢,10,5,lpw_10518f8f0a|lpw_99ae21ea6c|lpw_c277be8a4b|lpw_c1b52e0e64|lpw_02811cec0b,他们|去|找|什么|呢,lpw_10518f8f0a|lpw_c1b52e0e64|lpw_02811cec0b,lpw_10518f8f0a|lpw_99ae21ea6c|lpw_c1b52e0e64|lpw_02811cec0b,lpw_10518f8f0a|lpw_99ae21ea6c|lpw_c1b52e0e64|lpw_02811cec0b,5,3,4,4
2183,2185,22,4,false,"“开火车的人自己也不知道,”",开|火车|的|人|自己|也不|知道,14,7,lpw_39eae64cfc|lpw_8af2350cfd|lpw_50f5d65d57|lpw_fb43354d2a|lpw_941252022a|lpw_d7b6472b11,开|的|人|自己|也不|知道,lpw_8af2350cfd|lpw_50f5d65d57,lpw_8af2350cfd|lpw_50f5d65d57|lpw_fb43354d2a|lpw_d7b6472b11,lpw_8af2350cfd|lpw_50f5d65d57|lpw_fb43354d2a|lpw_d7b6472b11,6,2,4,4
2184,2186,22,4,false,扳道工说。,扳道|工|说,5,3,lpw_ccca744613,说,lpw_ccca744613,lpw_ccca744613,lpw_ccca744613,1,1,1,1
2185,2187,22,4,false,"说话间,",说话|间,4,2,,,,,,0,0,0,0
2186,2188,22,4,false,"又一列灯火通明的快车,",又一|列|灯火|通明|的|快车,11,6,lpw_8af2350cfd,的,lpw_8af2350cfd,lpw_8af2350cfd,lpw_8af2350cfd,1,1,1,1
2187,2189,22,4,false,朝相反的方向轰鸣而去。,朝|相反|的|方向|轰|鸣|而|去,11,8,lpw_8af2350cfd|lpw_08e2725ce1|lpw_99ae21ea6c,的|而|去,lpw_8af2350cfd,lpw_8af2350cfd|lpw_99ae21ea6c,lpw_8af2350cfd|lpw_08e2725ce1|lpw_99ae21ea6c,3,1,2,3
2188,2190,22,4,false,“他们已经回来了?”,他们|已经|回来|了,10,4,lpw_10518f8f0a|lpw_8ee12e2310|lpw_b2dd27e84f,他们|已经|了,lpw_10518f8f0a|lpw_b2dd27e84f,lpw_10518f8f0a|lpw_b2dd27e84f,lpw_10518f8f0a|lpw_b2dd27e84f,3,2,2,2
2189,2191,22,4,false,小王子问。,小王子|问,5,2,lpw_87f2a033cf|lpw_4628c0e06f,小王子|问,lpw_87f2a033cf,lpw_87f2a033cf|lpw_4628c0e06f,lpw_87f2a033cf|lpw_4628c0e06f,2,1,2,2
2190,2192,22,4,false,"“不是刚才的那列,”",不是|刚才|的|那|列,10,5,lpw_584cd0fcf3|lpw_8af2350cfd|lpw_5a2362a202,不是|的|那,lpw_8af2350cfd|lpw_5a2362a202,lpw_8af2350cfd|lpw_5a2362a202,lpw_8af2350cfd|lpw_5a2362a202,3,2,2,2
2191,2193,22,4,false,"扳道工说,",扳道|工|说,5,3,lpw_ccca744613,说,lpw_ccca744613,lpw_ccca744613,lpw_ccca744613,1,1,1,1
2192,2194,22,4,false,“这是对开列车。”,这|是|对|开|列车,9,5,lpw_d409ab2ab3|lpw_b5141d3d19|lpw_74570c7270|lpw_39eae64cfc,这|是|对|开,lpw_d409ab2ab3|lpw_b5141d3d19|lpw_74570c7270,lpw_d409ab2ab3|lpw_b5141d3d19|lpw_74570c7270,lpw_d409ab2ab3|lpw_b5141d3d19|lpw_74570c7270,4,3,3,3
2193,2195,22,4,false,“他们对原来的地方不满意吗?”,他们|对|原来|的|地方|不|满意|吗,15,8,lpw_10518f8f0a|lpw_74570c7270|lpw_8af2350cfd|lpw_1462a7d853|lpw_b02dfe2160|lpw_5ac1612110,他们|对|的|地方|不|吗,lpw_10518f8f0a|lpw_74570c7270|lpw_8af2350cfd,lpw_10518f8f0a|lpw_74570c7270|lpw_8af2350cfd|lpw_b02dfe2160,lpw_10518f8f0a|lpw_74570c7270|lpw_8af2350cfd|lpw_1462a7d853|lpw_b02dfe2160|lpw_5ac1612110,6,3,4,6
2194,2196,22,4,false,"“人们对自己的地方从来不会满意,”",人们|对|自己|的|地方|从来|不会|满意,17,8,lpw_1ec687a275|lpw_74570c7270|lpw_fb43354d2a|lpw_8af2350cfd|lpw_1462a7d853|lpw_c7ae73a94d,人们|对|自己|的|地方|不会,lpw_74570c7270|lpw_8af2350cfd,lpw_74570c7270|lpw_fb43354d2a|lpw_8af2350cfd,lpw_74570c7270|lpw_fb43354d2a|lpw_8af2350cfd|lpw_1462a7d853,6,2,3,4
2195,2197,22,4,false,扳道工说。,扳道|工|说,5,3,lpw_ccca744613,说,lpw_ccca744613,lpw_ccca744613,lpw_ccca744613,1,1,1,1
2196,2198,22,4,false,第三列灯火通明的快车轰鸣着驶过。,第三|列|灯火|通明|的|快车|轰|鸣|着|驶|过,16,11,lpw_8af2350cfd|lpw_9e5bf0d2d9|lpw_f777893480,的|着|过,lpw_8af2350cfd|lpw_9e5bf0d2d9,lpw_8af2350cfd|lpw_9e5bf0d2d9|lpw_f777893480,lpw_8af2350cfd|lpw_9e5bf0d2d9|lpw_f777893480,3,2,3,3
2197,2199,22,4,false,“他们是去追赶第一批旅客吗?”,他们|是|去|追赶|第|一批|旅客|吗,15,8,lpw_10518f8f0a|lpw_b5141d3d19|lpw_99ae21ea6c|lpw_5ac1612110,他们|是|去|吗,lpw_10518f8f0a|lpw_b5141d3d19,lpw_10518f8f0a|lpw_b5141d3d19|lpw_99ae21ea6c,lpw_10518f8f0a|lpw_b5141d3d19|lpw_99ae21ea6c|lpw_5ac1612110,4,2,3,4
2198,2200,22,4,false,小王子问。,小王子|问,5,2,lpw_87f2a033cf|lpw_4628c0e06f,小王子|问,lpw_87f2a033cf,lpw_87f2a033cf|lpw_4628c0e06f,lpw_87f2a033cf|lpw_4628c0e06f,2,1,2,2
2199,2201,22,4,false,"“他们没追赶谁,”",他们|没|追赶|谁,9,4,lpw_10518f8f0a|lpw_279e8b3573|lpw_056b9c6262,他们|没|谁,lpw_10518f8f0a,lpw_10518f8f0a|lpw_279e8b3573,lpw_10518f8f0a|lpw_279e8b3573,3,1,2,2
2200,2202,22,4,false,"扳道工说,",扳道|工|说,5,3,lpw_ccca744613,说,lpw_ccca744613,lpw_ccca744613,lpw_ccca744613,1,1,1,1
2201,2203,22,4,false,"“他们在里面睡觉,",他们|在|里面|睡觉,9,4,lpw_10518f8f0a|lpw_12404a0b63,他们|在,lpw_10518f8f0a|lpw_12404a0b63,lpw_10518f8f0a|lpw_12404a0b63,lpw_10518f8f0a|lpw_12404a0b63,2,2,2,2
2202,2204,22,4,false,或者打哈欠。,或者|打哈欠,6,2,,,,,,0,0,0,0
2203,2205,22,4,false,只有孩子把鼻子贴在窗上看外面。”,只有|孩子|把|鼻子|贴|在|窗|上|看|外面,16,10,lpw_ba8bd7c8c9|lpw_5f887419f4|lpw_2442748e41|lpw_12404a0b63|lpw_db5ba671d2|lpw_61f43315f9,只有|孩子|把|在|上|看,lpw_12404a0b63|lpw_db5ba671d2,lpw_2442748e41|lpw_12404a0b63|lpw_db5ba671d2,lpw_2442748e41|lpw_12404a0b63|lpw_db5ba671d2|lpw_61f43315f9,6,2,3,4
2204,2206,22,4,false,"“只有孩子知道自己在找什么,”",只有|孩子|知道|自己|在|找|什么,15,7,lpw_ba8bd7c8c9|lpw_5f887419f4|lpw_d7b6472b11|lpw_fb43354d2a|lpw_12404a0b63|lpw_c277be8a4b|lpw_c1b52e0e64,只有|孩子|知道|自己|在|找|什么,lpw_12404a0b63|lpw_c1b52e0e64,lpw_d7b6472b11|lpw_fb43354d2a|lpw_12404a0b63|lpw_c1b52e0e64,lpw_d7b6472b11|lpw_fb43354d2a|lpw_12404a0b63|lpw_c1b52e0e64,7,2,4,4
2205,2207,22,4,false,"小王子说,",小王子|说,5,2,lpw_87f2a033cf|lpw_ccca744613,小王子|说,lpw_87f2a033cf|lpw_ccca744613,lpw_87f2a033cf|lpw_ccca744613,lpw_87f2a033cf|lpw_ccca744613,2,2,2,2
2206,2208,22,4,false,"“他们在一个布娃娃身上花了好些时间,",他们|在|一个|布|娃娃|身上|花了|好些|时间,18,9,lpw_10518f8f0a|lpw_12404a0b63|lpw_e1dbc1c99f|lpw_8b6ff49851,他们|在|一个|时间,lpw_10518f8f0a|lpw_12404a0b63|lpw_e1dbc1c99f,lpw_10518f8f0a|lpw_12404a0b63|lpw_e1dbc1c99f,lpw_10518f8f0a|lpw_12404a0b63|lpw_e1dbc1c99f,4,3,3,3
2207,2209,22,4,false,她对他们来说就成了很重要的东西。,她|对|他们|来说|就|成了|很|重要|的|东西,16,10,lpw_2ab425e0c6|lpw_74570c7270|lpw_10518f8f0a|lpw_a0cc5593ee|lpw_2f9d9872e5|lpw_f2b91797ea|lpw_a8cd9642aa|lpw_8af2350cfd|lpw_b181350186,她|对|他们|来说|就|很|重要|的|东西,lpw_2ab425e0c6|lpw_74570c7270|lpw_10518f8f0a|lpw_2f9d9872e5|lpw_f2b91797ea|lpw_8af2350cfd,lpw_2ab425e0c6|lpw_74570c7270|lpw_10518f8f0a|lpw_2f9d9872e5|lpw_f2b91797ea|lpw_8af2350cfd,lpw_2ab425e0c6|lpw_74570c7270|lpw_10518f8f0a|lpw_a0cc5593ee|lpw_2f9d9872e5|lpw_f2b91797ea|lpw_8af2350cfd|lpw_b181350186,9,6,6,8
2208,2210,22,4,false,"要是有人夺走他们的布娃娃,",要是|有人|夺走|他们|的|布|娃娃,13,7,lpw_467b2562ed|lpw_10518f8f0a|lpw_8af2350cfd,要是|他们|的,lpw_10518f8f0a|lpw_8af2350cfd,lpw_10518f8f0a|lpw_8af2350cfd,lpw_467b2562ed|lpw_10518f8f0a|lpw_8af2350cfd,3,2,2,3
2209,2211,22,4,false,他们会哭的......”,他们|会|哭|的,12,4,lpw_10518f8f0a|lpw_5ba1e3c0eb|lpw_8af2350cfd,他们|会|的,lpw_10518f8f0a|lpw_5ba1e3c0eb|lpw_8af2350cfd,lpw_10518f8f0a|lpw_5ba1e3c0eb|lpw_8af2350cfd,lpw_10518f8f0a|lpw_5ba1e3c0eb|lpw_8af2350cfd,3,3,3,3
2210,2212,22,4,false,"“他们真幸运,”",他们|真|幸运,8,3,lpw_10518f8f0a|lpw_827d018e1b,他们|真,lpw_10518f8f0a,lpw_10518f8f0a,lpw_10518f8f0a,2,1,1,1
2211,2213,22,4,false,扳道工说。,扳道|工|说,5,3,lpw_ccca744613,说,lpw_ccca744613,lpw_ccca744613,lpw_ccca744613,1,1,1,1
2212,2214,23,4,true,23,,2,0,,,,,,0,0,0,0
2213,2215,23,4,false,"“你好,”",你好,5,1,,,,,,0,0,0,0
2214,2216,23,4,false,小王子说。,小王子|说,5,2,lpw_87f2a033cf|lpw_ccca744613,小王子|说,lpw_87f2a033cf|lpw_ccca744613,lpw_87f2a033cf|lpw_ccca744613,lpw_87f2a033cf|lpw_ccca744613,2,2,2,2
2215,2217,23,4,false,"“你好,”",你好,5,1,,,,,,0,0,0,0
2216,2218,23,4,false,商人说。,商人|说,4,2,lpw_3f1784ce8b|lpw_ccca744613,商人|说,lpw_ccca744613,lpw_ccca744613,lpw_ccca744613,2,1,1,1
2217,2219,23,4,false,他是个卖复方止渴丸的商人。,他是|个|卖|复|方|止渴|丸|的|商人,13,9,lpw_3a116815bc|lpw_8af2350cfd|lpw_3f1784ce8b,个|的|商人,lpw_8af2350cfd,lpw_3a116815bc|lpw_8af2350cfd,lpw_3a116815bc|lpw_8af2350cfd,3,1,2,2
2218,2220,23,4,false,"每星期只要吞服一粒,",每星期|只要|吞服|一粒,10,4,,,,,,0,0,0,0
2219,2221,23,4,false,就不会感到口渴了。,就|不会|感到|口渴|了,9,5,lpw_2f9d9872e5|lpw_c7ae73a94d|lpw_15c2457566|lpw_b2dd27e84f,就|不会|感到|了,lpw_2f9d9872e5|lpw_b2dd27e84f,lpw_2f9d9872e5|lpw_b2dd27e84f,lpw_2f9d9872e5|lpw_15c2457566|lpw_b2dd27e84f,4,2,2,3
2220,2222,23,4,false,“你为什么要卖这东西?”,你|为什么|要|卖|这|东西,12,6,lpw_a0c7716669|lpw_1b919bb478|lpw_975f35218e|lpw_d409ab2ab3|lpw_b181350186,你|为什么|要|这|东西,lpw_a0c7716669|lpw_d409ab2ab3,lpw_a0c7716669|lpw_975f35218e|lpw_d409ab2ab3,lpw_a0c7716669|lpw_975f35218e|lpw_d409ab2ab3|lpw_b181350186,5,2,3,4
2221,2223,23,4,false,小王子问。,小王子|问,5,2,lpw_87f2a033cf|lpw_4628c0e06f,小王子|问,lpw_87f2a033cf,lpw_87f2a033cf|lpw_4628c0e06f,lpw_87f2a033cf|lpw_4628c0e06f,2,1,2,2
2222,2224,23,4,false,"“它可以大大节约时间,”",它|可以|大大|节约|时间,12,5,lpw_7e9260e925|lpw_0ef5c86fab|lpw_8b6ff49851,它|可以|时间,lpw_7e9260e925,lpw_7e9260e925,lpw_7e9260e925|lpw_0ef5c86fab,3,1,1,2
2223,2225,23,4,false,"商人说,",商人|说,4,2,lpw_3f1784ce8b|lpw_ccca744613,商人|说,lpw_ccca744613,lpw_ccca744613,lpw_ccca744613,2,1,1,1
2224,2226,23,4,false,“专家做过计算。,专家|做|过|计算,8,4,lpw_94f5404441|lpw_f777893480,做|过,,lpw_f777893480,lpw_f777893480,2,0,1,1
2225,2227,23,4,false,每星期可以省下五十三分钟。”,每星期|可以|省下|五十|三|分钟,14,6,lpw_0ef5c86fab|lpw_a4c3313deb|lpw_bd957bc497,可以|三|分钟,,,lpw_0ef5c86fab,3,0,0,1
2226,2228,23,4,false,“省下的五十三分钟做什么用呢?”,省下|的|五十|三|分钟|做|什么|用|呢,16,9,lpw_8af2350cfd|lpw_a4c3313deb|lpw_bd957bc497|lpw_94f5404441|lpw_c1b52e0e64|lpw_04e45efb3b|lpw_02811cec0b,的|三|分钟|做|什么|用|呢,lpw_8af2350cfd|lpw_c1b52e0e64|lpw_02811cec0b,lpw_8af2350cfd|lpw_c1b52e0e64|lpw_02811cec0b,lpw_8af2350cfd|lpw_c1b52e0e64|lpw_04e45efb3b|lpw_02811cec0b,7,3,3,4
2227,2229,23,4,false,“随便怎么用都行......”,随便|怎么|用|都|行,15,5,lpw_5ee8091a38|lpw_04e45efb3b|lpw_7eabb36ba1,怎么|用|都,,lpw_7eabb36ba1,lpw_04e45efb3b|lpw_7eabb36ba1,3,0,1,2
2228,2230,23,4,false,"“我呀,”",我|呀,5,2,lpw_b70bb4acc0|lpw_03fe6b38e7,我|呀,lpw_b70bb4acc0,lpw_b70bb4acc0,lpw_b70bb4acc0|lpw_03fe6b38e7,2,1,1,2
2229,2231,23,4,false,"小王子心想,",小王子|心想,6,2,lpw_87f2a033cf,小王子,lpw_87f2a033cf,lpw_87f2a033cf,lpw_87f2a033cf,1,1,1,1
2230,2232,23,4,false,"“要是我省下这五十三分钟,",要是|我|省下|这|五十|三|分钟,13,7,lpw_467b2562ed|lpw_b70bb4acc0|lpw_d409ab2ab3|lpw_a4c3313deb|lpw_bd957bc497,要是|我|这|三|分钟,lpw_b70bb4acc0|lpw_d409ab2ab3,lpw_b70bb4acc0|lpw_d409ab2ab3,lpw_467b2562ed|lpw_b70bb4acc0|lpw_d409ab2ab3,5,2,2,3
2231,2233,23,4,false,我就不慌不忙地朝泉水走去......”,我|就|不慌不忙|地|朝|泉水|走去,19,7,lpw_b70bb4acc0|lpw_2f9d9872e5|lpw_bdbd41e490,我|就|地,lpw_b70bb4acc0|lpw_2f9d9872e5|lpw_bdbd41e490,lpw_b70bb4acc0|lpw_2f9d9872e5|lpw_bdbd41e490,lpw_b70bb4acc0|lpw_2f9d9872e5|lpw_bdbd41e490,3,3,3,3
2232,2234,24,4,true,24,,2,0,,,,,,0,0,0,0
2233,2235,24,4,false,"这是我降落在沙漠后的第八天,",这|是|我|降落在|沙漠|后|的|第八|天,14,9,lpw_d409ab2ab3|lpw_b5141d3d19|lpw_b70bb4acc0|lpw_4fbf406572|lpw_8af2350cfd|lpw_49da61ceee,这|是|我|沙漠|的|天,lpw_d409ab2ab3|lpw_b5141d3d19|lpw_b70bb4acc0|lpw_8af2350cfd,lpw_d409ab2ab3|lpw_b5141d3d19|lpw_b70bb4acc0|lpw_8af2350cfd,lpw_d409ab2ab3|lpw_b5141d3d19|lpw_b70bb4acc0|lpw_4fbf406572|lpw_8af2350cfd|lpw_49da61ceee,6,4,4,6
2234,2236,24,4,false,"我听着这个商人的故事,",我|听|着|这个|商人|的|故事,11,7,lpw_b70bb4acc0|lpw_1f2eb2608d|lpw_9e5bf0d2d9|lpw_979e2bc35b|lpw_3f1784ce8b|lpw_8af2350cfd,我|听|着|这个|商人|的,lpw_b70bb4acc0|lpw_9e5bf0d2d9|lpw_8af2350cfd,lpw_b70bb4acc0|lpw_9e5bf0d2d9|lpw_979e2bc35b|lpw_8af2350cfd,lpw_b70bb4acc0|lpw_9e5bf0d2d9|lpw_979e2bc35b|lpw_8af2350cfd,6,3,4,4
2235,2237,24,4,false,喝完了最后一滴备用水。,喝完|了|最后|一滴|备用|水,11,6,lpw_b2dd27e84f|lpw_327b54d04f,了|水,lpw_b2dd27e84f,lpw_b2dd27e84f,lpw_b2dd27e84f,2,1,1,1
2236,2238,24,4,false,“喔!”,喔,4,1,,,,,,0,0,0,0
2237,2239,24,4,false,"我对小王子说,",我|对|小王子|说,7,4,lpw_b70bb4acc0|lpw_74570c7270|lpw_87f2a033cf|lpw_ccca744613,我|对|小王子|说,lpw_b70bb4acc0|lpw_74570c7270|lpw_87f2a033cf|lpw_ccca744613,lpw_b70bb4acc0|lpw_74570c7270|lpw_87f2a033cf|lpw_ccca744613,lpw_b70bb4acc0|lpw_74570c7270|lpw_87f2a033cf|lpw_ccca744613,4,4,4,4
2238,2240,24,4,false,"“你的回忆很动人,",你|的|回忆|很|动人,9,5,lpw_a0c7716669|lpw_8af2350cfd|lpw_f2b91797ea,你|的|很,lpw_a0c7716669|lpw_8af2350cfd|lpw_f2b91797ea,lpw_a0c7716669|lpw_8af2350cfd|lpw_f2b91797ea,lpw_a0c7716669|lpw_8af2350cfd|lpw_f2b91797ea,3,3,3,3
2239,2241,24,4,false,"可是我飞机还没修好,",可是|我|飞机|还|没|修好,10,6,lpw_38ca4a9c76|lpw_b70bb4acc0|lpw_c05f7cd6ed|lpw_1bc709b8bf|lpw_279e8b3573,可是|我|飞机|还|没,lpw_b70bb4acc0,lpw_38ca4a9c76|lpw_b70bb4acc0|lpw_279e8b3573,lpw_38ca4a9c76|lpw_b70bb4acc0|lpw_1bc709b8bf|lpw_279e8b3573,5,1,3,4
2240,2242,24,4,false,"水也喝完了,",水|也|喝完|了,6,4,lpw_327b54d04f|lpw_658605835b|lpw_b2dd27e84f,水|也|了,lpw_b2dd27e84f,lpw_658605835b|lpw_b2dd27e84f,lpw_658605835b|lpw_b2dd27e84f,3,1,2,2
2241,2243,24,4,false,"要是我能朝泉水走去,",要是|我能|朝|泉水|走去,10,5,lpw_467b2562ed,要是,,,lpw_467b2562ed,1,0,0,1
2242,2244,24,4,false,那真是有福了!”,那|真是|有福|了,8,4,lpw_5a2362a202|lpw_b2dd27e84f,那|了,lpw_5a2362a202|lpw_b2dd27e84f,lpw_5a2362a202|lpw_b2dd27e84f,lpw_5a2362a202|lpw_b2dd27e84f,2,2,2,2
2243,2245,24,4,false,“我那狐狸朋友......”,我|那|狐狸|朋友,14,4,lpw_b70bb4acc0|lpw_5a2362a202|lpw_0a93e4ffe2|lpw_677aad1a0e,我|那|狐狸|朋友,lpw_b70bb4acc0|lpw_5a2362a202,lpw_b70bb4acc0|lpw_5a2362a202,lpw_b70bb4acc0|lpw_5a2362a202|lpw_677aad1a0e,4,2,2,3
2244,2246,24,4,false,他说。,他|说,3,2,lpw_8b7b91e000|lpw_ccca744613,他|说,lpw_8b7b91e000|lpw_ccca744613,lpw_8b7b91e000|lpw_ccca744613,lpw_8b7b91e000|lpw_ccca744613,2,2,2,2
2245,2247,24,4,false,"“小家伙,",小|家伙,5,2,lpw_6a7339bb75,小,,lpw_6a7339bb75,lpw_6a7339bb75,1,0,1,1
2246,2248,24,4,false,这可不干狐狸的事!”,这|可|不干|狐狸|的|事,10,6,lpw_d409ab2ab3|lpw_8b9cefa38e|lpw_0a93e4ffe2|lpw_8af2350cfd|lpw_1d9ed56951,这|可|狐狸|的|事,lpw_d409ab2ab3|lpw_8af2350cfd,lpw_d409ab2ab3|lpw_8b9cefa38e|lpw_8af2350cfd|lpw_1d9ed56951,lpw_d409ab2ab3|lpw_8b9cefa38e|lpw_8af2350cfd|lpw_1d9ed56951,5,2,4,4
2247,2249,24,4,false,“为什么?”,为什么,6,1,lpw_1b919bb478,为什么,,,,1,0,0,0
2248,2250,24,4,false,“因为我快要渴死了......”,因为|我|快要|渴死|了,16,5,lpw_795cfc96d4|lpw_b70bb4acc0|lpw_b2dd27e84f,因为|我|了,lpw_b70bb4acc0|lpw_b2dd27e84f,lpw_795cfc96d4|lpw_b70bb4acc0|lpw_b2dd27e84f,lpw_795cfc96d4|lpw_b70bb4acc0|lpw_b2dd27e84f,3,2,3,3
2249,2251,24,4,false,"他没明白我的思路,",他|没|明白|我|的|思路,9,6,lpw_8b7b91e000|lpw_279e8b3573|lpw_8e37cd5f7f|lpw_b70bb4acc0|lpw_8af2350cfd,他|没|明白|我|的,lpw_8b7b91e000|lpw_b70bb4acc0|lpw_8af2350cfd,lpw_8b7b91e000|lpw_279e8b3573|lpw_b70bb4acc0|lpw_8af2350cfd,lpw_8b7b91e000|lpw_279e8b3573|lpw_b70bb4acc0|lpw_8af2350cfd,5,3,4,4
2250,2252,24,4,false,回答我说:,回答|我|说,5,3,lpw_f3f5126487|lpw_b70bb4acc0|lpw_ccca744613,回答|我|说,lpw_b70bb4acc0|lpw_ccca744613,lpw_f3f5126487|lpw_b70bb4acc0|lpw_ccca744613,lpw_f3f5126487|lpw_b70bb4acc0|lpw_ccca744613,3,2,3,3
2251,2253,24,4,false,"“有朋友真好,",有|朋友|真好,7,3,lpw_90ce0f66f0|lpw_677aad1a0e,有|朋友,lpw_90ce0f66f0,lpw_90ce0f66f0,lpw_90ce0f66f0|lpw_677aad1a0e,2,1,1,2
2252,2254,24,4,false,"即使就要死了,",即使|就要|死了,7,3,,,,,,0,0,0,0
2253,2255,24,4,false,我也还是这么想。,我也|还是|这么|想,8,4,lpw_dfaa7d6f73|lpw_7677ca84c6|lpw_df0d251938,还是|这么|想,,,lpw_7677ca84c6|lpw_df0d251938,3,0,0,2
2254,2256,24,4,false,"我真高兴,",我|真|高兴,5,3,lpw_b70bb4acc0|lpw_827d018e1b,我|真,lpw_b70bb4acc0,lpw_b70bb4acc0,lpw_b70bb4acc0,2,1,1,1
2255,2257,24,4,false,有过一个狐狸朋友......”,有|过|一个|狐狸|朋友,15,5,lpw_90ce0f66f0|lpw_f777893480|lpw_e1dbc1c99f|lpw_0a93e4ffe2|lpw_677aad1a0e,有|过|一个|狐狸|朋友,lpw_90ce0f66f0|lpw_e1dbc1c99f,lpw_90ce0f66f0|lpw_f777893480|lpw_e1dbc1c99f,lpw_90ce0f66f0|lpw_f777893480|lpw_e1dbc1c99f|lpw_677aad1a0e,5,2,3,4
2256,2258,24,4,false,"“他没明白情势有多凶险,”",他|没|明白|情势|有|多|凶|险,13,8,lpw_8b7b91e000|lpw_279e8b3573|lpw_8e37cd5f7f|lpw_90ce0f66f0|lpw_1940119f05,他|没|明白|有|多,lpw_8b7b91e000|lpw_90ce0f66f0,lpw_8b7b91e000|lpw_279e8b3573|lpw_90ce0f66f0,lpw_8b7b91e000|lpw_279e8b3573|lpw_90ce0f66f0,5,2,3,3
2257,2259,24,4,false,"我心想,",我|心想,4,2,lpw_b70bb4acc0,我,lpw_b70bb4acc0,lpw_b70bb4acc0,lpw_b70bb4acc0,1,1,1,1
2258,2260,24,4,false,“他从来不知道饥渴。,他|从来|不|知道|饥渴,10,5,lpw_8b7b91e000|lpw_b02dfe2160|lpw_d7b6472b11,他|不|知道,lpw_8b7b91e000,lpw_8b7b91e000|lpw_b02dfe2160|lpw_d7b6472b11,lpw_8b7b91e000|lpw_b02dfe2160|lpw_d7b6472b11,3,1,3,3
2259,2261,24,4,false,"只要有点阳光,",只要|有点|阳光,7,3,lpw_29506aa712,有点,,,lpw_29506aa712,1,0,0,1
2260,2262,24,4,false,他就足够了......”,他|就|足够|了,12,4,lpw_8b7b91e000|lpw_2f9d9872e5|lpw_b2dd27e84f,他|就|了,lpw_8b7b91e000|lpw_2f9d9872e5|lpw_b2dd27e84f,lpw_8b7b91e000|lpw_2f9d9872e5|lpw_b2dd27e84f,lpw_8b7b91e000|lpw_2f9d9872e5|lpw_b2dd27e84f,3,3,3,3
2261,2263,24,4,false,"然而他注视着我,",然而|他|注视着|我,8,4,lpw_8b7b91e000|lpw_b70bb4acc0,他|我,lpw_8b7b91e000|lpw_b70bb4acc0,lpw_8b7b91e000|lpw_b70bb4acc0,lpw_8b7b91e000|lpw_b70bb4acc0,2,2,2,2
2262,2264,24,4,false,好像知道我心里在想什么:,好像|知道|我|心里|在|想|什么,12,7,lpw_d7b6472b11|lpw_b70bb4acc0|lpw_12404a0b63|lpw_df0d251938|lpw_c1b52e0e64,知道|我|在|想|什么,lpw_b70bb4acc0|lpw_12404a0b63|lpw_c1b52e0e64,lpw_d7b6472b11|lpw_b70bb4acc0|lpw_12404a0b63|lpw_c1b52e0e64,lpw_d7b6472b11|lpw_b70bb4acc0|lpw_12404a0b63|lpw_df0d251938|lpw_c1b52e0e64,5,3,4,5
2263,2265,24,4,false,“我也渴......,我也|渴,10,2,,,,,,0,0,0,0
2264,2266,24,4,false,我们去找一口井吧......”,我们|去|找|一口|井|吧,15,6,lpw_bcacb40df8|lpw_99ae21ea6c|lpw_c277be8a4b|lpw_bad8b6c7ae,我们|去|找|吧,,lpw_99ae21ea6c,lpw_99ae21ea6c|lpw_bad8b6c7ae,4,0,1,2
2265,2267,24,4,false,我做了个表示厌烦的手势:,我|做了|个|表示|厌烦|的|手势,12,7,lpw_b70bb4acc0|lpw_3a116815bc|lpw_8af2350cfd,我|个|的,lpw_b70bb4acc0|lpw_8af2350cfd,lpw_b70bb4acc0|lpw_3a116815bc|lpw_8af2350cfd,lpw_b70bb4acc0|lpw_3a116815bc|lpw_8af2350cfd,3,2,3,3
2266,2268,24,4,false,"在一望无垠的沙漠中,",在|一望|无垠|的|沙漠|中,10,6,lpw_12404a0b63|lpw_8af2350cfd|lpw_4fbf406572|lpw_a567bdaa11,在|的|沙漠|中,lpw_12404a0b63|lpw_8af2350cfd,lpw_12404a0b63|lpw_8af2350cfd,lpw_12404a0b63|lpw_8af2350cfd|lpw_4fbf406572,4,2,2,3
2267,2269,24,4,false,"漫无目标地去找井,",漫无|目标|地|去|找|井,9,6,lpw_bdbd41e490|lpw_99ae21ea6c|lpw_c277be8a4b,地|去|找,lpw_bdbd41e490,lpw_bdbd41e490|lpw_99ae21ea6c,lpw_bdbd41e490|lpw_99ae21ea6c,3,1,2,2
2268,2270,24,4,false,简直是荒唐。,简直|是|荒唐,6,3,lpw_b5141d3d19,是,lpw_b5141d3d19,lpw_b5141d3d19,lpw_b5141d3d19,1,1,1,1
2269,2271,24,4,false,"然而,",然而,3,1,,,,,,0,0,0,0
2270,2272,24,4,false,我们到底还是上路了。,我们|到底|还是|上路|了,10,5,lpw_bcacb40df8|lpw_dfaa7d6f73|lpw_b2dd27e84f,我们|还是|了,lpw_b2dd27e84f,lpw_b2dd27e84f,lpw_b2dd27e84f,3,1,1,1
2271,2273,24,4,false,"默默地走了几个钟头以后,",默默|地|走了|几个|钟头|以后,12,6,lpw_bdbd41e490|lpw_25eba59465|lpw_e6ad7a1dbc,地|走了|以后,lpw_bdbd41e490,lpw_bdbd41e490,lpw_bdbd41e490,3,1,1,1
2272,2274,24,4,false,"夜幕降临了,",夜幕|降临|了,6,3,lpw_b2dd27e84f,了,lpw_b2dd27e84f,lpw_b2dd27e84f,lpw_b2dd27e84f,1,1,1,1
2273,2275,24,4,false,星星在天空中闪烁起来。,星星|在|天空|中|闪烁|起来,11,6,lpw_6a9fec7faf|lpw_12404a0b63|lpw_a567bdaa11|lpw_b8a694b2df,星星|在|中|起来,lpw_6a9fec7faf|lpw_12404a0b63,lpw_6a9fec7faf|lpw_12404a0b63,lpw_6a9fec7faf|lpw_12404a0b63|lpw_b8a694b2df,4,2,2,3
2274,2276,24,4,false,"由于渴得厉害,",由于|渴得|厉害,7,3,,,,,,0,0,0,0
2275,2277,24,4,false,"我有点发烧,",我|有点|发烧,6,3,lpw_b70bb4acc0|lpw_29506aa712,我|有点,lpw_b70bb4acc0,lpw_b70bb4acc0,lpw_b70bb4acc0|lpw_29506aa712,2,1,1,2
2276,2278,24,4,false,"望着天上的星星,",望|着|天上|的|星星,8,5,lpw_260bd80462|lpw_9e5bf0d2d9|lpw_8af2350cfd|lpw_6a9fec7faf,望|着|的|星星,lpw_9e5bf0d2d9|lpw_8af2350cfd|lpw_6a9fec7faf,lpw_9e5bf0d2d9|lpw_8af2350cfd|lpw_6a9fec7faf,lpw_9e5bf0d2d9|lpw_8af2350cfd|lpw_6a9fec7faf,4,3,3,3
2277,2279,24,4,false,仿佛在梦中。,仿佛|在|梦中,6,3,lpw_12404a0b63,在,lpw_12404a0b63,lpw_12404a0b63,lpw_12404a0b63,1,1,1,1
2278,2280,24,4,false,小王子的话在脑海里盘旋舞蹈。,小王子|的话|在|脑海|里|盘旋|舞蹈,14,7,lpw_87f2a033cf|lpw_9b952dd4e3|lpw_12404a0b63|lpw_79f43de6e3,小王子|的话|在|里,lpw_87f2a033cf|lpw_12404a0b63,lpw_87f2a033cf|lpw_12404a0b63|lpw_79f43de6e3,lpw_87f2a033cf|lpw_12404a0b63|lpw_79f43de6e3,4,2,3,3
2279,2281,24,4,false,“你也渴?”,你|也|渴,6,3,lpw_a0c7716669|lpw_658605835b,你|也,lpw_a0c7716669,lpw_a0c7716669|lpw_658605835b,lpw_a0c7716669|lpw_658605835b,2,1,2,2
2280,2282,24,4,false,我问。,我|问,3,2,lpw_b70bb4acc0|lpw_4628c0e06f,我|问,lpw_b70bb4acc0,lpw_b70bb4acc0|lpw_4628c0e06f,lpw_b70bb4acc0|lpw_4628c0e06f,2,1,2,2
2281,2283,24,4,false,"他没有回答我的问题,",他|没有|回答|我|的|问题,10,6,lpw_8b7b91e000|lpw_f127804b92|lpw_f3f5126487|lpw_b70bb4acc0|lpw_8af2350cfd|lpw_33a8618cb6,他|没有|回答|我|的|问题,lpw_8b7b91e000|lpw_b70bb4acc0|lpw_8af2350cfd,lpw_8b7b91e000|lpw_f127804b92|lpw_f3f5126487|lpw_b70bb4acc0|lpw_8af2350cfd,lpw_8b7b91e000|lpw_f127804b92|lpw_f3f5126487|lpw_b70bb4acc0|lpw_8af2350cfd,6,3,5,5
2282,2284,24,4,false,只对我说:,只|对|我|说,5,4,lpw_409e2c3882|lpw_74570c7270|lpw_b70bb4acc0|lpw_ccca744613,只|对|我|说,lpw_74570c7270|lpw_b70bb4acc0|lpw_ccca744613,lpw_409e2c3882|lpw_74570c7270|lpw_b70bb4acc0|lpw_ccca744613,lpw_409e2c3882|lpw_74570c7270|lpw_b70bb4acc0|lpw_ccca744613,4,3,4,4
2283,2285,24,4,false,“水对心灵也有好处......”,水|对|心灵|也有|好处,16,5,lpw_327b54d04f|lpw_74570c7270,水|对,lpw_74570c7270,lpw_74570c7270,lpw_74570c7270,2,1,1,1
2284,2286,24,4,false,"我没听懂他的话,",我没|听|懂|他|的话,8,5,lpw_6af7322be2|lpw_1f2eb2608d|lpw_8b7b91e000|lpw_9b952dd4e3,我没|听|他|的话,lpw_8b7b91e000,lpw_8b7b91e000,lpw_8b7b91e000,4,1,1,1
2285,2287,24,4,false,但我没作声......,但|我没|作|声,11,4,lpw_1f863793c6|lpw_6af7322be2|lpw_7ff9df9923|lpw_693e132f27,但|我没|作|声,,,lpw_693e132f27,4,0,0,1
2286,2288,24,4,false,"我知道,",我|知道,4,2,lpw_b70bb4acc0|lpw_d7b6472b11,我|知道,lpw_b70bb4acc0,lpw_b70bb4acc0|lpw_d7b6472b11,lpw_b70bb4acc0|lpw_d7b6472b11,2,1,2,2
2287,2289,24,4,false,这会儿不该去问他。,这会儿|不该|去|问|他,9,5,lpw_99ae21ea6c|lpw_4628c0e06f|lpw_8b7b91e000,去|问|他,lpw_8b7b91e000,lpw_99ae21ea6c|lpw_4628c0e06f|lpw_8b7b91e000,lpw_99ae21ea6c|lpw_4628c0e06f|lpw_8b7b91e000,3,1,3,3
2288,2290,24,4,false,他累了。,他|累了,4,2,lpw_8b7b91e000,他,lpw_8b7b91e000,lpw_8b7b91e000,lpw_8b7b91e000,1,1,1,1
2289,2291,24,4,false,他坐了下来。,他|坐了|下来,6,3,lpw_8b7b91e000,他,lpw_8b7b91e000,lpw_8b7b91e000,lpw_8b7b91e000,1,1,1,1
2290,2292,24,4,false,我坐在他身旁。,我|坐在|他|身|旁,7,5,lpw_b70bb4acc0|lpw_8b7b91e000,我|他,lpw_b70bb4acc0|lpw_8b7b91e000,lpw_b70bb4acc0|lpw_8b7b91e000,lpw_b70bb4acc0|lpw_8b7b91e000,2,2,2,2
2291,2293,24,4,false,"沉默了一会儿,",沉默|了一|会|儿,7,4,lpw_5ba1e3c0eb|lpw_1ed5efc3dc,会|儿,lpw_5ba1e3c0eb,lpw_5ba1e3c0eb,lpw_5ba1e3c0eb,2,1,1,1
2292,2294,24,4,false,他又说:,他|又|说,4,3,lpw_8b7b91e000|lpw_e71ce5deab|lpw_ccca744613,他|又|说,lpw_8b7b91e000|lpw_e71ce5deab|lpw_ccca744613,lpw_8b7b91e000|lpw_e71ce5deab|lpw_ccca744613,lpw_8b7b91e000|lpw_e71ce5deab|lpw_ccca744613,3,3,3,3
2293,2295,24,4,false,"“星星很美,",星星|很美,6,2,lpw_6a9fec7faf,星星,lpw_6a9fec7faf,lpw_6a9fec7faf,lpw_6a9fec7faf,1,1,1,1
2294,2296,24,4,false,因为有一朵看不见的花儿......”,因为|有|一朵|看不见|的|花儿,18,6,lpw_795cfc96d4|lpw_90ce0f66f0|lpw_aebd6fbbd2|lpw_f92f065aad|lpw_8af2350cfd|lpw_059ab0f707,因为|有|一朵|看不见|的|花儿,lpw_90ce0f66f0|lpw_8af2350cfd|lpw_059ab0f707,lpw_795cfc96d4|lpw_90ce0f66f0|lpw_8af2350cfd|lpw_059ab0f707,lpw_795cfc96d4|lpw_90ce0f66f0|lpw_aebd6fbbd2|lpw_8af2350cfd|lpw_059ab0f707,6,3,4,5
2295,2297,24,4,false,"我说了声“可不是”,",我|说|了|声|可不是,10,5,lpw_b70bb4acc0|lpw_ccca744613|lpw_b2dd27e84f|lpw_693e132f27|lpw_b30391caa1,我|说|了|声|可不是,lpw_b70bb4acc0|lpw_ccca744613|lpw_b2dd27e84f,lpw_b70bb4acc0|lpw_ccca744613|lpw_b2dd27e84f,lpw_b70bb4acc0|lpw_ccca744613|lpw_b2dd27e84f|lpw_693e132f27,5,3,3,4
2296,2298,24,4,false,就静静地注视着月光下沙漠的褶皱。,就|静静|地|注视着|月光|下|沙漠|的|褶|皱,16,10,lpw_2f9d9872e5|lpw_bdbd41e490|lpw_13c12b064b|lpw_4fbf406572|lpw_8af2350cfd,就|地|下|沙漠|的,lpw_2f9d9872e5|lpw_bdbd41e490|lpw_8af2350cfd,lpw_2f9d9872e5|lpw_bdbd41e490|lpw_8af2350cfd,lpw_2f9d9872e5|lpw_bdbd41e490|lpw_4fbf406572|lpw_8af2350cfd,5,3,3,4
2297,2299,24,4,false,"“沙漠很美,”",沙漠|很美,7,2,lpw_4fbf406572,沙漠,,,lpw_4fbf406572,1,0,0,1
2298,2300,24,4,false,他又说。,他|又|说,4,3,lpw_8b7b91e000|lpw_e71ce5deab|lpw_ccca744613,他|又|说,lpw_8b7b91e000|lpw_e71ce5deab|lpw_ccca744613,lpw_8b7b91e000|lpw_e71ce5deab|lpw_ccca744613,lpw_8b7b91e000|lpw_e71ce5deab|lpw_ccca744613,3,3,3,3
2299,2301,24,4,false,没错。,没错,3,1,,,,,,0,0,0,0
2300,2302,24,4,false,我一向喜欢沙漠。,我|一向|喜欢|沙漠,8,4,lpw_b70bb4acc0|lpw_653b04330b|lpw_4fbf406572,我|喜欢|沙漠,lpw_b70bb4acc0,lpw_b70bb4acc0,lpw_b70bb4acc0|lpw_4fbf406572,3,1,1,2
2301,2303,24,4,false,我们坐在一个沙丘上。,我们|坐在|一个|沙丘|上,10,5,lpw_bcacb40df8|lpw_e1dbc1c99f|lpw_db5ba671d2,我们|一个|上,lpw_e1dbc1c99f|lpw_db5ba671d2,lpw_e1dbc1c99f|lpw_db5ba671d2,lpw_e1dbc1c99f|lpw_db5ba671d2,3,2,2,2
2302,2304,24,4,false,什么也看不见。,什么|也|看不见,7,3,lpw_c1b52e0e64|lpw_658605835b|lpw_f92f065aad,什么|也|看不见,lpw_c1b52e0e64,lpw_c1b52e0e64|lpw_658605835b,lpw_c1b52e0e64|lpw_658605835b,3,1,2,2
2303,2305,24,4,false,什么也听不见。,什么|也|听不见,7,3,lpw_c1b52e0e64|lpw_658605835b,什么|也,lpw_c1b52e0e64,lpw_c1b52e0e64|lpw_658605835b,lpw_c1b52e0e64|lpw_658605835b,2,1,2,2
2304,2306,24,4,false,然而有什么东西在寂静中发出光芒......,然而|有|什么东西|在|寂静|中|发出|光芒,21,8,lpw_90ce0f66f0|lpw_12404a0b63|lpw_a567bdaa11,有|在|中,lpw_90ce0f66f0|lpw_12404a0b63,lpw_90ce0f66f0|lpw_12404a0b63,lpw_90ce0f66f0|lpw_12404a0b63,3,2,2,2
2305,2307,24,4,false,"“沙漠这么美,”",沙漠|这么|美,8,3,lpw_4fbf406572|lpw_7677ca84c6,沙漠|这么,,,lpw_4fbf406572|lpw_7677ca84c6,2,0,0,2
2306,2308,24,4,false,"小王子说,",小王子|说,5,2,lpw_87f2a033cf|lpw_ccca744613,小王子|说,lpw_87f2a033cf|lpw_ccca744613,lpw_87f2a033cf|lpw_ccca744613,lpw_87f2a033cf|lpw_ccca744613,2,2,2,2
2307,2309,24,4,false,“是因为有个地方藏着一口井......”,是|因为|有|个|地方|藏着|一口|井,20,8,lpw_b5141d3d19|lpw_795cfc96d4|lpw_90ce0f66f0|lpw_3a116815bc|lpw_1462a7d853,是|因为|有|个|地方,lpw_b5141d3d19|lpw_90ce0f66f0,lpw_b5141d3d19|lpw_795cfc96d4|lpw_90ce0f66f0|lpw_3a116815bc,lpw_b5141d3d19|lpw_795cfc96d4|lpw_90ce0f66f0|lpw_3a116815bc|lpw_1462a7d853,5,2,4,5
2308,2310,24,4,false,"我非常吃惊,",我|非常|吃惊,6,3,lpw_b70bb4acc0|lpw_2ccec3b419,我|非常,lpw_b70bb4acc0,lpw_b70bb4acc0,lpw_b70bb4acc0,2,1,1,1
2309,2311,24,4,false,突然间明白了沙漠发光的奥秘。,突然|间|明白|了|沙漠|发光|的|奥秘,14,8,lpw_8e37cd5f7f|lpw_b2dd27e84f|lpw_4fbf406572|lpw_8af2350cfd,明白|了|沙漠|的,lpw_b2dd27e84f|lpw_8af2350cfd,lpw_b2dd27e84f|lpw_8af2350cfd,lpw_b2dd27e84f|lpw_4fbf406572|lpw_8af2350cfd,4,2,2,3
2310,2312,24,4,false,"我小时候住在一座老宅里,",我|小时|候|住在|一座|老|宅|里,12,8,lpw_b70bb4acc0|lpw_e2d5460909|lpw_79f43de6e3,我|一座|里,lpw_b70bb4acc0,lpw_b70bb4acc0|lpw_79f43de6e3,lpw_b70bb4acc0|lpw_79f43de6e3,3,1,2,2
2311,2313,24,4,false,传说宅子里埋着宝藏。,传说|宅|子|里|埋|着|宝藏,10,7,lpw_79f43de6e3|lpw_9e5bf0d2d9,里|着,lpw_9e5bf0d2d9,lpw_79f43de6e3|lpw_9e5bf0d2d9,lpw_79f43de6e3|lpw_9e5bf0d2d9,2,1,2,2
2312,2314,24,4,false,"当然,",当然,3,1,lpw_0002e2d87f,当然,,,,1,0,0,0
2313,2315,24,4,false,"从来没人发现过这宝藏,",从来没|人|发现|过|这|宝藏,11,6,lpw_50f5d65d57|lpw_10493d06b9|lpw_f777893480|lpw_d409ab2ab3,人|发现|过|这,lpw_50f5d65d57|lpw_d409ab2ab3,lpw_50f5d65d57|lpw_f777893480|lpw_d409ab2ab3,lpw_50f5d65d57|lpw_f777893480|lpw_d409ab2ab3,4,2,3,3
2314,2316,24,4,false,或许根本没人寻找过它。,或许|根本|没|人|寻找|过|它,11,7,lpw_279e8b3573|lpw_50f5d65d57|lpw_f777893480|lpw_7e9260e925,没|人|过|它,lpw_50f5d65d57|lpw_7e9260e925,lpw_279e8b3573|lpw_50f5d65d57|lpw_f777893480|lpw_7e9260e925,lpw_279e8b3573|lpw_50f5d65d57|lpw_f777893480|lpw_7e9260e925,4,2,4,4
2315,2317,24,4,false,但是它使整座宅子变得令人着迷。,但是|它|使|整座|宅|子|变得|令人|着迷,15,9,lpw_8cb1f721c8|lpw_7e9260e925|lpw_22c95798a9|lpw_23e89ba0a1,但是|它|使|变得,lpw_7e9260e925,lpw_7e9260e925,lpw_7e9260e925,4,1,1,1
2316,2318,24,4,false,我的宅子在心灵深处藏着一个秘密......,我|的|宅|子|在|心灵深处|藏着|一个|秘密,21,9,lpw_b70bb4acc0|lpw_8af2350cfd|lpw_12404a0b63|lpw_e1dbc1c99f,我|的|在|一个,lpw_b70bb4acc0|lpw_8af2350cfd|lpw_12404a0b63|lpw_e1dbc1c99f,lpw_b70bb4acc0|lpw_8af2350cfd|lpw_12404a0b63|lpw_e1dbc1c99f,lpw_b70bb4acc0|lpw_8af2350cfd|lpw_12404a0b63|lpw_e1dbc1c99f,4,4,4,4
2317,2319,24,4,false,"“对,”",对,4,1,lpw_74570c7270,对,lpw_74570c7270,lpw_74570c7270,lpw_74570c7270,1,1,1,1
2318,2320,24,4,false,"我对小王子说,",我|对|小王子|说,7,4,lpw_b70bb4acc0|lpw_74570c7270|lpw_87f2a033cf|lpw_ccca744613,我|对|小王子|说,lpw_b70bb4acc0|lpw_74570c7270|lpw_87f2a033cf|lpw_ccca744613,lpw_b70bb4acc0|lpw_74570c7270|lpw_87f2a033cf|lpw_ccca744613,lpw_b70bb4acc0|lpw_74570c7270|lpw_87f2a033cf|lpw_ccca744613,4,4,4,4
2319,2321,24,4,false,"“不管是宅子,",不管是|宅|子,7,3,,,,,,0,0,0,0
2320,2322,24,4,false,"还是星星或沙漠,",还是|星星|或|沙漠,8,4,lpw_dfaa7d6f73|lpw_6a9fec7faf|lpw_4fbf406572,还是|星星|沙漠,lpw_6a9fec7faf,lpw_6a9fec7faf,lpw_6a9fec7faf|lpw_4fbf406572,3,1,1,2
2321,2323,24,4,false,"使它们变美的东西,",使|它们|变|美|的|东西,9,6,lpw_22c95798a9|lpw_c40b3d2880|lpw_8af2350cfd|lpw_b181350186,使|它们|的|东西,lpw_8af2350cfd,lpw_c40b3d2880|lpw_8af2350cfd,lpw_c40b3d2880|lpw_8af2350cfd|lpw_b181350186,4,1,2,3
2322,2324,24,4,false,都是看不见的!”,都是|看不见|的,8,3,lpw_ef4e15ff45|lpw_f92f065aad|lpw_8af2350cfd,都是|看不见|的,lpw_8af2350cfd,lpw_8af2350cfd,lpw_8af2350cfd,3,1,1,1
2323,2325,24,4,false,"他笑了,",他|笑了,4,2,lpw_8b7b91e000,他,lpw_8b7b91e000,lpw_8b7b91e000,lpw_8b7b91e000,1,1,1,1
2324,2326,24,4,false,"拉住吊绳,",拉住|吊|绳,5,3,,,,,,0,0,0,0
2325,2327,24,4,false,"让辘轳转起来“我很高兴,”",让|辘|轳|转|起来|我|很|高兴,13,8,lpw_ad37574404|lpw_9482d0359c|lpw_b8a694b2df|lpw_b70bb4acc0|lpw_f2b91797ea,让|转|起来|我|很,lpw_ad37574404|lpw_b70bb4acc0|lpw_f2b91797ea,lpw_ad37574404|lpw_b70bb4acc0|lpw_f2b91797ea,lpw_ad37574404|lpw_b8a694b2df|lpw_b70bb4acc0|lpw_f2b91797ea,5,3,3,4
2326,2328,24,4,false,"他说,",他|说,3,2,lpw_8b7b91e000|lpw_ccca744613,他|说,lpw_8b7b91e000|lpw_ccca744613,lpw_8b7b91e000|lpw_ccca744613,lpw_8b7b91e000|lpw_ccca744613,2,2,2,2
2327,2329,24,4,false,“你和狐狸的看法一样了。”,你|和|狐狸|的|看法|一样|了,13,7,lpw_a0c7716669|lpw_3d7114281f|lpw_0a93e4ffe2|lpw_8af2350cfd|lpw_9dc5c0158d|lpw_b2dd27e84f,你|和|狐狸|的|一样|了,lpw_a0c7716669|lpw_8af2350cfd|lpw_b2dd27e84f,lpw_a0c7716669|lpw_3d7114281f|lpw_8af2350cfd|lpw_b2dd27e84f,lpw_a0c7716669|lpw_3d7114281f|lpw_8af2350cfd|lpw_9dc5c0158d|lpw_b2dd27e84f,6,3,4,5
2328,2330,24,4,false,"看小王子睡着了,",看|小王子|睡着了,8,3,lpw_61f43315f9|lpw_87f2a033cf,看|小王子,lpw_87f2a033cf,lpw_87f2a033cf,lpw_61f43315f9|lpw_87f2a033cf,2,1,1,2
2329,2331,24,4,false,"我把他抱起来,",我把|他|抱|起来,7,4,lpw_5ebf3d1bfd|lpw_8b7b91e000|lpw_b8a694b2df,我把|他|起来,lpw_8b7b91e000,lpw_8b7b91e000,lpw_8b7b91e000|lpw_b8a694b2df,3,1,1,2
2330,2332,24,4,false,重新上路。,重新|上路,5,2,,,,,,0,0,0,0
2331,2333,24,4,false,我很激动。,我|很|激动,5,3,lpw_b70bb4acc0|lpw_f2b91797ea,我|很,lpw_b70bb4acc0|lpw_f2b91797ea,lpw_b70bb4acc0|lpw_f2b91797ea,lpw_b70bb4acc0|lpw_f2b91797ea,2,2,2,2
2332,2334,24,4,false,我觉得就像捧着一件易碎的宝贝。,我|觉得|就像|捧|着|一件|易碎|的|宝贝,15,9,lpw_b70bb4acc0|lpw_78c82d9f41|lpw_3a1a30dbb2|lpw_9e5bf0d2d9|lpw_8af2350cfd,我|觉得|就像|着|的,lpw_b70bb4acc0|lpw_9e5bf0d2d9|lpw_8af2350cfd,lpw_b70bb4acc0|lpw_9e5bf0d2d9|lpw_8af2350cfd,lpw_b70bb4acc0|lpw_78c82d9f41|lpw_9e5bf0d2d9|lpw_8af2350cfd,5,3,3,4
2333,2335,24,4,false,"我甚至觉得在地球上,",我|甚至|觉得|在|地球|上,10,6,lpw_b70bb4acc0|lpw_78c82d9f41|lpw_12404a0b63|lpw_eeef861b87|lpw_db5ba671d2,我|觉得|在|地球|上,lpw_b70bb4acc0|lpw_12404a0b63|lpw_db5ba671d2,lpw_b70bb4acc0|lpw_12404a0b63|lpw_db5ba671d2,lpw_b70bb4acc0|lpw_78c82d9f41|lpw_12404a0b63|lpw_eeef861b87|lpw_db5ba671d2,5,3,3,5
2334,2336,24,4,false,再没有更娇弱的东西了。,再|没有|更|娇|弱|的|东西|了,11,8,lpw_f127804b92|lpw_8af2350cfd|lpw_b181350186|lpw_b2dd27e84f,没有|的|东西|了,lpw_8af2350cfd|lpw_b2dd27e84f,lpw_f127804b92|lpw_8af2350cfd|lpw_b2dd27e84f,lpw_f127804b92|lpw_8af2350cfd|lpw_b181350186|lpw_b2dd27e84f,4,2,3,4
2335,2337,24,4,false,"我在月光下看着他苍白的前额,",我在|月光|下|看|着|他|苍白|的|前额,14,9,lpw_33f40475f8|lpw_13c12b064b|lpw_61f43315f9|lpw_9e5bf0d2d9|lpw_8b7b91e000|lpw_8af2350cfd,我在|下|看|着|他|的,lpw_9e5bf0d2d9|lpw_8b7b91e000|lpw_8af2350cfd,lpw_9e5bf0d2d9|lpw_8b7b91e000|lpw_8af2350cfd,lpw_61f43315f9|lpw_9e5bf0d2d9|lpw_8b7b91e000|lpw_8af2350cfd,6,3,3,4
2336,2338,24,4,false,"紧闭的眼睛,",紧|闭|的|眼睛,6,4,lpw_8af2350cfd,的,lpw_8af2350cfd,lpw_8af2350cfd,lpw_8af2350cfd,1,1,1,1
2337,2339,24,4,false,"还有那随风飘动的发绺,",还有|那|随风|飘|动|的|发|绺,11,8,lpw_83eec76b39|lpw_5a2362a202|lpw_8af2350cfd,还有|那|的,lpw_5a2362a202|lpw_8af2350cfd,lpw_5a2362a202|lpw_8af2350cfd,lpw_5a2362a202|lpw_8af2350cfd,3,2,2,2
2338,2340,24,4,false,在心里对自己说:,在|心里|对|自己|说,8,5,lpw_12404a0b63|lpw_74570c7270|lpw_fb43354d2a|lpw_ccca744613,在|对|自己|说,lpw_12404a0b63|lpw_74570c7270|lpw_ccca744613,lpw_12404a0b63|lpw_74570c7270|lpw_fb43354d2a|lpw_ccca744613,lpw_12404a0b63|lpw_74570c7270|lpw_fb43354d2a|lpw_ccca744613,4,3,4,4
2339,2341,24,4,false,“我所看到的只是外貌。,我|所|看到|的|只是|外貌,11,6,lpw_b70bb4acc0|lpw_e9c1d16595|lpw_8af2350cfd,我|看到|的,lpw_b70bb4acc0|lpw_8af2350cfd,lpw_b70bb4acc0|lpw_8af2350cfd,lpw_b70bb4acc0|lpw_8af2350cfd,3,2,2,2
2340,2342,24,4,false,最重要的东西是看不见的......”,最|重要|的|东西|是|看不见|的,18,7,lpw_a8cd9642aa|lpw_8af2350cfd|lpw_b181350186|lpw_b5141d3d19|lpw_f92f065aad,重要|的|东西|是|看不见,lpw_8af2350cfd|lpw_b5141d3d19,lpw_8af2350cfd|lpw_b5141d3d19,lpw_8af2350cfd|lpw_b181350186|lpw_b5141d3d19,5,2,2,3
2341,2343,24,4,false,"当他微微张开的嘴唇绽出一丝笑意时,",当|他|微微|张开|的|嘴唇|绽|出|一|丝|笑意|时,17,12,lpw_142d843e71|lpw_8b7b91e000|lpw_8af2350cfd|lpw_51a75f4634|lpw_7d58b6422c,当|他|的|一|时,lpw_8b7b91e000|lpw_8af2350cfd,lpw_8b7b91e000|lpw_8af2350cfd|lpw_51a75f4634,lpw_8b7b91e000|lpw_8af2350cfd|lpw_51a75f4634,5,2,3,3
2342,2344,24,4,false,我又对自己说:,我又|对|自己|说,7,4,lpw_74570c7270|lpw_fb43354d2a|lpw_ccca744613,对|自己|说,lpw_74570c7270|lpw_ccca744613,lpw_74570c7270|lpw_fb43354d2a|lpw_ccca744613,lpw_74570c7270|lpw_fb43354d2a|lpw_ccca744613,3,2,3,3
2343,2345,24,4,false,"“在这个熟睡的小王子身上,",在|这个|熟睡|的|小王子|身上,13,6,lpw_12404a0b63|lpw_979e2bc35b|lpw_8af2350cfd|lpw_87f2a033cf,在|这个|的|小王子,lpw_12404a0b63|lpw_8af2350cfd|lpw_87f2a033cf,lpw_12404a0b63|lpw_979e2bc35b|lpw_8af2350cfd|lpw_87f2a033cf,lpw_12404a0b63|lpw_979e2bc35b|lpw_8af2350cfd|lpw_87f2a033cf,4,3,4,4
2344,2346,24,4,false,"最让我感动的,",最让|我|感动|的,7,4,lpw_b70bb4acc0|lpw_8af2350cfd,我|的,lpw_b70bb4acc0|lpw_8af2350cfd,lpw_b70bb4acc0|lpw_8af2350cfd,lpw_b70bb4acc0|lpw_8af2350cfd,2,2,2,2
2345,2347,24,4,false,"是他对一朵花儿的忠贞,",是|他|对|一朵|花儿|的|忠贞,11,7,lpw_b5141d3d19|lpw_8b7b91e000|lpw_74570c7270|lpw_aebd6fbbd2|lpw_059ab0f707|lpw_8af2350cfd,是|他|对|一朵|花儿|的,lpw_b5141d3d19|lpw_8b7b91e000|lpw_74570c7270|lpw_059ab0f707|lpw_8af2350cfd,lpw_b5141d3d19|lpw_8b7b91e000|lpw_74570c7270|lpw_059ab0f707|lpw_8af2350cfd,lpw_b5141d3d19|lpw_8b7b91e000|lpw_74570c7270|lpw_aebd6fbbd2|lpw_059ab0f707|lpw_8af2350cfd,6,5,5,6
2346,2348,24,4,false,"这朵玫瑰的影像,",这|朵|玫瑰|的|影像,8,5,lpw_d409ab2ab3|lpw_0da9a35a4b|lpw_a6664df1ef|lpw_8af2350cfd,这|朵|玫瑰|的,lpw_d409ab2ab3|lpw_8af2350cfd,lpw_d409ab2ab3|lpw_8af2350cfd,lpw_d409ab2ab3|lpw_a6664df1ef|lpw_8af2350cfd,4,2,2,3
2347,2349,24,4,false,"即使在他睡着时,",即使|在|他|睡着|时,8,5,lpw_12404a0b63|lpw_8b7b91e000|lpw_7d58b6422c,在|他|时,lpw_12404a0b63|lpw_8b7b91e000,lpw_12404a0b63|lpw_8b7b91e000,lpw_12404a0b63|lpw_8b7b91e000,3,2,2,2
2348,2350,24,4,false,"仍然在他身上发出光芒,",仍然|在|他|身上|发出|光芒,11,6,lpw_12404a0b63|lpw_8b7b91e000,在|他,lpw_12404a0b63|lpw_8b7b91e000,lpw_12404a0b63|lpw_8b7b91e000,lpw_12404a0b63|lpw_8b7b91e000,2,2,2,2
2349,2351,24,4,false,就像一盏灯的火焰一样......”,就像|一盏灯|的|火焰|一样,17,5,lpw_3a1a30dbb2|lpw_8af2350cfd|lpw_9dc5c0158d,就像|的|一样,lpw_8af2350cfd,lpw_8af2350cfd,lpw_8af2350cfd|lpw_9dc5c0158d,3,1,1,2
2350,2352,24,4,false,这时我把他想得更加娇弱了。,这时|我把|他|想得|更加|娇|弱|了,13,8,lpw_5ebf3d1bfd|lpw_8b7b91e000|lpw_b2dd27e84f,我把|他|了,lpw_8b7b91e000|lpw_b2dd27e84f,lpw_8b7b91e000|lpw_b2dd27e84f,lpw_8b7b91e000|lpw_b2dd27e84f,3,2,2,2
2351,2353,24,4,false,"应该好好保护灯火呵,",应该|好好|保护|灯火|呵,10,5,,,,,,0,0,0,0
2352,2354,24,4,false,一阵风就会吹灭它......,一阵|风|就|会|吹|灭|它,14,7,lpw_be65bd5518|lpw_2f9d9872e5|lpw_5ba1e3c0eb|lpw_7e9260e925,风|就|会|它,lpw_2f9d9872e5|lpw_5ba1e3c0eb|lpw_7e9260e925,lpw_2f9d9872e5|lpw_5ba1e3c0eb|lpw_7e9260e925,lpw_2f9d9872e5|lpw_5ba1e3c0eb|lpw_7e9260e925,4,3,3,3
2353,2355,24,4,false,"就这样走啊走啊,",就|这样|走|啊|走|啊,8,6,lpw_2f9d9872e5|lpw_b7fc681861|lpw_f66de6c4cd|lpw_7c2c50fbaf,就|这样|走|啊,lpw_2f9d9872e5,lpw_2f9d9872e5|lpw_b7fc681861,lpw_2f9d9872e5|lpw_b7fc681861,4,1,2,2
2354,2356,24,4,false,我在拂晓时发现了水井。,我在|拂|晓|时|发现|了|水井,11,7,lpw_33f40475f8|lpw_7d58b6422c|lpw_10493d06b9|lpw_b2dd27e84f,我在|时|发现|了,lpw_b2dd27e84f,lpw_b2dd27e84f,lpw_b2dd27e84f,4,1,1,1
2355,2357,25,4,true,25,,2,0,,,,,,0,0,0,0
2356,2358,25,4,false,"“人们挤进快车,”",人们|挤进|快车,9,3,lpw_1ec687a275,人们,,,,1,0,0,0
2357,2359,25,4,false,"小王子说,",小王子|说,5,2,lpw_87f2a033cf|lpw_ccca744613,小王子|说,lpw_87f2a033cf|lpw_ccca744613,lpw_87f2a033cf|lpw_ccca744613,lpw_87f2a033cf|lpw_ccca744613,2,2,2,2
2358,2360,25,4,false,“可是又不知道还要去寻找什么。,可是|又|不|知道|还|要|去|寻找|什么,15,9,lpw_38ca4a9c76|lpw_e71ce5deab|lpw_b02dfe2160|lpw_d7b6472b11|lpw_1bc709b8bf|lpw_975f35218e|lpw_99ae21ea6c|lpw_c1b52e0e64,可是|又|不|知道|还|要|去|什么,lpw_e71ce5deab|lpw_c1b52e0e64,lpw_38ca4a9c76|lpw_e71ce5deab|lpw_b02dfe2160|lpw_d7b6472b11|lpw_975f35218e|lpw_99ae21ea6c|lpw_c1b52e0e64,lpw_38ca4a9c76|lpw_e71ce5deab|lpw_b02dfe2160|lpw_d7b6472b11|lpw_1bc709b8bf|lpw_975f35218e|lpw_99ae21ea6c|lpw_c1b52e0e64,8,2,7,8
2359,2361,25,4,false,"所以他们忙忙碌碌,",所以|他们|忙忙碌碌,9,3,lpw_a2f7e42081|lpw_10518f8f0a,所以|他们,lpw_10518f8f0a,lpw_10518f8f0a,lpw_10518f8f0a,2,1,1,1
2360,2362,25,4,false,转来转去......”,转来转去,11,1,,,,,,0,0,0,0
2361,2363,25,4,false,他接着又说:,他|接着|又|说,6,4,lpw_8b7b91e000|lpw_58ed4c69fb|lpw_e71ce5deab|lpw_ccca744613,他|接着|又|说,lpw_8b7b91e000|lpw_e71ce5deab|lpw_ccca744613,lpw_8b7b91e000|lpw_e71ce5deab|lpw_ccca744613,lpw_8b7b91e000|lpw_e71ce5deab|lpw_ccca744613,4,3,3,3
2362,2364,25,4,false,“其实何必呢......”,其实|何必|呢,13,3,lpw_02811cec0b,呢,lpw_02811cec0b,lpw_02811cec0b,lpw_02811cec0b,1,1,1,1
2363,2365,25,4,false,"我们找到的这口井,",我们|找到|的|这|口|井,9,6,lpw_bcacb40df8|lpw_8af2350cfd|lpw_d409ab2ab3,我们|的|这,lpw_8af2350cfd|lpw_d409ab2ab3,lpw_8af2350cfd|lpw_d409ab2ab3,lpw_8af2350cfd|lpw_d409ab2ab3,3,2,2,2
2364,2366,25,4,false,跟撒哈拉沙漠的那些井不一样。,跟|撒哈拉沙漠|的|那些|井|不|一样,14,7,lpw_383a53d95c|lpw_8af2350cfd|lpw_abd258db99|lpw_b02dfe2160|lpw_9dc5c0158d,跟|的|那些|不|一样,lpw_8af2350cfd,lpw_8af2350cfd|lpw_b02dfe2160,lpw_383a53d95c|lpw_8af2350cfd|lpw_abd258db99|lpw_b02dfe2160|lpw_9dc5c0158d,5,1,2,5
2365,2367,25,4,false,"那些井,",那些|井,4,2,lpw_abd258db99,那些,,,lpw_abd258db99,1,0,0,1
2366,2368,25,4,false,只是沙漠上挖的洞而已。,只是|沙漠|上|挖|的|洞|而已,11,7,lpw_4fbf406572|lpw_db5ba671d2|lpw_8af2350cfd,沙漠|上|的,lpw_db5ba671d2|lpw_8af2350cfd,lpw_db5ba671d2|lpw_8af2350cfd,lpw_4fbf406572|lpw_db5ba671d2|lpw_8af2350cfd,3,2,2,3
2367,2369,25,4,false,这口井很像村庄里的那种井。,这|口|井|很像|村庄|里|的|那种|井,13,9,lpw_d409ab2ab3|lpw_79f43de6e3|lpw_8af2350cfd,这|里|的,lpw_d409ab2ab3|lpw_8af2350cfd,lpw_d409ab2ab3|lpw_79f43de6e3|lpw_8af2350cfd,lpw_d409ab2ab3|lpw_79f43de6e3|lpw_8af2350cfd,3,2,3,3
2368,2370,25,4,false,"可这儿根本就没有村庄呀,",可|这儿|根本|就|没有|村庄|呀,12,7,lpw_8b9cefa38e|lpw_19a29e87c9|lpw_2f9d9872e5|lpw_f127804b92|lpw_03fe6b38e7,可|这儿|就|没有|呀,lpw_2f9d9872e5,lpw_8b9cefa38e|lpw_19a29e87c9|lpw_2f9d9872e5|lpw_f127804b92,lpw_8b9cefa38e|lpw_19a29e87c9|lpw_2f9d9872e5|lpw_f127804b92|lpw_03fe6b38e7,5,1,4,5
2369,2371,25,4,false,我觉得自己在做梦。,我|觉得|自己|在|做梦,9,5,lpw_b70bb4acc0|lpw_78c82d9f41|lpw_fb43354d2a|lpw_12404a0b63,我|觉得|自己|在,lpw_b70bb4acc0|lpw_12404a0b63,lpw_b70bb4acc0|lpw_fb43354d2a|lpw_12404a0b63,lpw_b70bb4acc0|lpw_78c82d9f41|lpw_fb43354d2a|lpw_12404a0b63,4,2,3,4
2370,2372,25,4,false,"“真奇怪,”",真|奇怪,6,2,lpw_827d018e1b,真,,,,1,0,0,0
2371,2373,25,4,false,"我对小王子说,",我|对|小王子|说,7,4,lpw_b70bb4acc0|lpw_74570c7270|lpw_87f2a033cf|lpw_ccca744613,我|对|小王子|说,lpw_b70bb4acc0|lpw_74570c7270|lpw_87f2a033cf|lpw_ccca744613,lpw_b70bb4acc0|lpw_74570c7270|lpw_87f2a033cf|lpw_ccca744613,lpw_b70bb4acc0|lpw_74570c7270|lpw_87f2a033cf|lpw_ccca744613,4,4,4,4
2372,2374,25,4,false,“样样都是现成的:,样样|都是|现成|的,9,4,lpw_ef4e15ff45|lpw_8af2350cfd,都是|的,lpw_8af2350cfd,lpw_8af2350cfd,lpw_8af2350cfd,2,1,1,1
2373,2375,25,4,false,"辘轳,水桶,吊绳......”",辘|轳|水桶|吊|绳,15,5,,,,,,0,0,0,0
2374,2376,25,4,false,"他笑了,",他|笑了,4,2,lpw_8b7b91e000,他,lpw_8b7b91e000,lpw_8b7b91e000,lpw_8b7b91e000,1,1,1,1
2375,2377,25,4,false,"拉住吊绳,",拉住|吊|绳,5,3,,,,,,0,0,0,0
2376,2378,25,4,false,让辘轳转起来。,让|辘|轳|转|起来,7,5,lpw_ad37574404|lpw_9482d0359c|lpw_b8a694b2df,让|转|起来,lpw_ad37574404,lpw_ad37574404,lpw_ad37574404|lpw_b8a694b2df,3,1,1,2
2377,2379,25,4,false,"辘轳咕咕作响,",辘|轳|咕咕|作|响,7,5,lpw_7ff9df9923,作,,,,1,0,0,0
2378,2380,25,4,false,就像一只吹不到风、沉,就像|一只|吹|不到|风|沉,10,6,lpw_3a1a30dbb2|lpw_216a478784|lpw_be65bd5518,就像|一只|风,,,,3,0,0,0
2379,2381,25,4,false,睡已久的旧风标发出的声音。,睡|已久|的|旧|风标|发出|的|声音,13,8,lpw_8af2350cfd|lpw_473400815c,的|声音,lpw_8af2350cfd,lpw_8af2350cfd,lpw_8af2350cfd,2,1,1,1
2380,2382,25,4,false,"“你听见吗,”",你|听见|吗,7,3,lpw_a0c7716669|lpw_5ac1612110,你|吗,lpw_a0c7716669,lpw_a0c7716669,lpw_a0c7716669|lpw_5ac1612110,2,1,1,2
2381,2383,25,4,false,"小王子说,",小王子|说,5,2,lpw_87f2a033cf|lpw_ccca744613,小王子|说,lpw_87f2a033cf|lpw_ccca744613,lpw_87f2a033cf|lpw_ccca744613,lpw_87f2a033cf|lpw_ccca744613,2,2,2,2
2382,2384,25,4,false,"“我们唤醒了这口井,",我们|唤醒|了|这|口|井,10,6,lpw_bcacb40df8|lpw_b2dd27e84f|lpw_d409ab2ab3,我们|了|这,lpw_b2dd27e84f|lpw_d409ab2ab3,lpw_b2dd27e84f|lpw_d409ab2ab3,lpw_b2dd27e84f|lpw_d409ab2ab3,3,2,2,2
2383,2385,25,4,false,它在唱歌呢......”,它|在|唱歌|呢,12,4,lpw_7e9260e925|lpw_12404a0b63|lpw_02811cec0b,它|在|呢,lpw_7e9260e925|lpw_12404a0b63|lpw_02811cec0b,lpw_7e9260e925|lpw_12404a0b63|lpw_02811cec0b,lpw_7e9260e925|lpw_12404a0b63|lpw_02811cec0b,3,3,3,3
2384,2386,25,4,false,我不想让他多用力气:,我|不想|让|他|多用|力气,10,6,lpw_b70bb4acc0|lpw_ad37574404|lpw_8b7b91e000,我|让|他,lpw_b70bb4acc0|lpw_ad37574404|lpw_8b7b91e000,lpw_b70bb4acc0|lpw_ad37574404|lpw_8b7b91e000,lpw_b70bb4acc0|lpw_ad37574404|lpw_8b7b91e000,3,3,3,3
2385,2387,25,4,false,"“让我来吧,”",让|我来|吧,7,3,lpw_ad37574404|lpw_bad8b6c7ae,让|吧,lpw_ad37574404,lpw_ad37574404,lpw_ad37574404|lpw_bad8b6c7ae,2,1,1,2
2386,2388,25,4,false,"我说,",我|说,3,2,lpw_b70bb4acc0|lpw_ccca744613,我|说,lpw_b70bb4acc0|lpw_ccca744613,lpw_b70bb4acc0|lpw_ccca744613,lpw_b70bb4acc0|lpw_ccca744613,2,2,2,2
2387,2389,25,4,false,“这活儿对你来说太重了。”,这|活儿|对|你|来说|太重|了,13,7,lpw_d409ab2ab3|lpw_74570c7270|lpw_a0c7716669|lpw_a0cc5593ee|lpw_b2dd27e84f,这|对|你|来说|了,lpw_d409ab2ab3|lpw_74570c7270|lpw_a0c7716669|lpw_b2dd27e84f,lpw_d409ab2ab3|lpw_74570c7270|lpw_a0c7716669|lpw_b2dd27e84f,lpw_d409ab2ab3|lpw_74570c7270|lpw_a0c7716669|lpw_a0cc5593ee|lpw_b2dd27e84f,5,4,4,5
2388,2390,25,4,false,"我把水桶缓缓地吊到井栏上,",我把|水桶|缓缓|地|吊到|井|栏|上,13,8,lpw_5ebf3d1bfd|lpw_bdbd41e490|lpw_db5ba671d2,我把|地|上,lpw_bdbd41e490|lpw_db5ba671d2,lpw_bdbd41e490|lpw_db5ba671d2,lpw_bdbd41e490|lpw_db5ba671d2,3,2,2,2
2389,2391,25,4,false,稳稳地搁住。,稳|稳|地|搁|住,6,5,lpw_bdbd41e490|lpw_cbba0a98ab,地|住,lpw_bdbd41e490,lpw_bdbd41e490,lpw_bdbd41e490,2,1,1,1
2390,2392,25,4,false,"辘轳的歌声还在耳边响着,",辘|轳|的|歌声|还|在|耳|边|响|着,12,10,lpw_8af2350cfd|lpw_1bc709b8bf|lpw_12404a0b63|lpw_9e5bf0d2d9,的|还|在|着,lpw_8af2350cfd|lpw_12404a0b63|lpw_9e5bf0d2d9,lpw_8af2350cfd|lpw_12404a0b63|lpw_9e5bf0d2d9,lpw_8af2350cfd|lpw_1bc709b8bf|lpw_12404a0b63|lpw_9e5bf0d2d9,4,3,3,4
2391,2393,25,4,false,"而在依然晃动着的水面上,",而|在|依然|晃|动|着|的|水面上,12,8,lpw_08e2725ce1|lpw_12404a0b63|lpw_9e5bf0d2d9|lpw_8af2350cfd,而|在|着|的,lpw_12404a0b63|lpw_9e5bf0d2d9|lpw_8af2350cfd,lpw_12404a0b63|lpw_9e5bf0d2d9|lpw_8af2350cfd,lpw_08e2725ce1|lpw_12404a0b63|lpw_9e5bf0d2d9|lpw_8af2350cfd,4,3,3,4
2392,2394,25,4,false,我瞧见太阳在晃动。,我|瞧|见|太阳|在|晃|动,9,7,lpw_b70bb4acc0|lpw_12404a0b63,我|在,lpw_b70bb4acc0|lpw_12404a0b63,lpw_b70bb4acc0|lpw_12404a0b63,lpw_b70bb4acc0|lpw_12404a0b63,2,2,2,2
2393,2395,25,4,false,"“我想喝水,”",我想|喝水,7,2,lpw_42230da180,我想,,,,1,0,0,0
2394,2396,25,4,false,"小王子说,",小王子|说,5,2,lpw_87f2a033cf|lpw_ccca744613,小王子|说,lpw_87f2a033cf|lpw_ccca744613,lpw_87f2a033cf|lpw_ccca744613,lpw_87f2a033cf|lpw_ccca744613,2,2,2,2
2395,2397,25,4,false,“给我喝吧......”,给|我|喝|吧,12,4,lpw_6e55fb9d8a|lpw_b70bb4acc0|lpw_bad8b6c7ae,给|我|吧,lpw_6e55fb9d8a|lpw_b70bb4acc0,lpw_6e55fb9d8a|lpw_b70bb4acc0,lpw_6e55fb9d8a|lpw_b70bb4acc0|lpw_bad8b6c7ae,3,2,2,3
2396,2398,25,4,false,我这时明白了他在寻找的是什么!,我|这时|明白|了|他在|寻找|的是|什么,15,8,lpw_b70bb4acc0|lpw_8e37cd5f7f|lpw_b2dd27e84f|lpw_5e1dc2a833|lpw_c1b52e0e64,我|明白|了|的是|什么,lpw_b70bb4acc0|lpw_b2dd27e84f|lpw_c1b52e0e64,lpw_b70bb4acc0|lpw_b2dd27e84f|lpw_c1b52e0e64,lpw_b70bb4acc0|lpw_b2dd27e84f|lpw_c1b52e0e64,5,3,3,3
2397,2399,25,4,false,我把水桶举到他的嘴边。,我把|水桶|举|到|他|的|嘴|边,11,8,lpw_5ebf3d1bfd|lpw_b56f36b529|lpw_8b7b91e000|lpw_8af2350cfd,我把|到|他|的,lpw_8b7b91e000|lpw_8af2350cfd,lpw_8b7b91e000|lpw_8af2350cfd,lpw_8b7b91e000|lpw_8af2350cfd,4,2,2,2
2398,2400,25,4,false,"他喝着水,",他|喝|着|水,5,4,lpw_8b7b91e000|lpw_9e5bf0d2d9|lpw_327b54d04f,他|着|水,lpw_8b7b91e000|lpw_9e5bf0d2d9,lpw_8b7b91e000|lpw_9e5bf0d2d9,lpw_8b7b91e000|lpw_9e5bf0d2d9,3,2,2,2
2399,2401,25,4,false,眼睛没张开。,眼睛|没|张开,6,3,lpw_279e8b3573,没,,lpw_279e8b3573,lpw_279e8b3573,1,0,1,1
2400,2402,25,4,false,水像节日一般美好。,水|像|节日|一般|美好,9,5,lpw_327b54d04f|lpw_cf8cedd58b,水|像,,,lpw_cf8cedd58b,2,0,0,1
2401,2403,25,4,false,它已经不只是一种维持生命的物质。,它|已经|不只是|一种|维持|生命|的|物质,16,8,lpw_7e9260e925|lpw_8ee12e2310|lpw_8af2350cfd,它|已经|的,lpw_7e9260e925|lpw_8af2350cfd,lpw_7e9260e925|lpw_8af2350cfd,lpw_7e9260e925|lpw_8af2350cfd,3,2,2,2
2402,2404,25,4,false,"它来自星光下的跋涉,",它|来自|星光|下|的|跋涉,10,6,lpw_7e9260e925|lpw_13c12b064b|lpw_8af2350cfd,它|下|的,lpw_7e9260e925|lpw_8af2350cfd,lpw_7e9260e925|lpw_8af2350cfd,lpw_7e9260e925|lpw_8af2350cfd,3,2,2,2
2403,2405,25,4,false,"来自辘轳的歌唱,",来自|辘|轳|的|歌唱,8,5,lpw_8af2350cfd,的,lpw_8af2350cfd,lpw_8af2350cfd,lpw_8af2350cfd,1,1,1,1
2404,2406,25,4,false,来自臂膀的用力。,来自|臂膀|的|用力,8,4,lpw_8af2350cfd,的,lpw_8af2350cfd,lpw_8af2350cfd,lpw_8af2350cfd,1,1,1,1
2405,2407,25,4,false,它像礼物一样愉悦着心灵。,它|像|礼物|一样|愉悦|着|心灵,12,7,lpw_7e9260e925|lpw_cf8cedd58b|lpw_9dc5c0158d|lpw_9e5bf0d2d9,它|像|一样|着,lpw_7e9260e925|lpw_9e5bf0d2d9,lpw_7e9260e925|lpw_9e5bf0d2d9,lpw_7e9260e925|lpw_cf8cedd58b|lpw_9dc5c0158d|lpw_9e5bf0d2d9,4,2,2,4
2406,2408,25,4,false,"当我是个小男孩时,",当|我是|个|小|男孩|时,9,6,lpw_142d843e71|lpw_06ba27715e|lpw_3a116815bc|lpw_6a7339bb75|lpw_7d58b6422c,当|我是|个|小|时,,lpw_3a116815bc|lpw_6a7339bb75,lpw_3a116815bc|lpw_6a7339bb75,5,0,2,2
2407,2409,25,4,false,"圣诞树的灯光,",圣诞|树|的|灯光,7,4,lpw_8af2350cfd,的,lpw_8af2350cfd,lpw_8af2350cfd,lpw_8af2350cfd,1,1,1,1
2408,2410,25,4,false,"午夜弥撒的音乐,",午夜|弥撒|的|音乐,8,4,lpw_8af2350cfd,的,lpw_8af2350cfd,lpw_8af2350cfd,lpw_8af2350cfd,1,1,1,1
2409,2411,25,4,false,"人们甜蜜的微笑,",人们|甜蜜|的|微笑,8,4,lpw_1ec687a275|lpw_8af2350cfd,人们|的,lpw_8af2350cfd,lpw_8af2350cfd,lpw_8af2350cfd,2,1,1,1
2410,2412,25,4,false,"都曾像这样辉映着我收到的圣诞礼物,",都|曾|像|这样|辉|映|着|我|收到|的|圣诞礼物,17,11,lpw_7eabb36ba1|lpw_cf8cedd58b|lpw_b7fc681861|lpw_9e5bf0d2d9|lpw_b70bb4acc0|lpw_8af2350cfd,都|像|这样|着|我|的,lpw_9e5bf0d2d9|lpw_b70bb4acc0|lpw_8af2350cfd,lpw_7eabb36ba1|lpw_b7fc681861|lpw_9e5bf0d2d9|lpw_b70bb4acc0|lpw_8af2350cfd,lpw_7eabb36ba1|lpw_cf8cedd58b|lpw_b7fc681861|lpw_9e5bf0d2d9|lpw_b70bb4acc0|lpw_8af2350cfd,6,3,5,6
2411,2413,25,4,false,让它熠熠发光。,让|它|熠熠|发光,7,4,lpw_ad37574404|lpw_7e9260e925,让|它,lpw_ad37574404|lpw_7e9260e925,lpw_ad37574404|lpw_7e9260e925,lpw_ad37574404|lpw_7e9260e925,2,2,2,2
2412,2414,25,4,false,"“你这儿的人,”",你|这儿|的|人,8,4,lpw_a0c7716669|lpw_19a29e87c9|lpw_8af2350cfd|lpw_50f5d65d57,你|这儿|的|人,lpw_a0c7716669|lpw_8af2350cfd|lpw_50f5d65d57,lpw_a0c7716669|lpw_19a29e87c9|lpw_8af2350cfd|lpw_50f5d65d57,lpw_a0c7716669|lpw_19a29e87c9|lpw_8af2350cfd|lpw_50f5d65d57,4,3,4,4
2413,2415,25,4,false,"小王子说,",小王子|说,5,2,lpw_87f2a033cf|lpw_ccca744613,小王子|说,lpw_87f2a033cf|lpw_ccca744613,lpw_87f2a033cf|lpw_ccca744613,lpw_87f2a033cf|lpw_ccca744613,2,2,2,2
2414,2416,25,4,false,"“在一座花园里种出五千朵玫瑰,",在|一座|花园|里|种|出|五千|朵|玫瑰,15,9,lpw_12404a0b63|lpw_e2d5460909|lpw_79f43de6e3|lpw_0da9a35a4b|lpw_a6664df1ef,在|一座|里|朵|玫瑰,lpw_12404a0b63,lpw_12404a0b63|lpw_79f43de6e3,lpw_12404a0b63|lpw_79f43de6e3|lpw_a6664df1ef,5,1,2,3
2415,2417,25,4,false,却没能从中找到自己要找的东西......”,却没能|从中|找到|自己|要|找|的|东西,21,8,lpw_fb43354d2a|lpw_975f35218e|lpw_c277be8a4b|lpw_8af2350cfd|lpw_b181350186,自己|要|找|的|东西,lpw_8af2350cfd,lpw_fb43354d2a|lpw_975f35218e|lpw_8af2350cfd,lpw_fb43354d2a|lpw_975f35218e|lpw_8af2350cfd|lpw_b181350186,5,1,3,4
2416,2418,25,4,false,“他们是没能找到......”,他们|是|没能|找到,15,4,lpw_10518f8f0a|lpw_b5141d3d19,他们|是,lpw_10518f8f0a|lpw_b5141d3d19,lpw_10518f8f0a|lpw_b5141d3d19,lpw_10518f8f0a|lpw_b5141d3d19,2,2,2,2
2417,2419,25,4,false,我应声说。,我|应|声|说,5,4,lpw_b70bb4acc0|lpw_693e132f27|lpw_ccca744613,我|声|说,lpw_b70bb4acc0|lpw_ccca744613,lpw_b70bb4acc0|lpw_ccca744613,lpw_b70bb4acc0|lpw_693e132f27|lpw_ccca744613,3,2,2,3
2418,2420,25,4,false,"“然而他们要找的东西,",然而|他们|要|找|的|东西,11,6,lpw_10518f8f0a|lpw_975f35218e|lpw_c277be8a4b|lpw_8af2350cfd|lpw_b181350186,他们|要|找|的|东西,lpw_10518f8f0a|lpw_8af2350cfd,lpw_10518f8f0a|lpw_975f35218e|lpw_8af2350cfd,lpw_10518f8f0a|lpw_975f35218e|lpw_8af2350cfd|lpw_b181350186,5,2,3,4
2419,2421,25,4,false,在一朵玫瑰或者一点儿水里就能找到......”,在|一朵|玫瑰|或者|一点|儿|水里|就|能|找到,23,10,lpw_12404a0b63|lpw_aebd6fbbd2|lpw_a6664df1ef|lpw_148b16e603|lpw_1ed5efc3dc|lpw_2f9d9872e5|lpw_413c06bcef,在|一朵|玫瑰|一点|儿|就|能,lpw_12404a0b63|lpw_2f9d9872e5,lpw_12404a0b63|lpw_2f9d9872e5,lpw_12404a0b63|lpw_aebd6fbbd2|lpw_a6664df1ef|lpw_2f9d9872e5,7,2,2,4
2420,2422,25,4,false,"“可不是,”",可不是,6,1,lpw_b30391caa1,可不是,,,,1,0,0,0
2421,2423,25,4,false,我应声说。,我|应|声|说,5,4,lpw_b70bb4acc0|lpw_693e132f27|lpw_ccca744613,我|声|说,lpw_b70bb4acc0|lpw_ccca744613,lpw_b70bb4acc0|lpw_ccca744613,lpw_b70bb4acc0|lpw_693e132f27|lpw_ccca744613,3,2,2,3
2422,2424,25,4,false,小王子接着说:,小王子|接着|说,7,3,lpw_87f2a033cf|lpw_58ed4c69fb|lpw_ccca744613,小王子|接着|说,lpw_87f2a033cf|lpw_ccca744613,lpw_87f2a033cf|lpw_ccca744613,lpw_87f2a033cf|lpw_ccca744613,3,2,2,2
2423,2425,25,4,false,“但是用眼是看不见的。,但是|用|眼|是|看不见|的,11,6,lpw_8cb1f721c8|lpw_04e45efb3b|lpw_b5141d3d19|lpw_f92f065aad|lpw_8af2350cfd,但是|用|是|看不见|的,lpw_b5141d3d19|lpw_8af2350cfd,lpw_b5141d3d19|lpw_8af2350cfd,lpw_04e45efb3b|lpw_b5141d3d19|lpw_8af2350cfd,5,2,2,3
2424,2426,25,4,false,得用心去找。”,得|用心|去|找,7,4,lpw_71b1ed1114|lpw_99ae21ea6c|lpw_c277be8a4b,得|去|找,,lpw_71b1ed1114|lpw_99ae21ea6c,lpw_71b1ed1114|lpw_99ae21ea6c,3,0,2,2
2425,2427,25,4,false,我喝了水。,我|喝了|水,5,3,lpw_b70bb4acc0|lpw_327b54d04f,我|水,lpw_b70bb4acc0,lpw_b70bb4acc0,lpw_b70bb4acc0,2,1,1,1
2426,2428,25,4,false,我痛快地呼吸着空气。,我|痛快|地|呼吸|着|空气,10,6,lpw_b70bb4acc0|lpw_bdbd41e490|lpw_9e5bf0d2d9,我|地|着,lpw_b70bb4acc0|lpw_bdbd41e490|lpw_9e5bf0d2d9,lpw_b70bb4acc0|lpw_bdbd41e490|lpw_9e5bf0d2d9,lpw_b70bb4acc0|lpw_bdbd41e490|lpw_9e5bf0d2d9,3,3,3,3
2427,2429,25,4,false,沙漠在晨曦中泛出蜂蜜的色泽。,沙漠|在|晨曦|中|泛出|蜂蜜|的|色|泽,14,9,lpw_4fbf406572|lpw_12404a0b63|lpw_a567bdaa11|lpw_8af2350cfd,沙漠|在|中|的,lpw_12404a0b63|lpw_8af2350cfd,lpw_12404a0b63|lpw_8af2350cfd,lpw_4fbf406572|lpw_12404a0b63|lpw_8af2350cfd,4,2,2,3
2428,2430,25,4,false,"这种蜂蜜的色泽,",这种|蜂蜜|的|色|泽,8,5,lpw_8af2350cfd,的,lpw_8af2350cfd,lpw_8af2350cfd,lpw_8af2350cfd,1,1,1,1
2429,2431,25,4,false,也使我心头洋溢着幸福的感觉。,也|使|我|心头|洋溢|着|幸福|的|感觉,14,9,lpw_658605835b|lpw_22c95798a9|lpw_b70bb4acc0|lpw_9e5bf0d2d9|lpw_8af2350cfd,也|使|我|着|的,lpw_b70bb4acc0|lpw_9e5bf0d2d9|lpw_8af2350cfd,lpw_658605835b|lpw_b70bb4acc0|lpw_9e5bf0d2d9|lpw_8af2350cfd,lpw_658605835b|lpw_b70bb4acc0|lpw_9e5bf0d2d9|lpw_8af2350cfd,5,3,4,4
2430,2432,25,4,false,我为什么要难过呢......,我|为什么|要|难过|呢,14,5,lpw_b70bb4acc0|lpw_1b919bb478|lpw_975f35218e|lpw_02811cec0b,我|为什么|要|呢,lpw_b70bb4acc0|lpw_02811cec0b,lpw_b70bb4acc0|lpw_975f35218e|lpw_02811cec0b,lpw_b70bb4acc0|lpw_975f35218e|lpw_02811cec0b,4,2,3,3
2431,2433,25,4,false,"“你该实践自己的诺言了,”",你|该|实践|自己|的|诺言|了,13,7,lpw_a0c7716669|lpw_fb43354d2a|lpw_8af2350cfd|lpw_b2dd27e84f,你|自己|的|了,lpw_a0c7716669|lpw_8af2350cfd|lpw_b2dd27e84f,lpw_a0c7716669|lpw_fb43354d2a|lpw_8af2350cfd|lpw_b2dd27e84f,lpw_a0c7716669|lpw_fb43354d2a|lpw_8af2350cfd|lpw_b2dd27e84f,4,3,4,4
2432,2434,25,4,false,"小王子柔声对我说,",小王子|柔|声|对|我|说,9,6,lpw_87f2a033cf|lpw_693e132f27|lpw_74570c7270|lpw_b70bb4acc0|lpw_ccca744613,小王子|声|对|我|说,lpw_87f2a033cf|lpw_74570c7270|lpw_b70bb4acc0|lpw_ccca744613,lpw_87f2a033cf|lpw_74570c7270|lpw_b70bb4acc0|lpw_ccca744613,lpw_87f2a033cf|lpw_693e132f27|lpw_74570c7270|lpw_b70bb4acc0|lpw_ccca744613,5,4,4,5
2433,2435,25,4,false,他这会儿又坐在了我的身边。,他|这会儿|又|坐在|了|我|的|身边,13,8,lpw_8b7b91e000|lpw_e71ce5deab|lpw_b2dd27e84f|lpw_b70bb4acc0|lpw_8af2350cfd,他|又|了|我|的,lpw_8b7b91e000|lpw_e71ce5deab|lpw_b2dd27e84f|lpw_b70bb4acc0|lpw_8af2350cfd,lpw_8b7b91e000|lpw_e71ce5deab|lpw_b2dd27e84f|lpw_b70bb4acc0|lpw_8af2350cfd,lpw_8b7b91e000|lpw_e71ce5deab|lpw_b2dd27e84f|lpw_b70bb4acc0|lpw_8af2350cfd,5,5,5,5
2434,2436,25,4,false,“什么诺言?”,什么|诺言,7,2,lpw_c1b52e0e64,什么,lpw_c1b52e0e64,lpw_c1b52e0e64,lpw_c1b52e0e64,1,1,1,1
2435,2437,25,4,false,“你知道的......,你|知道|的,11,3,lpw_a0c7716669|lpw_d7b6472b11|lpw_8af2350cfd,你|知道|的,lpw_a0c7716669|lpw_8af2350cfd,lpw_a0c7716669|lpw_d7b6472b11|lpw_8af2350cfd,lpw_a0c7716669|lpw_d7b6472b11|lpw_8af2350cfd,3,2,3,3
2436,2438,25,4,false,给我的羊画个嘴罩......,给|我|的|羊|画|个|嘴|罩,14,8,lpw_6e55fb9d8a|lpw_b70bb4acc0|lpw_8af2350cfd|lpw_de9f18b00a|lpw_3a116815bc,给|我|的|画|个,lpw_6e55fb9d8a|lpw_b70bb4acc0|lpw_8af2350cfd,lpw_6e55fb9d8a|lpw_b70bb4acc0|lpw_8af2350cfd|lpw_3a116815bc,lpw_6e55fb9d8a|lpw_b70bb4acc0|lpw_8af2350cfd|lpw_3a116815bc,5,3,4,4
2437,2439,25,4,false,我要对我的花儿负责!”,我要|对|我|的|花儿|负责,11,6,lpw_30bc5c7b4c|lpw_74570c7270|lpw_b70bb4acc0|lpw_8af2350cfd|lpw_059ab0f707,我要|对|我|的|花儿,lpw_74570c7270|lpw_b70bb4acc0|lpw_8af2350cfd|lpw_059ab0f707,lpw_74570c7270|lpw_b70bb4acc0|lpw_8af2350cfd|lpw_059ab0f707,lpw_74570c7270|lpw_b70bb4acc0|lpw_8af2350cfd|lpw_059ab0f707,5,4,4,4
2438,2440,25,4,false,我从衣袋里掏出几幅画稿。,我|从|衣袋|里|掏出|几幅|画稿,12,7,lpw_b70bb4acc0|lpw_2719a8ea30|lpw_79f43de6e3,我|从|里,lpw_b70bb4acc0,lpw_b70bb4acc0|lpw_79f43de6e3,lpw_b70bb4acc0|lpw_2719a8ea30|lpw_79f43de6e3,3,1,2,3
2439,2441,25,4,false,"小王子瞥了一眼,",小王子|瞥|了|一眼,8,4,lpw_87f2a033cf|lpw_b2dd27e84f,小王子|了,lpw_87f2a033cf|lpw_b2dd27e84f,lpw_87f2a033cf|lpw_b2dd27e84f,lpw_87f2a033cf|lpw_b2dd27e84f,2,2,2,2
2440,2442,25,4,false,笑着说:,笑|着|说,4,3,lpw_1d8fb5e34e|lpw_9e5bf0d2d9|lpw_ccca744613,笑|着|说,lpw_9e5bf0d2d9|lpw_ccca744613,lpw_9e5bf0d2d9|lpw_ccca744613,lpw_9e5bf0d2d9|lpw_ccca744613,3,2,2,2
2441,2443,25,4,false,"“你的猴面包树呀,",你|的|猴面包树|呀,9,4,lpw_a0c7716669|lpw_8af2350cfd|lpw_1ec087a5d0|lpw_03fe6b38e7,你|的|猴面包树|呀,lpw_a0c7716669|lpw_8af2350cfd,lpw_a0c7716669|lpw_8af2350cfd,lpw_a0c7716669|lpw_8af2350cfd|lpw_03fe6b38e7,4,2,2,3
2442,2444,25,4,false,有点像白菜......”,有点|像|白菜,12,3,lpw_29506aa712|lpw_cf8cedd58b,有点|像,,,lpw_29506aa712|lpw_cf8cedd58b,2,0,0,2
2443,2445,25,4,false,“哦!”,哦,4,1,,,,,,0,0,0,0
2444,2446,25,4,false,可我还为这几棵猴面包树感到挺得意哩!,可|我还|为|这|几棵|猴面包树|感到|挺|得意|哩,18,10,lpw_8b9cefa38e|lpw_d409ab2ab3|lpw_1ec087a5d0|lpw_15c2457566,可|这|猴面包树|感到,lpw_d409ab2ab3,lpw_8b9cefa38e|lpw_d409ab2ab3,lpw_8b9cefa38e|lpw_d409ab2ab3|lpw_15c2457566,4,1,2,3
2445,2447,25,4,false,“你的狐狸......,你|的|狐狸,11,3,lpw_a0c7716669|lpw_8af2350cfd|lpw_0a93e4ffe2,你|的|狐狸,lpw_a0c7716669|lpw_8af2350cfd,lpw_a0c7716669|lpw_8af2350cfd,lpw_a0c7716669|lpw_8af2350cfd,3,2,2,2
2446,2448,25,4,false,它的耳朵......,它|的|耳朵,10,3,lpw_7e9260e925|lpw_8af2350cfd,它|的,lpw_7e9260e925|lpw_8af2350cfd,lpw_7e9260e925|lpw_8af2350cfd,lpw_7e9260e925|lpw_8af2350cfd,2,2,2,2
2447,2449,25,4,false,有点像两只角......,有点|像|两|只|角,12,5,lpw_29506aa712|lpw_cf8cedd58b|lpw_83385d2eda|lpw_409e2c3882,有点|像|两|只,,lpw_409e2c3882,lpw_29506aa712|lpw_cf8cedd58b|lpw_409e2c3882,4,0,1,3
2448,2450,25,4,false,再说也太长了!”,再说|也|太长|了,8,4,lpw_658605835b|lpw_b2dd27e84f,也|了,lpw_b2dd27e84f,lpw_658605835b|lpw_b2dd27e84f,lpw_658605835b|lpw_b2dd27e84f,2,1,2,2
2449,2451,25,4,false,说着他又笑了起来。,说|着|他|又|笑了起来,9,5,lpw_ccca744613|lpw_9e5bf0d2d9|lpw_8b7b91e000|lpw_e71ce5deab,说|着|他|又,lpw_ccca744613|lpw_9e5bf0d2d9|lpw_8b7b91e000|lpw_e71ce5deab,lpw_ccca744613|lpw_9e5bf0d2d9|lpw_8b7b91e000|lpw_e71ce5deab,lpw_ccca744613|lpw_9e5bf0d2d9|lpw_8b7b91e000|lpw_e71ce5deab,4,4,4,4
2450,2452,25,4,false,"“你不公平,小家伙,",你|不公平|小|家伙,10,4,lpw_a0c7716669|lpw_6a7339bb75,你|小,lpw_a0c7716669,lpw_a0c7716669|lpw_6a7339bb75,lpw_a0c7716669|lpw_6a7339bb75,2,1,2,2
2451,2453,25,4,false,"我可就画过剖开和不剖开的蟒蛇,",我|可就|画|过|剖|开|和|不|剖|开|的|蟒蛇,15,12,lpw_b70bb4acc0|lpw_de9f18b00a|lpw_f777893480|lpw_39eae64cfc|lpw_3d7114281f|lpw_b02dfe2160|lpw_8af2350cfd|lpw_7d2bda9879,我|画|过|开|和|不|的|蟒蛇,lpw_b70bb4acc0|lpw_8af2350cfd,lpw_b70bb4acc0|lpw_f777893480|lpw_3d7114281f|lpw_b02dfe2160|lpw_8af2350cfd,lpw_b70bb4acc0|lpw_f777893480|lpw_3d7114281f|lpw_b02dfe2160|lpw_8af2350cfd,8,2,5,5
2452,2454,25,4,false,别的都没学过。”,别的|都没|学|过,8,4,lpw_3966c0d55d|lpw_f777893480,别的|过,,lpw_f777893480,lpw_f777893480,2,0,1,1
2453,2455,25,4,false,"“噢!这就行了,”",噢|这|就|行|了,9,5,lpw_d409ab2ab3|lpw_2f9d9872e5|lpw_b2dd27e84f,这|就|了,lpw_d409ab2ab3|lpw_2f9d9872e5|lpw_b2dd27e84f,lpw_d409ab2ab3|lpw_2f9d9872e5|lpw_b2dd27e84f,lpw_d409ab2ab3|lpw_2f9d9872e5|lpw_b2dd27e84f,3,3,3,3
2454,2456,25,4,false,"他说,",他|说,3,2,lpw_8b7b91e000|lpw_ccca744613,他|说,lpw_8b7b91e000|lpw_ccca744613,lpw_8b7b91e000|lpw_ccca744613,lpw_8b7b91e000|lpw_ccca744613,2,2,2,2
2455,2457,25,4,false,“孩子们会看懂的。”,孩子|们|会|看懂|的,10,5,lpw_5f887419f4|lpw_b4dcb3305a|lpw_5ba1e3c0eb|lpw_8af2350cfd,孩子|们|会|的,lpw_5ba1e3c0eb|lpw_8af2350cfd,lpw_5ba1e3c0eb|lpw_8af2350cfd,lpw_5ba1e3c0eb|lpw_8af2350cfd,4,2,2,2
2456,2458,25,4,false,我用铅笔画了一只嘴罩。,我|用|铅笔|画|了|一只|嘴|罩,11,8,lpw_b70bb4acc0|lpw_04e45efb3b|lpw_de9f18b00a|lpw_b2dd27e84f|lpw_216a478784,我|用|画|了|一只,lpw_b70bb4acc0|lpw_b2dd27e84f,lpw_b70bb4acc0|lpw_b2dd27e84f,lpw_b70bb4acc0|lpw_04e45efb3b|lpw_b2dd27e84f,5,2,2,3
2457,2459,25,4,false,"把画递给他时,",把|画|递|给|他|时,7,6,lpw_2442748e41|lpw_de9f18b00a|lpw_6e55fb9d8a|lpw_8b7b91e000|lpw_7d58b6422c,把|画|给|他|时,lpw_6e55fb9d8a|lpw_8b7b91e000,lpw_2442748e41|lpw_6e55fb9d8a|lpw_8b7b91e000,lpw_2442748e41|lpw_6e55fb9d8a|lpw_8b7b91e000,5,2,3,3
2458,2460,25,4,false,我的心揪紧了:,我|的|心|揪|紧了,7,5,lpw_b70bb4acc0|lpw_8af2350cfd,我|的,lpw_b70bb4acc0|lpw_8af2350cfd,lpw_b70bb4acc0|lpw_8af2350cfd,lpw_b70bb4acc0|lpw_8af2350cfd,2,2,2,2
2459,2461,25,4,false,"“你有些什么打算,",你|有些|什么|打算,9,4,lpw_a0c7716669|lpw_c1b52e0e64,你|什么,lpw_a0c7716669|lpw_c1b52e0e64,lpw_a0c7716669|lpw_c1b52e0e64,lpw_a0c7716669|lpw_c1b52e0e64,2,2,2,2
2460,2462,25,4,false,我都不知道......”,我|都不|知道,12,3,lpw_b70bb4acc0|lpw_d7b6472b11,我|知道,lpw_b70bb4acc0,lpw_b70bb4acc0|lpw_d7b6472b11,lpw_b70bb4acc0|lpw_d7b6472b11,2,1,2,2
2461,2463,25,4,false,"但他没回答,",但|他|没|回答,6,4,lpw_1f863793c6|lpw_8b7b91e000|lpw_279e8b3573|lpw_f3f5126487,但|他|没|回答,lpw_8b7b91e000,lpw_8b7b91e000|lpw_279e8b3573|lpw_f3f5126487,lpw_8b7b91e000|lpw_279e8b3573|lpw_f3f5126487,4,1,3,3
2462,2464,25,4,false,却对我说:,却|对|我|说,5,4,lpw_da153c5b45|lpw_74570c7270|lpw_b70bb4acc0|lpw_ccca744613,却|对|我|说,lpw_74570c7270|lpw_b70bb4acc0|lpw_ccca744613,lpw_74570c7270|lpw_b70bb4acc0|lpw_ccca744613,lpw_74570c7270|lpw_b70bb4acc0|lpw_ccca744613,4,3,3,3
2463,2465,25,4,false,"“你知道,",你|知道,5,2,lpw_a0c7716669|lpw_d7b6472b11,你|知道,lpw_a0c7716669,lpw_a0c7716669|lpw_d7b6472b11,lpw_a0c7716669|lpw_d7b6472b11,2,1,2,2
2464,2466,25,4,false,我降落到地球上......,我|降落|到|地球|上,13,5,lpw_b70bb4acc0|lpw_b56f36b529|lpw_eeef861b87|lpw_db5ba671d2,我|到|地球|上,lpw_b70bb4acc0|lpw_db5ba671d2,lpw_b70bb4acc0|lpw_db5ba671d2,lpw_b70bb4acc0|lpw_eeef861b87|lpw_db5ba671d2,4,2,2,3
2465,2467,25,4,false,到明天就满一年了......”,到|明天|就|满|一年|了,15,6,lpw_b56f36b529|lpw_2f9d9872e5|lpw_abc511ca95|lpw_b2dd27e84f,到|就|满|了,lpw_2f9d9872e5|lpw_b2dd27e84f,lpw_2f9d9872e5|lpw_b2dd27e84f,lpw_2f9d9872e5|lpw_b2dd27e84f,4,2,2,2
2466,2468,25,4,false,"然后,",然后,3,1,lpw_ca4f5ee82e,然后,,,,1,0,0,0
2467,2469,25,4,false,"一阵静默过后,",一阵|静默|过后,7,3,,,,,,0,0,0,0
2468,2470,25,4,false,他又说道:,他|又|说道,5,3,lpw_8b7b91e000|lpw_e71ce5deab,他|又,lpw_8b7b91e000|lpw_e71ce5deab,lpw_8b7b91e000|lpw_e71ce5deab,lpw_8b7b91e000|lpw_e71ce5deab,2,2,2,2
2469,2471,25,4,false,“我就落在这儿附近......”,我|就|落在|这儿|附近,16,5,lpw_b70bb4acc0|lpw_2f9d9872e5|lpw_19a29e87c9,我|就|这儿,lpw_b70bb4acc0|lpw_2f9d9872e5,lpw_b70bb4acc0|lpw_2f9d9872e5|lpw_19a29e87c9,lpw_b70bb4acc0|lpw_2f9d9872e5|lpw_19a29e87c9,3,2,3,3
2470,2472,25,4,false,说着他的脸红了起来。,说|着|他|的|脸红|了|起来,10,7,lpw_ccca744613|lpw_9e5bf0d2d9|lpw_8b7b91e000|lpw_8af2350cfd|lpw_b2dd27e84f|lpw_b8a694b2df,说|着|他|的|了|起来,lpw_ccca744613|lpw_9e5bf0d2d9|lpw_8b7b91e000|lpw_8af2350cfd|lpw_b2dd27e84f,lpw_ccca744613|lpw_9e5bf0d2d9|lpw_8b7b91e000|lpw_8af2350cfd|lpw_b2dd27e84f,lpw_ccca744613|lpw_9e5bf0d2d9|lpw_8b7b91e000|lpw_8af2350cfd|lpw_b2dd27e84f|lpw_b8a694b2df,6,5,5,6
2471,2473,25,4,false,"我也不知是什么原因,",我也|不知|是|什么|原因,10,5,lpw_b5141d3d19|lpw_c1b52e0e64,是|什么,lpw_b5141d3d19|lpw_c1b52e0e64,lpw_b5141d3d19|lpw_c1b52e0e64,lpw_b5141d3d19|lpw_c1b52e0e64,2,2,2,2
2472,2474,25,4,false,只觉得又感到一阵异样的忧伤。,只|觉得|又|感到|一阵|异|样|的|忧伤,14,9,lpw_409e2c3882|lpw_78c82d9f41|lpw_e71ce5deab|lpw_15c2457566|lpw_8af2350cfd,只|觉得|又|感到|的,lpw_e71ce5deab|lpw_8af2350cfd,lpw_409e2c3882|lpw_e71ce5deab|lpw_8af2350cfd,lpw_409e2c3882|lpw_78c82d9f41|lpw_e71ce5deab|lpw_15c2457566|lpw_8af2350cfd,5,2,3,5
2473,2475,25,4,false,可是我想到了一个问题:,可是|我想|到了|一个|问题,11,5,lpw_38ca4a9c76|lpw_42230da180|lpw_e1dbc1c99f|lpw_33a8618cb6,可是|我想|一个|问题,lpw_e1dbc1c99f,lpw_38ca4a9c76|lpw_e1dbc1c99f,lpw_38ca4a9c76|lpw_e1dbc1c99f,4,1,2,2
2474,2476,25,4,false,"“这么说,",这么|说,5,2,lpw_7677ca84c6|lpw_ccca744613,这么|说,lpw_ccca744613,lpw_ccca744613,lpw_7677ca84c6|lpw_ccca744613,2,1,1,2
2475,2477,25,4,false,"一星期前我遇见你的那个早晨,",一星期|前|我|遇见|你|的|那个|早晨,14,8,lpw_b70bb4acc0|lpw_a0c7716669|lpw_8af2350cfd|lpw_fa6e73c549,我|你|的|那个,lpw_b70bb4acc0|lpw_a0c7716669|lpw_8af2350cfd,lpw_b70bb4acc0|lpw_a0c7716669|lpw_8af2350cfd,lpw_b70bb4acc0|lpw_a0c7716669|lpw_8af2350cfd,4,3,3,3
2476,2478,25,4,false,"你独自在这片荒无人烟的沙漠里走来,",你|独自|在|这|片|荒无人烟|的|沙漠|里|走|来,17,11,lpw_a0c7716669|lpw_12404a0b63|lpw_d409ab2ab3|lpw_8af2350cfd|lpw_4fbf406572|lpw_79f43de6e3|lpw_f66de6c4cd|lpw_6d8229118c,你|在|这|的|沙漠|里|走|来,lpw_a0c7716669|lpw_12404a0b63|lpw_d409ab2ab3|lpw_8af2350cfd|lpw_6d8229118c,lpw_a0c7716669|lpw_12404a0b63|lpw_d409ab2ab3|lpw_8af2350cfd|lpw_79f43de6e3|lpw_6d8229118c,lpw_a0c7716669|lpw_12404a0b63|lpw_d409ab2ab3|lpw_8af2350cfd|lpw_4fbf406572|lpw_79f43de6e3|lpw_6d8229118c,8,5,6,7
2477,2479,25,4,false,并不是偶然的了?,并不|是|偶然|的|了,8,5,lpw_5b693ea232|lpw_b5141d3d19|lpw_8af2350cfd|lpw_b2dd27e84f,并不|是|的|了,lpw_b5141d3d19|lpw_8af2350cfd|lpw_b2dd27e84f,lpw_b5141d3d19|lpw_8af2350cfd|lpw_b2dd27e84f,lpw_b5141d3d19|lpw_8af2350cfd|lpw_b2dd27e84f,4,3,3,3
2478,2480,25,4,false,你是要回到当初降落的地方来吧?”,你是|要|回到|当初|降落|的|地方|来|吧,16,9,lpw_975f35218e|lpw_8af2350cfd|lpw_1462a7d853|lpw_6d8229118c|lpw_bad8b6c7ae,要|的|地方|来|吧,lpw_8af2350cfd|lpw_6d8229118c,lpw_975f35218e|lpw_8af2350cfd|lpw_6d8229118c,lpw_975f35218e|lpw_8af2350cfd|lpw_1462a7d853|lpw_6d8229118c|lpw_bad8b6c7ae,5,2,3,5
2479,2481,25,4,false,小王子的脸又红了。,小王子|的|脸|又|红了,9,5,lpw_87f2a033cf|lpw_8af2350cfd|lpw_e71ce5deab,小王子|的|又,lpw_87f2a033cf|lpw_8af2350cfd|lpw_e71ce5deab,lpw_87f2a033cf|lpw_8af2350cfd|lpw_e71ce5deab,lpw_87f2a033cf|lpw_8af2350cfd|lpw_e71ce5deab,3,3,3,3
2480,2482,25,4,false,我有些犹豫地接着说:,我|有些|犹豫|地|接着|说,10,6,lpw_b70bb4acc0|lpw_bdbd41e490|lpw_58ed4c69fb|lpw_ccca744613,我|地|接着|说,lpw_b70bb4acc0|lpw_bdbd41e490|lpw_ccca744613,lpw_b70bb4acc0|lpw_bdbd41e490|lpw_ccca744613,lpw_b70bb4acc0|lpw_bdbd41e490|lpw_ccca744613,4,3,3,3
2481,2483,25,4,false,"“也许,",也许,4,1,,,,,,0,0,0,0
2482,2484,25,4,false,是为了周年纪念?......”,是|为了|周年|纪念,15,4,lpw_b5141d3d19|lpw_2ed64c1d92,是|为了,lpw_b5141d3d19,lpw_b5141d3d19,lpw_b5141d3d19,2,1,1,1
2483,2485,25,4,false,小王子脸又红了。,小王子|脸|又|红了,8,4,lpw_87f2a033cf|lpw_e71ce5deab,小王子|又,lpw_87f2a033cf|lpw_e71ce5deab,lpw_87f2a033cf|lpw_e71ce5deab,lpw_87f2a033cf|lpw_e71ce5deab,2,2,2,2
2484,2486,25,4,false,"他往往不回答人家的问题,",他|往往|不|回答|人家|的|问题,12,7,lpw_8b7b91e000|lpw_b02dfe2160|lpw_f3f5126487|lpw_8af2350cfd|lpw_33a8618cb6,他|不|回答|的|问题,lpw_8b7b91e000|lpw_8af2350cfd,lpw_8b7b91e000|lpw_b02dfe2160|lpw_f3f5126487|lpw_8af2350cfd,lpw_8b7b91e000|lpw_b02dfe2160|lpw_f3f5126487|lpw_8af2350cfd,5,2,4,4
2485,2487,25,4,false,"但他脸一红,",但|他|脸|一|红,6,5,lpw_1f863793c6|lpw_8b7b91e000|lpw_51a75f4634,但|他|一,lpw_8b7b91e000,lpw_8b7b91e000|lpw_51a75f4634,lpw_8b7b91e000|lpw_51a75f4634,3,1,2,2
2486,2488,25,4,false,"就等于在说“对的”,",就|等于|在|说|对|的,10,6,lpw_2f9d9872e5|lpw_12404a0b63|lpw_ccca744613|lpw_74570c7270|lpw_8af2350cfd,就|在|说|对|的,lpw_2f9d9872e5|lpw_12404a0b63|lpw_ccca744613|lpw_74570c7270|lpw_8af2350cfd,lpw_2f9d9872e5|lpw_12404a0b63|lpw_ccca744613|lpw_74570c7270|lpw_8af2350cfd,lpw_2f9d9872e5|lpw_12404a0b63|lpw_ccca744613|lpw_74570c7270|lpw_8af2350cfd,5,5,5,5
2487,2489,25,4,false,可不是吗?,可不是|吗,5,2,lpw_b30391caa1|lpw_5ac1612110,可不是|吗,,,lpw_5ac1612110,2,0,0,1
2488,2490,25,4,false,“哎!”,哎,4,1,,,,,,0,0,0,0
2489,2491,25,4,false,"我对他说,",我|对|他|说,5,4,lpw_b70bb4acc0|lpw_74570c7270|lpw_8b7b91e000|lpw_ccca744613,我|对|他|说,lpw_b70bb4acc0|lpw_74570c7270|lpw_8b7b91e000|lpw_ccca744613,lpw_b70bb4acc0|lpw_74570c7270|lpw_8b7b91e000|lpw_ccca744613,lpw_b70bb4acc0|lpw_74570c7270|lpw_8b7b91e000|lpw_ccca744613,4,4,4,4
2490,2492,25,4,false,“我怕......”,我|怕,10,2,lpw_b70bb4acc0,我,lpw_b70bb4acc0,lpw_b70bb4acc0,lpw_b70bb4acc0,1,1,1,1
2491,2493,25,4,false,他却回答我说:,他|却|回答|我|说,7,5,lpw_8b7b91e000|lpw_da153c5b45|lpw_f3f5126487|lpw_b70bb4acc0|lpw_ccca744613,他|却|回答|我|说,lpw_8b7b91e000|lpw_b70bb4acc0|lpw_ccca744613,lpw_8b7b91e000|lpw_f3f5126487|lpw_b70bb4acc0|lpw_ccca744613,lpw_8b7b91e000|lpw_f3f5126487|lpw_b70bb4acc0|lpw_ccca744613,5,3,4,4
2492,2494,25,4,false,“现在你该去工作了。,现在|你|该去|工作|了,10,5,lpw_43584f37c1|lpw_a0c7716669|lpw_b2dd27e84f,现在|你|了,lpw_a0c7716669|lpw_b2dd27e84f,lpw_a0c7716669|lpw_b2dd27e84f,lpw_a0c7716669|lpw_b2dd27e84f,3,2,2,2
2493,2495,25,4,false,你得回到你的飞机那儿去。,你|得|回到|你|的|飞机|那儿|去,12,8,lpw_a0c7716669|lpw_71b1ed1114|lpw_8af2350cfd|lpw_c05f7cd6ed|lpw_b4444021ad|lpw_99ae21ea6c,你|得|的|飞机|那儿|去,lpw_a0c7716669|lpw_8af2350cfd,lpw_a0c7716669|lpw_71b1ed1114|lpw_8af2350cfd|lpw_99ae21ea6c,lpw_a0c7716669|lpw_71b1ed1114|lpw_8af2350cfd|lpw_99ae21ea6c,6,2,4,4
2494,2496,25,4,false,我在这儿等你。,我在|这儿|等|你,7,4,lpw_33f40475f8|lpw_19a29e87c9|lpw_a0c7716669,我在|这儿|你,lpw_a0c7716669,lpw_19a29e87c9|lpw_a0c7716669,lpw_19a29e87c9|lpw_a0c7716669,3,1,2,2
2495,2497,25,4,false,明天晚上再来吧......”,明天|晚上|再来|吧,14,4,lpw_a9b1124b34|lpw_bad8b6c7ae,晚上|吧,,,lpw_bad8b6c7ae,2,0,0,1
2496,2498,25,4,false,可是我放心不下。,可是|我|放心不下,8,3,lpw_38ca4a9c76|lpw_b70bb4acc0,可是|我,lpw_b70bb4acc0,lpw_38ca4a9c76|lpw_b70bb4acc0,lpw_38ca4a9c76|lpw_b70bb4acc0,2,1,2,2
2497,2499,25,4,false,我想起了狐狸的话。,我想|起了|狐狸|的话,9,4,lpw_42230da180|lpw_0a93e4ffe2|lpw_9b952dd4e3,我想|狐狸|的话,,,,3,0,0,0
2498,2500,25,4,false,"一个人要是被驯养过,",一个|人|要是|被|驯|养|过,10,7,lpw_e1dbc1c99f|lpw_50f5d65d57|lpw_467b2562ed|lpw_c3a6e91c19|lpw_bd49c65dde|lpw_f777893480,一个|人|要是|驯|养|过,lpw_e1dbc1c99f|lpw_50f5d65d57,lpw_e1dbc1c99f|lpw_50f5d65d57|lpw_f777893480,lpw_e1dbc1c99f|lpw_50f5d65d57|lpw_467b2562ed|lpw_f777893480,6,2,3,4
2499,2501,25,4,false,恐怕难免要哭的......,恐怕|难免|要|哭|的,13,5,lpw_975f35218e|lpw_8af2350cfd,要|的,lpw_8af2350cfd,lpw_975f35218e|lpw_8af2350cfd,lpw_975f35218e|lpw_8af2350cfd,2,1,2,2
2500,2502,26,4,true,26,,2,0,,,,,,0,0,0,0
2501,2503,26,4,false,"在水井边上,",在|水井|边|上,6,4,lpw_12404a0b63|lpw_db5ba671d2,在|上,lpw_12404a0b63|lpw_db5ba671d2,lpw_12404a0b63|lpw_db5ba671d2,lpw_12404a0b63|lpw_db5ba671d2,2,2,2,2
2502,2504,26,4,false,有一堵残败的旧石墙。,有一|堵|残|败|的|旧|石|墙,10,8,lpw_8af2350cfd,的,lpw_8af2350cfd,lpw_8af2350cfd,lpw_8af2350cfd,1,1,1,1
2503,2505,26,4,false,"第二天傍晚,",第二|天|傍晚,6,3,lpw_49da61ceee,天,,,lpw_49da61ceee,1,0,0,1
2504,2506,26,4,false,"我干完活儿回来,",我|干完|活儿|回来,8,4,lpw_b70bb4acc0,我,lpw_b70bb4acc0,lpw_b70bb4acc0,lpw_b70bb4acc0,1,1,1,1
2505,2507,26,4,false,远远地看见小王子两腿悬空地坐在断墙上。,远远|地|看见|小王子|两|腿|悬空|地|坐在|断|墙|上,19,12,lpw_bdbd41e490|lpw_7205426737|lpw_87f2a033cf|lpw_83385d2eda|lpw_db5ba671d2,地|看见|小王子|两|上,lpw_bdbd41e490|lpw_87f2a033cf|lpw_db5ba671d2,lpw_bdbd41e490|lpw_87f2a033cf|lpw_db5ba671d2,lpw_bdbd41e490|lpw_7205426737|lpw_87f2a033cf|lpw_db5ba671d2,5,3,3,4
2506,2508,26,4,false,我还听见他在说话:,我还|听见|他在|说话,9,4,,,,,,0,0,0,0
2507,2509,26,4,false,“难道你不记得了?”,难道|你|不|记得|了,10,5,lpw_a0c7716669|lpw_b02dfe2160|lpw_b2dd27e84f,你|不|了,lpw_a0c7716669|lpw_b2dd27e84f,lpw_a0c7716669|lpw_b02dfe2160|lpw_b2dd27e84f,lpw_a0c7716669|lpw_b02dfe2160|lpw_b2dd27e84f,3,2,3,3
2508,2510,26,4,false,他说。,他|说,3,2,lpw_8b7b91e000|lpw_ccca744613,他|说,lpw_8b7b91e000|lpw_ccca744613,lpw_8b7b91e000|lpw_ccca744613,lpw_8b7b91e000|lpw_ccca744613,2,2,2,2
2509,2511,26,4,false,“根本不是这儿!”,根本|不是|这儿,9,3,lpw_584cd0fcf3|lpw_19a29e87c9,不是|这儿,,lpw_19a29e87c9,lpw_19a29e87c9,2,0,1,1
2510,2512,26,4,false,"想必有一个声音在回答他,",想必|有|一个|声音|在|回答|他,12,7,lpw_90ce0f66f0|lpw_e1dbc1c99f|lpw_473400815c|lpw_12404a0b63|lpw_f3f5126487|lpw_8b7b91e000,有|一个|声音|在|回答|他,lpw_90ce0f66f0|lpw_e1dbc1c99f|lpw_12404a0b63|lpw_8b7b91e000,lpw_90ce0f66f0|lpw_e1dbc1c99f|lpw_12404a0b63|lpw_f3f5126487|lpw_8b7b91e000,lpw_90ce0f66f0|lpw_e1dbc1c99f|lpw_12404a0b63|lpw_f3f5126487|lpw_8b7b91e000,6,4,5,5
2511,2513,26,4,false,只见他在反驳:,只|见|他在|反驳,7,4,lpw_409e2c3882,只,,lpw_409e2c3882,lpw_409e2c3882,1,0,1,1
2512,2514,26,4,false,"“对!对!是今天,",对|对|是|今天,9,4,lpw_74570c7270|lpw_b5141d3d19,对|是,lpw_74570c7270|lpw_b5141d3d19,lpw_74570c7270|lpw_b5141d3d19,lpw_74570c7270|lpw_b5141d3d19,2,2,2,2
2513,2515,26,4,false,可不是这个地方......”,可不是|这个|地方,14,3,lpw_b30391caa1|lpw_979e2bc35b|lpw_1462a7d853,可不是|这个|地方,,lpw_979e2bc35b,lpw_979e2bc35b|lpw_1462a7d853,3,0,1,2
2514,2516,26,4,false,我往石墙走去。,我|往|石|墙|走去,7,5,lpw_b70bb4acc0,我,lpw_b70bb4acc0,lpw_b70bb4acc0,lpw_b70bb4acc0,1,1,1,1
2515,2517,26,4,false,"我既没看见人影,",我|既|没|看见|人影,8,5,lpw_b70bb4acc0|lpw_279e8b3573|lpw_7205426737,我|没|看见,lpw_b70bb4acc0,lpw_b70bb4acc0|lpw_279e8b3573,lpw_b70bb4acc0|lpw_279e8b3573|lpw_7205426737,3,1,2,3
2516,2518,26,4,false,也没听见人声。,也没|听见|人声,7,3,,,,,,0,0,0,0
2517,2519,26,4,false,但是小王子又在说:,但是|小王子|又在|说,9,4,lpw_8cb1f721c8|lpw_87f2a033cf|lpw_ccca744613,但是|小王子|说,lpw_87f2a033cf|lpw_ccca744613,lpw_87f2a033cf|lpw_ccca744613,lpw_87f2a033cf|lpw_ccca744613,3,2,2,2
2518,2520,26,4,false,“......那当然。,那|当然,11,2,lpw_5a2362a202|lpw_0002e2d87f,那|当然,lpw_5a2362a202,lpw_5a2362a202,lpw_5a2362a202,2,1,1,1
2519,2521,26,4,false,"在沙地上,",在|沙|地上,5,3,lpw_12404a0b63,在,lpw_12404a0b63,lpw_12404a0b63,lpw_12404a0b63,1,1,1,1
2520,2522,26,4,false,你会看到我的足迹从哪儿开始的。,你会|看到|我|的|足迹|从|哪儿|开始|的,15,9,lpw_8e80d04a82|lpw_e9c1d16595|lpw_b70bb4acc0|lpw_8af2350cfd|lpw_2719a8ea30|lpw_1ca2298198,你会|看到|我|的|从|哪儿,lpw_b70bb4acc0|lpw_8af2350cfd,lpw_b70bb4acc0|lpw_8af2350cfd,lpw_b70bb4acc0|lpw_8af2350cfd|lpw_2719a8ea30,6,2,2,3
2521,2523,26,4,false,你只要等着我就行了。,你|只要|等着|我|就|行|了,10,7,lpw_a0c7716669|lpw_b70bb4acc0|lpw_2f9d9872e5|lpw_b2dd27e84f,你|我|就|了,lpw_a0c7716669|lpw_b70bb4acc0|lpw_2f9d9872e5|lpw_b2dd27e84f,lpw_a0c7716669|lpw_b70bb4acc0|lpw_2f9d9872e5|lpw_b2dd27e84f,lpw_a0c7716669|lpw_b70bb4acc0|lpw_2f9d9872e5|lpw_b2dd27e84f,4,4,4,4
2522,2524,26,4,false,今天夜里我就去那儿。”,今天|夜里|我|就去|那儿,11,5,lpw_41f8d30e7f|lpw_b70bb4acc0|lpw_b4444021ad,夜里|我|那儿,lpw_b70bb4acc0,lpw_b70bb4acc0,lpw_b70bb4acc0,3,1,1,1
2523,2525,26,4,false,"我离石墙只有二十米了,",我|离|石|墙|只有|二十|米|了,11,8,lpw_b70bb4acc0|lpw_ba8bd7c8c9|lpw_b2dd27e84f,我|只有|了,lpw_b70bb4acc0|lpw_b2dd27e84f,lpw_b70bb4acc0|lpw_b2dd27e84f,lpw_b70bb4acc0|lpw_b2dd27e84f,3,2,2,2
2524,2526,26,4,false,可还是什么也没看见。,可|还是|什么|也没|看见,10,5,lpw_8b9cefa38e|lpw_dfaa7d6f73|lpw_c1b52e0e64|lpw_7205426737,可|还是|什么|看见,lpw_c1b52e0e64,lpw_8b9cefa38e|lpw_c1b52e0e64,lpw_8b9cefa38e|lpw_c1b52e0e64|lpw_7205426737,4,1,2,3
2525,2527,26,4,false,"停了一会儿,",停了|一|会|儿,6,4,lpw_51a75f4634|lpw_5ba1e3c0eb|lpw_1ed5efc3dc,一|会|儿,lpw_5ba1e3c0eb,lpw_51a75f4634|lpw_5ba1e3c0eb,lpw_51a75f4634|lpw_5ba1e3c0eb,3,1,2,2
2526,2528,26,4,false,小王子又说道:,小王子|又|说道,7,3,lpw_87f2a033cf|lpw_e71ce5deab,小王子|又,lpw_87f2a033cf|lpw_e71ce5deab,lpw_87f2a033cf|lpw_e71ce5deab,lpw_87f2a033cf|lpw_e71ce5deab,2,2,2,2
2527,2529,26,4,false,“你的毒液管用吗?,你|的|毒液|管用|吗,9,5,lpw_a0c7716669|lpw_8af2350cfd|lpw_5ac1612110,你|的|吗,lpw_a0c7716669|lpw_8af2350cfd,lpw_a0c7716669|lpw_8af2350cfd,lpw_a0c7716669|lpw_8af2350cfd|lpw_5ac1612110,3,2,2,3
2528,2530,26,4,false,你有把握不会让我难受很久吗?”,你有|把握|不会|让|我|难受|很久|吗,15,8,lpw_c7ae73a94d|lpw_ad37574404|lpw_b70bb4acc0|lpw_5ac1612110,不会|让|我|吗,lpw_ad37574404|lpw_b70bb4acc0,lpw_ad37574404|lpw_b70bb4acc0,lpw_ad37574404|lpw_b70bb4acc0|lpw_5ac1612110,4,2,2,3
2529,2531,26,4,false,"我心头猛地揪紧,",我|心头|猛|地|揪|紧,8,6,lpw_b70bb4acc0|lpw_bdbd41e490,我|地,lpw_b70bb4acc0|lpw_bdbd41e490,lpw_b70bb4acc0|lpw_bdbd41e490,lpw_b70bb4acc0|lpw_bdbd41e490,2,2,2,2
2530,2532,26,4,false,"停下了脚步,",停下|了|脚步,6,3,lpw_b2dd27e84f,了,lpw_b2dd27e84f,lpw_b2dd27e84f,lpw_b2dd27e84f,1,1,1,1
2531,2533,26,4,false,可我还是什么也不明白。,可|我还是|什么|也不|明白,11,5,lpw_8b9cefa38e|lpw_c1b52e0e64|lpw_941252022a|lpw_8e37cd5f7f,可|什么|也不|明白,lpw_c1b52e0e64,lpw_8b9cefa38e|lpw_c1b52e0e64,lpw_8b9cefa38e|lpw_c1b52e0e64,4,1,2,2
2532,2534,26,4,false,"“现在,来吧,”",现在|来|吧,8,3,lpw_43584f37c1|lpw_6d8229118c|lpw_bad8b6c7ae,现在|来|吧,lpw_6d8229118c,lpw_6d8229118c,lpw_6d8229118c|lpw_bad8b6c7ae,3,1,1,2
2533,2535,26,4,false,"小王子说,",小王子|说,5,2,lpw_87f2a033cf|lpw_ccca744613,小王子|说,lpw_87f2a033cf|lpw_ccca744613,lpw_87f2a033cf|lpw_ccca744613,lpw_87f2a033cf|lpw_ccca744613,2,2,2,2
2534,2536,26,4,false,“......我要下来了!”,我要|下来|了,14,3,lpw_30bc5c7b4c|lpw_b2dd27e84f,我要|了,lpw_b2dd27e84f,lpw_b2dd27e84f,lpw_b2dd27e84f,2,1,1,1
2535,2537,26,4,false,"这时,",这时,3,1,,,,,,0,0,0,0
2536,2538,26,4,false,"我低头朝墙脚看去,",我|低头|朝|墙|脚|看去,9,6,lpw_b70bb4acc0,我,lpw_b70bb4acc0,lpw_b70bb4acc0,lpw_b70bb4acc0,1,1,1,1
2537,2539,26,4,false,不由得吓了一跳!,不由得|吓了|一跳,8,3,,,,,,0,0,0,0
2538,2540,26,4,false,"只见一条半分钟就能叫人致命的黄蛇,",只|见|一条|半|分钟|就|能|叫|人|致命|的|黄|蛇,17,13,lpw_409e2c3882|lpw_bd957bc497|lpw_2f9d9872e5|lpw_413c06bcef|lpw_50f5d65d57|lpw_8af2350cfd|lpw_e49587b1da,只|分钟|就|能|人|的|蛇,lpw_2f9d9872e5|lpw_50f5d65d57|lpw_8af2350cfd,lpw_409e2c3882|lpw_2f9d9872e5|lpw_50f5d65d57|lpw_8af2350cfd,lpw_409e2c3882|lpw_2f9d9872e5|lpw_50f5d65d57|lpw_8af2350cfd,7,3,4,4
2539,2541,26,4,false,昂然竖起身子对着小王子。,昂然|竖起|身子|对|着|小王子,12,6,lpw_74570c7270|lpw_9e5bf0d2d9|lpw_87f2a033cf,对|着|小王子,lpw_74570c7270|lpw_9e5bf0d2d9|lpw_87f2a033cf,lpw_74570c7270|lpw_9e5bf0d2d9|lpw_87f2a033cf,lpw_74570c7270|lpw_9e5bf0d2d9|lpw_87f2a033cf,3,3,3,3
2540,2542,26,4,false,"我一边伸手去掏手枪,",我|一边|伸手|去|掏|手枪,10,6,lpw_b70bb4acc0|lpw_99ae21ea6c,我|去,lpw_b70bb4acc0,lpw_b70bb4acc0|lpw_99ae21ea6c,lpw_b70bb4acc0|lpw_99ae21ea6c,2,1,2,2
2541,2543,26,4,false,一边撒腿往前奔去。,一边|撒腿|往前|奔去,9,4,,,,,,0,0,0,0
2542,2544,26,4,false,"可是,",可是,3,1,lpw_38ca4a9c76,可是,,lpw_38ca4a9c76,lpw_38ca4a9c76,1,0,1,1
2543,2545,26,4,false,"那条蛇听见我的声音,",那|条|蛇|听见|我|的|声音,10,7,lpw_5a2362a202|lpw_e49587b1da|lpw_b70bb4acc0|lpw_8af2350cfd|lpw_473400815c,那|蛇|我|的|声音,lpw_5a2362a202|lpw_b70bb4acc0|lpw_8af2350cfd,lpw_5a2362a202|lpw_b70bb4acc0|lpw_8af2350cfd,lpw_5a2362a202|lpw_b70bb4acc0|lpw_8af2350cfd,5,3,3,3
2544,2546,26,4,false,"就像一条水柱骤然跌落下来,",就像|一条|水柱|骤然|跌落|下来,13,6,lpw_3a1a30dbb2,就像,,,,1,0,0,0
2545,2547,26,4,false,"缓缓渗入沙地,",缓缓|渗入|沙地,7,3,,,,,,0,0,0,0
2546,2548,26,4,false,"不慌不忙地钻进石缝中去,",不慌不忙|地|钻|进|石|缝|中|去,12,8,lpw_bdbd41e490|lpw_a567bdaa11|lpw_99ae21ea6c,地|中|去,lpw_bdbd41e490,lpw_bdbd41e490|lpw_99ae21ea6c,lpw_bdbd41e490|lpw_99ae21ea6c,3,1,2,2
2547,2549,26,4,false,发出轻微的金属声。,发出|轻微|的|金属|声,9,5,lpw_8af2350cfd|lpw_693e132f27,的|声,lpw_8af2350cfd,lpw_8af2350cfd,lpw_8af2350cfd|lpw_693e132f27,2,1,1,2
2548,2550,26,4,false,"我赶到墙边,",我|赶|到|墙|边,6,5,lpw_b70bb4acc0|lpw_b56f36b529,我|到,lpw_b70bb4acc0,lpw_b70bb4acc0,lpw_b70bb4acc0,2,1,1,1
2549,2551,26,4,false,"正好接住从墙上跳下的小王子,",正好|接住|从|墙|上|跳下|的|小王子,14,8,lpw_2719a8ea30|lpw_db5ba671d2|lpw_8af2350cfd|lpw_87f2a033cf,从|上|的|小王子,lpw_db5ba671d2|lpw_8af2350cfd|lpw_87f2a033cf,lpw_db5ba671d2|lpw_8af2350cfd|lpw_87f2a033cf,lpw_2719a8ea30|lpw_db5ba671d2|lpw_8af2350cfd|lpw_87f2a033cf,4,3,3,4
2550,2552,26,4,false,把这个脸色白得像雪的小家伙抱在怀里。,把|这个|脸色|白|得|像|雪|的|小|家伙|抱在|怀|里,18,13,lpw_2442748e41|lpw_979e2bc35b|lpw_71b1ed1114|lpw_cf8cedd58b|lpw_8af2350cfd|lpw_6a7339bb75|lpw_79f43de6e3,把|这个|得|像|的|小|里,lpw_8af2350cfd,lpw_2442748e41|lpw_979e2bc35b|lpw_71b1ed1114|lpw_8af2350cfd|lpw_6a7339bb75|lpw_79f43de6e3,lpw_2442748e41|lpw_979e2bc35b|lpw_71b1ed1114|lpw_cf8cedd58b|lpw_8af2350cfd|lpw_6a7339bb75|lpw_79f43de6e3,7,1,6,7
2551,2553,26,4,false,“这是怎么回事!,这|是|怎么|回|事,8,5,lpw_d409ab2ab3|lpw_b5141d3d19|lpw_5ee8091a38|lpw_1d9ed56951,这|是|怎么|事,lpw_d409ab2ab3|lpw_b5141d3d19,lpw_d409ab2ab3|lpw_b5141d3d19|lpw_1d9ed56951,lpw_d409ab2ab3|lpw_b5141d3d19|lpw_1d9ed56951,4,2,3,3
2552,2554,26,4,false,你居然跟蛇在谈话!”,你|居然|跟|蛇|在|谈话,10,6,lpw_a0c7716669|lpw_383a53d95c|lpw_e49587b1da|lpw_12404a0b63,你|跟|蛇|在,lpw_a0c7716669|lpw_12404a0b63,lpw_a0c7716669|lpw_12404a0b63,lpw_a0c7716669|lpw_383a53d95c|lpw_12404a0b63,4,2,2,3
2553,2555,26,4,false,我解开他一直戴着的金黄色围巾。,我|解开|他|一直|戴着|的|金|黄色|围巾,15,9,lpw_b70bb4acc0|lpw_8b7b91e000|lpw_8af2350cfd,我|他|的,lpw_b70bb4acc0|lpw_8b7b91e000|lpw_8af2350cfd,lpw_b70bb4acc0|lpw_8b7b91e000|lpw_8af2350cfd,lpw_b70bb4acc0|lpw_8b7b91e000|lpw_8af2350cfd,3,3,3,3
2554,2556,26,4,false,"我用水沾湿他的太阳穴,",我|用水|沾湿|他|的|太阳|穴,11,7,lpw_b70bb4acc0|lpw_8b7b91e000|lpw_8af2350cfd,我|他|的,lpw_b70bb4acc0|lpw_8b7b91e000|lpw_8af2350cfd,lpw_b70bb4acc0|lpw_8b7b91e000|lpw_8af2350cfd,lpw_b70bb4acc0|lpw_8b7b91e000|lpw_8af2350cfd,3,3,3,3
2555,2557,26,4,false,给他喝了点水。,给|他|喝了|点|水,7,5,lpw_6e55fb9d8a|lpw_8b7b91e000|lpw_08dddeac13|lpw_327b54d04f,给|他|点|水,lpw_6e55fb9d8a|lpw_8b7b91e000,lpw_6e55fb9d8a|lpw_8b7b91e000,lpw_6e55fb9d8a|lpw_8b7b91e000,4,2,2,2
2556,2558,26,4,false,可此刻我不敢再问他什么。,可|此刻|我|不敢|再问|他|什么,12,7,lpw_8b9cefa38e|lpw_b70bb4acc0|lpw_8b7b91e000|lpw_c1b52e0e64,可|我|他|什么,lpw_b70bb4acc0|lpw_8b7b91e000|lpw_c1b52e0e64,lpw_8b9cefa38e|lpw_b70bb4acc0|lpw_8b7b91e000|lpw_c1b52e0e64,lpw_8b9cefa38e|lpw_b70bb4acc0|lpw_8b7b91e000|lpw_c1b52e0e64,4,3,4,4
2557,2559,26,4,false,"他神色凝重地望着我,",他|神色|凝重|地|望|着|我,10,7,lpw_8b7b91e000|lpw_bdbd41e490|lpw_260bd80462|lpw_9e5bf0d2d9|lpw_b70bb4acc0,他|地|望|着|我,lpw_8b7b91e000|lpw_bdbd41e490|lpw_9e5bf0d2d9|lpw_b70bb4acc0,lpw_8b7b91e000|lpw_bdbd41e490|lpw_9e5bf0d2d9|lpw_b70bb4acc0,lpw_8b7b91e000|lpw_bdbd41e490|lpw_9e5bf0d2d9|lpw_b70bb4acc0,5,4,4,4
2558,2560,26,4,false,用双臂搂住我的脖子。,用|双臂|搂|住|我|的|脖子,10,7,lpw_04e45efb3b|lpw_cbba0a98ab|lpw_b70bb4acc0|lpw_8af2350cfd,用|住|我|的,lpw_b70bb4acc0|lpw_8af2350cfd,lpw_b70bb4acc0|lpw_8af2350cfd,lpw_04e45efb3b|lpw_b70bb4acc0|lpw_8af2350cfd,4,2,2,3
2559,2561,26,4,false,"我感觉到他的心跳,",我|感觉|到|他|的|心跳,9,6,lpw_b70bb4acc0|lpw_b56f36b529|lpw_8b7b91e000|lpw_8af2350cfd,我|到|他|的,lpw_b70bb4acc0|lpw_8b7b91e000|lpw_8af2350cfd,lpw_b70bb4acc0|lpw_8b7b91e000|lpw_8af2350cfd,lpw_b70bb4acc0|lpw_8b7b91e000|lpw_8af2350cfd,4,3,3,3
2560,2562,26,4,false,就像被枪弹击中濒临死亡的小鸟的心跳。,就像|被|枪|弹|击中|濒临|死亡|的|小|鸟|的|心跳,18,12,lpw_3a1a30dbb2|lpw_8af2350cfd|lpw_6a7339bb75,就像|的|小,lpw_8af2350cfd,lpw_8af2350cfd|lpw_6a7339bb75,lpw_8af2350cfd|lpw_6a7339bb75,3,1,2,2
2561,2563,26,4,false,他对我说:,他|对|我|说,5,4,lpw_8b7b91e000|lpw_74570c7270|lpw_b70bb4acc0|lpw_ccca744613,他|对|我|说,lpw_8b7b91e000|lpw_74570c7270|lpw_b70bb4acc0|lpw_ccca744613,lpw_8b7b91e000|lpw_74570c7270|lpw_b70bb4acc0|lpw_ccca744613,lpw_8b7b91e000|lpw_74570c7270|lpw_b70bb4acc0|lpw_ccca744613,4,4,4,4
2562,2564,26,4,false,"“现在,来吧,”",现在|来|吧,8,3,lpw_43584f37c1|lpw_6d8229118c|lpw_bad8b6c7ae,现在|来|吧,lpw_6d8229118c,lpw_6d8229118c,lpw_6d8229118c|lpw_bad8b6c7ae,3,1,1,2
2563,2565,26,4,false,"小王子说,",小王子|说,5,2,lpw_87f2a033cf|lpw_ccca744613,小王子|说,lpw_87f2a033cf|lpw_ccca744613,lpw_87f2a033cf|lpw_ccca744613,lpw_87f2a033cf|lpw_ccca744613,2,2,2,2
2564,2566,26,4,false,“我要下来了!”,我要|下来|了,8,3,lpw_30bc5c7b4c|lpw_b2dd27e84f,我要|了,lpw_b2dd27e84f,lpw_b2dd27e84f,lpw_b2dd27e84f,2,1,1,1
2565,2567,26,4,false,"“我很高兴,",我|很|高兴,6,3,lpw_b70bb4acc0|lpw_f2b91797ea,我|很,lpw_b70bb4acc0|lpw_f2b91797ea,lpw_b70bb4acc0|lpw_f2b91797ea,lpw_b70bb4acc0|lpw_f2b91797ea,2,2,2,2
2566,2568,26,4,false,你找到了飞机上缺少的东西。,你找|到了|飞机|上|缺少|的|东西,13,7,lpw_c05f7cd6ed|lpw_db5ba671d2|lpw_8af2350cfd|lpw_b181350186,飞机|上|的|东西,lpw_db5ba671d2|lpw_8af2350cfd,lpw_db5ba671d2|lpw_8af2350cfd,lpw_db5ba671d2|lpw_8af2350cfd|lpw_b181350186,4,2,2,3
2567,2569,26,4,false,你可以回家了......”,你|可以|回家|了,13,4,lpw_a0c7716669|lpw_0ef5c86fab|lpw_b2dd27e84f,你|可以|了,lpw_a0c7716669|lpw_b2dd27e84f,lpw_a0c7716669|lpw_b2dd27e84f,lpw_a0c7716669|lpw_0ef5c86fab|lpw_b2dd27e84f,3,2,2,3
2568,2570,26,4,false,“你怎么知道的?”,你|怎么|知道|的,9,4,lpw_a0c7716669|lpw_5ee8091a38|lpw_d7b6472b11|lpw_8af2350cfd,你|怎么|知道|的,lpw_a0c7716669|lpw_8af2350cfd,lpw_a0c7716669|lpw_d7b6472b11|lpw_8af2350cfd,lpw_a0c7716669|lpw_d7b6472b11|lpw_8af2350cfd,4,2,3,3
2569,2571,26,4,false,"我正想告诉他,",我|正想|告诉|他,7,4,lpw_b70bb4acc0|lpw_8b7b91e000,我|他,lpw_b70bb4acc0|lpw_8b7b91e000,lpw_b70bb4acc0|lpw_8b7b91e000,lpw_b70bb4acc0|lpw_8b7b91e000,2,2,2,2
2570,2572,26,4,false,"就在刚才,",就在|刚才,5,2,,,,,,0,0,0,0
2571,2573,26,4,false,"在眼看没有希望的情况下,",在|眼看|没有|希望|的|情况|下,12,7,lpw_12404a0b63|lpw_f127804b92|lpw_8af2350cfd|lpw_13c12b064b,在|没有|的|下,lpw_12404a0b63|lpw_8af2350cfd,lpw_12404a0b63|lpw_f127804b92|lpw_8af2350cfd,lpw_12404a0b63|lpw_f127804b92|lpw_8af2350cfd,4,2,3,3
2572,2574,26,4,false,我修好了飞机!,我|修好|了|飞机,7,4,lpw_b70bb4acc0|lpw_b2dd27e84f|lpw_c05f7cd6ed,我|了|飞机,lpw_b70bb4acc0|lpw_b2dd27e84f,lpw_b70bb4acc0|lpw_b2dd27e84f,lpw_b70bb4acc0|lpw_b2dd27e84f,3,2,2,2
2573,2575,26,4,false,"他没回答我的问题,",他|没|回答|我|的|问题,9,6,lpw_8b7b91e000|lpw_279e8b3573|lpw_f3f5126487|lpw_b70bb4acc0|lpw_8af2350cfd|lpw_33a8618cb6,他|没|回答|我|的|问题,lpw_8b7b91e000|lpw_b70bb4acc0|lpw_8af2350cfd,lpw_8b7b91e000|lpw_279e8b3573|lpw_f3f5126487|lpw_b70bb4acc0|lpw_8af2350cfd,lpw_8b7b91e000|lpw_279e8b3573|lpw_f3f5126487|lpw_b70bb4acc0|lpw_8af2350cfd,6,3,5,5
2574,2576,26,4,false,但接着说:,但|接着|说,5,3,lpw_1f863793c6|lpw_58ed4c69fb|lpw_ccca744613,但|接着|说,lpw_ccca744613,lpw_ccca744613,lpw_ccca744613,3,1,1,1
2575,2577,26,4,false,"“我也一样,今天,",我也|一样|今天,9,3,lpw_9dc5c0158d,一样,,,lpw_9dc5c0158d,1,0,0,1
2576,2578,26,4,false,我要回家了......”,我要|回家|了,12,3,lpw_30bc5c7b4c|lpw_b2dd27e84f,我要|了,lpw_b2dd27e84f,lpw_b2dd27e84f,lpw_b2dd27e84f,2,1,1,1
2577,2579,26,4,false,"然后,",然后,3,1,lpw_ca4f5ee82e,然后,,,,1,0,0,0
2578,2580,26,4,false,忧郁地说:,忧郁|地|说,5,3,lpw_bdbd41e490|lpw_ccca744613,地|说,lpw_bdbd41e490|lpw_ccca744613,lpw_bdbd41e490|lpw_ccca744613,lpw_bdbd41e490|lpw_ccca744613,2,2,2,2
2579,2581,26,4,false,“那要远得多......,那|要|远|得|多,12,5,lpw_5a2362a202|lpw_975f35218e|lpw_057c8f7842|lpw_71b1ed1114|lpw_1940119f05,那|要|远|得|多,lpw_5a2362a202,lpw_5a2362a202|lpw_975f35218e|lpw_71b1ed1114,lpw_5a2362a202|lpw_975f35218e|lpw_71b1ed1114,5,1,3,3
2580,2582,26,4,false,难得多......”,难得|多,10,2,lpw_1940119f05,多,,,,1,0,0,0
2581,2583,26,4,false,我意识到发生了一件非同寻常的事情。,我|意识|到|发生|了|一件|非同|寻常|的|事情,17,10,lpw_b70bb4acc0|lpw_b56f36b529|lpw_b2dd27e84f|lpw_8af2350cfd|lpw_e66d9fac19,我|到|了|的|事情,lpw_b70bb4acc0|lpw_b2dd27e84f|lpw_8af2350cfd,lpw_b70bb4acc0|lpw_b2dd27e84f|lpw_8af2350cfd,lpw_b70bb4acc0|lpw_b2dd27e84f|lpw_8af2350cfd,5,3,3,3
2582,2584,26,4,false,"我把他像小孩那样抱在怀里,",我把|他|像|小孩|那样|抱在|怀|里,13,8,lpw_5ebf3d1bfd|lpw_8b7b91e000|lpw_cf8cedd58b|lpw_79f43de6e3,我把|他|像|里,lpw_8b7b91e000,lpw_8b7b91e000|lpw_79f43de6e3,lpw_8b7b91e000|lpw_cf8cedd58b|lpw_79f43de6e3,4,1,2,3
2583,2585,26,4,false,"只觉得他在笔直地滑入一个深渊,",只|觉得|他在|笔直|地|滑入|一个|深渊,15,8,lpw_409e2c3882|lpw_78c82d9f41|lpw_bdbd41e490|lpw_e1dbc1c99f,只|觉得|地|一个,lpw_bdbd41e490|lpw_e1dbc1c99f,lpw_409e2c3882|lpw_bdbd41e490|lpw_e1dbc1c99f,lpw_409e2c3882|lpw_78c82d9f41|lpw_bdbd41e490|lpw_e1dbc1c99f,4,2,3,4
2584,2586,26,4,false,而我全然无法拉住他......,而|我|全然|无法|拉住|他,15,6,lpw_08e2725ce1|lpw_b70bb4acc0|lpw_8b7b91e000,而|我|他,lpw_b70bb4acc0|lpw_8b7b91e000,lpw_b70bb4acc0|lpw_8b7b91e000,lpw_08e2725ce1|lpw_b70bb4acc0|lpw_8b7b91e000,3,2,2,3
2585,2587,26,4,false,"他的目光很严肃,",他|的|目光|很|严肃,8,5,lpw_8b7b91e000|lpw_8af2350cfd|lpw_f2b91797ea,他|的|很,lpw_8b7b91e000|lpw_8af2350cfd|lpw_f2b91797ea,lpw_8b7b91e000|lpw_8af2350cfd|lpw_f2b91797ea,lpw_8b7b91e000|lpw_8af2350cfd|lpw_f2b91797ea,3,3,3,3
2586,2588,26,4,false,视线消失在很远很远的地方。,视线|消失|在|很|远|很|远|的|地方,13,9,lpw_12404a0b63|lpw_f2b91797ea|lpw_057c8f7842|lpw_8af2350cfd|lpw_1462a7d853,在|很|远|的|地方,lpw_12404a0b63|lpw_f2b91797ea|lpw_8af2350cfd,lpw_12404a0b63|lpw_f2b91797ea|lpw_8af2350cfd,lpw_12404a0b63|lpw_f2b91797ea|lpw_8af2350cfd|lpw_1462a7d853,5,3,3,4
2587,2589,26,4,false,“我有你的绵羊。,我有|你|的|绵羊,8,4,lpw_59cbe38d1c|lpw_a0c7716669|lpw_8af2350cfd|lpw_238b95ae07,我有|你|的|绵羊,lpw_a0c7716669|lpw_8af2350cfd,lpw_a0c7716669|lpw_8af2350cfd,lpw_a0c7716669|lpw_8af2350cfd,4,2,2,2
2588,2590,26,4,false,我有绵羊的箱子。,我有|绵羊|的|箱子,8,4,lpw_59cbe38d1c|lpw_238b95ae07|lpw_8af2350cfd,我有|绵羊|的,lpw_8af2350cfd,lpw_8af2350cfd,lpw_8af2350cfd,3,1,1,1
2589,2591,26,4,false,还有嘴罩......”,还有|嘴|罩,11,3,lpw_83eec76b39,还有,,,,1,0,0,0
2590,2592,26,4,false,"说着,",说|着,3,2,lpw_ccca744613|lpw_9e5bf0d2d9,说|着,lpw_ccca744613|lpw_9e5bf0d2d9,lpw_ccca744613|lpw_9e5bf0d2d9,lpw_ccca744613|lpw_9e5bf0d2d9,2,2,2,2
2591,2593,26,4,false,他忧郁地微微一笑。,他|忧郁|地|微微|一笑,9,5,lpw_8b7b91e000|lpw_bdbd41e490,他|地,lpw_8b7b91e000|lpw_bdbd41e490,lpw_8b7b91e000|lpw_bdbd41e490,lpw_8b7b91e000|lpw_bdbd41e490,2,2,2,2
2592,2594,26,4,false,我等了很久。,我|等|了|很久,6,4,lpw_b70bb4acc0|lpw_b2dd27e84f,我|了,lpw_b70bb4acc0|lpw_b2dd27e84f,lpw_b70bb4acc0|lpw_b2dd27e84f,lpw_b70bb4acc0|lpw_b2dd27e84f,2,2,2,2
2593,2595,26,4,false,我感到他的身子渐渐暖了起来:,我|感到|他|的|身子|渐渐|暖|了|起来,14,9,lpw_b70bb4acc0|lpw_15c2457566|lpw_8b7b91e000|lpw_8af2350cfd|lpw_b2dd27e84f|lpw_b8a694b2df,我|感到|他|的|了|起来,lpw_b70bb4acc0|lpw_8b7b91e000|lpw_8af2350cfd|lpw_b2dd27e84f,lpw_b70bb4acc0|lpw_8b7b91e000|lpw_8af2350cfd|lpw_b2dd27e84f,lpw_b70bb4acc0|lpw_15c2457566|lpw_8b7b91e000|lpw_8af2350cfd|lpw_b2dd27e84f|lpw_b8a694b2df,6,4,4,6
2594,2596,26,4,false,"“小家伙,",小|家伙,5,2,lpw_6a7339bb75,小,,lpw_6a7339bb75,lpw_6a7339bb75,1,0,1,1
2595,2597,26,4,false,你受惊了......”,你|受|惊|了,11,4,lpw_a0c7716669|lpw_b2dd27e84f,你|了,lpw_a0c7716669|lpw_b2dd27e84f,lpw_a0c7716669|lpw_b2dd27e84f,lpw_a0c7716669|lpw_b2dd27e84f,2,2,2,2
2596,2598,26,4,false,"他刚才受惊了,",他|刚才|受|惊|了,7,5,lpw_8b7b91e000|lpw_b2dd27e84f,他|了,lpw_8b7b91e000|lpw_b2dd27e84f,lpw_8b7b91e000|lpw_b2dd27e84f,lpw_8b7b91e000|lpw_b2dd27e84f,2,2,2,2
2597,2599,26,4,false,可不是!,可不是,4,1,lpw_b30391caa1,可不是,,,,1,0,0,0
2598,2600,26,4,false,但他轻轻地笑了起来:,但|他|轻轻|地|笑了起来,10,5,lpw_1f863793c6|lpw_8b7b91e000|lpw_bdbd41e490,但|他|地,lpw_8b7b91e000|lpw_bdbd41e490,lpw_8b7b91e000|lpw_bdbd41e490,lpw_8b7b91e000|lpw_bdbd41e490,3,2,2,2
2599,2601,26,4,false,“今天晚上我要受更大的惊......”,今天|晚上|我要|受|更大|的|惊,19,7,lpw_a9b1124b34|lpw_30bc5c7b4c|lpw_8af2350cfd,晚上|我要|的,lpw_8af2350cfd,lpw_8af2350cfd,lpw_8af2350cfd,3,1,1,1
2600,2602,26,4,false,"一种无法补救的感觉,",一种|无法|补救|的|感觉,10,5,lpw_8af2350cfd,的,lpw_8af2350cfd,lpw_8af2350cfd,lpw_8af2350cfd,1,1,1,1
2601,2603,26,4,false,再一次使我凉到了心里。,再|一次|使|我|凉|到了|心里,11,7,lpw_22c95798a9|lpw_b70bb4acc0,使|我,lpw_b70bb4acc0,lpw_b70bb4acc0,lpw_b70bb4acc0,2,1,1,1
2602,2604,26,4,false,"想到从此就再也听不到他的笑声,",想到|从此|就|再也|听|不到|他|的|笑声,15,9,lpw_2f9d9872e5|lpw_1f2eb2608d|lpw_8b7b91e000|lpw_8af2350cfd,就|听|他|的,lpw_2f9d9872e5|lpw_8b7b91e000|lpw_8af2350cfd,lpw_2f9d9872e5|lpw_8b7b91e000|lpw_8af2350cfd,lpw_2f9d9872e5|lpw_8b7b91e000|lpw_8af2350cfd,4,3,3,3
2603,2605,26,4,false,我感到受不了。,我|感到|受不了,7,3,lpw_b70bb4acc0|lpw_15c2457566,我|感到,lpw_b70bb4acc0,lpw_b70bb4acc0,lpw_b70bb4acc0|lpw_15c2457566,2,1,1,2
2604,2606,26,4,false,"他的笑声对我来说,",他|的|笑声|对|我|来说,9,6,lpw_8b7b91e000|lpw_8af2350cfd|lpw_74570c7270|lpw_b70bb4acc0|lpw_a0cc5593ee,他|的|对|我|来说,lpw_8b7b91e000|lpw_8af2350cfd|lpw_74570c7270|lpw_b70bb4acc0,lpw_8b7b91e000|lpw_8af2350cfd|lpw_74570c7270|lpw_b70bb4acc0,lpw_8b7b91e000|lpw_8af2350cfd|lpw_74570c7270|lpw_b70bb4acc0|lpw_a0cc5593ee,5,4,4,5
2605,2607,26,4,false,就像沙漠中的清泉。,就像|沙漠|中的|清泉,9,4,lpw_3a1a30dbb2|lpw_4fbf406572,就像|沙漠,,,lpw_4fbf406572,2,0,0,1
2606,2608,26,4,false,"“小家伙,",小|家伙,5,2,lpw_6a7339bb75,小,,lpw_6a7339bb75,lpw_6a7339bb75,1,0,1,1
2607,2609,26,4,false,我还想听到你咯咯地笑......”,我|还想|听到|你|咯咯|地|笑,17,7,lpw_b70bb4acc0|lpw_a0c7716669|lpw_bdbd41e490|lpw_1d8fb5e34e,我|你|地|笑,lpw_b70bb4acc0|lpw_a0c7716669|lpw_bdbd41e490,lpw_b70bb4acc0|lpw_a0c7716669|lpw_bdbd41e490,lpw_b70bb4acc0|lpw_a0c7716669|lpw_bdbd41e490,4,3,3,3
2608,2610,26,4,false,可是他对我说:,可是|他|对|我|说,7,5,lpw_38ca4a9c76|lpw_8b7b91e000|lpw_74570c7270|lpw_b70bb4acc0|lpw_ccca744613,可是|他|对|我|说,lpw_8b7b91e000|lpw_74570c7270|lpw_b70bb4acc0|lpw_ccca744613,lpw_38ca4a9c76|lpw_8b7b91e000|lpw_74570c7270|lpw_b70bb4acc0|lpw_ccca744613,lpw_38ca4a9c76|lpw_8b7b91e000|lpw_74570c7270|lpw_b70bb4acc0|lpw_ccca744613,5,4,5,5
2609,2611,26,4,false,"“到今天夜里,",到|今天|夜里,7,3,lpw_b56f36b529|lpw_41f8d30e7f,到|夜里,,,,2,0,0,0
2610,2612,26,4,false,就是一年了。,就是|一年|了,6,3,lpw_88aa006eb3|lpw_b2dd27e84f,就是|了,lpw_b2dd27e84f,lpw_88aa006eb3|lpw_b2dd27e84f,lpw_88aa006eb3|lpw_b2dd27e84f,2,1,2,2
2611,2613,26,4,false,我的星星就在我去年降落的地方顶上......”,我|的|星星|就在|我|去年|降落|的|地方|顶|上,23,11,lpw_b70bb4acc0|lpw_8af2350cfd|lpw_6a9fec7faf|lpw_1462a7d853|lpw_db5ba671d2,我|的|星星|地方|上,lpw_b70bb4acc0|lpw_8af2350cfd|lpw_6a9fec7faf|lpw_db5ba671d2,lpw_b70bb4acc0|lpw_8af2350cfd|lpw_6a9fec7faf|lpw_db5ba671d2,lpw_b70bb4acc0|lpw_8af2350cfd|lpw_6a9fec7faf|lpw_1462a7d853|lpw_db5ba671d2,5,4,4,5
2612,2614,26,4,false,"“小家伙,蛇啊,",小|家伙|蛇|啊,8,4,lpw_6a7339bb75|lpw_e49587b1da|lpw_7c2c50fbaf,小|蛇|啊,,lpw_6a7339bb75,lpw_6a7339bb75,3,0,1,1
2613,2615,26,4,false,"相约啊,星星啊,",相约|啊|星星|啊,8,4,lpw_7c2c50fbaf|lpw_6a9fec7faf,啊|星星,lpw_6a9fec7faf,lpw_6a9fec7faf,lpw_6a9fec7faf,2,1,1,1
2614,2616,26,4,false,感情只是场恶梦吧......”,感情|只是|场|恶梦|吧,15,5,lpw_bad8b6c7ae,吧,,,lpw_bad8b6c7ae,1,0,0,1
2615,2617,26,4,false,可是他不回答我的问题。,可是|他不|回答|我|的|问题,11,6,lpw_38ca4a9c76|lpw_f3f5126487|lpw_b70bb4acc0|lpw_8af2350cfd|lpw_33a8618cb6,可是|回答|我|的|问题,lpw_b70bb4acc0|lpw_8af2350cfd,lpw_38ca4a9c76|lpw_f3f5126487|lpw_b70bb4acc0|lpw_8af2350cfd,lpw_38ca4a9c76|lpw_f3f5126487|lpw_b70bb4acc0|lpw_8af2350cfd,5,2,4,4
2616,2618,26,4,false,他对我说:,他|对|我|说,5,4,lpw_8b7b91e000|lpw_74570c7270|lpw_b70bb4acc0|lpw_ccca744613,他|对|我|说,lpw_8b7b91e000|lpw_74570c7270|lpw_b70bb4acc0|lpw_ccca744613,lpw_8b7b91e000|lpw_74570c7270|lpw_b70bb4acc0|lpw_ccca744613,lpw_8b7b91e000|lpw_74570c7270|lpw_b70bb4acc0|lpw_ccca744613,4,4,4,4
2617,2619,26,4,false,“重要的东西是看不见的......”,重要|的|东西|是|看不见|的,18,6,lpw_a8cd9642aa|lpw_8af2350cfd|lpw_b181350186|lpw_b5141d3d19|lpw_f92f065aad,重要|的|东西|是|看不见,lpw_8af2350cfd|lpw_b5141d3d19,lpw_8af2350cfd|lpw_b5141d3d19,lpw_8af2350cfd|lpw_b181350186|lpw_b5141d3d19,5,2,2,3
2618,2620,26,4,false,“可不是......”,可不是,11,1,lpw_b30391caa1,可不是,,,,1,0,0,0
2619,2621,26,4,false,“这就好比花儿一样。,这|就好|比|花儿|一样,10,5,lpw_d409ab2ab3|lpw_ab158a8483|lpw_059ab0f707|lpw_9dc5c0158d,这|比|花儿|一样,lpw_d409ab2ab3|lpw_059ab0f707,lpw_d409ab2ab3|lpw_059ab0f707,lpw_d409ab2ab3|lpw_059ab0f707|lpw_9dc5c0158d,4,2,2,3
2620,2622,26,4,false,"要是你喜欢一朵花儿,",要是|你|喜欢|一朵|花儿,10,5,lpw_467b2562ed|lpw_a0c7716669|lpw_653b04330b|lpw_aebd6fbbd2|lpw_059ab0f707,要是|你|喜欢|一朵|花儿,lpw_a0c7716669|lpw_059ab0f707,lpw_a0c7716669|lpw_059ab0f707,lpw_467b2562ed|lpw_a0c7716669|lpw_aebd6fbbd2|lpw_059ab0f707,5,2,2,4
2621,2623,26,4,false,"而她在一颗星星上,",而|她在|一颗|星星|上,9,5,lpw_08e2725ce1|lpw_9a18d5dc38|lpw_6a9fec7faf|lpw_db5ba671d2,而|一颗|星星|上,lpw_6a9fec7faf|lpw_db5ba671d2,lpw_6a9fec7faf|lpw_db5ba671d2,lpw_08e2725ce1|lpw_6a9fec7faf|lpw_db5ba671d2,4,2,2,3
2622,2624,26,4,false,"那你夜里看着天空,",那|你|夜里|看|着|天空,9,6,lpw_5a2362a202|lpw_a0c7716669|lpw_41f8d30e7f|lpw_61f43315f9|lpw_9e5bf0d2d9,那|你|夜里|看|着,lpw_5a2362a202|lpw_a0c7716669|lpw_9e5bf0d2d9,lpw_5a2362a202|lpw_a0c7716669|lpw_9e5bf0d2d9,lpw_5a2362a202|lpw_a0c7716669|lpw_61f43315f9|lpw_9e5bf0d2d9,5,3,3,4
2623,2625,26,4,false,就会觉得很美。,就|会|觉得|很美,7,4,lpw_2f9d9872e5|lpw_5ba1e3c0eb|lpw_78c82d9f41,就|会|觉得,lpw_2f9d9872e5|lpw_5ba1e3c0eb,lpw_2f9d9872e5|lpw_5ba1e3c0eb,lpw_2f9d9872e5|lpw_5ba1e3c0eb|lpw_78c82d9f41,3,2,2,3
2624,2626,26,4,false,所有的星星都像开满了花儿。”,所有|的|星星|都像|开|满了|花儿,14,7,lpw_ae99f297e9|lpw_8af2350cfd|lpw_6a9fec7faf|lpw_39eae64cfc|lpw_059ab0f707,所有|的|星星|开|花儿,lpw_8af2350cfd|lpw_6a9fec7faf|lpw_059ab0f707,lpw_8af2350cfd|lpw_6a9fec7faf|lpw_059ab0f707,lpw_8af2350cfd|lpw_6a9fec7faf|lpw_059ab0f707,5,3,3,3
2625,2627,26,4,false,“可不是......”,可不是,11,1,lpw_b30391caa1,可不是,,,,1,0,0,0
2626,2628,26,4,false,“这就好比水一样。,这|就好|比|水|一样,9,5,lpw_d409ab2ab3|lpw_ab158a8483|lpw_327b54d04f|lpw_9dc5c0158d,这|比|水|一样,lpw_d409ab2ab3,lpw_d409ab2ab3,lpw_d409ab2ab3|lpw_9dc5c0158d,4,1,1,2
2627,2629,26,4,false,"昨天你给我喝的水,",昨天|你|给|我|喝|的|水,9,7,lpw_a0c7716669|lpw_6e55fb9d8a|lpw_b70bb4acc0|lpw_8af2350cfd|lpw_327b54d04f,你|给|我|的|水,lpw_a0c7716669|lpw_6e55fb9d8a|lpw_b70bb4acc0|lpw_8af2350cfd,lpw_a0c7716669|lpw_6e55fb9d8a|lpw_b70bb4acc0|lpw_8af2350cfd,lpw_a0c7716669|lpw_6e55fb9d8a|lpw_b70bb4acc0|lpw_8af2350cfd,5,4,4,4
2628,2630,26,4,false,"有了那辘轳和吊绳,",有了|那|辘|轳|和|吊|绳,9,7,lpw_5a2362a202|lpw_3d7114281f,那|和,lpw_5a2362a202,lpw_5a2362a202|lpw_3d7114281f,lpw_5a2362a202|lpw_3d7114281f,2,1,2,2
2629,2631,26,4,false,就像一首乐曲......,就像|一首|乐曲,12,3,lpw_3a1a30dbb2,就像,,,,1,0,0,0
2630,2632,26,4,false,你还记得吧......,你|还|记得|吧,11,4,lpw_a0c7716669|lpw_1bc709b8bf|lpw_bad8b6c7ae,你|还|吧,lpw_a0c7716669,lpw_a0c7716669,lpw_a0c7716669|lpw_1bc709b8bf|lpw_bad8b6c7ae,3,1,1,3
2631,2633,26,4,false,那水真好喝。”,那|水|真好|喝,7,4,lpw_5a2362a202|lpw_327b54d04f,那|水,lpw_5a2362a202,lpw_5a2362a202,lpw_5a2362a202,2,1,1,1
2632,2634,26,4,false,“可不是......”,可不是,11,1,lpw_b30391caa1,可不是,,,,1,0,0,0
2633,2635,26,4,false,"“夜里,",夜里,4,1,lpw_41f8d30e7f,夜里,,,,1,0,0,0
2634,2636,26,4,false,你要抬头望着满天的星星。,你要|抬头|望|着|满|天|的|星星,12,8,lpw_642b100e13|lpw_260bd80462|lpw_9e5bf0d2d9|lpw_abc511ca95|lpw_49da61ceee|lpw_8af2350cfd|lpw_6a9fec7faf,你要|望|着|满|天|的|星星,lpw_9e5bf0d2d9|lpw_8af2350cfd|lpw_6a9fec7faf,lpw_9e5bf0d2d9|lpw_8af2350cfd|lpw_6a9fec7faf,lpw_9e5bf0d2d9|lpw_49da61ceee|lpw_8af2350cfd|lpw_6a9fec7faf,7,3,3,4
2635,2637,26,4,false,"我那颗实在太小了,",我|那颗|实在|太|小|了,9,6,lpw_b70bb4acc0|lpw_e7ace7adf2|lpw_6a7339bb75|lpw_b2dd27e84f,我|太|小|了,lpw_b70bb4acc0|lpw_b2dd27e84f,lpw_b70bb4acc0|lpw_6a7339bb75|lpw_b2dd27e84f,lpw_b70bb4acc0|lpw_e7ace7adf2|lpw_6a7339bb75|lpw_b2dd27e84f,4,2,3,4
2636,2638,26,4,false,我都没法指给你看它在哪儿。,我|都没|法|指|给|你|看|它|在|哪儿,13,10,lpw_b70bb4acc0|lpw_6e55fb9d8a|lpw_a0c7716669|lpw_61f43315f9|lpw_7e9260e925|lpw_12404a0b63|lpw_1ca2298198,我|给|你|看|它|在|哪儿,lpw_b70bb4acc0|lpw_6e55fb9d8a|lpw_a0c7716669|lpw_7e9260e925|lpw_12404a0b63,lpw_b70bb4acc0|lpw_6e55fb9d8a|lpw_a0c7716669|lpw_7e9260e925|lpw_12404a0b63,lpw_b70bb4acc0|lpw_6e55fb9d8a|lpw_a0c7716669|lpw_61f43315f9|lpw_7e9260e925|lpw_12404a0b63,7,5,5,6
2637,2639,26,4,false,这样倒也好。,这样|倒也|好,6,3,lpw_b7fc681861|lpw_f867f34178,这样|好,,lpw_b7fc681861|lpw_f867f34178,lpw_b7fc681861|lpw_f867f34178,2,0,2,2
2638,2640,26,4,false,"我的星星,",我|的|星星,5,3,lpw_b70bb4acc0|lpw_8af2350cfd|lpw_6a9fec7faf,我|的|星星,lpw_b70bb4acc0|lpw_8af2350cfd|lpw_6a9fec7faf,lpw_b70bb4acc0|lpw_8af2350cfd|lpw_6a9fec7faf,lpw_b70bb4acc0|lpw_8af2350cfd|lpw_6a9fec7faf,3,3,3,3
2639,2641,26,4,false,对你来说就是满天星星中的一颗。,对|你|来说|就是|满|天|星星|中的|一颗,15,9,lpw_74570c7270|lpw_a0c7716669|lpw_a0cc5593ee|lpw_88aa006eb3|lpw_abc511ca95|lpw_49da61ceee|lpw_6a9fec7faf|lpw_9a18d5dc38,对|你|来说|就是|满|天|星星|一颗,lpw_74570c7270|lpw_a0c7716669|lpw_6a9fec7faf,lpw_74570c7270|lpw_a0c7716669|lpw_88aa006eb3|lpw_6a9fec7faf,lpw_74570c7270|lpw_a0c7716669|lpw_a0cc5593ee|lpw_88aa006eb3|lpw_49da61ceee|lpw_6a9fec7faf,8,3,4,6
2640,2642,26,4,false,"所以,",所以,3,1,lpw_a2f7e42081,所以,,,,1,0,0,0
2641,2643,26,4,false,你会爱这满天的星星......,你会|爱|这|满|天|的|星星,15,7,lpw_8e80d04a82|lpw_bafe3b2ee7|lpw_d409ab2ab3|lpw_abc511ca95|lpw_49da61ceee|lpw_8af2350cfd|lpw_6a9fec7faf,你会|爱|这|满|天|的|星星,lpw_d409ab2ab3|lpw_8af2350cfd|lpw_6a9fec7faf,lpw_d409ab2ab3|lpw_8af2350cfd|lpw_6a9fec7faf,lpw_d409ab2ab3|lpw_49da61ceee|lpw_8af2350cfd|lpw_6a9fec7faf,7,3,3,4
2642,2644,26,4,false,所有的星星都会是你的朋友。,所有|的|星星|都会|是|你|的|朋友,13,8,lpw_ae99f297e9|lpw_8af2350cfd|lpw_6a9fec7faf|lpw_b5141d3d19|lpw_a0c7716669|lpw_677aad1a0e,所有|的|星星|是|你|朋友,lpw_8af2350cfd|lpw_6a9fec7faf|lpw_b5141d3d19|lpw_a0c7716669,lpw_8af2350cfd|lpw_6a9fec7faf|lpw_b5141d3d19|lpw_a0c7716669,lpw_8af2350cfd|lpw_6a9fec7faf|lpw_b5141d3d19|lpw_a0c7716669|lpw_677aad1a0e,6,4,4,5
2643,2645,26,4,false,我还要给你一件礼物......”,我还|要|给|你|一件|礼物,16,6,lpw_975f35218e|lpw_6e55fb9d8a|lpw_a0c7716669,要|给|你,lpw_6e55fb9d8a|lpw_a0c7716669,lpw_975f35218e|lpw_6e55fb9d8a|lpw_a0c7716669,lpw_975f35218e|lpw_6e55fb9d8a|lpw_a0c7716669,3,2,3,3
2644,2646,26,4,false,他又笑了起来。,他|又|笑了起来,7,3,lpw_8b7b91e000|lpw_e71ce5deab,他|又,lpw_8b7b91e000|lpw_e71ce5deab,lpw_8b7b91e000|lpw_e71ce5deab,lpw_8b7b91e000|lpw_e71ce5deab,2,2,2,2
2645,2647,26,4,false,"“呵!小家伙,",呵|小|家伙,7,3,lpw_6a7339bb75,小,,lpw_6a7339bb75,lpw_6a7339bb75,1,0,1,1
2646,2648,26,4,false,"小家伙,",小|家伙,4,2,lpw_6a7339bb75,小,,lpw_6a7339bb75,lpw_6a7339bb75,1,0,1,1
2647,2649,26,4,false,我喜欢听到这笑声!”,我|喜欢|听到|这|笑声,10,5,lpw_b70bb4acc0|lpw_653b04330b|lpw_d409ab2ab3,我|喜欢|这,lpw_b70bb4acc0|lpw_d409ab2ab3,lpw_b70bb4acc0|lpw_d409ab2ab3,lpw_b70bb4acc0|lpw_d409ab2ab3,3,2,2,2
2648,2650,26,4,false,“这正是我的礼物......,这|正是|我|的|礼物,14,5,lpw_d409ab2ab3|lpw_b70bb4acc0|lpw_8af2350cfd,这|我|的,lpw_d409ab2ab3|lpw_b70bb4acc0|lpw_8af2350cfd,lpw_d409ab2ab3|lpw_b70bb4acc0|lpw_8af2350cfd,lpw_d409ab2ab3|lpw_b70bb4acc0|lpw_8af2350cfd,3,3,3,3
2649,2651,26,4,false,就像那水......”,就像|那|水,11,3,lpw_3a1a30dbb2|lpw_5a2362a202|lpw_327b54d04f,就像|那|水,lpw_5a2362a202,lpw_5a2362a202,lpw_5a2362a202,3,1,1,1
2650,2652,26,4,false,“你想说什么?”,你想|说|什么,8,3,lpw_ccca744613|lpw_c1b52e0e64,说|什么,lpw_ccca744613|lpw_c1b52e0e64,lpw_ccca744613|lpw_c1b52e0e64,lpw_ccca744613|lpw_c1b52e0e64,2,2,2,2
2651,2653,26,4,false,"“人们眼里的星星,",人们|眼|里|的|星星,9,5,lpw_1ec687a275|lpw_79f43de6e3|lpw_8af2350cfd|lpw_6a9fec7faf,人们|里|的|星星,lpw_8af2350cfd|lpw_6a9fec7faf,lpw_79f43de6e3|lpw_8af2350cfd|lpw_6a9fec7faf,lpw_79f43de6e3|lpw_8af2350cfd|lpw_6a9fec7faf,4,2,3,3
2652,2654,26,4,false,并不是一样的。,并不|是|一样|的,7,4,lpw_5b693ea232|lpw_b5141d3d19|lpw_9dc5c0158d|lpw_8af2350cfd,并不|是|一样|的,lpw_b5141d3d19|lpw_8af2350cfd,lpw_b5141d3d19|lpw_8af2350cfd,lpw_b5141d3d19|lpw_9dc5c0158d|lpw_8af2350cfd,4,2,2,3
2653,2655,26,4,false,"对旅行的人来说,",对|旅行|的|人|来说,8,5,lpw_74570c7270|lpw_8af2350cfd|lpw_50f5d65d57|lpw_a0cc5593ee,对|的|人|来说,lpw_74570c7270|lpw_8af2350cfd|lpw_50f5d65d57,lpw_74570c7270|lpw_8af2350cfd|lpw_50f5d65d57,lpw_74570c7270|lpw_8af2350cfd|lpw_50f5d65d57|lpw_a0cc5593ee,4,3,3,4
2654,2656,26,4,false,星星是向导。,星星|是|向导,6,3,lpw_6a9fec7faf|lpw_b5141d3d19,星星|是,lpw_6a9fec7faf|lpw_b5141d3d19,lpw_6a9fec7faf|lpw_b5141d3d19,lpw_6a9fec7faf|lpw_b5141d3d19,2,2,2,2
2655,2657,26,4,false,"对有些人来说,",对|有些人|来说,7,3,lpw_74570c7270|lpw_a0cc5593ee,对|来说,lpw_74570c7270,lpw_74570c7270,lpw_74570c7270|lpw_a0cc5593ee,2,1,1,2
2656,2658,26,4,false,它们只不过是天空微弱的亮光。,它们|只不过是|天空|微弱|的|亮光,14,6,lpw_c40b3d2880|lpw_8af2350cfd,它们|的,lpw_8af2350cfd,lpw_c40b3d2880|lpw_8af2350cfd,lpw_c40b3d2880|lpw_8af2350cfd,2,1,2,2
2657,2659,26,4,false,"对另一些学者来说,",对|另|一些|学者|来说,9,5,lpw_74570c7270|lpw_a0cc5593ee,对|来说,lpw_74570c7270,lpw_74570c7270,lpw_74570c7270|lpw_a0cc5593ee,2,1,1,2
2658,2660,26,4,false,它们就是要探讨的问题。,它们|就是|要|探讨|的|问题,11,6,lpw_c40b3d2880|lpw_88aa006eb3|lpw_975f35218e|lpw_8af2350cfd|lpw_33a8618cb6,它们|就是|要|的|问题,lpw_8af2350cfd,lpw_c40b3d2880|lpw_88aa006eb3|lpw_975f35218e|lpw_8af2350cfd,lpw_c40b3d2880|lpw_88aa006eb3|lpw_975f35218e|lpw_8af2350cfd,5,1,4,4
2659,2661,26,4,false,"对我那个商人来说,",对|我|那个|商人|来说,9,5,lpw_74570c7270|lpw_b70bb4acc0|lpw_fa6e73c549|lpw_3f1784ce8b|lpw_a0cc5593ee,对|我|那个|商人|来说,lpw_74570c7270|lpw_b70bb4acc0,lpw_74570c7270|lpw_b70bb4acc0,lpw_74570c7270|lpw_b70bb4acc0|lpw_a0cc5593ee,5,2,2,3
2660,2662,26,4,false,它们就是金子。,它们|就是|金子,7,3,lpw_c40b3d2880|lpw_88aa006eb3,它们|就是,,lpw_c40b3d2880|lpw_88aa006eb3,lpw_c40b3d2880|lpw_88aa006eb3,2,0,2,2
2661,2663,26,4,false,但是所有这些星星都是静默的。,但是|所有|这些|星星|都是|静默|的,14,7,lpw_8cb1f721c8|lpw_ae99f297e9|lpw_7a590a22cd|lpw_6a9fec7faf|lpw_ef4e15ff45|lpw_8af2350cfd,但是|所有|这些|星星|都是|的,lpw_6a9fec7faf|lpw_8af2350cfd,lpw_6a9fec7faf|lpw_8af2350cfd,lpw_7a590a22cd|lpw_6a9fec7faf|lpw_8af2350cfd,6,2,2,3
2662,2664,26,4,false,"而你,",而|你,3,2,lpw_08e2725ce1|lpw_a0c7716669,而|你,lpw_a0c7716669,lpw_a0c7716669,lpw_08e2725ce1|lpw_a0c7716669,2,1,1,2
2663,2665,26,4,false,你的那些星星是谁也不曾见过的......”,你|的|那些|星星|是|谁|也不|曾|见过|的,21,10,lpw_a0c7716669|lpw_8af2350cfd|lpw_abd258db99|lpw_6a9fec7faf|lpw_b5141d3d19|lpw_056b9c6262|lpw_941252022a,你|的|那些|星星|是|谁|也不,lpw_a0c7716669|lpw_8af2350cfd|lpw_6a9fec7faf|lpw_b5141d3d19,lpw_a0c7716669|lpw_8af2350cfd|lpw_6a9fec7faf|lpw_b5141d3d19,lpw_a0c7716669|lpw_8af2350cfd|lpw_abd258db99|lpw_6a9fec7faf|lpw_b5141d3d19,7,4,4,5
2664,2666,26,4,false,“你想说什么呢?”,你想|说|什么|呢,9,4,lpw_ccca744613|lpw_c1b52e0e64|lpw_02811cec0b,说|什么|呢,lpw_ccca744613|lpw_c1b52e0e64|lpw_02811cec0b,lpw_ccca744613|lpw_c1b52e0e64|lpw_02811cec0b,lpw_ccca744613|lpw_c1b52e0e64|lpw_02811cec0b,3,3,3,3
2665,2667,26,4,false,"“当你在夜里望着天空时,",当|你在|夜里|望|着|天空|时,12,7,lpw_142d843e71|lpw_41f8d30e7f|lpw_260bd80462|lpw_9e5bf0d2d9|lpw_7d58b6422c,当|夜里|望|着|时,lpw_9e5bf0d2d9,lpw_9e5bf0d2d9,lpw_9e5bf0d2d9,5,1,1,1
2666,2668,26,4,false,"既然我就在其中的一颗星星上面,",既然|我|就在|其中|的|一颗|星星|上面,15,8,lpw_b70bb4acc0|lpw_8af2350cfd|lpw_9a18d5dc38|lpw_6a9fec7faf,我|的|一颗|星星,lpw_b70bb4acc0|lpw_8af2350cfd|lpw_6a9fec7faf,lpw_b70bb4acc0|lpw_8af2350cfd|lpw_6a9fec7faf,lpw_b70bb4acc0|lpw_8af2350cfd|lpw_6a9fec7faf,4,3,3,3
2667,2669,26,4,false,"既然我在其中一颗星星上笑着,",既然|我在|其中|一颗|星星|上|笑|着,14,8,lpw_33f40475f8|lpw_9a18d5dc38|lpw_6a9fec7faf|lpw_db5ba671d2|lpw_1d8fb5e34e|lpw_9e5bf0d2d9,我在|一颗|星星|上|笑|着,lpw_6a9fec7faf|lpw_db5ba671d2|lpw_9e5bf0d2d9,lpw_6a9fec7faf|lpw_db5ba671d2|lpw_9e5bf0d2d9,lpw_6a9fec7faf|lpw_db5ba671d2|lpw_9e5bf0d2d9,6,3,3,3
2668,2670,26,4,false,"那么对你来说,",那么|对|你|来说,7,4,lpw_a61f02e145|lpw_74570c7270|lpw_a0c7716669|lpw_a0cc5593ee,那么|对|你|来说,lpw_74570c7270|lpw_a0c7716669,lpw_74570c7270|lpw_a0c7716669,lpw_a61f02e145|lpw_74570c7270|lpw_a0c7716669|lpw_a0cc5593ee,4,2,2,4
2669,2671,26,4,false,就好像满天的星星都在笑。,就|好像|满|天|的|星星|都在|笑,12,8,lpw_2f9d9872e5|lpw_abc511ca95|lpw_49da61ceee|lpw_8af2350cfd|lpw_6a9fec7faf|lpw_1d8fb5e34e,就|满|天|的|星星|笑,lpw_2f9d9872e5|lpw_8af2350cfd|lpw_6a9fec7faf,lpw_2f9d9872e5|lpw_8af2350cfd|lpw_6a9fec7faf,lpw_2f9d9872e5|lpw_49da61ceee|lpw_8af2350cfd|lpw_6a9fec7faf,6,3,3,4
2670,2672,26,4,false,"只有你一个人,",只有|你|一个|人,7,4,lpw_ba8bd7c8c9|lpw_a0c7716669|lpw_e1dbc1c99f|lpw_50f5d65d57,只有|你|一个|人,lpw_a0c7716669|lpw_e1dbc1c99f|lpw_50f5d65d57,lpw_a0c7716669|lpw_e1dbc1c99f|lpw_50f5d65d57,lpw_a0c7716669|lpw_e1dbc1c99f|lpw_50f5d65d57,4,3,3,3
2671,2673,26,4,false,看见的是会笑的星星!”,看见|的是|会|笑|的|星星,11,6,lpw_7205426737|lpw_5e1dc2a833|lpw_5ba1e3c0eb|lpw_1d8fb5e34e|lpw_8af2350cfd|lpw_6a9fec7faf,看见|的是|会|笑|的|星星,lpw_5ba1e3c0eb|lpw_8af2350cfd|lpw_6a9fec7faf,lpw_5ba1e3c0eb|lpw_8af2350cfd|lpw_6a9fec7faf,lpw_7205426737|lpw_5ba1e3c0eb|lpw_8af2350cfd|lpw_6a9fec7faf,6,3,3,4
2672,2674,26,4,false,说着他又笑了。,说|着|他|又|笑了,7,5,lpw_ccca744613|lpw_9e5bf0d2d9|lpw_8b7b91e000|lpw_e71ce5deab,说|着|他|又,lpw_ccca744613|lpw_9e5bf0d2d9|lpw_8b7b91e000|lpw_e71ce5deab,lpw_ccca744613|lpw_9e5bf0d2d9|lpw_8b7b91e000|lpw_e71ce5deab,lpw_ccca744613|lpw_9e5bf0d2d9|lpw_8b7b91e000|lpw_e71ce5deab,4,4,4,4
2673,2675,26,4,false,“当你感到心情平静以后(,当|你|感到|心情|平静|以后,12,6,lpw_142d843e71|lpw_a0c7716669|lpw_15c2457566|lpw_e6ad7a1dbc,当|你|感到|以后,lpw_a0c7716669,lpw_a0c7716669,lpw_a0c7716669|lpw_15c2457566,4,1,1,2
2674,2676,26,4,false,"每个人总会让自己的心情平静下来),",每个人|总会|让|自己|的|心情|平静|下来,17,8,lpw_ad37574404|lpw_fb43354d2a|lpw_8af2350cfd,让|自己|的,lpw_ad37574404|lpw_8af2350cfd,lpw_ad37574404|lpw_fb43354d2a|lpw_8af2350cfd,lpw_ad37574404|lpw_fb43354d2a|lpw_8af2350cfd,3,2,3,3
2675,2677,26,4,false,你会因为认识了我而感到高兴。,你会|因为|认识|了|我|而|感到|高兴,14,8,lpw_8e80d04a82|lpw_795cfc96d4|lpw_b2dd27e84f|lpw_b70bb4acc0|lpw_08e2725ce1|lpw_15c2457566,你会|因为|了|我|而|感到,lpw_b2dd27e84f|lpw_b70bb4acc0,lpw_795cfc96d4|lpw_b2dd27e84f|lpw_b70bb4acc0,lpw_795cfc96d4|lpw_b2dd27e84f|lpw_b70bb4acc0|lpw_08e2725ce1|lpw_15c2457566,6,2,3,5
2676,2678,26,4,false,你会永远是我的朋友。,你会|永远是|我|的|朋友,10,5,lpw_8e80d04a82|lpw_b70bb4acc0|lpw_8af2350cfd|lpw_677aad1a0e,你会|我|的|朋友,lpw_b70bb4acc0|lpw_8af2350cfd,lpw_b70bb4acc0|lpw_8af2350cfd,lpw_b70bb4acc0|lpw_8af2350cfd|lpw_677aad1a0e,4,2,2,3
2677,2679,26,4,false,你会想要跟我一起笑。,你会|想要|跟|我|一起|笑,10,6,lpw_8e80d04a82|lpw_383a53d95c|lpw_b70bb4acc0|lpw_1d8fb5e34e,你会|跟|我|笑,lpw_b70bb4acc0,lpw_b70bb4acc0,lpw_383a53d95c|lpw_b70bb4acc0,4,1,1,2
2678,2680,26,4,false,"有时候,",有|时候,4,2,lpw_90ce0f66f0|lpw_5484678be4,有|时候,lpw_90ce0f66f0,lpw_90ce0f66f0,lpw_90ce0f66f0,2,1,1,1
2679,2681,26,4,false,"你会心念一动,",你会|心念|一|动,7,4,lpw_8e80d04a82|lpw_51a75f4634,你会|一,,lpw_51a75f4634,lpw_51a75f4634,2,0,1,1
2680,2682,26,4,false,就打开窗子......,就|打开|窗子,11,3,lpw_2f9d9872e5,就,lpw_2f9d9872e5,lpw_2f9d9872e5,lpw_2f9d9872e5,1,1,1,1
2681,2683,26,4,false,"你的朋友会惊奇地看到,",你|的|朋友|会|惊奇|地|看到,11,7,lpw_a0c7716669|lpw_8af2350cfd|lpw_677aad1a0e|lpw_5ba1e3c0eb|lpw_bdbd41e490|lpw_e9c1d16595,你|的|朋友|会|地|看到,lpw_a0c7716669|lpw_8af2350cfd|lpw_5ba1e3c0eb|lpw_bdbd41e490,lpw_a0c7716669|lpw_8af2350cfd|lpw_5ba1e3c0eb|lpw_bdbd41e490,lpw_a0c7716669|lpw_8af2350cfd|lpw_677aad1a0e|lpw_5ba1e3c0eb|lpw_bdbd41e490,6,4,4,5
2682,2684,26,4,false,你望着天空在笑。,你|望|着|天空|在|笑,8,6,lpw_a0c7716669|lpw_260bd80462|lpw_9e5bf0d2d9|lpw_12404a0b63|lpw_1d8fb5e34e,你|望|着|在|笑,lpw_a0c7716669|lpw_9e5bf0d2d9|lpw_12404a0b63,lpw_a0c7716669|lpw_9e5bf0d2d9|lpw_12404a0b63,lpw_a0c7716669|lpw_9e5bf0d2d9|lpw_12404a0b63,5,3,3,3
2683,2685,26,4,false,于是你会对他们说:,于是|你会|对|他们|说,9,5,lpw_3617c85a66|lpw_8e80d04a82|lpw_74570c7270|lpw_10518f8f0a|lpw_ccca744613,于是|你会|对|他们|说,lpw_74570c7270|lpw_10518f8f0a|lpw_ccca744613,lpw_74570c7270|lpw_10518f8f0a|lpw_ccca744613,lpw_74570c7270|lpw_10518f8f0a|lpw_ccca744613,5,3,3,3
2684,2686,26,4,false,"‘是的,",是|的,4,2,lpw_b5141d3d19|lpw_8af2350cfd,是|的,lpw_b5141d3d19|lpw_8af2350cfd,lpw_b5141d3d19|lpw_8af2350cfd,lpw_b5141d3d19|lpw_8af2350cfd,2,2,2,2
2685,2687,26,4,false,我看见这些星星就会笑!,我|看见|这些|星星|就|会|笑,11,7,lpw_b70bb4acc0|lpw_7205426737|lpw_7a590a22cd|lpw_6a9fec7faf|lpw_2f9d9872e5|lpw_5ba1e3c0eb|lpw_1d8fb5e34e,我|看见|这些|星星|就|会|笑,lpw_b70bb4acc0|lpw_6a9fec7faf|lpw_2f9d9872e5|lpw_5ba1e3c0eb,lpw_b70bb4acc0|lpw_6a9fec7faf|lpw_2f9d9872e5|lpw_5ba1e3c0eb,lpw_b70bb4acc0|lpw_7205426737|lpw_7a590a22cd|lpw_6a9fec7faf|lpw_2f9d9872e5|lpw_5ba1e3c0eb,7,4,4,6
2686,2688,26,4,false,’他们会以为你疯了。,他们|会|以为|你|疯了,10,5,lpw_10518f8f0a|lpw_5ba1e3c0eb|lpw_a0c7716669,他们|会|你,lpw_10518f8f0a|lpw_5ba1e3c0eb|lpw_a0c7716669,lpw_10518f8f0a|lpw_5ba1e3c0eb|lpw_a0c7716669,lpw_10518f8f0a|lpw_5ba1e3c0eb|lpw_a0c7716669,3,3,3,3
2687,2689,26,4,false,我给你闹了个恶作剧......”,我|给|你|闹|了|个|恶作剧,16,7,lpw_b70bb4acc0|lpw_6e55fb9d8a|lpw_a0c7716669|lpw_b2dd27e84f|lpw_3a116815bc,我|给|你|了|个,lpw_b70bb4acc0|lpw_6e55fb9d8a|lpw_a0c7716669|lpw_b2dd27e84f,lpw_b70bb4acc0|lpw_6e55fb9d8a|lpw_a0c7716669|lpw_b2dd27e84f|lpw_3a116815bc,lpw_b70bb4acc0|lpw_6e55fb9d8a|lpw_a0c7716669|lpw_b2dd27e84f|lpw_3a116815bc,5,4,5,5
2688,2690,26,4,false,说着他又笑了。,说|着|他|又|笑了,7,5,lpw_ccca744613|lpw_9e5bf0d2d9|lpw_8b7b91e000|lpw_e71ce5deab,说|着|他|又,lpw_ccca744613|lpw_9e5bf0d2d9|lpw_8b7b91e000|lpw_e71ce5deab,lpw_ccca744613|lpw_9e5bf0d2d9|lpw_8b7b91e000|lpw_e71ce5deab,lpw_ccca744613|lpw_9e5bf0d2d9|lpw_8b7b91e000|lpw_e71ce5deab,4,4,4,4
2689,2691,26,4,false,"“这样一来,",这样|一|来,6,3,lpw_b7fc681861|lpw_51a75f4634|lpw_6d8229118c,这样|一|来,lpw_6d8229118c,lpw_b7fc681861|lpw_51a75f4634|lpw_6d8229118c,lpw_b7fc681861|lpw_51a75f4634|lpw_6d8229118c,3,1,3,3
2690,2692,26,4,false,"我给你的仿佛不是星星,",我|给|你|的|仿佛|不是|星星,11,7,lpw_b70bb4acc0|lpw_6e55fb9d8a|lpw_a0c7716669|lpw_8af2350cfd|lpw_584cd0fcf3|lpw_6a9fec7faf,我|给|你|的|不是|星星,lpw_b70bb4acc0|lpw_6e55fb9d8a|lpw_a0c7716669|lpw_8af2350cfd|lpw_6a9fec7faf,lpw_b70bb4acc0|lpw_6e55fb9d8a|lpw_a0c7716669|lpw_8af2350cfd|lpw_6a9fec7faf,lpw_b70bb4acc0|lpw_6e55fb9d8a|lpw_a0c7716669|lpw_8af2350cfd|lpw_6a9fec7faf,6,5,5,5
2691,2693,26,4,false,而是些会笑的小铃铛......”,而是|些|会|笑|的|小|铃铛,16,7,lpw_af76fed85c|lpw_5ba1e3c0eb|lpw_1d8fb5e34e|lpw_8af2350cfd|lpw_6a7339bb75,些|会|笑|的|小,lpw_5ba1e3c0eb|lpw_8af2350cfd,lpw_5ba1e3c0eb|lpw_8af2350cfd|lpw_6a7339bb75,lpw_5ba1e3c0eb|lpw_8af2350cfd|lpw_6a7339bb75,5,2,3,3
2692,2694,26,4,false,说着他又笑了。,说|着|他|又|笑了,7,5,lpw_ccca744613|lpw_9e5bf0d2d9|lpw_8b7b91e000|lpw_e71ce5deab,说|着|他|又,lpw_ccca744613|lpw_9e5bf0d2d9|lpw_8b7b91e000|lpw_e71ce5deab,lpw_ccca744613|lpw_9e5bf0d2d9|lpw_8b7b91e000|lpw_e71ce5deab,lpw_ccca744613|lpw_9e5bf0d2d9|lpw_8b7b91e000|lpw_e71ce5deab,4,4,4,4
2693,2695,26,4,false,随后他变得很严肃:,随后|他|变得|很|严肃,9,5,lpw_8b7b91e000|lpw_23e89ba0a1|lpw_f2b91797ea,他|变得|很,lpw_8b7b91e000|lpw_f2b91797ea,lpw_8b7b91e000|lpw_f2b91797ea,lpw_8b7b91e000|lpw_f2b91797ea,3,2,2,2
2694,2696,26,4,false,“今天夜里......,今天|夜里,11,2,lpw_41f8d30e7f,夜里,,,,1,0,0,0
2695,2697,26,4,false,你知道......你不要来。”,你|知道|你|不要|来,15,5,lpw_a0c7716669|lpw_d7b6472b11|lpw_6d8229118c,你|知道|来,lpw_a0c7716669|lpw_6d8229118c,lpw_a0c7716669|lpw_d7b6472b11|lpw_6d8229118c,lpw_a0c7716669|lpw_d7b6472b11|lpw_6d8229118c,3,2,3,3
2696,2698,26,4,false,“我决不离开你。”,我|决不|离开|你,9,4,lpw_b70bb4acc0|lpw_a0c7716669,我|你,lpw_b70bb4acc0|lpw_a0c7716669,lpw_b70bb4acc0|lpw_a0c7716669,lpw_b70bb4acc0|lpw_a0c7716669,2,2,2,2
2697,2699,26,4,false,“我看上去会很痛苦......,我|看上去|会|很|痛苦,15,5,lpw_b70bb4acc0|lpw_5ba1e3c0eb|lpw_f2b91797ea,我|会|很,lpw_b70bb4acc0|lpw_5ba1e3c0eb|lpw_f2b91797ea,lpw_b70bb4acc0|lpw_5ba1e3c0eb|lpw_f2b91797ea,lpw_b70bb4acc0|lpw_5ba1e3c0eb|lpw_f2b91797ea,3,3,3,3
2698,2700,26,4,false,会有点像死去的样子。,会|有点|像|死去|的|样子,10,6,lpw_5ba1e3c0eb|lpw_29506aa712|lpw_cf8cedd58b|lpw_8af2350cfd,会|有点|像|的,lpw_5ba1e3c0eb|lpw_8af2350cfd,lpw_5ba1e3c0eb|lpw_8af2350cfd,lpw_5ba1e3c0eb|lpw_29506aa712|lpw_cf8cedd58b|lpw_8af2350cfd,4,2,2,4
2699,2701,26,4,false,就是这么回事。,就是|这么|回|事,7,4,lpw_88aa006eb3|lpw_7677ca84c6|lpw_1d9ed56951,就是|这么|事,,lpw_88aa006eb3|lpw_1d9ed56951,lpw_88aa006eb3|lpw_7677ca84c6|lpw_1d9ed56951,3,0,2,3
2700,2702,26,4,false,"你还是别看见的好,",你|还是|别|看见|的|好,9,6,lpw_a0c7716669|lpw_dfaa7d6f73|lpw_7205426737|lpw_8af2350cfd|lpw_f867f34178,你|还是|看见|的|好,lpw_a0c7716669|lpw_8af2350cfd,lpw_a0c7716669|lpw_8af2350cfd|lpw_f867f34178,lpw_a0c7716669|lpw_7205426737|lpw_8af2350cfd|lpw_f867f34178,5,2,3,4
2701,2703,26,4,false,没这必要。”,没|这|必要,6,3,lpw_279e8b3573|lpw_d409ab2ab3,没|这,lpw_d409ab2ab3,lpw_279e8b3573|lpw_d409ab2ab3,lpw_279e8b3573|lpw_d409ab2ab3,2,1,2,2
2702,2704,26,4,false,“我决不离开你。”,我|决不|离开|你,9,4,lpw_b70bb4acc0|lpw_a0c7716669,我|你,lpw_b70bb4acc0|lpw_a0c7716669,lpw_b70bb4acc0|lpw_a0c7716669,lpw_b70bb4acc0|lpw_a0c7716669,2,2,2,2
2703,2705,26,4,false,可是他担心起来。,可是|他|担心|起来,8,4,lpw_38ca4a9c76|lpw_8b7b91e000|lpw_b8a694b2df,可是|他|起来,lpw_8b7b91e000,lpw_38ca4a9c76|lpw_8b7b91e000,lpw_38ca4a9c76|lpw_8b7b91e000|lpw_b8a694b2df,3,1,2,3
2704,2706,26,4,false,“我这么说......,我|这么|说,11,3,lpw_b70bb4acc0|lpw_7677ca84c6|lpw_ccca744613,我|这么|说,lpw_b70bb4acc0|lpw_ccca744613,lpw_b70bb4acc0|lpw_ccca744613,lpw_b70bb4acc0|lpw_7677ca84c6|lpw_ccca744613,3,2,2,3
2705,2707,26,4,false,也是因为蛇的缘故。,也是|因为|蛇|的|缘故,9,5,lpw_256c0476ed|lpw_795cfc96d4|lpw_e49587b1da|lpw_8af2350cfd,也是|因为|蛇|的,lpw_8af2350cfd,lpw_795cfc96d4|lpw_8af2350cfd,lpw_795cfc96d4|lpw_8af2350cfd,4,1,2,2
2706,2708,26,4,false,你可别让它咬着了......,你|可别|让|它|咬|着|了,14,7,lpw_a0c7716669|lpw_ad37574404|lpw_7e9260e925|lpw_9e5bf0d2d9|lpw_b2dd27e84f,你|让|它|着|了,lpw_a0c7716669|lpw_ad37574404|lpw_7e9260e925|lpw_9e5bf0d2d9|lpw_b2dd27e84f,lpw_a0c7716669|lpw_ad37574404|lpw_7e9260e925|lpw_9e5bf0d2d9|lpw_b2dd27e84f,lpw_a0c7716669|lpw_ad37574404|lpw_7e9260e925|lpw_9e5bf0d2d9|lpw_b2dd27e84f,5,5,5,5
2707,2709,26,4,false,"蛇,都是很坏的。",蛇|都是|很|坏|的,8,5,lpw_e49587b1da|lpw_ef4e15ff45|lpw_f2b91797ea|lpw_8af2350cfd,蛇|都是|很|的,lpw_f2b91797ea|lpw_8af2350cfd,lpw_f2b91797ea|lpw_8af2350cfd,lpw_f2b91797ea|lpw_8af2350cfd,4,2,2,2
2708,2710,26,4,false,它们无缘无故也会咬人......”,它们|无缘|无故|也|会|咬人,17,6,lpw_c40b3d2880|lpw_658605835b|lpw_5ba1e3c0eb,它们|也|会,lpw_5ba1e3c0eb,lpw_c40b3d2880|lpw_658605835b|lpw_5ba1e3c0eb,lpw_c40b3d2880|lpw_658605835b|lpw_5ba1e3c0eb,3,1,3,3
2709,2711,26,4,false,“我决不离开你。”,我|决不|离开|你,9,4,lpw_b70bb4acc0|lpw_a0c7716669,我|你,lpw_b70bb4acc0|lpw_a0c7716669,lpw_b70bb4acc0|lpw_a0c7716669,lpw_b70bb4acc0|lpw_a0c7716669,2,2,2,2
2710,2712,26,4,false,"不过,",不过,3,1,lpw_72113362c6,不过,,,lpw_72113362c6,1,0,0,1
2711,2713,26,4,false,"他想到了什么,",他想|到了|什么,7,3,lpw_c1b52e0e64,什么,lpw_c1b52e0e64,lpw_c1b52e0e64,lpw_c1b52e0e64,1,1,1,1
2712,2714,26,4,false,又觉得放心了:,又|觉得|放心|了,7,4,lpw_e71ce5deab|lpw_78c82d9f41|lpw_b2dd27e84f,又|觉得|了,lpw_e71ce5deab|lpw_b2dd27e84f,lpw_e71ce5deab|lpw_b2dd27e84f,lpw_e71ce5deab|lpw_78c82d9f41|lpw_b2dd27e84f,3,2,2,3
2713,2715,26,4,false,"“可也是,",可|也是,5,2,lpw_8b9cefa38e|lpw_256c0476ed,可|也是,,lpw_8b9cefa38e,lpw_8b9cefa38e,2,0,1,1
2714,2716,26,4,false,"它们咬第二口时,",它们|咬|第二|口|时,8,5,lpw_c40b3d2880|lpw_7d58b6422c,它们|时,,lpw_c40b3d2880,lpw_c40b3d2880,2,0,1,1
2715,2717,26,4,false,已经没有毒液了......”,已经|没有|毒液|了,14,4,lpw_8ee12e2310|lpw_f127804b92|lpw_b2dd27e84f,已经|没有|了,lpw_b2dd27e84f,lpw_f127804b92|lpw_b2dd27e84f,lpw_f127804b92|lpw_b2dd27e84f,3,1,2,2
2716,2718,26,4,false,"当天夜里,",当天|夜里,5,2,lpw_41f8d30e7f,夜里,,,,1,0,0,0
2717,2719,26,4,false,我没看见他起程。,我没|看见|他|起程,8,4,lpw_6af7322be2|lpw_7205426737|lpw_8b7b91e000,我没|看见|他,lpw_8b7b91e000,lpw_8b7b91e000,lpw_7205426737|lpw_8b7b91e000,3,1,1,2
2718,2720,26,4,false,他悄没声儿地走了。,他|悄|没|声|儿|地|走了,9,7,lpw_8b7b91e000|lpw_279e8b3573|lpw_693e132f27|lpw_1ed5efc3dc|lpw_bdbd41e490|lpw_25eba59465,他|没|声|儿|地|走了,lpw_8b7b91e000|lpw_bdbd41e490,lpw_8b7b91e000|lpw_279e8b3573|lpw_bdbd41e490,lpw_8b7b91e000|lpw_279e8b3573|lpw_693e132f27|lpw_bdbd41e490,6,2,3,4
2719,2721,26,4,false,"我好不容易赶上他时,",我|好不容易|赶上|他|时,10,5,lpw_b70bb4acc0|lpw_8b7b91e000|lpw_7d58b6422c,我|他|时,lpw_b70bb4acc0|lpw_8b7b91e000,lpw_b70bb4acc0|lpw_8b7b91e000,lpw_b70bb4acc0|lpw_8b7b91e000,3,2,2,2
2720,2722,26,4,false,他仍然执著地快步往前走。,他|仍然|执|著|地|快步|往前走,12,7,lpw_8b7b91e000|lpw_bdbd41e490,他|地,lpw_8b7b91e000|lpw_bdbd41e490,lpw_8b7b91e000|lpw_bdbd41e490,lpw_8b7b91e000|lpw_bdbd41e490,2,2,2,2
2721,2723,26,4,false,他只是对我说:,他|只是|对|我|说,7,5,lpw_8b7b91e000|lpw_74570c7270|lpw_b70bb4acc0|lpw_ccca744613,他|对|我|说,lpw_8b7b91e000|lpw_74570c7270|lpw_b70bb4acc0|lpw_ccca744613,lpw_8b7b91e000|lpw_74570c7270|lpw_b70bb4acc0|lpw_ccca744613,lpw_8b7b91e000|lpw_74570c7270|lpw_b70bb4acc0|lpw_ccca744613,4,4,4,4
2722,2724,26,4,false,“啊!你来了......”,啊|你来|了,13,3,lpw_7c2c50fbaf|lpw_b2dd27e84f,啊|了,lpw_b2dd27e84f,lpw_b2dd27e84f,lpw_b2dd27e84f,2,1,1,1
2723,2725,26,4,false,说完他就拉住我的手。,说|完|他|就|拉住|我|的|手,10,8,lpw_ccca744613|lpw_8b7b91e000|lpw_2f9d9872e5|lpw_b70bb4acc0|lpw_8af2350cfd,说|他|就|我|的,lpw_ccca744613|lpw_8b7b91e000|lpw_2f9d9872e5|lpw_b70bb4acc0|lpw_8af2350cfd,lpw_ccca744613|lpw_8b7b91e000|lpw_2f9d9872e5|lpw_b70bb4acc0|lpw_8af2350cfd,lpw_ccca744613|lpw_8b7b91e000|lpw_2f9d9872e5|lpw_b70bb4acc0|lpw_8af2350cfd,5,5,5,5
2724,2726,26,4,false,可是他又感到不安起来:,可是|他|又|感到|不安|起来,11,6,lpw_38ca4a9c76|lpw_8b7b91e000|lpw_e71ce5deab|lpw_15c2457566|lpw_b8a694b2df,可是|他|又|感到|起来,lpw_8b7b91e000|lpw_e71ce5deab,lpw_38ca4a9c76|lpw_8b7b91e000|lpw_e71ce5deab,lpw_38ca4a9c76|lpw_8b7b91e000|lpw_e71ce5deab|lpw_15c2457566|lpw_b8a694b2df,5,2,3,5
2725,2727,26,4,false,“你不该来的。,你|不该|来|的,7,4,lpw_a0c7716669|lpw_6d8229118c|lpw_8af2350cfd,你|来|的,lpw_a0c7716669|lpw_6d8229118c|lpw_8af2350cfd,lpw_a0c7716669|lpw_6d8229118c|lpw_8af2350cfd,lpw_a0c7716669|lpw_6d8229118c|lpw_8af2350cfd,3,3,3,3
2726,2728,26,4,false,你会难过的。,你会|难过|的,6,3,lpw_8e80d04a82|lpw_8af2350cfd,你会|的,lpw_8af2350cfd,lpw_8af2350cfd,lpw_8af2350cfd,2,1,1,1
2727,2729,26,4,false,"我看上去会像死去一样,",我|看上去|会|像|死去|一样,11,6,lpw_b70bb4acc0|lpw_5ba1e3c0eb|lpw_cf8cedd58b|lpw_9dc5c0158d,我|会|像|一样,lpw_b70bb4acc0|lpw_5ba1e3c0eb,lpw_b70bb4acc0|lpw_5ba1e3c0eb,lpw_b70bb4acc0|lpw_5ba1e3c0eb|lpw_cf8cedd58b|lpw_9dc5c0158d,4,2,2,4
2728,2730,26,4,false,可那不是真的......”,可那|不是|真的,13,3,lpw_584cd0fcf3,不是,,,,1,0,0,0
2729,2731,26,4,false,我不作声。,我不|作|声,5,3,lpw_3e63e3d08e|lpw_7ff9df9923|lpw_693e132f27,我不|作|声,,,lpw_693e132f27,3,0,0,1
2730,2732,26,4,false,“你是明白的。,你是|明白|的,7,3,lpw_8e37cd5f7f|lpw_8af2350cfd,明白|的,lpw_8af2350cfd,lpw_8af2350cfd,lpw_8af2350cfd,2,1,1,1
2731,2733,26,4,false,路太远了。,路|太|远|了,5,4,lpw_e7ace7adf2|lpw_057c8f7842|lpw_b2dd27e84f,太|远|了,lpw_b2dd27e84f,lpw_b2dd27e84f,lpw_e7ace7adf2|lpw_b2dd27e84f,3,1,1,2
2732,2734,26,4,false,我没法带走这副躯壳。,我|没法|带走|这|副|躯壳,10,6,lpw_b70bb4acc0|lpw_d409ab2ab3,我|这,lpw_b70bb4acc0|lpw_d409ab2ab3,lpw_b70bb4acc0|lpw_d409ab2ab3,lpw_b70bb4acc0|lpw_d409ab2ab3,2,2,2,2
2733,2735,26,4,false,它太沉了。”,它|太|沉|了,6,4,lpw_7e9260e925|lpw_e7ace7adf2|lpw_b2dd27e84f,它|太|了,lpw_7e9260e925|lpw_b2dd27e84f,lpw_7e9260e925|lpw_b2dd27e84f,lpw_7e9260e925|lpw_e7ace7adf2|lpw_b2dd27e84f,3,2,2,3
2734,2736,26,4,false,我不作声。,我不|作|声,5,3,lpw_3e63e3d08e|lpw_7ff9df9923|lpw_693e132f27,我不|作|声,,,lpw_693e132f27,3,0,0,1
2735,2737,26,4,false,“可这就像一棵老树脱下的树皮。,可|这|就像|一棵|老树|脱下|的|树皮,15,8,lpw_8b9cefa38e|lpw_d409ab2ab3|lpw_3a1a30dbb2|lpw_8af2350cfd,可|这|就像|的,lpw_d409ab2ab3|lpw_8af2350cfd,lpw_8b9cefa38e|lpw_d409ab2ab3|lpw_8af2350cfd,lpw_8b9cefa38e|lpw_d409ab2ab3|lpw_8af2350cfd,4,2,3,3
2736,2738,26,4,false,"脱下一层树皮,",脱下|一层|树皮,7,3,,,,,,0,0,0,0
2737,2739,26,4,false,是用不着伤心的......”,是|用不着|伤心|的,14,4,lpw_b5141d3d19|lpw_8af2350cfd,是|的,lpw_b5141d3d19|lpw_8af2350cfd,lpw_b5141d3d19|lpw_8af2350cfd,lpw_b5141d3d19|lpw_8af2350cfd,2,2,2,2
2738,2740,26,4,false,我不作声。,我不|作|声,5,3,lpw_3e63e3d08e|lpw_7ff9df9923|lpw_693e132f27,我不|作|声,,,lpw_693e132f27,3,0,0,1
2739,2741,26,4,false,他有点气馁。,他|有点|气馁,6,3,lpw_8b7b91e000|lpw_29506aa712,他|有点,lpw_8b7b91e000,lpw_8b7b91e000,lpw_8b7b91e000|lpw_29506aa712,2,1,1,2
2740,2742,26,4,false,但他重又打起精神:,但|他|重|又|打起精神,9,5,lpw_1f863793c6|lpw_8b7b91e000|lpw_e71ce5deab,但|他|又,lpw_8b7b91e000|lpw_e71ce5deab,lpw_8b7b91e000|lpw_e71ce5deab,lpw_8b7b91e000|lpw_e71ce5deab,3,2,2,2
2741,2743,26,4,false,"“你知道,这样挺好。",你|知道|这样|挺好,10,4,lpw_a0c7716669|lpw_d7b6472b11|lpw_b7fc681861,你|知道|这样,lpw_a0c7716669,lpw_a0c7716669|lpw_d7b6472b11|lpw_b7fc681861,lpw_a0c7716669|lpw_d7b6472b11|lpw_b7fc681861,3,1,3,3
2742,2744,26,4,false,我也会望着满天星星的。,我也|会|望|着|满|天|星星|的,11,8,lpw_5ba1e3c0eb|lpw_260bd80462|lpw_9e5bf0d2d9|lpw_abc511ca95|lpw_49da61ceee|lpw_6a9fec7faf|lpw_8af2350cfd,会|望|着|满|天|星星|的,lpw_5ba1e3c0eb|lpw_9e5bf0d2d9|lpw_6a9fec7faf|lpw_8af2350cfd,lpw_5ba1e3c0eb|lpw_9e5bf0d2d9|lpw_6a9fec7faf|lpw_8af2350cfd,lpw_5ba1e3c0eb|lpw_9e5bf0d2d9|lpw_49da61ceee|lpw_6a9fec7faf|lpw_8af2350cfd,7,4,4,5
2743,2745,26,4,false,每颗星星都会有一个生锈辘轳的水井。,每颗|星星|都会|有|一个|生锈|辘|轳|的|水井,17,10,lpw_6a9fec7faf|lpw_90ce0f66f0|lpw_e1dbc1c99f|lpw_8af2350cfd,星星|有|一个|的,lpw_6a9fec7faf|lpw_90ce0f66f0|lpw_e1dbc1c99f|lpw_8af2350cfd,lpw_6a9fec7faf|lpw_90ce0f66f0|lpw_e1dbc1c99f|lpw_8af2350cfd,lpw_6a9fec7faf|lpw_90ce0f66f0|lpw_e1dbc1c99f|lpw_8af2350cfd,4,4,4,4
2744,2746,26,4,false,所有的星星都会倒水给我喝......”,所有|的|星星|都会|倒水|给|我|喝,19,8,lpw_ae99f297e9|lpw_8af2350cfd|lpw_6a9fec7faf|lpw_6e55fb9d8a|lpw_b70bb4acc0,所有|的|星星|给|我,lpw_8af2350cfd|lpw_6a9fec7faf|lpw_6e55fb9d8a|lpw_b70bb4acc0,lpw_8af2350cfd|lpw_6a9fec7faf|lpw_6e55fb9d8a|lpw_b70bb4acc0,lpw_8af2350cfd|lpw_6a9fec7faf|lpw_6e55fb9d8a|lpw_b70bb4acc0,5,4,4,4
2745,2747,26,4,false,我不作声。,我不|作|声,5,3,lpw_3e63e3d08e|lpw_7ff9df9923|lpw_693e132f27,我不|作|声,,,lpw_693e132f27,3,0,0,1
2746,2748,26,4,false,“这真是太有趣了!,这|真是|太|有趣|了,9,5,lpw_d409ab2ab3|lpw_e7ace7adf2|lpw_b2dd27e84f,这|太|了,lpw_d409ab2ab3|lpw_b2dd27e84f,lpw_d409ab2ab3|lpw_b2dd27e84f,lpw_d409ab2ab3|lpw_e7ace7adf2|lpw_b2dd27e84f,3,2,2,3
2747,2749,26,4,false,"你有五亿个铃铛,",你有|五|亿|个|铃铛,8,5,lpw_c9b87f516a|lpw_395ae225e5|lpw_3a116815bc,五|亿|个,,lpw_3a116815bc,lpw_3a116815bc,3,0,1,1
2748,2750,26,4,false,我有五亿个水井......”,我有|五|亿|个|水井,14,5,lpw_59cbe38d1c|lpw_c9b87f516a|lpw_395ae225e5|lpw_3a116815bc,我有|五|亿|个,,lpw_3a116815bc,lpw_3a116815bc,4,0,1,1
2749,2751,26,4,false,"他也不作声了,",他|也不|作|声|了,7,5,lpw_8b7b91e000|lpw_941252022a|lpw_7ff9df9923|lpw_693e132f27|lpw_b2dd27e84f,他|也不|作|声|了,lpw_8b7b91e000|lpw_b2dd27e84f,lpw_8b7b91e000|lpw_b2dd27e84f,lpw_8b7b91e000|lpw_693e132f27|lpw_b2dd27e84f,5,2,2,3
2750,2752,26,4,false,因为他哭了......,因为|他|哭了,11,3,lpw_795cfc96d4|lpw_8b7b91e000,因为|他,lpw_8b7b91e000,lpw_795cfc96d4|lpw_8b7b91e000,lpw_795cfc96d4|lpw_8b7b91e000,2,1,2,2
2751,2753,26,4,false,“到了。,到了,4,1,,,,,,0,0,0,0
2752,2754,26,4,false,让我独自跨出一步吧。”,让|我|独自|跨出|一步|吧,11,6,lpw_ad37574404|lpw_b70bb4acc0|lpw_bad8b6c7ae,让|我|吧,lpw_ad37574404|lpw_b70bb4acc0,lpw_ad37574404|lpw_b70bb4acc0,lpw_ad37574404|lpw_b70bb4acc0|lpw_bad8b6c7ae,3,2,2,3
2753,2755,26,4,false,"说着他坐了下来,",说|着|他|坐了|下来,8,5,lpw_ccca744613|lpw_9e5bf0d2d9|lpw_8b7b91e000,说|着|他,lpw_ccca744613|lpw_9e5bf0d2d9|lpw_8b7b91e000,lpw_ccca744613|lpw_9e5bf0d2d9|lpw_8b7b91e000,lpw_ccca744613|lpw_9e5bf0d2d9|lpw_8b7b91e000,3,3,3,3
2754,2756,26,4,false,因为他害怕。,因为|他|害怕,6,3,lpw_795cfc96d4|lpw_8b7b91e000,因为|他,lpw_8b7b91e000,lpw_795cfc96d4|lpw_8b7b91e000,lpw_795cfc96d4|lpw_8b7b91e000,2,1,2,2
2755,2757,26,4,false,他又说:,他|又|说,4,3,lpw_8b7b91e000|lpw_e71ce5deab|lpw_ccca744613,他|又|说,lpw_8b7b91e000|lpw_e71ce5deab|lpw_ccca744613,lpw_8b7b91e000|lpw_e71ce5deab|lpw_ccca744613,lpw_8b7b91e000|lpw_e71ce5deab|lpw_ccca744613,3,3,3,3
2756,2758,26,4,false,“你知道......,你|知道,10,2,lpw_a0c7716669|lpw_d7b6472b11,你|知道,lpw_a0c7716669,lpw_a0c7716669|lpw_d7b6472b11,lpw_a0c7716669|lpw_d7b6472b11,2,1,2,2
2757,2759,26,4,false,我的花儿......,我|的|花儿,10,3,lpw_b70bb4acc0|lpw_8af2350cfd|lpw_059ab0f707,我|的|花儿,lpw_b70bb4acc0|lpw_8af2350cfd|lpw_059ab0f707,lpw_b70bb4acc0|lpw_8af2350cfd|lpw_059ab0f707,lpw_b70bb4acc0|lpw_8af2350cfd|lpw_059ab0f707,3,3,3,3
2758,2760,26,4,false,我对她负有责任!,我|对|她|负|有|责任,8,6,lpw_b70bb4acc0|lpw_74570c7270|lpw_2ab425e0c6|lpw_90ce0f66f0,我|对|她|有,lpw_b70bb4acc0|lpw_74570c7270|lpw_2ab425e0c6|lpw_90ce0f66f0,lpw_b70bb4acc0|lpw_74570c7270|lpw_2ab425e0c6|lpw_90ce0f66f0,lpw_b70bb4acc0|lpw_74570c7270|lpw_2ab425e0c6|lpw_90ce0f66f0,4,4,4,4
2759,2761,26,4,false,她是那么柔弱!,她是|那么|柔弱,7,3,lpw_a61f02e145,那么,,,lpw_a61f02e145,1,0,0,1
2760,2762,26,4,false,她是那么天真。,她是|那么|天真,7,3,lpw_a61f02e145,那么,,,lpw_a61f02e145,1,0,0,1
2761,2763,26,4,false,"她只有四根微不足道的刺,",她|只有|四|根|微不足道|的|刺,12,7,lpw_2ab425e0c6|lpw_ba8bd7c8c9|lpw_754a9d5828|lpw_8af2350cfd|lpw_b2ddecd32a,她|只有|四|的|刺,lpw_2ab425e0c6|lpw_8af2350cfd,lpw_2ab425e0c6|lpw_8af2350cfd,lpw_2ab425e0c6|lpw_8af2350cfd,5,2,2,2
2762,2764,26,4,false,用来抵御整个世界......”,用|来|抵御|整个|世界,15,5,lpw_04e45efb3b|lpw_6d8229118c,用|来,lpw_6d8229118c,lpw_6d8229118c,lpw_04e45efb3b|lpw_6d8229118c,2,1,1,2
2763,2765,26,4,false,"我也坐下,",我也|坐下,5,2,,,,,,0,0,0,0
2764,2766,26,4,false,因为我没法再站着了。,因为|我|没法|再|站|着|了,10,7,lpw_795cfc96d4|lpw_b70bb4acc0|lpw_9e5bf0d2d9|lpw_b2dd27e84f,因为|我|着|了,lpw_b70bb4acc0|lpw_9e5bf0d2d9|lpw_b2dd27e84f,lpw_795cfc96d4|lpw_b70bb4acc0|lpw_9e5bf0d2d9|lpw_b2dd27e84f,lpw_795cfc96d4|lpw_b70bb4acc0|lpw_9e5bf0d2d9|lpw_b2dd27e84f,4,3,4,4
2765,2767,26,4,false,他说:,他|说,3,2,lpw_8b7b91e000|lpw_ccca744613,他|说,lpw_8b7b91e000|lpw_ccca744613,lpw_8b7b91e000|lpw_ccca744613,lpw_8b7b91e000|lpw_ccca744613,2,2,2,2
2766,2768,26,4,false,“好了......,好了,9,1,,,,,,0,0,0,0
2767,2769,26,4,false,没别的要说了......”,没|别的|要|说|了,13,5,lpw_279e8b3573|lpw_3966c0d55d|lpw_975f35218e|lpw_ccca744613|lpw_b2dd27e84f,没|别的|要|说|了,lpw_ccca744613|lpw_b2dd27e84f,lpw_279e8b3573|lpw_975f35218e|lpw_ccca744613|lpw_b2dd27e84f,lpw_279e8b3573|lpw_975f35218e|lpw_ccca744613|lpw_b2dd27e84f,5,2,4,4
2768,2770,26,4,false,"他稍微犹豫了一下,",他|稍微|犹豫|了|一下,9,5,lpw_8b7b91e000|lpw_b2dd27e84f,他|了,lpw_8b7b91e000|lpw_b2dd27e84f,lpw_8b7b91e000|lpw_b2dd27e84f,lpw_8b7b91e000|lpw_b2dd27e84f,2,2,2,2
2769,2771,26,4,false,随即站了起来。,随即|站了|起来,7,3,lpw_b8a694b2df,起来,,,lpw_b8a694b2df,1,0,0,1
2770,2772,26,4,false,"他往前跨出了一步,",他|往前|跨出|了|一步,9,5,lpw_8b7b91e000|lpw_b2dd27e84f,他|了,lpw_8b7b91e000|lpw_b2dd27e84f,lpw_8b7b91e000|lpw_b2dd27e84f,lpw_8b7b91e000|lpw_b2dd27e84f,2,2,2,2
2771,2773,26,4,false,而我却动弹不得。,而|我|却|动弹|不得,8,5,lpw_08e2725ce1|lpw_b70bb4acc0|lpw_da153c5b45,而|我|却,lpw_b70bb4acc0,lpw_b70bb4acc0,lpw_08e2725ce1|lpw_b70bb4acc0,3,1,1,2
2772,2774,26,4,false,只见他的脚踝边上闪过一道黄光。,只|见|他|的|脚踝|边|上|闪|过|一道|黄|光,15,12,lpw_409e2c3882|lpw_8b7b91e000|lpw_8af2350cfd|lpw_db5ba671d2|lpw_f777893480,只|他|的|上|过,lpw_8b7b91e000|lpw_8af2350cfd|lpw_db5ba671d2,lpw_409e2c3882|lpw_8b7b91e000|lpw_8af2350cfd|lpw_db5ba671d2|lpw_f777893480,lpw_409e2c3882|lpw_8b7b91e000|lpw_8af2350cfd|lpw_db5ba671d2|lpw_f777893480,5,3,5,5
2773,2775,26,4,false,片刻间他一动不动。,片刻间|他|一动不动,9,3,lpw_8b7b91e000,他,lpw_8b7b91e000,lpw_8b7b91e000,lpw_8b7b91e000,1,1,1,1
2774,2776,26,4,false,他没有叫喊。,他|没有|叫喊,6,3,lpw_8b7b91e000|lpw_f127804b92,他|没有,lpw_8b7b91e000,lpw_8b7b91e000|lpw_f127804b92,lpw_8b7b91e000|lpw_f127804b92,2,1,2,2
2775,2777,26,4,false,他像一棵树那样缓缓地倒下。,他|像|一棵|树|那样|缓缓|地|倒下,13,8,lpw_8b7b91e000|lpw_cf8cedd58b|lpw_bdbd41e490,他|像|地,lpw_8b7b91e000|lpw_bdbd41e490,lpw_8b7b91e000|lpw_bdbd41e490,lpw_8b7b91e000|lpw_cf8cedd58b|lpw_bdbd41e490,3,2,2,3
2776,2778,26,4,false,"由于是沙地,",由于|是|沙地,6,3,lpw_b5141d3d19,是,lpw_b5141d3d19,lpw_b5141d3d19,lpw_b5141d3d19,1,1,1,1
2777,2779,26,4,false,甚至都没有一点声响。,甚至|都没有|一点|声响,10,4,lpw_148b16e603,一点,,,,1,0,0,0
2778,2780,27,4,true,27,,2,0,,,,,,0,0,0,0
2779,2781,27,4,false,"现在,",现在,3,1,lpw_43584f37c1,现在,,,,1,0,0,0
2780,2782,27,4,false,"当然,",当然,3,1,lpw_0002e2d87f,当然,,,,1,0,0,0
2781,2783,27,4,false,已经过去六年了......,已经|过去|六年|了,13,4,lpw_8ee12e2310|lpw_b2dd27e84f,已经|了,lpw_b2dd27e84f,lpw_b2dd27e84f,lpw_b2dd27e84f,2,1,1,1
2782,2784,27,4,false,我还从来没跟人讲过这个故事。,我还|从来没|跟|人|讲|过|这个|故事,14,8,lpw_383a53d95c|lpw_50f5d65d57|lpw_f777893480|lpw_979e2bc35b,跟|人|过|这个,lpw_50f5d65d57,lpw_50f5d65d57|lpw_f777893480|lpw_979e2bc35b,lpw_383a53d95c|lpw_50f5d65d57|lpw_f777893480|lpw_979e2bc35b,4,1,3,4
2783,2785,27,4,false,"同伴们看见我活着回来,",同伴|们|看见|我|活着|回来,11,6,lpw_b4dcb3305a|lpw_7205426737|lpw_b70bb4acc0,们|看见|我,lpw_b70bb4acc0,lpw_b70bb4acc0,lpw_7205426737|lpw_b70bb4acc0,3,1,1,2
2784,2786,27,4,false,都很高兴。,都很|高兴,5,2,,,,,,0,0,0,0
2785,2787,27,4,false,"我很忧伤,",我|很|忧伤,5,3,lpw_b70bb4acc0|lpw_f2b91797ea,我|很,lpw_b70bb4acc0|lpw_f2b91797ea,lpw_b70bb4acc0|lpw_f2b91797ea,lpw_b70bb4acc0|lpw_f2b91797ea,2,2,2,2
2786,2788,27,4,false,但我对他们说:,但|我|对|他们|说,7,5,lpw_1f863793c6|lpw_b70bb4acc0|lpw_74570c7270|lpw_10518f8f0a|lpw_ccca744613,但|我|对|他们|说,lpw_b70bb4acc0|lpw_74570c7270|lpw_10518f8f0a|lpw_ccca744613,lpw_b70bb4acc0|lpw_74570c7270|lpw_10518f8f0a|lpw_ccca744613,lpw_b70bb4acc0|lpw_74570c7270|lpw_10518f8f0a|lpw_ccca744613,5,4,4,4
2787,2789,27,4,false,“我累了......”,我|累了,11,2,lpw_b70bb4acc0,我,lpw_b70bb4acc0,lpw_b70bb4acc0,lpw_b70bb4acc0,1,1,1,1
2788,2790,27,4,false,现在我的心情有点平静了。,现在|我|的|心情|有点|平静|了,12,7,lpw_43584f37c1|lpw_b70bb4acc0|lpw_8af2350cfd|lpw_29506aa712|lpw_b2dd27e84f,现在|我|的|有点|了,lpw_b70bb4acc0|lpw_8af2350cfd|lpw_b2dd27e84f,lpw_b70bb4acc0|lpw_8af2350cfd|lpw_b2dd27e84f,lpw_b70bb4acc0|lpw_8af2350cfd|lpw_29506aa712|lpw_b2dd27e84f,5,3,3,4
2789,2791,27,4,false,也就是说......,也就是说,10,1,,,,,,0,0,0,0
2790,2792,27,4,false,还没有完全平静。,还|没有|完全|平静,8,4,lpw_1bc709b8bf|lpw_f127804b92,还|没有,,lpw_f127804b92,lpw_1bc709b8bf|lpw_f127804b92,2,0,1,2
2791,2793,27,4,false,"而我知道,",而|我|知道,5,3,lpw_08e2725ce1|lpw_b70bb4acc0|lpw_d7b6472b11,而|我|知道,lpw_b70bb4acc0,lpw_b70bb4acc0|lpw_d7b6472b11,lpw_08e2725ce1|lpw_b70bb4acc0|lpw_d7b6472b11,3,1,2,3
2792,2794,27,4,false,"他已经回到了他的星球,",他|已经|回到|了|他|的|星球,11,7,lpw_8b7b91e000|lpw_8ee12e2310|lpw_b2dd27e84f|lpw_8af2350cfd|lpw_62f2d6c1a1,他|已经|了|的|星球,lpw_8b7b91e000|lpw_b2dd27e84f|lpw_8af2350cfd|lpw_62f2d6c1a1,lpw_8b7b91e000|lpw_b2dd27e84f|lpw_8af2350cfd|lpw_62f2d6c1a1,lpw_8b7b91e000|lpw_b2dd27e84f|lpw_8af2350cfd|lpw_62f2d6c1a1,5,4,4,4
2793,2795,27,4,false,"因为那天天亮以后,",因为|那天|天亮|以后,9,4,lpw_795cfc96d4|lpw_e6ad7a1dbc,因为|以后,,lpw_795cfc96d4,lpw_795cfc96d4,2,0,1,1
2794,2796,27,4,false,我没发现他的躯体。,我没|发现|他|的|躯体,9,5,lpw_6af7322be2|lpw_10493d06b9|lpw_8b7b91e000|lpw_8af2350cfd,我没|发现|他|的,lpw_8b7b91e000|lpw_8af2350cfd,lpw_8b7b91e000|lpw_8af2350cfd,lpw_8b7b91e000|lpw_8af2350cfd,4,2,2,2
2795,2797,27,4,false,他的躯体并不太沉......,他|的|躯体|并不|太|沉,14,6,lpw_8b7b91e000|lpw_8af2350cfd|lpw_5b693ea232|lpw_e7ace7adf2,他|的|并不|太,lpw_8b7b91e000|lpw_8af2350cfd,lpw_8b7b91e000|lpw_8af2350cfd,lpw_8b7b91e000|lpw_8af2350cfd|lpw_e7ace7adf2,4,2,2,3
2796,2798,27,4,false,我喜欢在夜里倾听星星的声音。,我|喜欢|在|夜里|倾听|星星|的|声音,14,8,lpw_b70bb4acc0|lpw_653b04330b|lpw_12404a0b63|lpw_41f8d30e7f|lpw_6a9fec7faf|lpw_8af2350cfd|lpw_473400815c,我|喜欢|在|夜里|星星|的|声音,lpw_b70bb4acc0|lpw_12404a0b63|lpw_6a9fec7faf|lpw_8af2350cfd,lpw_b70bb4acc0|lpw_12404a0b63|lpw_6a9fec7faf|lpw_8af2350cfd,lpw_b70bb4acc0|lpw_12404a0b63|lpw_6a9fec7faf|lpw_8af2350cfd,7,4,4,4
2797,2799,27,4,false,它们就像五亿个铃铛。,它们|就像|五|亿|个|铃铛,10,6,lpw_c40b3d2880|lpw_3a1a30dbb2|lpw_c9b87f516a|lpw_395ae225e5|lpw_3a116815bc,它们|就像|五|亿|个,,lpw_c40b3d2880|lpw_3a116815bc,lpw_c40b3d2880|lpw_3a116815bc,5,0,2,2
2798,2800,27,4,false,"可是,",可是,3,1,lpw_38ca4a9c76,可是,,lpw_38ca4a9c76,lpw_38ca4a9c76,1,0,1,1
2799,2801,27,4,false,我想到有件事出了意外。,我|想到|有件事|出了|意外,11,5,lpw_b70bb4acc0,我,lpw_b70bb4acc0,lpw_b70bb4acc0,lpw_b70bb4acc0,1,1,1,1
2800,2802,27,4,false,"我给小王子画的嘴罩,",我|给|小王子|画|的|嘴|罩,10,7,lpw_b70bb4acc0|lpw_6e55fb9d8a|lpw_87f2a033cf|lpw_de9f18b00a|lpw_8af2350cfd,我|给|小王子|画|的,lpw_b70bb4acc0|lpw_6e55fb9d8a|lpw_87f2a033cf|lpw_8af2350cfd,lpw_b70bb4acc0|lpw_6e55fb9d8a|lpw_87f2a033cf|lpw_8af2350cfd,lpw_b70bb4acc0|lpw_6e55fb9d8a|lpw_87f2a033cf|lpw_8af2350cfd,5,4,4,4
2801,2803,27,4,false,忘了加上皮带!,忘了|加上|皮带,7,3,,,,,,0,0,0,0
2802,2804,27,4,false,他没法把它系在绵羊嘴上了。,他|没法|把|它|系|在|绵羊|嘴上|了,13,9,lpw_8b7b91e000|lpw_2442748e41|lpw_7e9260e925|lpw_12404a0b63|lpw_238b95ae07|lpw_b2dd27e84f,他|把|它|在|绵羊|了,lpw_8b7b91e000|lpw_7e9260e925|lpw_12404a0b63|lpw_b2dd27e84f,lpw_8b7b91e000|lpw_2442748e41|lpw_7e9260e925|lpw_12404a0b63|lpw_b2dd27e84f,lpw_8b7b91e000|lpw_2442748e41|lpw_7e9260e925|lpw_12404a0b63|lpw_b2dd27e84f,6,4,5,5
2803,2805,27,4,false,于是我一直在想:,于是|我|一直在|想,8,4,lpw_3617c85a66|lpw_b70bb4acc0|lpw_df0d251938,于是|我|想,lpw_b70bb4acc0,lpw_b70bb4acc0,lpw_b70bb4acc0|lpw_df0d251938,3,1,1,2
2804,2806,27,4,false,“在他的星球上到底会发生什么事呢?,在|他|的|星球|上|到底|会|发生|什么|事|呢,17,11,lpw_12404a0b63|lpw_8b7b91e000|lpw_8af2350cfd|lpw_62f2d6c1a1|lpw_db5ba671d2|lpw_5ba1e3c0eb|lpw_c1b52e0e64|lpw_1d9ed56951|lpw_02811cec0b,在|他|的|星球|上|会|什么|事|呢,lpw_12404a0b63|lpw_8b7b91e000|lpw_8af2350cfd|lpw_62f2d6c1a1|lpw_db5ba671d2|lpw_5ba1e3c0eb|lpw_c1b52e0e64|lpw_02811cec0b,lpw_12404a0b63|lpw_8b7b91e000|lpw_8af2350cfd|lpw_62f2d6c1a1|lpw_db5ba671d2|lpw_5ba1e3c0eb|lpw_c1b52e0e64|lpw_1d9ed56951|lpw_02811cec0b,lpw_12404a0b63|lpw_8b7b91e000|lpw_8af2350cfd|lpw_62f2d6c1a1|lpw_db5ba671d2|lpw_5ba1e3c0eb|lpw_c1b52e0e64|lpw_1d9ed56951|lpw_02811cec0b,9,8,9,9
2805,2807,27,4,false,说不定绵羊真的把花儿给吃了......”,说不定|绵羊|真的|把|花儿|给|吃了,20,7,lpw_63e84e56ed|lpw_238b95ae07|lpw_2442748e41|lpw_059ab0f707|lpw_6e55fb9d8a,说不定|绵羊|把|花儿|给,lpw_059ab0f707|lpw_6e55fb9d8a,lpw_2442748e41|lpw_059ab0f707|lpw_6e55fb9d8a,lpw_2442748e41|lpw_059ab0f707|lpw_6e55fb9d8a,5,2,3,3
2806,2808,27,4,false,有时我对自己说:,有时|我|对|自己|说,8,5,lpw_b70bb4acc0|lpw_74570c7270|lpw_fb43354d2a|lpw_ccca744613,我|对|自己|说,lpw_b70bb4acc0|lpw_74570c7270|lpw_ccca744613,lpw_b70bb4acc0|lpw_74570c7270|lpw_fb43354d2a|lpw_ccca744613,lpw_b70bb4acc0|lpw_74570c7270|lpw_fb43354d2a|lpw_ccca744613,4,3,4,4
2807,2809,27,4,false,“肯定不会!,肯定|不会,6,2,lpw_c7ae73a94d,不会,,,,1,0,0,0
2808,2810,27,4,false,"小王子每天夜里给花儿盖上玻璃罩,",小王子|每天|夜里|给|花儿|盖|上|玻璃罩,16,8,lpw_87f2a033cf|lpw_41f8d30e7f|lpw_6e55fb9d8a|lpw_059ab0f707|lpw_db5ba671d2,小王子|夜里|给|花儿|上,lpw_87f2a033cf|lpw_6e55fb9d8a|lpw_059ab0f707|lpw_db5ba671d2,lpw_87f2a033cf|lpw_6e55fb9d8a|lpw_059ab0f707|lpw_db5ba671d2,lpw_87f2a033cf|lpw_6e55fb9d8a|lpw_059ab0f707|lpw_db5ba671d2,5,4,4,4
2809,2811,27,4,false,再说他也会仔细看好绵羊的......”,再说|他|也|会|仔细|看好|绵羊|的,19,8,lpw_8b7b91e000|lpw_658605835b|lpw_5ba1e3c0eb|lpw_238b95ae07|lpw_8af2350cfd,他|也|会|绵羊|的,lpw_8b7b91e000|lpw_5ba1e3c0eb|lpw_8af2350cfd,lpw_8b7b91e000|lpw_658605835b|lpw_5ba1e3c0eb|lpw_8af2350cfd,lpw_8b7b91e000|lpw_658605835b|lpw_5ba1e3c0eb|lpw_8af2350cfd,5,3,4,4
2810,2812,27,4,false,于是我感到很幸福。,于是|我|感到|很|幸福,9,5,lpw_3617c85a66|lpw_b70bb4acc0|lpw_15c2457566|lpw_f2b91797ea,于是|我|感到|很,lpw_b70bb4acc0|lpw_f2b91797ea,lpw_b70bb4acc0|lpw_f2b91797ea,lpw_b70bb4acc0|lpw_15c2457566|lpw_f2b91797ea,4,2,2,3
2811,2813,27,4,false,满天的星星轻轻地笑着。,满|天|的|星星|轻轻|地|笑|着,11,8,lpw_abc511ca95|lpw_49da61ceee|lpw_8af2350cfd|lpw_6a9fec7faf|lpw_bdbd41e490|lpw_1d8fb5e34e|lpw_9e5bf0d2d9,满|天|的|星星|地|笑|着,lpw_8af2350cfd|lpw_6a9fec7faf|lpw_bdbd41e490|lpw_9e5bf0d2d9,lpw_8af2350cfd|lpw_6a9fec7faf|lpw_bdbd41e490|lpw_9e5bf0d2d9,lpw_49da61ceee|lpw_8af2350cfd|lpw_6a9fec7faf|lpw_bdbd41e490|lpw_9e5bf0d2d9,7,4,4,5
2812,2814,27,4,false,有时我对自己说:,有时|我|对|自己|说,8,5,lpw_b70bb4acc0|lpw_74570c7270|lpw_fb43354d2a|lpw_ccca744613,我|对|自己|说,lpw_b70bb4acc0|lpw_74570c7270|lpw_ccca744613,lpw_b70bb4acc0|lpw_74570c7270|lpw_fb43354d2a|lpw_ccca744613,lpw_b70bb4acc0|lpw_74570c7270|lpw_fb43354d2a|lpw_ccca744613,4,3,4,4
2813,2815,27,4,false,"“万一有个疏忽,",万一|有|个|疏忽,8,4,lpw_90ce0f66f0|lpw_3a116815bc,有|个,lpw_90ce0f66f0,lpw_90ce0f66f0|lpw_3a116815bc,lpw_90ce0f66f0|lpw_3a116815bc,2,1,2,2
2814,2816,27,4,false,那就全完了!,那就|全|完了,6,3,,,,,,0,0,0,0
2815,2817,27,4,false,"没准哪天晚上,",没|准|哪|天|晚上,7,5,lpw_279e8b3573|lpw_49da61ceee|lpw_a9b1124b34,没|天|晚上,,lpw_279e8b3573,lpw_279e8b3573|lpw_49da61ceee,3,0,1,2
2816,2818,27,4,false,"他忘了盖玻璃罩,",他|忘了|盖|玻璃罩,8,4,lpw_8b7b91e000,他,lpw_8b7b91e000,lpw_8b7b91e000,lpw_8b7b91e000,1,1,1,1
2817,2819,27,4,false,或者绵羊在夜里悄悄钻了出来......”,或者|绵羊|在|夜里|悄悄|钻|了|出来,20,8,lpw_238b95ae07|lpw_12404a0b63|lpw_41f8d30e7f|lpw_b2dd27e84f,绵羊|在|夜里|了,lpw_12404a0b63|lpw_b2dd27e84f,lpw_12404a0b63|lpw_b2dd27e84f,lpw_12404a0b63|lpw_b2dd27e84f,4,2,2,2
2818,2820,27,4,false,于是满天的铃铛全都变成了泪珠!...,于是|满|天|的|铃铛|全都|变成|了|泪珠,18,9,lpw_3617c85a66|lpw_abc511ca95|lpw_49da61ceee|lpw_8af2350cfd|lpw_b2dd27e84f,于是|满|天|的|了,lpw_8af2350cfd|lpw_b2dd27e84f,lpw_8af2350cfd|lpw_b2dd27e84f,lpw_49da61ceee|lpw_8af2350cfd|lpw_b2dd27e84f,5,2,2,3
2819,2821,27,4,false,这可是一个很大很大的秘密哟。,这|可是|一个|很大|很大|的|秘密|哟,14,8,lpw_d409ab2ab3|lpw_38ca4a9c76|lpw_e1dbc1c99f|lpw_8af2350cfd,这|可是|一个|的,lpw_d409ab2ab3|lpw_e1dbc1c99f|lpw_8af2350cfd,lpw_d409ab2ab3|lpw_38ca4a9c76|lpw_e1dbc1c99f|lpw_8af2350cfd,lpw_d409ab2ab3|lpw_38ca4a9c76|lpw_e1dbc1c99f|lpw_8af2350cfd,4,3,4,4
2820,2822,27,4,false,"对于也爱着小王子的你们,",对于|也|爱|着|小王子|的|你们,12,7,lpw_658605835b|lpw_bafe3b2ee7|lpw_9e5bf0d2d9|lpw_87f2a033cf|lpw_8af2350cfd|lpw_8a5d477bda,也|爱|着|小王子|的|你们,lpw_9e5bf0d2d9|lpw_87f2a033cf|lpw_8af2350cfd,lpw_658605835b|lpw_9e5bf0d2d9|lpw_87f2a033cf|lpw_8af2350cfd|lpw_8a5d477bda,lpw_658605835b|lpw_9e5bf0d2d9|lpw_87f2a033cf|lpw_8af2350cfd|lpw_8a5d477bda,6,3,5,5
2821,2823,27,4,false,"就像对于我一样,",就像|对于|我|一样,8,4,lpw_3a1a30dbb2|lpw_b70bb4acc0|lpw_9dc5c0158d,就像|我|一样,lpw_b70bb4acc0,lpw_b70bb4acc0,lpw_b70bb4acc0|lpw_9dc5c0158d,3,1,1,2
2822,2824,27,4,false,"要是在我们不知道的哪个地方,",要是|在|我们|不|知道|的|哪个|地方,14,8,lpw_467b2562ed|lpw_12404a0b63|lpw_bcacb40df8|lpw_b02dfe2160|lpw_d7b6472b11|lpw_8af2350cfd|lpw_1462a7d853,要是|在|我们|不|知道|的|地方,lpw_12404a0b63|lpw_8af2350cfd,lpw_12404a0b63|lpw_b02dfe2160|lpw_d7b6472b11|lpw_8af2350cfd,lpw_467b2562ed|lpw_12404a0b63|lpw_b02dfe2160|lpw_d7b6472b11|lpw_8af2350cfd|lpw_1462a7d853,7,2,4,6
2823,2825,27,4,false,"有一只我们从没见过的绵羊,",有|一只|我们|从|没|见过|的|绵羊,13,8,lpw_90ce0f66f0|lpw_216a478784|lpw_bcacb40df8|lpw_2719a8ea30|lpw_279e8b3573|lpw_8af2350cfd|lpw_238b95ae07,有|一只|我们|从|没|的|绵羊,lpw_90ce0f66f0|lpw_8af2350cfd,lpw_90ce0f66f0|lpw_279e8b3573|lpw_8af2350cfd,lpw_90ce0f66f0|lpw_2719a8ea30|lpw_279e8b3573|lpw_8af2350cfd,7,2,3,4
2824,2826,27,4,false,"吃掉了或者没有吃掉一朵玫瑰,",吃掉|了|或者|没有|吃掉|一朵|玫瑰,14,7,lpw_b2dd27e84f|lpw_f127804b92|lpw_aebd6fbbd2|lpw_a6664df1ef,了|没有|一朵|玫瑰,lpw_b2dd27e84f,lpw_b2dd27e84f|lpw_f127804b92,lpw_b2dd27e84f|lpw_f127804b92|lpw_aebd6fbbd2|lpw_a6664df1ef,4,1,2,4
2825,2827,27,4,false,整个宇宙就会完全不一样......,整个|宇宙|就|会|完全|不|一样,17,7,lpw_2f9d9872e5|lpw_5ba1e3c0eb|lpw_b02dfe2160|lpw_9dc5c0158d,就|会|不|一样,lpw_2f9d9872e5|lpw_5ba1e3c0eb,lpw_2f9d9872e5|lpw_5ba1e3c0eb|lpw_b02dfe2160,lpw_2f9d9872e5|lpw_5ba1e3c0eb|lpw_b02dfe2160|lpw_9dc5c0158d,4,2,3,4
2826,2828,27,4,false,"你们望着天空,",你们|望|着|天空,7,4,lpw_8a5d477bda|lpw_260bd80462|lpw_9e5bf0d2d9,你们|望|着,lpw_9e5bf0d2d9,lpw_8a5d477bda|lpw_9e5bf0d2d9,lpw_8a5d477bda|lpw_9e5bf0d2d9,3,1,2,2
2827,2829,27,4,false,想一想:,想|一想,4,2,lpw_df0d251938,想,,,lpw_df0d251938,1,0,0,1
2828,2830,27,4,false,绵羊到底有没有吃掉花儿?,绵羊|到底有|没有|吃掉|花儿,12,5,lpw_238b95ae07|lpw_f127804b92|lpw_059ab0f707,绵羊|没有|花儿,lpw_059ab0f707,lpw_f127804b92|lpw_059ab0f707,lpw_f127804b92|lpw_059ab0f707,3,1,2,2
2829,2831,27,4,false,你们就会看到一切都变了样......,你们|就|会|看到|一切都|变|了|样,18,8,lpw_8a5d477bda|lpw_2f9d9872e5|lpw_5ba1e3c0eb|lpw_e9c1d16595|lpw_b2dd27e84f,你们|就|会|看到|了,lpw_2f9d9872e5|lpw_5ba1e3c0eb|lpw_b2dd27e84f,lpw_8a5d477bda|lpw_2f9d9872e5|lpw_5ba1e3c0eb|lpw_b2dd27e84f,lpw_8a5d477bda|lpw_2f9d9872e5|lpw_5ba1e3c0eb|lpw_b2dd27e84f,5,3,4,4
2830,2832,27,4,false,而没有一个大人懂得这有多重要呵!,而|没有|一个|大人|懂得|这|有|多|重要|呵,16,10,lpw_08e2725ce1|lpw_f127804b92|lpw_e1dbc1c99f|lpw_44dd6014a5|lpw_d409ab2ab3|lpw_90ce0f66f0|lpw_1940119f05|lpw_a8cd9642aa,而|没有|一个|大人|这|有|多|重要,lpw_e1dbc1c99f|lpw_d409ab2ab3|lpw_90ce0f66f0,lpw_f127804b92|lpw_e1dbc1c99f|lpw_d409ab2ab3|lpw_90ce0f66f0,lpw_08e2725ce1|lpw_f127804b92|lpw_e1dbc1c99f|lpw_44dd6014a5|lpw_d409ab2ab3|lpw_90ce0f66f0,8,3,4,6
2831,2833,27,4,false,"对我来说,",对|我|来说,5,3,lpw_74570c7270|lpw_b70bb4acc0|lpw_a0cc5593ee,对|我|来说,lpw_74570c7270|lpw_b70bb4acc0,lpw_74570c7270|lpw_b70bb4acc0,lpw_74570c7270|lpw_b70bb4acc0|lpw_a0cc5593ee,3,2,2,3
2832,2834,27,4,false,这是世界上最美丽、最伤感的景色。,这|是|世界上|最|美丽|最|伤|感|的|景色,16,10,lpw_d409ab2ab3|lpw_b5141d3d19|lpw_8af2350cfd,这|是|的,lpw_d409ab2ab3|lpw_b5141d3d19|lpw_8af2350cfd,lpw_d409ab2ab3|lpw_b5141d3d19|lpw_8af2350cfd,lpw_d409ab2ab3|lpw_b5141d3d19|lpw_8af2350cfd,3,3,3,3
2833,2835,27,4,false,"它跟前一页上画的是同一个景色,",它|跟前|一|页|上|画|的是|同|一个|景色,15,10,lpw_7e9260e925|lpw_51a75f4634|lpw_db5ba671d2|lpw_de9f18b00a|lpw_5e1dc2a833|lpw_e1dbc1c99f,它|一|上|画|的是|一个,lpw_7e9260e925|lpw_db5ba671d2|lpw_e1dbc1c99f,lpw_7e9260e925|lpw_51a75f4634|lpw_db5ba671d2|lpw_e1dbc1c99f,lpw_7e9260e925|lpw_51a75f4634|lpw_db5ba671d2|lpw_e1dbc1c99f,6,3,4,4
2834,2836,27,4,false,"而我之所以再画一遍,",而|我|之所以|再|画|一遍,10,6,lpw_08e2725ce1|lpw_b70bb4acc0|lpw_de9f18b00a,而|我|画,lpw_b70bb4acc0,lpw_b70bb4acc0,lpw_08e2725ce1|lpw_b70bb4acc0,3,1,1,2
2835,2837,27,4,false,是为了让你们看清这景色。,是|为了|让|你们|看清|这|景色,12,7,lpw_b5141d3d19|lpw_2ed64c1d92|lpw_ad37574404|lpw_8a5d477bda|lpw_d409ab2ab3,是|为了|让|你们|这,lpw_b5141d3d19|lpw_ad37574404|lpw_d409ab2ab3,lpw_b5141d3d19|lpw_ad37574404|lpw_8a5d477bda|lpw_d409ab2ab3,lpw_b5141d3d19|lpw_ad37574404|lpw_8a5d477bda|lpw_d409ab2ab3,5,3,4,4
2836,2838,27,4,false,"就是在这儿,",就是|在|这儿,6,3,lpw_88aa006eb3|lpw_12404a0b63|lpw_19a29e87c9,就是|在|这儿,lpw_12404a0b63,lpw_88aa006eb3|lpw_12404a0b63|lpw_19a29e87c9,lpw_88aa006eb3|lpw_12404a0b63|lpw_19a29e87c9,3,1,3,3
2837,2839,27,4,false,"小王子在地球上出现,",小王子|在|地球|上|出现,10,5,lpw_87f2a033cf|lpw_12404a0b63|lpw_eeef861b87|lpw_db5ba671d2,小王子|在|地球|上,lpw_87f2a033cf|lpw_12404a0b63|lpw_db5ba671d2,lpw_87f2a033cf|lpw_12404a0b63|lpw_db5ba671d2,lpw_87f2a033cf|lpw_12404a0b63|lpw_eeef861b87|lpw_db5ba671d2,4,3,3,4
2838,2840,27,4,false,而后又消失。,而后|又|消失,6,3,lpw_e71ce5deab,又,lpw_e71ce5deab,lpw_e71ce5deab,lpw_e71ce5deab,1,1,1,1
2839,2841,27,4,false,"请仔细看看这景色,",请|仔细|看看|这|景色,9,5,lpw_88d5840fab|lpw_d409ab2ab3,请|这,lpw_d409ab2ab3,lpw_d409ab2ab3,lpw_d409ab2ab3,2,1,1,1
2840,2842,27,4,false,"如果有一天你们到非洲沙漠去旅行,",如果有|一天|你们|到|非洲|沙漠|去|旅行,16,8,lpw_5448481f38|lpw_8a5d477bda|lpw_b56f36b529|lpw_4fbf406572|lpw_99ae21ea6c,一天|你们|到|沙漠|去,,lpw_8a5d477bda|lpw_99ae21ea6c,lpw_8a5d477bda|lpw_4fbf406572|lpw_99ae21ea6c,5,0,2,3
2841,2843,27,4,false,就肯定能认出它来。,就|肯定|能|认出|它|来,9,6,lpw_2f9d9872e5|lpw_413c06bcef|lpw_7e9260e925|lpw_6d8229118c,就|能|它|来,lpw_2f9d9872e5|lpw_7e9260e925|lpw_6d8229118c,lpw_2f9d9872e5|lpw_7e9260e925|lpw_6d8229118c,lpw_2f9d9872e5|lpw_7e9260e925|lpw_6d8229118c,4,3,3,3
2842,2844,27,4,false,"而要是你们有机会路过那儿,",而|要是|你们|有|机会|路过|那儿,13,7,lpw_08e2725ce1|lpw_467b2562ed|lpw_8a5d477bda|lpw_90ce0f66f0|lpw_b4444021ad,而|要是|你们|有|那儿,lpw_90ce0f66f0,lpw_8a5d477bda|lpw_90ce0f66f0,lpw_08e2725ce1|lpw_467b2562ed|lpw_8a5d477bda|lpw_90ce0f66f0,5,1,2,4
2843,2845,27,4,false,"请千万别匆匆走过,",请|千万|别|匆匆|走过,9,5,lpw_88d5840fab,请,,,,1,0,0,0
2844,2846,27,4,false,请在那颗星星下面等上一会儿!,请在|那颗|星星|下面|等|上|一|会|儿,14,9,lpw_6a9fec7faf|lpw_db5ba671d2|lpw_51a75f4634|lpw_5ba1e3c0eb|lpw_1ed5efc3dc,星星|上|一|会|儿,lpw_6a9fec7faf|lpw_db5ba671d2|lpw_5ba1e3c0eb,lpw_6a9fec7faf|lpw_db5ba671d2|lpw_51a75f4634|lpw_5ba1e3c0eb,lpw_6a9fec7faf|lpw_db5ba671d2|lpw_51a75f4634|lpw_5ba1e3c0eb,5,3,4,4
2845,2847,27,4,false,"如果这时有个孩子向你们走来,",如果|这时|有|个|孩子|向|你们|走|来,14,9,lpw_7ca71b72d7|lpw_90ce0f66f0|lpw_3a116815bc|lpw_5f887419f4|lpw_a2f77db0e9|lpw_8a5d477bda|lpw_f66de6c4cd|lpw_6d8229118c,如果|有|个|孩子|向|你们|走|来,lpw_90ce0f66f0|lpw_6d8229118c,lpw_90ce0f66f0|lpw_3a116815bc|lpw_8a5d477bda|lpw_6d8229118c,lpw_90ce0f66f0|lpw_3a116815bc|lpw_8a5d477bda|lpw_6d8229118c,8,2,4,4
2846,2848,27,4,false,"如果他在笑,",如果|他在|笑,6,3,lpw_7ca71b72d7|lpw_1d8fb5e34e,如果|笑,,,,2,0,0,0
2847,2849,27,4,false,"如果他的头发是金黄色的,",如果|他|的|头发|是|金|黄色|的,12,8,lpw_7ca71b72d7|lpw_8b7b91e000|lpw_8af2350cfd|lpw_b5141d3d19,如果|他|的|是,lpw_8b7b91e000|lpw_8af2350cfd|lpw_b5141d3d19,lpw_8b7b91e000|lpw_8af2350cfd|lpw_b5141d3d19,lpw_8b7b91e000|lpw_8af2350cfd|lpw_b5141d3d19,4,3,3,3
2848,2850,27,4,false,"如果问他而他不回答,",如果|问|他|而|他不|回答,10,6,lpw_7ca71b72d7|lpw_4628c0e06f|lpw_8b7b91e000|lpw_08e2725ce1|lpw_f3f5126487,如果|问|他|而|回答,lpw_8b7b91e000,lpw_4628c0e06f|lpw_8b7b91e000|lpw_f3f5126487,lpw_4628c0e06f|lpw_8b7b91e000|lpw_08e2725ce1|lpw_f3f5126487,5,1,3,4
2849,2851,27,4,false,你们一定能猜到他是谁了。,你们|一定能|猜到|他是|谁|了,12,6,lpw_8a5d477bda|lpw_056b9c6262|lpw_b2dd27e84f,你们|谁|了,lpw_b2dd27e84f,lpw_8a5d477bda|lpw_b2dd27e84f,lpw_8a5d477bda|lpw_b2dd27e84f,3,1,2,2
2850,2852,27,4,false,那么就请你们做件好事吧!,那么|就|请|你们|做|件|好事|吧,12,8,lpw_a61f02e145|lpw_2f9d9872e5|lpw_88d5840fab|lpw_8a5d477bda|lpw_94f5404441|lpw_bad8b6c7ae,那么|就|请|你们|做|吧,lpw_2f9d9872e5,lpw_2f9d9872e5|lpw_8a5d477bda,lpw_a61f02e145|lpw_2f9d9872e5|lpw_8a5d477bda|lpw_bad8b6c7ae,6,1,2,4
2851,2853,27,4,false,请别让我再这么忧伤:,请|别|让|我再|这么|忧伤,10,6,lpw_88d5840fab|lpw_ad37574404|lpw_7677ca84c6,请|让|这么,lpw_ad37574404,lpw_ad37574404,lpw_ad37574404|lpw_7677ca84c6,3,1,1,2
2852,2854,27,4,false,"赶快写信告诉我,",赶快|写信|告诉|我,8,4,lpw_b70bb4acc0,我,lpw_b70bb4acc0,lpw_b70bb4acc0,lpw_b70bb4acc0,1,1,1,1
