word_occurrence_id,text_embedding_idx,word_position,surface_form,char_start,char_end,keyword_id,canonical_concept,semantic_categories,story_local_flag,include_core,include_main,include_extended
lp:17:word:0,17,0,我,0,1,lpw_b70bb4acc0,我,pronoun,false,true,true,true
lp:17:word:1,17,1,六岁,1,3,,六岁,,,false,false,false
lp:17:word:2,17,2,那,3,4,lpw_5a2362a202,那,pronoun,false,true,true,true
lp:17:word:3,17,3,年,4,5,,年,,,false,false,false
lp:18:word:0,18,0,在,0,1,lpw_12404a0b63,在,function,false,true,true,true
lp:18:word:1,18,1,一本,1,3,,一本,,,false,false,false
lp:18:word:2,18,2,描写,3,5,,描写,,,false,false,false
lp:18:word:3,18,3,原始森林,5,9,,原始森林,,,false,false,false
lp:18:word:4,18,4,的,9,10,lpw_8af2350cfd,的,function,false,true,true,true
lp:18:word:5,18,5,名叫,10,12,,名叫,,,false,false,false
lp:18:word:6,18,6,真实,13,15,,真实,,,false,false,false
lp:18:word:7,18,7,的,15,16,lpw_8af2350cfd,的,function,false,true,true,true
lp:18:word:8,18,8,故事,16,18,,故事,,,false,false,false
lp:18:word:9,18,9,的,19,20,lpw_8af2350cfd,的,function,false,true,true,true
lp:18:word:10,18,10,书,20,21,lpw_1be968f125,书,other,false,false,false,false
lp:18:word:11,18,11,上,21,22,lpw_db5ba671d2,上,function,false,true,true,true
lp:19:word:0,19,0,看见,0,2,lpw_7205426737,看见,perception,false,false,false,true
lp:19:word:1,19,1,过,2,3,lpw_f777893480,过,other,false,false,true,true
lp:19:word:2,19,2,一幅,3,5,,一幅,,,false,false,false
lp:19:word:3,19,3,精彩,5,7,,精彩,,,false,false,false
lp:19:word:4,19,4,的,7,8,lpw_8af2350cfd,的,function,false,true,true,true
lp:19:word:5,19,5,插图,8,10,,插图,,,false,false,false
lp:20:word:0,20,0,画,0,1,lpw_de9f18b00a,画,physical_action,true,false,false,false
lp:20:word:1,20,1,的是,1,3,lpw_5e1dc2a833,的是,other,false,false,false,false
lp:20:word:2,20,2,一条,3,5,,一条,,,false,false,false
lp:20:word:3,20,3,蟒蛇,5,7,lpw_7d2bda9879,蟒蛇,other,true,false,false,false
lp:20:word:4,20,4,在,7,8,lpw_12404a0b63,在,function,false,true,true,true
lp:20:word:5,20,5,吞,8,9,,吞,,,false,false,false
lp:20:word:6,20,6,吃,9,10,lpw_c814805bc6,吃,other,true,false,false,false
lp:20:word:7,20,7,一头,10,12,,一头,,,false,false,false
lp:20:word:8,20,8,猛,12,13,,猛,,,false,false,false
lp:20:word:9,20,9,兽,13,14,,兽,,,false,false,false
lp:21:word:0,21,0,我,0,1,lpw_b70bb4acc0,我,pronoun,false,true,true,true
lp:21:word:1,21,1,现在,1,3,lpw_43584f37c1,现在,other,false,false,false,false
lp:21:word:2,21,2,把,3,4,lpw_2442748e41,把,function,false,false,true,true
lp:21:word:3,21,3,它,4,5,lpw_7e9260e925,它,pronoun,false,true,true,true
lp:21:word:4,21,4,照样,5,7,,照样,,,false,false,false
lp:21:word:5,21,5,画,7,8,lpw_de9f18b00a,画,physical_action,true,false,false,false
lp:21:word:6,21,6,在,8,9,lpw_12404a0b63,在,function,false,true,true,true
lp:21:word:7,21,7,上面,9,11,,上面,,,false,false,false
lp:22:word:0,22,0,书,0,1,lpw_1be968f125,书,other,false,false,false,false
lp:22:word:1,22,1,中,1,2,lpw_a567bdaa11,中,other,false,false,false,false
lp:22:word:2,22,2,写,2,3,,写,,,false,false,false
lp:22:word:3,22,3,道,3,4,lpw_00a9d5bd97,道,other,false,false,false,false
lp:23:word:0,23,0,蟒蛇,1,3,lpw_7d2bda9879,蟒蛇,other,true,false,false,false
lp:23:word:1,23,1,把,3,4,lpw_2442748e41,把,function,false,false,true,true
lp:23:word:2,23,2,猎物,4,6,,猎物,,,false,false,false
lp:23:word:3,23,3,囫,6,7,,囫,,,false,false,false
lp:23:word:4,23,4,囵,7,8,,囵,,,false,false,false
lp:23:word:5,23,5,吞下,8,10,,吞下,,,false,false,false
lp:24:word:0,24,0,嚼,0,1,,嚼,,,false,false,false
lp:24:word:1,24,1,都不,1,3,,都不,,,false,false,false
lp:24:word:2,24,2,嚼,3,4,,嚼,,,false,false,false
lp:25:word:0,25,0,然后,0,2,lpw_ca4f5ee82e,然后,other,false,false,false,false
lp:25:word:1,25,1,它,2,3,lpw_7e9260e925,它,pronoun,false,true,true,true
lp:25:word:2,25,2,就,3,4,lpw_2f9d9872e5,就,function,false,true,true,true
lp:25:word:3,25,3,无法,4,6,,无法,,,false,false,false
lp:25:word:4,25,4,动弹,6,8,,动弹,,,false,false,false
lp:26:word:0,26,0,躺上,0,2,,躺上,,,false,false,false
lp:26:word:1,26,1,六个月,2,5,,六个月,,,false,false,false
lp:26:word:2,26,2,来,5,6,lpw_6d8229118c,来,physical_action,false,true,true,true
lp:26:word:3,26,3,消化,6,8,,消化,,,false,false,false
lp:26:word:4,26,4,它们,8,10,lpw_c40b3d2880,它们,pronoun,false,false,true,true
lp:27:word:0,27,0,当时,0,2,,当时,,,false,false,false
lp:28:word:0,28,0,我,0,1,lpw_b70bb4acc0,我,pronoun,false,true,true,true
lp:28:word:1,28,1,对,1,2,lpw_74570c7270,对,function,false,true,true,true
lp:28:word:2,28,2,丛林,2,4,,丛林,,,false,false,false
lp:28:word:3,28,3,里,4,5,lpw_79f43de6e3,里,function,false,false,true,true
lp:28:word:4,28,4,的,5,6,lpw_8af2350cfd,的,function,false,true,true,true
lp:28:word:5,28,5,奇妙,6,8,,奇妙,,,false,false,false
lp:28:word:6,28,6,景象,8,10,,景象,,,false,false,false
lp:28:word:7,28,7,想得,10,12,,想得,,,false,false,false
lp:28:word:8,28,8,很多,12,14,,很多,,,false,false,false
lp:29:word:0,29,0,于是,0,2,lpw_3617c85a66,于是,other,false,false,false,false
lp:29:word:1,29,1,我也,2,4,,我也,,,false,false,false
lp:29:word:2,29,2,用,4,5,lpw_04e45efb3b,用,other,false,false,false,true
lp:29:word:3,29,3,彩色,5,7,,彩色,,,false,false,false
lp:29:word:4,29,4,铅笔,7,9,,铅笔,,,false,false,false
lp:29:word:5,29,5,画,9,10,lpw_de9f18b00a,画,physical_action,true,false,false,false
lp:29:word:6,29,6,了,10,11,lpw_b2dd27e84f,了,function,false,true,true,true
lp:29:word:7,29,7,我,11,12,lpw_b70bb4acc0,我,pronoun,false,true,true,true
lp:29:word:8,29,8,的,12,13,lpw_8af2350cfd,的,function,false,true,true,true
lp:29:word:9,29,9,第一,13,15,,第一,,,false,false,false
lp:29:word:10,29,10,幅,15,16,,幅,,,false,false,false
lp:29:word:11,29,11,画,16,17,lpw_de9f18b00a,画,physical_action,true,false,false,false
lp:30:word:0,30,0,我,0,1,lpw_b70bb4acc0,我,pronoun,false,true,true,true
lp:30:word:1,30,1,的,1,2,lpw_8af2350cfd,的,function,false,true,true,true
lp:30:word:2,30,2,作品,2,4,,作品,,,false,false,false
lp:30:word:3,30,3,一号,4,6,,一号,,,false,false,false
lp:31:word:0,31,0,它,0,1,lpw_7e9260e925,它,pronoun,false,true,true,true
lp:31:word:1,31,1,就像,1,3,lpw_3a1a30dbb2,就像,other,false,false,false,false
lp:31:word:2,31,2,这样,3,5,lpw_b7fc681861,这样,other,false,false,true,true
lp:32:word:0,32,0,我把,0,2,lpw_5ebf3d1bfd,我把,other,false,false,false,false
lp:32:word:1,32,1,这,2,3,lpw_d409ab2ab3,这,pronoun,false,true,true,true
lp:32:word:2,32,2,幅,3,4,,幅,,,false,false,false
lp:32:word:3,32,3,杰作,4,6,,杰作,,,false,false,false
lp:32:word:4,32,4,给,6,7,lpw_6e55fb9d8a,给,other,false,true,true,true
lp:32:word:5,32,5,大人,7,9,lpw_44dd6014a5,大人,narrative_character,false,false,false,true
lp:32:word:6,32,6,看,9,10,lpw_61f43315f9,看,perception,false,false,false,true
lp:33:word:0,33,0,问,0,1,lpw_4628c0e06f,问,speech,false,false,true,true
lp:33:word:1,33,1,他们,1,3,lpw_10518f8f0a,他们,pronoun,false,true,true,true
lp:33:word:2,33,2,我,3,4,lpw_b70bb4acc0,我,pronoun,false,true,true,true
lp:33:word:3,33,3,的,4,5,lpw_8af2350cfd,的,function,false,true,true,true
lp:33:word:4,33,4,图画,5,7,,图画,,,false,false,false
lp:33:word:5,33,5,吓,7,8,,吓,,,false,false,false
lp:33:word:6,33,6,不,8,9,lpw_b02dfe2160,不,negation_modality,false,false,true,true
lp:33:word:7,33,7,吓,9,10,,吓,,,false,false,false
lp:33:word:8,33,8,人,10,11,lpw_50f5d65d57,人,other,false,true,true,true
lp:34:word:0,34,0,他们,0,2,lpw_10518f8f0a,他们,pronoun,false,true,true,true
lp:34:word:1,34,1,回答,2,4,lpw_f3f5126487,回答,speech,false,false,true,true
lp:34:word:2,34,2,说,4,5,lpw_ccca744613,说,speech,false,true,true,true
lp:35:word:0,35,0,一顶,1,3,,一顶,,,false,false,false
lp:35:word:1,35,1,帽子,3,5,,帽子,,,false,false,false
lp:35:word:2,35,2,怎么,5,7,lpw_5ee8091a38,怎么,interrogative,false,false,false,false
lp:35:word:3,35,3,会,7,8,lpw_5ba1e3c0eb,会,negation_modality,false,true,true,true
lp:35:word:4,35,4,吓,8,9,,吓,,,false,false,false
lp:35:word:5,35,5,人,9,10,lpw_50f5d65d57,人,other,false,true,true,true
lp:35:word:6,35,6,呢,10,11,lpw_02811cec0b,呢,function|interrogative,false,true,true,true
lp:36:word:0,36,0,我,0,1,lpw_b70bb4acc0,我,pronoun,false,true,true,true
lp:36:word:1,36,1,画,1,2,lpw_de9f18b00a,画,physical_action,true,false,false,false
lp:36:word:2,36,2,的,2,3,lpw_8af2350cfd,的,function,false,true,true,true
lp:36:word:3,36,3,不是,3,5,lpw_584cd0fcf3,不是,other,false,false,false,false
lp:36:word:4,36,4,一顶,5,7,,一顶,,,false,false,false
lp:36:word:5,36,5,帽子,7,9,,帽子,,,false,false,false
lp:37:word:0,37,0,我,0,1,lpw_b70bb4acc0,我,pronoun,false,true,true,true
lp:37:word:1,37,1,画,1,2,lpw_de9f18b00a,画,physical_action,true,false,false,false
lp:37:word:2,37,2,的是,2,4,lpw_5e1dc2a833,的是,other,false,false,false,false
lp:37:word:3,37,3,一条,4,6,,一条,,,false,false,false
lp:37:word:4,37,4,蟒蛇,6,8,lpw_7d2bda9879,蟒蛇,other,true,false,false,false
lp:37:word:5,37,5,在,8,9,lpw_12404a0b63,在,function,false,true,true,true
lp:37:word:6,37,6,消化,9,11,,消化,,,false,false,false
lp:37:word:7,37,7,大象,11,13,,大象,,,false,false,false
lp:38:word:0,38,0,于是,0,2,lpw_3617c85a66,于是,other,false,false,false,false
lp:38:word:1,38,1,我把,2,4,lpw_5ebf3d1bfd,我把,other,false,false,false,false
lp:38:word:2,38,2,蟒蛇,4,6,lpw_7d2bda9879,蟒蛇,other,true,false,false,false
lp:38:word:3,38,3,肚子,6,8,,肚子,,,false,false,false
lp:38:word:4,38,4,的,8,9,lpw_8af2350cfd,的,function,false,true,true,true
lp:38:word:5,38,5,内部,9,11,,内部,,,false,false,false
lp:38:word:6,38,6,画,11,12,lpw_de9f18b00a,画,physical_action,true,false,false,false
lp:38:word:7,38,7,出来,12,14,,出来,,,false,false,false
lp:39:word:0,39,0,好,0,1,lpw_f867f34178,好,other,false,false,true,true
lp:39:word:1,39,1,让,1,2,lpw_ad37574404,让,other,false,true,true,true
lp:39:word:2,39,2,这些,2,4,lpw_7a590a22cd,这些,function,false,false,false,true
lp:39:word:3,39,3,大人,4,6,lpw_44dd6014a5,大人,narrative_character,false,false,false,true
lp:39:word:4,39,4,看得,6,8,,看得,,,false,false,false
lp:39:word:5,39,5,明白,8,10,lpw_8e37cd5f7f,明白,cognition,false,false,false,false
lp:40:word:0,40,0,他们,0,2,lpw_10518f8f0a,他们,pronoun,false,true,true,true
lp:40:word:1,40,1,老是,2,4,,老是,,,false,false,false
lp:40:word:2,40,2,要,4,5,lpw_975f35218e,要,negation_modality,false,false,true,true
lp:40:word:3,40,3,人,5,6,lpw_50f5d65d57,人,other,false,true,true,true
lp:40:word:4,40,4,给,6,7,lpw_6e55fb9d8a,给,other,false,true,true,true
lp:40:word:5,40,5,他们,7,9,lpw_10518f8f0a,他们,pronoun,false,true,true,true
lp:40:word:6,40,6,解释,9,11,,解释,,,false,false,false
lp:41:word:0,41,0,我,0,1,lpw_b70bb4acc0,我,pronoun,false,true,true,true
lp:41:word:1,41,1,的,1,2,lpw_8af2350cfd,的,function,false,true,true,true
lp:41:word:2,41,2,作品,2,4,,作品,,,false,false,false
lp:41:word:3,41,3,二号,4,6,,二号,,,false,false,false
lp:41:word:4,41,4,是,6,7,lpw_b5141d3d19,是,function,false,true,true,true
lp:41:word:5,41,5,这样,7,9,lpw_b7fc681861,这样,other,false,false,true,true
lp:41:word:6,41,6,的,9,10,lpw_8af2350cfd,的,function,false,true,true,true
lp:42:word:0,42,0,那些,0,2,lpw_abd258db99,那些,function,false,false,false,true
lp:42:word:1,42,1,大人,2,4,lpw_44dd6014a5,大人,narrative_character,false,false,false,true
lp:42:word:2,42,2,劝,4,5,,劝,,,false,false,false
lp:42:word:3,42,3,我,5,6,lpw_b70bb4acc0,我,pronoun,false,true,true,true
lp:42:word:4,42,4,别再,6,8,,别再,,,false,false,false
lp:42:word:5,42,5,画,8,9,lpw_de9f18b00a,画,physical_action,true,false,false,false
lp:42:word:6,42,6,蟒蛇,9,11,lpw_7d2bda9879,蟒蛇,other,true,false,false,false
lp:43:word:0,43,0,甭,0,1,,甭,,,false,false,false
lp:43:word:1,43,1,管,1,2,,管,,,false,false,false
lp:43:word:2,43,2,它是,2,4,,它是,,,false,false,false
lp:43:word:3,43,3,剖,4,5,,剖,,,false,false,false
lp:43:word:4,43,4,开,5,6,lpw_39eae64cfc,开,other,true,false,false,false
lp:43:word:5,43,5,的,6,7,lpw_8af2350cfd,的,function,false,true,true,true
lp:44:word:0,44,0,还是,0,2,lpw_dfaa7d6f73,还是,other,false,false,false,false
lp:44:word:1,44,1,没,2,3,lpw_279e8b3573,没,negation_modality,false,false,true,true
lp:44:word:2,44,2,剖,3,4,,剖,,,false,false,false
lp:44:word:3,44,3,开,4,5,lpw_39eae64cfc,开,other,true,false,false,false
lp:44:word:4,44,4,的,5,6,lpw_8af2350cfd,的,function,false,true,true,true
lp:45:word:0,45,0,全都,0,2,,全都,,,false,false,false
lp:45:word:1,45,1,丢,2,3,,丢,,,false,false,false
lp:45:word:2,45,2,开,3,4,lpw_39eae64cfc,开,other,true,false,false,false
lp:46:word:0,46,0,他们,0,2,lpw_10518f8f0a,他们,pronoun,false,true,true,true
lp:46:word:1,46,1,说,2,3,lpw_ccca744613,说,speech,false,true,true,true
lp:47:word:0,47,0,我还是,0,3,,我还是,,,false,false,false
lp:47:word:1,47,1,把,3,4,lpw_2442748e41,把,function,false,false,true,true
lp:47:word:2,47,2,心思,4,6,,心思,,,false,false,false
lp:47:word:3,47,3,放在,6,8,,放在,,,false,false,false
lp:47:word:4,47,4,地理,8,10,,地理,,,false,false,false
lp:47:word:5,47,5,历史,11,13,,历史,,,false,false,false
lp:47:word:6,47,6,算术,14,16,,算术,,,false,false,false
lp:47:word:7,47,7,和,16,17,lpw_3d7114281f,和,function,false,false,true,true
lp:47:word:8,47,8,语法,17,19,,语法,,,false,false,false
lp:47:word:9,47,9,上,19,20,lpw_db5ba671d2,上,function,false,true,true,true
lp:47:word:10,47,10,好,20,21,lpw_f867f34178,好,other,false,false,true,true
lp:48:word:0,48,0,就,0,1,lpw_2f9d9872e5,就,function,false,true,true,true
lp:48:word:1,48,1,这样,1,3,lpw_b7fc681861,这样,other,false,false,true,true
lp:49:word:0,49,0,我,0,1,lpw_b70bb4acc0,我,pronoun,false,true,true,true
lp:49:word:1,49,1,才,1,2,,才,,,false,false,false
lp:49:word:2,49,2,六岁,2,4,,六岁,,,false,false,false
lp:50:word:0,50,0,就,0,1,lpw_2f9d9872e5,就,function,false,true,true,true
lp:50:word:1,50,1,放弃,1,3,,放弃,,,false,false,false
lp:50:word:2,50,2,了,3,4,lpw_b2dd27e84f,了,function,false,true,true,true
lp:50:word:3,50,3,辉煌,4,6,,辉煌,,,false,false,false
lp:50:word:4,50,4,的,6,7,lpw_8af2350cfd,的,function,false,true,true,true
lp:50:word:5,50,5,画家,7,9,,画家,,,false,false,false
lp:50:word:6,50,6,生涯,9,11,,生涯,,,false,false,false
lp:51:word:0,51,0,作品,0,2,,作品,,,false,false,false
lp:51:word:1,51,1,一号,2,4,,一号,,,false,false,false
lp:51:word:2,51,2,和,4,5,lpw_3d7114281f,和,function,false,false,true,true
lp:51:word:3,51,3,作品,5,7,,作品,,,false,false,false
lp:51:word:4,51,4,二号,7,9,,二号,,,false,false,false
lp:51:word:5,51,5,都没,9,11,,都没,,,false,false,false
lp:51:word:6,51,6,成功,11,13,,成功,,,false,false,false
lp:52:word:0,52,0,我,0,1,lpw_b70bb4acc0,我,pronoun,false,true,true,true
lp:52:word:1,52,1,泄了,1,3,,泄了,,,false,false,false
lp:52:word:2,52,2,气,3,4,,气,,,false,false,false
lp:53:word:0,53,0,那些,0,2,lpw_abd258db99,那些,function,false,false,false,true
lp:53:word:1,53,1,大人,2,4,lpw_44dd6014a5,大人,narrative_character,false,false,false,true
lp:53:word:2,53,2,自,4,5,,自,,,false,false,false
lp:53:word:3,53,3,个儿,5,7,,个儿,,,false,false,false
lp:53:word:4,53,4,什么,7,9,lpw_c1b52e0e64,什么,pronoun|interrogative,false,true,true,true
lp:53:word:5,53,5,也,9,10,lpw_658605835b,也,function,false,false,true,true
lp:53:word:6,53,6,弄,10,11,,弄,,,false,false,false
lp:53:word:7,53,7,不懂,11,13,,不懂,,,false,false,false
lp:54:word:0,54,0,老,0,1,,老,,,false,false,false
lp:54:word:1,54,1,要,1,2,lpw_975f35218e,要,negation_modality,false,false,true,true
lp:54:word:2,54,2,孩子,2,4,lpw_5f887419f4,孩子,narrative_character,true,false,false,false
lp:54:word:3,54,3,们,4,5,lpw_b4dcb3305a,们,other,false,false,false,false
lp:54:word:4,54,4,一遍,5,7,,一遍,,,false,false,false
lp:54:word:5,54,5,一遍,7,9,,一遍,,,false,false,false
lp:54:word:6,54,6,给,9,10,lpw_6e55fb9d8a,给,other,false,true,true,true
lp:54:word:7,54,7,他们,10,12,lpw_10518f8f0a,他们,pronoun,false,true,true,true
lp:54:word:8,54,8,解释,12,14,,解释,,,false,false,false
lp:55:word:0,55,0,真,0,1,lpw_827d018e1b,真,other,false,false,false,false
lp:55:word:1,55,1,烦,1,2,,烦,,,false,false,false
lp:55:word:2,55,2,人,2,3,lpw_50f5d65d57,人,other,false,true,true,true
lp:56:word:0,56,0,我,0,1,lpw_b70bb4acc0,我,pronoun,false,true,true,true
lp:56:word:1,56,1,只好,1,3,,只好,,,false,false,false
lp:56:word:2,56,2,另外,3,5,,另外,,,false,false,false
lp:56:word:3,56,3,选择,5,7,,选择,,,false,false,false
lp:56:word:4,56,4,一个,7,9,lpw_e1dbc1c99f,一个,function|time_quantity,false,true,true,true
lp:56:word:5,56,5,职业,9,11,,职业,,,false,false,false
lp:57:word:0,57,0,学会,0,2,,学会,,,false,false,false
lp:57:word:1,57,1,了,2,3,lpw_b2dd27e84f,了,function,false,true,true,true
lp:57:word:2,57,2,开,3,4,lpw_39eae64cfc,开,other,true,false,false,false
lp:57:word:3,57,3,飞机,4,6,lpw_c05f7cd6ed,飞机,concrete_entity,true,false,false,false
lp:58:word:0,58,0,世界,0,2,,世界,,,false,false,false
lp:58:word:1,58,1,各地,2,4,,各地,,,false,false,false
lp:58:word:2,58,2,我,4,5,lpw_b70bb4acc0,我,pronoun,false,true,true,true
lp:58:word:3,58,3,差不多,5,8,,差不多,,,false,false,false
lp:58:word:4,58,4,都,8,9,lpw_7eabb36ba1,都,function,false,false,true,true
lp:58:word:5,58,5,飞过,9,11,,飞过,,,false,false,false
lp:59:word:0,59,0,的确,0,2,,的确,,,false,false,false
lp:60:word:0,60,0,地理,0,2,,地理,,,false,false,false
lp:60:word:1,60,1,学,2,3,,学,,,false,false,false
lp:60:word:2,60,2,对,3,4,lpw_74570c7270,对,function,false,true,true,true
lp:60:word:3,60,3,我,4,5,lpw_b70bb4acc0,我,pronoun,false,true,true,true
lp:60:word:4,60,4,非常,5,7,lpw_2ccec3b419,非常,other,false,false,false,false
lp:60:word:5,60,5,有用,7,9,,有用,,,false,false,false
lp:61:word:0,61,0,我,0,1,lpw_b70bb4acc0,我,pronoun,false,true,true,true
lp:61:word:1,61,1,一眼,1,3,,一眼,,,false,false,false
lp:61:word:2,61,2,就,3,4,lpw_2f9d9872e5,就,function,false,true,true,true
lp:61:word:3,61,3,能,4,5,lpw_413c06bcef,能,other,false,false,false,false
lp:61:word:4,61,4,认出,5,7,,认出,,,false,false,false
lp:61:word:5,61,5,哪,7,8,,哪,,,false,false,false
lp:61:word:6,61,6,是,8,9,lpw_b5141d3d19,是,function,false,true,true,true
lp:61:word:7,61,7,中国,9,11,,中国,,,false,false,false
lp:62:word:0,62,0,哪,0,1,,哪,,,false,false,false
lp:62:word:1,62,1,是,1,2,lpw_b5141d3d19,是,function,false,true,true,true
lp:62:word:2,62,2,亚利桑那,2,6,,亚利桑那,,,false,false,false
lp:63:word:0,63,0,要是,0,2,lpw_467b2562ed,要是,function,false,false,false,true
lp:63:word:1,63,1,夜里,2,4,lpw_41f8d30e7f,夜里,other,false,false,false,false
lp:63:word:2,63,2,迷,4,5,,迷,,,false,false,false
lp:63:word:3,63,3,了,5,6,lpw_b2dd27e84f,了,function,false,true,true,true
lp:63:word:4,63,4,路,6,7,,路,,,false,false,false
lp:64:word:0,64,0,这,0,1,lpw_d409ab2ab3,这,pronoun,false,true,true,true
lp:64:word:1,64,1,很有,1,3,,很有,,,false,false,false
lp:64:word:2,64,2,用,3,4,lpw_04e45efb3b,用,other,false,false,false,true
lp:65:word:0,65,0,就,0,1,lpw_2f9d9872e5,就,function,false,true,true,true
lp:65:word:1,65,1,这样,1,3,lpw_b7fc681861,这样,other,false,false,true,true
lp:66:word:0,66,0,我,0,1,lpw_b70bb4acc0,我,pronoun,false,true,true,true
lp:66:word:1,66,1,这,1,2,lpw_d409ab2ab3,这,pronoun,false,true,true,true
lp:66:word:2,66,2,一生,2,4,,一生,,,false,false,false
lp:66:word:3,66,3,中,4,5,lpw_a567bdaa11,中,other,false,false,false,false
lp:67:word:0,67,0,跟,0,1,lpw_383a53d95c,跟,function,false,false,false,true
lp:67:word:1,67,1,好多,1,3,,好多,,,false,false,false
lp:67:word:2,67,2,严肃,3,5,,严肃,,,false,false,false
lp:67:word:3,67,3,的,5,6,lpw_8af2350cfd,的,function,false,true,true,true
lp:67:word:4,67,4,人,6,7,lpw_50f5d65d57,人,other,false,true,true,true
lp:67:word:5,67,5,打,7,8,,打,,,false,false,false
lp:67:word:6,67,6,过,8,9,lpw_f777893480,过,other,false,false,true,true
lp:67:word:7,67,7,好多,9,11,,好多,,,false,false,false
lp:67:word:8,67,8,交道,11,13,,交道,,,false,false,false
lp:68:word:0,68,0,我在,0,2,lpw_33f40475f8,我在,other,false,false,false,false
lp:68:word:1,68,1,那些,2,4,lpw_abd258db99,那些,function,false,false,false,true
lp:68:word:2,68,2,大人,4,6,lpw_44dd6014a5,大人,narrative_character,false,false,false,true
lp:68:word:3,68,3,中间,6,8,,中间,,,false,false,false
lp:68:word:4,68,4,生活,8,10,,生活,,,false,false,false
lp:68:word:5,68,5,过,10,11,lpw_f777893480,过,other,false,false,true,true
lp:68:word:6,68,6,很,11,12,lpw_f2b91797ea,很,other,false,true,true,true
lp:68:word:7,68,7,长,12,13,lpw_597ae23d84,长,other,false,false,false,false
lp:68:word:8,68,8,时间,13,15,lpw_8b6ff49851,时间,time_quantity,false,false,false,false
lp:69:word:0,69,0,我,0,1,lpw_b70bb4acc0,我,pronoun,false,true,true,true
lp:69:word:1,69,1,仔细,1,3,,仔细,,,false,false,false
lp:69:word:2,69,2,地,3,4,lpw_bdbd41e490,地,function,false,true,true,true
lp:69:word:3,69,3,观察,4,6,,观察,,,false,false,false
lp:69:word:4,69,4,过,6,7,lpw_f777893480,过,other,false,false,true,true
lp:69:word:5,69,5,他们,7,9,lpw_10518f8f0a,他们,pronoun,false,true,true,true
lp:70:word:0,70,0,观察,0,2,,观察,,,false,false,false
lp:70:word:1,70,1,下来,2,4,,下来,,,false,false,false
lp:70:word:2,70,2,印象,4,6,,印象,,,false,false,false
lp:70:word:3,70,3,并,6,7,,并,,,false,false,false
lp:70:word:4,70,4,没,7,8,lpw_279e8b3573,没,negation_modality,false,false,true,true
lp:70:word:5,70,5,好,8,9,lpw_f867f34178,好,other,false,false,true,true
lp:70:word:6,70,6,多少,9,11,,多少,,,false,false,false
lp:71:word:0,71,0,要是,0,2,lpw_467b2562ed,要是,function,false,false,false,true
lp:71:word:1,71,1,碰上,2,4,,碰上,,,false,false,false
lp:71:word:2,71,2,一个,4,6,lpw_e1dbc1c99f,一个,function|time_quantity,false,true,true,true
lp:71:word:3,71,3,人,6,7,lpw_50f5d65d57,人,other,false,true,true,true
lp:72:word:0,72,0,看上去,0,3,,看上去,,,false,false,false
lp:72:word:1,72,1,头脑,3,5,,头脑,,,false,false,false
lp:72:word:2,72,2,稍,5,6,,稍,,,false,false,false
lp:72:word:3,72,3,许,6,7,,许,,,false,false,false
lp:72:word:4,72,4,清楚,7,9,,清楚,,,false,false,false
lp:72:word:5,72,5,些,9,10,lpw_af76fed85c,些,other,false,false,false,false
lp:73:word:0,73,0,我,0,1,lpw_b70bb4acc0,我,pronoun,false,true,true,true
lp:73:word:1,73,1,就,1,2,lpw_2f9d9872e5,就,function,false,true,true,true
lp:73:word:2,73,2,拿出,2,4,,拿出,,,false,false,false
lp:73:word:3,73,3,一直,4,6,,一直,,,false,false,false
lp:73:word:4,73,4,保存,6,8,,保存,,,false,false,false
lp:73:word:5,73,5,着,8,9,lpw_9e5bf0d2d9,着,function,false,true,true,true
lp:73:word:6,73,6,的,9,10,lpw_8af2350cfd,的,function,false,true,true,true
lp:73:word:7,73,7,作品,10,12,,作品,,,false,false,false
lp:73:word:8,73,8,一号,12,14,,一号,,,false,false,false
lp:74:word:0,74,0,让,0,1,lpw_ad37574404,让,other,false,true,true,true
lp:74:word:1,74,1,他,1,2,lpw_8b7b91e000,他,pronoun,false,true,true,true
lp:74:word:2,74,2,试试看,2,5,,试试看,,,false,false,false
lp:75:word:0,75,0,我想,0,2,lpw_42230da180,我想,other,false,false,false,false
lp:75:word:1,75,1,知道,2,4,lpw_d7b6472b11,知道,cognition,false,false,true,true
lp:76:word:0,76,0,他,0,1,lpw_8b7b91e000,他,pronoun,false,true,true,true
lp:76:word:1,76,1,是不是,1,4,,是不是,,,false,false,false
lp:76:word:2,76,2,真的,4,6,,真的,,,false,false,false
lp:76:word:3,76,3,能,6,7,lpw_413c06bcef,能,other,false,false,false,false
lp:76:word:4,76,4,看懂,7,9,,看懂,,,false,false,false
lp:77:word:0,77,0,可是,0,2,lpw_38ca4a9c76,可是,function,false,false,true,true
lp:77:word:1,77,1,人家,2,4,,人家,,,false,false,false
lp:77:word:2,77,2,总是,4,6,,总是,,,false,false,false
lp:77:word:3,77,3,回答,6,8,lpw_f3f5126487,回答,speech,false,false,true,true
lp:77:word:4,77,4,我,8,9,lpw_b70bb4acc0,我,pronoun,false,true,true,true
lp:78:word:0,78,0,这,1,2,lpw_d409ab2ab3,这,pronoun,false,true,true,true
lp:78:word:1,78,1,是,2,3,lpw_b5141d3d19,是,function,false,true,true,true
lp:78:word:2,78,2,一顶,3,5,,一顶,,,false,false,false
lp:78:word:3,78,3,帽子,5,7,,帽子,,,false,false,false
lp:79:word:0,79,0,这,0,1,lpw_d409ab2ab3,这,pronoun,false,true,true,true
lp:79:word:1,79,1,时候,1,3,lpw_5484678be4,时候,other,false,false,false,false
lp:80:word:0,80,0,我,0,1,lpw_b70bb4acc0,我,pronoun,false,true,true,true
lp:80:word:1,80,1,就不,1,3,,就不,,,false,false,false
lp:80:word:2,80,2,跟,3,4,lpw_383a53d95c,跟,function,false,false,false,true
lp:80:word:3,80,3,他,4,5,lpw_8b7b91e000,他,pronoun,false,true,true,true
lp:80:word:4,80,4,说,5,6,lpw_ccca744613,说,speech,false,true,true,true
lp:80:word:5,80,5,什么,6,8,lpw_c1b52e0e64,什么,pronoun|interrogative,false,true,true,true
lp:80:word:6,80,6,蟒蛇,8,10,lpw_7d2bda9879,蟒蛇,other,true,false,false,false
lp:80:word:7,80,7,啊,10,11,lpw_7c2c50fbaf,啊,function,false,false,false,false
lp:81:word:0,81,0,原始森林,0,4,,原始森林,,,false,false,false
lp:81:word:1,81,1,啊,4,5,lpw_7c2c50fbaf,啊,function,false,false,false,false
lp:82:word:0,82,0,星星,0,2,lpw_6a9fec7faf,星星,concrete_entity,false,true,true,true
lp:82:word:1,82,1,啊,2,3,lpw_7c2c50fbaf,啊,function,false,false,false,false
lp:83:word:0,83,0,都不,0,2,,都不,,,false,false,false
lp:83:word:1,83,1,说,2,3,lpw_ccca744613,说,speech,false,true,true,true
lp:83:word:2,83,2,了,3,4,lpw_b2dd27e84f,了,function,false,true,true,true
lp:84:word:0,84,0,我,0,1,lpw_b70bb4acc0,我,pronoun,false,true,true,true
lp:84:word:1,84,1,就,1,2,lpw_2f9d9872e5,就,function,false,true,true,true
lp:84:word:2,84,2,说,2,3,lpw_ccca744613,说,speech,false,true,true,true
lp:84:word:3,84,3,些,3,4,lpw_af76fed85c,些,other,false,false,false,false
lp:84:word:4,84,4,他,4,5,lpw_8b7b91e000,他,pronoun,false,true,true,true
lp:84:word:5,84,5,能,5,6,lpw_413c06bcef,能,other,false,false,false,false
lp:84:word:6,84,6,懂,6,7,,懂,,,false,false,false
lp:84:word:7,84,7,的,7,8,lpw_8af2350cfd,的,function,false,true,true,true
lp:84:word:8,84,8,事情,8,10,lpw_e66d9fac19,事情,other,false,false,false,false
lp:85:word:0,85,0,我,0,1,lpw_b70bb4acc0,我,pronoun,false,true,true,true
lp:85:word:1,85,1,跟,1,2,lpw_383a53d95c,跟,function,false,false,false,true
lp:85:word:2,85,2,他,2,3,lpw_8b7b91e000,他,pronoun,false,true,true,true
lp:85:word:3,85,3,说,3,4,lpw_ccca744613,说,speech,false,true,true,true
lp:85:word:4,85,4,桥,4,5,,桥,,,false,false,false
lp:86:word:0,86,0,高尔夫,0,3,,高尔夫,,,false,false,false
lp:87:word:0,87,0,政治,0,2,,政治,,,false,false,false
lp:88:word:0,88,0,还有,0,2,lpw_83eec76b39,还有,other,false,false,false,false
lp:88:word:1,88,1,领带,2,4,,领带,,,false,false,false
lp:89:word:0,89,0,于是,0,2,lpw_3617c85a66,于是,other,false,false,false,false
lp:89:word:1,89,1,大人,2,4,lpw_44dd6014a5,大人,narrative_character,false,false,false,true
lp:89:word:2,89,2,觉得,4,6,lpw_78c82d9f41,觉得,cognition,false,false,false,true
lp:89:word:3,89,3,很,6,7,lpw_f2b91797ea,很,other,false,true,true,true
lp:89:word:4,89,4,高兴,7,9,,高兴,,,false,false,false
lp:90:word:0,90,0,认识,0,2,,认识,,,false,false,false
lp:90:word:1,90,1,了,2,3,lpw_b2dd27e84f,了,function,false,true,true,true
lp:90:word:2,90,2,这么,3,5,lpw_7677ca84c6,这么,other,false,false,false,true
lp:90:word:3,90,3,个,5,6,lpw_3a116815bc,个,other,false,false,true,true
lp:90:word:4,90,4,通,6,7,,通,,,false,false,false
lp:90:word:5,90,5,情,7,8,,情,,,false,false,false
lp:90:word:6,90,6,达,8,9,,达,,,false,false,false
lp:90:word:7,90,7,理,9,10,,理,,,false,false,false
lp:90:word:8,90,8,的,10,11,lpw_8af2350cfd,的,function,false,true,true,true
lp:90:word:9,90,9,人,11,12,lpw_50f5d65d57,人,other,false,true,true,true
lp:92:word:0,92,0,我,0,1,lpw_b70bb4acc0,我,pronoun,false,true,true,true
lp:92:word:1,92,1,孤独,1,3,,孤独,,,false,false,false
lp:92:word:2,92,2,地,3,4,lpw_bdbd41e490,地,function,false,true,true,true
lp:92:word:3,92,3,生活,4,6,,生活,,,false,false,false
lp:92:word:4,92,4,着,6,7,lpw_9e5bf0d2d9,着,function,false,true,true,true
lp:93:word:0,93,0,没有,0,2,lpw_f127804b92,没有,negation_modality,false,false,true,true
lp:93:word:1,93,1,一个,2,4,lpw_e1dbc1c99f,一个,function|time_quantity,false,true,true,true
lp:93:word:2,93,2,真正,4,6,,真正,,,false,false,false
lp:93:word:3,93,3,谈得来,6,9,,谈得来,,,false,false,false
lp:93:word:4,93,4,的,9,10,lpw_8af2350cfd,的,function,false,true,true,true
lp:93:word:5,93,5,人,10,11,lpw_50f5d65d57,人,other,false,true,true,true
lp:94:word:0,94,0,直到,0,2,,直到,,,false,false,false
lp:94:word:1,94,1,六年,2,4,,六年,,,false,false,false
lp:94:word:2,94,2,前,4,5,,前,,,false,false,false
lp:95:word:0,95,0,有,0,1,lpw_90ce0f66f0,有,other,false,true,true,true
lp:95:word:1,95,1,一次,1,3,,一次,,,false,false,false
lp:95:word:2,95,2,飞机,3,5,lpw_c05f7cd6ed,飞机,concrete_entity,true,false,false,false
lp:95:word:3,95,3,出了,5,7,,出了,,,false,false,false
lp:95:word:4,95,4,故障,7,9,,故障,,,false,false,false
lp:96:word:0,96,0,降落在,0,3,,降落在,,,false,false,false
lp:96:word:1,96,1,撒哈拉,3,6,,撒哈拉,,,false,false,false
lp:96:word:2,96,2,大,6,7,lpw_7d4ca7f48e,大,other,false,false,false,false
lp:96:word:3,96,3,沙漠,7,9,lpw_4fbf406572,沙漠,place,false,false,false,true
lp:97:word:0,97,0,发动,0,2,,发动,,,false,false,false
lp:97:word:1,97,1,机,2,3,,机,,,false,false,false
lp:97:word:2,97,2,里,3,4,lpw_79f43de6e3,里,function,false,false,true,true
lp:97:word:3,97,3,有样,4,6,,有样,,,false,false,false
lp:97:word:4,97,4,什么东西,6,10,,什么东西,,,false,false,false
lp:97:word:5,97,5,碎,10,11,,碎,,,false,false,false
lp:97:word:6,97,6,掉了,11,13,,掉了,,,false,false,false
lp:98:word:0,98,0,因为,0,2,lpw_795cfc96d4,因为,function,false,false,true,true
lp:98:word:1,98,1,我,2,3,lpw_b70bb4acc0,我,pronoun,false,true,true,true
lp:98:word:2,98,2,身边,3,5,,身边,,,false,false,false
lp:98:word:3,98,3,既,5,6,,既,,,false,false,false
lp:98:word:4,98,4,没有,6,8,lpw_f127804b92,没有,negation_modality,false,false,true,true
lp:98:word:5,98,5,机械,8,10,,机械,,,false,false,false
lp:98:word:6,98,6,师,10,11,,师,,,false,false,false
lp:99:word:0,99,0,也没有,0,3,,也没有,,,false,false,false
lp:99:word:1,99,1,乘客,3,5,,乘客,,,false,false,false
lp:100:word:0,100,0,我,0,1,lpw_b70bb4acc0,我,pronoun,false,true,true,true
lp:100:word:1,100,1,就,1,2,lpw_2f9d9872e5,就,function,false,true,true,true
lp:100:word:2,100,2,打算,2,4,,打算,,,false,false,false
lp:100:word:3,100,3,单枪匹马,4,8,,单枪匹马,,,false,false,false
lp:100:word:4,100,4,来,8,9,lpw_6d8229118c,来,physical_action,false,true,true,true
lp:100:word:5,100,5,完成,9,11,,完成,,,false,false,false
lp:100:word:6,100,6,一项,11,13,,一项,,,false,false,false
lp:100:word:7,100,7,困难,13,15,,困难,,,false,false,false
lp:100:word:8,100,8,的,15,16,lpw_8af2350cfd,的,function,false,true,true,true
lp:100:word:9,100,9,修复,16,18,,修复,,,false,false,false
lp:100:word:10,100,10,工作,18,20,,工作,,,false,false,false
lp:101:word:0,101,0,这,0,1,lpw_d409ab2ab3,这,pronoun,false,true,true,true
lp:101:word:1,101,1,在,1,2,lpw_12404a0b63,在,function,false,true,true,true
lp:101:word:2,101,2,我是,2,4,lpw_06ba27715e,我是,other,false,false,false,false
lp:101:word:3,101,3,个,4,5,lpw_3a116815bc,个,other,false,false,true,true
lp:101:word:4,101,4,生死,5,7,,生死,,,false,false,false
lp:101:word:5,101,5,攸关,7,9,,攸关,,,false,false,false
lp:101:word:6,101,6,的,9,10,lpw_8af2350cfd,的,function,false,true,true,true
lp:101:word:7,101,7,问题,10,12,lpw_33a8618cb6,问题,other,false,false,false,false
lp:102:word:0,102,0,我,0,1,lpw_b70bb4acc0,我,pronoun,false,true,true,true
lp:102:word:1,102,1,带,1,2,,带,,,false,false,false
lp:102:word:2,102,2,的,2,3,lpw_8af2350cfd,的,function,false,true,true,true
lp:102:word:3,102,3,水,3,4,lpw_327b54d04f,水,concrete_entity,false,false,false,false
lp:102:word:4,102,4,只够,4,6,,只够,,,false,false,false
lp:102:word:5,102,5,喝,6,7,,喝,,,false,false,false
lp:102:word:6,102,6,一星期,7,10,,一星期,,,false,false,false
lp:102:word:7,102,7,了,10,11,lpw_b2dd27e84f,了,function,false,true,true,true
lp:103:word:0,103,0,第一,0,2,,第一,,,false,false,false
lp:103:word:1,103,1,天,2,3,lpw_49da61ceee,天,other,false,false,false,true
lp:103:word:2,103,2,晚上,3,5,lpw_a9b1124b34,晚上,time_quantity,false,false,false,false
lp:104:word:0,104,0,我,0,1,lpw_b70bb4acc0,我,pronoun,false,true,true,true
lp:104:word:1,104,1,睡在,1,3,,睡在,,,false,false,false
lp:104:word:2,104,2,这,3,4,lpw_d409ab2ab3,这,pronoun,false,true,true,true
lp:104:word:3,104,3,片,4,5,,片,,,false,false,false
lp:104:word:4,104,4,远离,5,7,,远离,,,false,false,false
lp:104:word:5,104,5,人,7,8,lpw_50f5d65d57,人,other,false,true,true,true
lp:104:word:6,104,6,烟,8,9,,烟,,,false,false,false
lp:104:word:7,104,7,的,9,10,lpw_8af2350cfd,的,function,false,true,true,true
lp:104:word:8,104,8,大,10,11,lpw_7d4ca7f48e,大,other,false,false,false,false
lp:104:word:9,104,9,沙漠,11,13,lpw_4fbf406572,沙漠,place,false,false,false,true
lp:104:word:10,104,10,上,13,14,lpw_db5ba671d2,上,function,false,true,true,true
lp:105:word:0,105,0,比,0,1,lpw_ab158a8483,比,other,false,false,false,false
lp:105:word:1,105,1,靠,1,2,,靠,,,false,false,false
lp:105:word:2,105,2,一块,2,4,,一块,,,false,false,false
lp:105:word:3,105,3,船板,4,6,,船板,,,false,false,false
lp:105:word:4,105,4,在,6,7,lpw_12404a0b63,在,function,false,true,true,true
lp:105:word:5,105,5,大海,7,9,,大海,,,false,false,false
lp:105:word:6,105,6,中,9,10,lpw_a567bdaa11,中,other,false,false,false,false
lp:105:word:7,105,7,漂流,10,12,,漂流,,,false,false,false
lp:105:word:8,105,8,的,12,13,lpw_8af2350cfd,的,function,false,true,true,true
lp:105:word:9,105,9,遇难,13,15,,遇难,,,false,false,false
lp:105:word:10,105,10,者,15,16,,者,,,false,false,false
lp:105:word:11,105,11,还,16,17,lpw_1bc709b8bf,还,other,false,false,false,true
lp:105:word:12,105,12,孤独,17,19,,孤独,,,false,false,false
lp:106:word:0,106,0,所以,0,2,lpw_a2f7e42081,所以,function,false,false,false,false
lp:107:word:0,107,0,当天,0,2,,当天,,,false,false,false
lp:107:word:1,107,1,蒙蒙,2,4,,蒙蒙,,,false,false,false
lp:107:word:2,107,2,亮,4,5,,亮,,,false,false,false
lp:108:word:0,108,0,有,0,1,lpw_90ce0f66f0,有,other,false,true,true,true
lp:108:word:1,108,1,个,1,2,lpw_3a116815bc,个,other,false,false,true,true
lp:108:word:2,108,2,奇怪,2,4,,奇怪,,,false,false,false
lp:108:word:3,108,3,的,4,5,lpw_8af2350cfd,的,function,false,true,true,true
lp:108:word:4,108,4,声音,5,7,lpw_473400815c,声音,other,false,false,false,false
lp:108:word:5,108,5,轻轻,7,9,,轻轻,,,false,false,false
lp:108:word:6,108,6,把,9,10,lpw_2442748e41,把,function,false,false,true,true
lp:108:word:7,108,7,我,10,11,lpw_b70bb4acc0,我,pronoun,false,true,true,true
lp:108:word:8,108,8,喊醒,11,13,,喊醒,,,false,false,false
lp:108:word:9,108,9,的,13,14,lpw_8af2350cfd,的,function,false,true,true,true
lp:108:word:10,108,10,时候,14,16,lpw_5484678be4,时候,other,false,false,false,false
lp:109:word:0,109,0,你们,0,2,lpw_8a5d477bda,你们,pronoun,false,false,true,true
lp:109:word:1,109,1,可以,2,4,lpw_0ef5c86fab,可以,negation_modality,false,false,false,true
lp:109:word:2,109,2,想象,4,6,,想象,,,false,false,false
lp:109:word:3,109,3,我有,6,8,lpw_59cbe38d1c,我有,other,false,false,false,false
lp:109:word:4,109,4,多么,8,10,,多么,,,false,false,false
lp:109:word:5,109,5,惊讶,10,12,,惊讶,,,false,false,false
lp:110:word:0,110,0,这个,0,2,lpw_979e2bc35b,这个,function,false,false,true,true
lp:110:word:1,110,1,声音,2,4,lpw_473400815c,声音,other,false,false,false,false
lp:110:word:2,110,2,说,4,5,lpw_ccca744613,说,speech,false,true,true,true
lp:111:word:0,111,0,对不起,1,4,,对不起,,,false,false,false
lp:112:word:0,112,0,请,0,1,lpw_88d5840fab,请,other,false,false,false,false
lp:112:word:1,112,1,给,1,2,lpw_6e55fb9d8a,给,other,false,true,true,true
lp:112:word:2,112,2,我,2,3,lpw_b70bb4acc0,我,pronoun,false,true,true,true
lp:112:word:3,112,3,画,3,4,lpw_de9f18b00a,画,physical_action,true,false,false,false
lp:112:word:4,112,4,只,4,5,lpw_409e2c3882,只,function,false,false,true,true
lp:112:word:5,112,5,绵羊,5,7,lpw_238b95ae07,羊,concrete_entity,true,false,false,false
lp:113:word:0,113,0,嗯,1,2,,嗯,,,false,false,false
lp:114:word:0,114,0,请,1,2,lpw_88d5840fab,请,other,false,false,false,false
lp:114:word:1,114,1,给,2,3,lpw_6e55fb9d8a,给,other,false,true,true,true
lp:114:word:2,114,2,我,3,4,lpw_b70bb4acc0,我,pronoun,false,true,true,true
lp:114:word:3,114,3,画,4,5,lpw_de9f18b00a,画,physical_action,true,false,false,false
lp:114:word:4,114,4,只,5,6,lpw_409e2c3882,只,function,false,false,true,true
lp:114:word:5,114,5,绵羊,6,8,lpw_238b95ae07,羊,concrete_entity,true,false,false,false
lp:115:word:0,115,0,我像,0,2,,我像,,,false,false,false
lp:115:word:1,115,1,遭,2,3,,遭,,,false,false,false
lp:115:word:2,115,2,了,3,4,lpw_b2dd27e84f,了,function,false,true,true,true
lp:115:word:3,115,3,雷,4,5,,雷,,,false,false,false
lp:115:word:4,115,4,击,5,6,,击,,,false,false,false
lp:115:word:5,115,5,似的,6,8,,似的,,,false,false,false
lp:116:word:0,116,0,猛,0,1,,猛,,,false,false,false
lp:116:word:1,116,1,地,1,2,lpw_bdbd41e490,地,function,false,true,true,true
lp:116:word:2,116,2,一下子,2,5,,一下子,,,false,false,false
lp:116:word:3,116,3,跳了,5,7,,跳了,,,false,false,false
lp:116:word:4,116,4,起来,7,9,lpw_b8a694b2df,起来,other,false,false,false,true
lp:117:word:0,117,0,我,0,1,lpw_b70bb4acc0,我,pronoun,false,true,true,true
lp:117:word:1,117,1,使劲,1,3,,使劲,,,false,false,false
lp:117:word:2,117,2,地,3,4,lpw_bdbd41e490,地,function,false,true,true,true
lp:117:word:3,117,3,揉,4,5,,揉,,,false,false,false
lp:117:word:4,117,4,了,5,6,lpw_b2dd27e84f,了,function,false,true,true,true
lp:117:word:5,117,5,揉,6,7,,揉,,,false,false,false
lp:117:word:6,117,6,眼睛,7,9,,眼睛,,,false,false,false
lp:118:word:0,118,0,仔细,0,2,,仔细,,,false,false,false
lp:118:word:1,118,1,地,2,3,lpw_bdbd41e490,地,function,false,true,true,true
lp:118:word:2,118,2,看了,3,5,,看了,,,false,false,false
lp:118:word:3,118,3,看,5,6,lpw_61f43315f9,看,perception,false,false,false,true
lp:119:word:0,119,0,只,0,1,lpw_409e2c3882,只,function,false,false,true,true
lp:119:word:1,119,1,见,1,2,,见,,,false,false,false
lp:119:word:2,119,2,一个,2,4,lpw_e1dbc1c99f,一个,function|time_quantity,false,true,true,true
lp:119:word:3,119,3,从,4,5,lpw_2719a8ea30,从,function,false,false,false,true
lp:119:word:4,119,4,没,5,6,lpw_279e8b3573,没,negation_modality,false,false,true,true
lp:119:word:5,119,5,见过,6,8,,见过,,,false,false,false
lp:119:word:6,119,6,的,8,9,lpw_8af2350cfd,的,function,false,true,true,true
lp:119:word:7,119,7,小人儿,9,12,,小人儿,,,false,false,false
lp:120:word:0,120,0,正,0,1,lpw_d657ee1d4a,正,other,true,false,false,false
lp:120:word:1,120,1,一本,1,3,,一本,,,false,false,false
lp:120:word:2,120,2,正经,3,5,,正经,,,false,false,false
lp:120:word:3,120,3,地,5,6,lpw_bdbd41e490,地,function,false,true,true,true
lp:120:word:4,120,4,看,6,7,lpw_61f43315f9,看,perception,false,false,false,true
lp:120:word:5,120,5,着,7,8,lpw_9e5bf0d2d9,着,function,false,true,true,true
lp:120:word:6,120,6,我,8,9,lpw_b70bb4acc0,我,pronoun,false,true,true,true
lp:120:word:7,120,7,呢,9,10,lpw_02811cec0b,呢,function|interrogative,false,true,true,true
lp:121:word:0,121,0,后来,0,2,,后来,,,false,false,false
lp:121:word:1,121,1,我,2,3,lpw_b70bb4acc0,我,pronoun,false,true,true,true
lp:121:word:2,121,2,给,3,4,lpw_6e55fb9d8a,给,other,false,true,true,true
lp:121:word:3,121,3,他,4,5,lpw_8b7b91e000,他,pronoun,false,true,true,true
lp:121:word:4,121,4,画,5,6,lpw_de9f18b00a,画,physical_action,true,false,false,false
lp:121:word:5,121,5,了,6,7,lpw_b2dd27e84f,了,function,false,true,true,true
lp:121:word:6,121,6,一幅,7,9,,一幅,,,false,false,false
lp:121:word:7,121,7,非常,9,11,lpw_2ccec3b419,非常,other,false,false,false,false
lp:121:word:8,121,8,出色,11,13,,出色,,,false,false,false
lp:121:word:9,121,9,的,13,14,lpw_8af2350cfd,的,function,false,true,true,true
lp:121:word:10,121,10,肖像,14,16,,肖像,,,false,false,false
lp:122:word:0,122,0,就是,0,2,lpw_88aa006eb3,就是,other,false,false,true,true
lp:122:word:1,122,1,旁边,2,4,,旁边,,,false,false,false
lp:122:word:2,122,2,的,4,5,lpw_8af2350cfd,的,function,false,true,true,true
lp:122:word:3,122,3,这,5,6,lpw_d409ab2ab3,这,pronoun,false,true,true,true
lp:122:word:4,122,4,幅,6,7,,幅,,,false,false,false
lp:123:word:0,123,0,不过,0,2,lpw_72113362c6,不过,function,false,false,false,true
lp:123:word:1,123,1,我,2,3,lpw_b70bb4acc0,我,pronoun,false,true,true,true
lp:123:word:2,123,2,的,3,4,lpw_8af2350cfd,的,function,false,true,true,true
lp:123:word:3,123,3,画,4,5,lpw_de9f18b00a,画,physical_action,true,false,false,false
lp:124:word:0,124,0,当然,0,2,lpw_0002e2d87f,当然,other,false,false,false,false
lp:124:word:1,124,1,远远,2,4,,远远,,,false,false,false
lp:124:word:2,124,2,不及,4,6,,不及,,,false,false,false
lp:124:word:3,124,3,本人,6,8,,本人,,,false,false,false
lp:124:word:4,124,4,可爱,8,10,,可爱,,,false,false,false
lp:125:word:0,125,0,这,0,1,lpw_d409ab2ab3,这,pronoun,false,true,true,true
lp:125:word:1,125,1,不是,1,3,lpw_584cd0fcf3,不是,other,false,false,false,false
lp:125:word:2,125,2,我,3,4,lpw_b70bb4acc0,我,pronoun,false,true,true,true
lp:125:word:3,125,3,的,4,5,lpw_8af2350cfd,的,function,false,true,true,true
lp:125:word:4,125,4,错,5,6,,错,,,false,false,false
lp:126:word:0,126,0,我,0,1,lpw_b70bb4acc0,我,pronoun,false,true,true,true
lp:126:word:1,126,1,的,1,2,lpw_8af2350cfd,的,function,false,true,true,true
lp:126:word:2,126,2,画家,2,4,,画家,,,false,false,false
lp:126:word:3,126,3,生涯,4,6,,生涯,,,false,false,false
lp:126:word:4,126,4,在,6,7,lpw_12404a0b63,在,function,false,true,true,true
lp:126:word:5,126,5,六岁,7,9,,六岁,,,false,false,false
lp:126:word:6,126,6,那,9,10,lpw_5a2362a202,那,pronoun,false,true,true,true
lp:126:word:7,126,7,年,10,11,,年,,,false,false,false
lp:126:word:8,126,8,就,11,12,lpw_2f9d9872e5,就,function,false,true,true,true
lp:126:word:9,126,9,让,12,13,lpw_ad37574404,让,other,false,true,true,true
lp:126:word:10,126,10,大人,13,15,lpw_44dd6014a5,大人,narrative_character,false,false,false,true
lp:126:word:11,126,11,给,15,16,lpw_6e55fb9d8a,给,other,false,true,true,true
lp:126:word:12,126,12,断,16,17,,断,,,false,false,false
lp:126:word:13,126,13,送,17,18,,送,,,false,false,false
lp:126:word:14,126,14,了,18,19,lpw_b2dd27e84f,了,function,false,true,true,true
lp:127:word:0,127,0,除了,0,2,,除了,,,false,false,false
lp:127:word:1,127,1,画,2,3,lpw_de9f18b00a,画,physical_action,true,false,false,false
lp:127:word:2,127,2,剖,3,4,,剖,,,false,false,false
lp:127:word:3,127,3,开,4,5,lpw_39eae64cfc,开,other,true,false,false,false
lp:127:word:4,127,4,和,5,6,lpw_3d7114281f,和,function,false,false,true,true
lp:127:word:5,127,5,不,6,7,lpw_b02dfe2160,不,negation_modality,false,false,true,true
lp:127:word:6,127,6,剖,7,8,,剖,,,false,false,false
lp:127:word:7,127,7,开,8,9,lpw_39eae64cfc,开,other,true,false,false,false
lp:127:word:8,127,8,的,9,10,lpw_8af2350cfd,的,function,false,true,true,true
lp:127:word:9,127,9,蟒蛇,10,12,lpw_7d2bda9879,蟒蛇,other,true,false,false,false
lp:128:word:0,128,0,后来,0,2,,后来,,,false,false,false
lp:128:word:1,128,1,再没,2,4,,再没,,,false,false,false
lp:128:word:2,128,2,画,4,5,lpw_de9f18b00a,画,physical_action,true,false,false,false
lp:128:word:3,128,3,过,5,6,lpw_f777893480,过,other,false,false,true,true
lp:128:word:4,128,4,什么,6,8,lpw_c1b52e0e64,什么,pronoun|interrogative,false,true,true,true
lp:129:word:0,129,0,我,0,1,lpw_b70bb4acc0,我,pronoun,false,true,true,true
lp:129:word:1,129,1,吃惊,1,3,,吃惊,,,false,false,false
lp:129:word:2,129,2,地,3,4,lpw_bdbd41e490,地,function,false,true,true,true
lp:129:word:3,129,3,瞪,4,5,,瞪,,,false,false,false
lp:129:word:4,129,4,大,5,6,lpw_7d4ca7f48e,大,other,false,false,false,false
lp:129:word:5,129,5,眼睛,6,8,,眼睛,,,false,false,false
lp:129:word:6,129,6,瞧,8,9,,瞧,,,false,false,false
lp:129:word:7,129,7,着,9,10,lpw_9e5bf0d2d9,着,function,false,true,true,true
lp:129:word:8,129,8,他,10,11,lpw_8b7b91e000,他,pronoun,false,true,true,true
lp:130:word:0,130,0,你们,0,2,lpw_8a5d477bda,你们,pronoun,false,false,true,true
lp:130:word:1,130,1,别,2,3,,别,,,false,false,false
lp:130:word:2,130,2,忘记,3,5,,忘记,,,false,false,false
lp:131:word:0,131,0,这儿,0,2,lpw_19a29e87c9,这儿,other,false,false,true,true
lp:131:word:1,131,1,离,2,3,,离,,,false,false,false
lp:131:word:2,131,2,有人,3,5,,有人,,,false,false,false
lp:131:word:3,131,3,住,5,6,lpw_cbba0a98ab,住,other,false,false,false,false
lp:131:word:4,131,4,的,6,7,lpw_8af2350cfd,的,function,false,true,true,true
lp:131:word:5,131,5,地方,7,9,lpw_1462a7d853,地方,other,false,false,false,true
lp:131:word:6,131,6,好,9,10,lpw_f867f34178,好,other,false,false,true,true
lp:131:word:7,131,7,远,10,11,lpw_057c8f7842,远,other,false,false,false,false
lp:131:word:8,131,8,好,11,12,lpw_f867f34178,好,other,false,false,true,true
lp:131:word:9,131,9,远,12,13,lpw_057c8f7842,远,other,false,false,false,false
lp:131:word:10,131,10,呢,13,14,lpw_02811cec0b,呢,function|interrogative,false,true,true,true
lp:132:word:0,132,0,可是,0,2,lpw_38ca4a9c76,可是,function,false,false,true,true
lp:132:word:1,132,1,这个,2,4,lpw_979e2bc35b,这个,function,false,false,true,true
lp:132:word:2,132,2,小人儿,4,7,,小人儿,,,false,false,false
lp:133:word:0,133,0,看上去,0,3,,看上去,,,false,false,false
lp:133:word:1,133,1,并不,3,5,lpw_5b693ea232,并不,other,false,false,false,false
lp:133:word:2,133,2,像,5,6,lpw_cf8cedd58b,像,other,false,false,false,true
lp:133:word:3,133,3,迷,6,7,,迷,,,false,false,false
lp:133:word:4,133,4,了,7,8,lpw_b2dd27e84f,了,function,false,true,true,true
lp:133:word:5,133,5,路,8,9,,路,,,false,false,false
lp:134:word:0,134,0,也不,0,2,lpw_941252022a,也不,other,false,false,false,false
lp:134:word:1,134,1,像,2,3,lpw_cf8cedd58b,像,other,false,false,false,true
lp:134:word:2,134,2,累,3,4,,累,,,false,false,false
lp:134:word:3,134,3,得,4,5,lpw_71b1ed1114,得,function,false,false,true,true
lp:134:word:4,134,4,要命,5,7,,要命,,,false,false,false
lp:134:word:5,134,5,饿,8,9,,饿,,,false,false,false
lp:134:word:6,134,6,得,9,10,lpw_71b1ed1114,得,function,false,false,true,true
lp:134:word:7,134,7,要命,10,12,,要命,,,false,false,false
lp:134:word:8,134,8,渴得,13,15,,渴得,,,false,false,false
lp:134:word:9,134,9,要命,15,17,,要命,,,false,false,false
lp:134:word:10,134,10,或,17,18,,或,,,false,false,false
lp:134:word:11,134,11,怕得要命,18,22,,怕得要命,,,false,false,false
lp:135:word:0,135,0,他,0,1,lpw_8b7b91e000,他,pronoun,false,true,true,true
lp:135:word:1,135,1,一点,1,3,lpw_148b16e603,一点,other,false,false,false,false
lp:135:word:2,135,2,不像,3,5,,不像,,,false,false,false
lp:135:word:3,135,3,在,5,6,lpw_12404a0b63,在,function,false,true,true,true
lp:135:word:4,135,4,远离,6,8,,远离,,,false,false,false
lp:135:word:5,135,5,人类,8,10,,人类,,,false,false,false
lp:136:word:0,136,0,居住,0,2,,居住,,,false,false,false
lp:136:word:1,136,1,的,2,3,lpw_8af2350cfd,的,function,false,true,true,true
lp:136:word:2,136,2,沙漠,3,5,lpw_4fbf406572,沙漠,place,false,false,false,true
lp:136:word:3,136,3,里,5,6,lpw_79f43de6e3,里,function,false,false,true,true
lp:136:word:4,136,4,迷路,6,8,,迷路,,,false,false,false
lp:136:word:5,136,5,的,8,9,lpw_8af2350cfd,的,function,false,true,true,true
lp:136:word:6,136,6,孩子,9,11,lpw_5f887419f4,孩子,narrative_character,true,false,false,false
lp:137:word:0,137,0,等,0,1,,等,,,false,false,false
lp:137:word:1,137,1,我,1,2,lpw_b70bb4acc0,我,pronoun,false,true,true,true
lp:137:word:2,137,2,总算,2,4,,总算,,,false,false,false
lp:137:word:3,137,3,说得,4,6,,说得,,,false,false,false
lp:137:word:4,137,4,出,6,7,,出,,,false,false,false
lp:137:word:5,137,5,话,7,8,lpw_036f781126,话,other,false,false,false,false
lp:137:word:6,137,6,时,8,9,lpw_7d58b6422c,时,other,false,false,false,false
lp:138:word:0,138,0,我,0,1,lpw_b70bb4acc0,我,pronoun,false,true,true,true
lp:138:word:1,138,1,对,1,2,lpw_74570c7270,对,function,false,true,true,true
lp:138:word:2,138,2,他,2,3,lpw_8b7b91e000,他,pronoun,false,true,true,true
lp:138:word:3,138,3,说,3,4,lpw_ccca744613,说,speech,false,true,true,true
lp:139:word:0,139,0,可是,1,3,lpw_38ca4a9c76,可是,function,false,false,true,true
lp:140:word:0,140,0,你在,0,2,,你在,,,false,false,false
lp:140:word:1,140,1,这儿,2,4,lpw_19a29e87c9,这儿,other,false,false,true,true
lp:140:word:2,140,2,干,4,5,lpw_9ee0280bc4,干,other,false,false,false,false
lp:140:word:3,140,3,吗,5,6,lpw_5ac1612110,吗,function|interrogative,false,false,false,true
lp:141:word:0,141,0,他,0,1,lpw_8b7b91e000,他,pronoun,false,true,true,true
lp:141:word:1,141,1,轻声,1,3,,轻声,,,false,false,false
lp:141:word:2,141,2,轻气,3,5,,轻气,,,false,false,false
lp:141:word:3,141,3,地,5,6,lpw_bdbd41e490,地,function,false,true,true,true
lp:141:word:4,141,4,又,6,7,lpw_e71ce5deab,又,function,false,true,true,true
lp:141:word:5,141,5,说,7,8,lpw_ccca744613,说,speech,false,true,true,true
lp:141:word:6,141,6,了,8,9,lpw_b2dd27e84f,了,function,false,true,true,true
lp:141:word:7,141,7,一遍,9,11,,一遍,,,false,false,false
lp:142:word:0,142,0,好像,0,2,,好像,,,false,false,false
lp:142:word:1,142,1,那是,2,4,,那是,,,false,false,false
lp:142:word:2,142,2,件,4,5,,件,,,false,false,false
lp:142:word:3,142,3,很,5,6,lpw_f2b91797ea,很,other,false,true,true,true
lp:142:word:4,142,4,要紧,6,8,,要紧,,,false,false,false
lp:142:word:5,142,5,的,8,9,lpw_8af2350cfd,的,function,false,true,true,true
lp:142:word:6,142,6,事情,9,11,lpw_e66d9fac19,事情,other,false,false,false,false
lp:143:word:0,143,0,后来,0,2,,后来,,,false,false,false
lp:143:word:1,143,1,我,2,3,lpw_b70bb4acc0,我,pronoun,false,true,true,true
lp:143:word:2,143,2,给,3,4,lpw_6e55fb9d8a,给,other,false,true,true,true
lp:143:word:3,143,3,他,4,5,lpw_8b7b91e000,他,pronoun,false,true,true,true
lp:143:word:4,143,4,画,5,6,lpw_de9f18b00a,画,physical_action,true,false,false,false
lp:143:word:5,143,5,了,6,7,lpw_b2dd27e84f,了,function,false,true,true,true
lp:143:word:6,143,6,这,7,8,lpw_d409ab2ab3,这,pronoun,false,true,true,true
lp:143:word:7,143,7,幅,8,9,,幅,,,false,false,false
lp:143:word:8,143,8,非常,9,11,lpw_2ccec3b419,非常,other,false,false,false,false
lp:143:word:9,143,9,出色,11,13,,出色,,,false,false,false
lp:143:word:10,143,10,的,13,14,lpw_8af2350cfd,的,function,false,true,true,true
lp:143:word:11,143,11,肖像,14,16,,肖像,,,false,false,false
lp:143:word:12,143,12,对不起,17,20,,对不起,,,false,false,false
lp:144:word:0,144,0,请,0,1,lpw_88d5840fab,请,other,false,false,false,false
lp:144:word:1,144,1,给,1,2,lpw_6e55fb9d8a,给,other,false,true,true,true
lp:144:word:2,144,2,我,2,3,lpw_b70bb4acc0,我,pronoun,false,true,true,true
lp:144:word:3,144,3,画,3,4,lpw_de9f18b00a,画,physical_action,true,false,false,false
lp:144:word:4,144,4,一只,4,6,lpw_216a478784,一只,time_quantity,false,false,false,false
lp:144:word:5,144,5,绵羊,6,8,lpw_238b95ae07,羊,concrete_entity,true,false,false,false
lp:145:word:0,145,0,受到,0,2,,受到,,,false,false,false
lp:145:word:1,145,1,神秘,2,4,,神秘,,,false,false,false
lp:145:word:2,145,2,事物,4,6,,事物,,,false,false,false
lp:145:word:3,145,3,强烈,6,8,,强烈,,,false,false,false
lp:145:word:4,145,4,冲击,8,10,,冲击,,,false,false,false
lp:145:word:5,145,5,时,10,11,lpw_7d58b6422c,时,other,false,false,false,false
lp:146:word:0,146,0,一个,0,2,lpw_e1dbc1c99f,一个,function|time_quantity,false,true,true,true
lp:146:word:1,146,1,人,2,3,lpw_50f5d65d57,人,other,false,true,true,true
lp:146:word:2,146,2,是,3,4,lpw_b5141d3d19,是,function,false,true,true,true
lp:146:word:3,146,3,不敢,4,6,,不敢,,,false,false,false
lp:146:word:4,146,4,不,6,7,lpw_b02dfe2160,不,negation_modality,false,false,true,true
lp:146:word:5,146,5,听从,7,9,,听从,,,false,false,false
lp:146:word:6,146,6,的,9,10,lpw_8af2350cfd,的,function,false,true,true,true
lp:147:word:0,147,0,尽管,0,2,,尽管,,,false,false,false
lp:147:word:1,147,1,在,2,3,lpw_12404a0b63,在,function,false,true,true,true
lp:147:word:2,147,2,我,3,4,lpw_b70bb4acc0,我,pronoun,false,true,true,true
lp:147:word:3,147,3,看来,4,6,,看来,,,false,false,false
lp:148:word:0,148,0,离,0,1,,离,,,false,false,false
lp:148:word:1,148,1,一切,1,3,,一切,,,false,false,false
lp:148:word:2,148,2,有人,3,5,,有人,,,false,false,false
lp:148:word:3,148,3,居住,5,7,,居住,,,false,false,false
lp:148:word:4,148,4,的,7,8,lpw_8af2350cfd,的,function,false,true,true,true
lp:148:word:5,148,5,地方,8,10,lpw_1462a7d853,地方,other,false,false,false,true
lp:148:word:6,148,6,远,10,11,lpw_057c8f7842,远,other,false,false,false,false
lp:148:word:7,148,7,而又,11,13,,而又,,,false,false,false
lp:148:word:8,148,8,远,13,14,lpw_057c8f7842,远,other,false,false,false,false
lp:149:word:0,149,0,又,0,1,lpw_e71ce5deab,又,function,false,true,true,true
lp:149:word:1,149,1,处于,1,3,,处于,,,false,false,false
lp:149:word:2,149,2,死亡,3,5,,死亡,,,false,false,false
lp:149:word:3,149,3,的,5,6,lpw_8af2350cfd,的,function,false,true,true,true
lp:149:word:4,149,4,威胁,6,8,,威胁,,,false,false,false
lp:149:word:5,149,5,之下,8,10,,之下,,,false,false,false
lp:150:word:0,150,0,在,0,1,lpw_12404a0b63,在,function,false,true,true,true
lp:150:word:1,150,1,这儿,1,3,lpw_19a29e87c9,这儿,other,false,false,true,true
lp:150:word:2,150,2,想到,3,5,,想到,,,false,false,false
lp:150:word:3,150,3,画,5,6,lpw_de9f18b00a,画,physical_action,true,false,false,false
lp:150:word:4,150,4,画,6,7,lpw_de9f18b00a,画,physical_action,true,false,false,false
lp:150:word:5,150,5,真是,7,9,,真是,,,false,false,false
lp:150:word:6,150,6,匪夷所思,9,13,,匪夷所思,,,false,false,false
lp:151:word:0,151,0,可,0,1,lpw_8b9cefa38e,可,other,false,false,true,true
lp:151:word:1,151,1,我还是,1,4,,我还是,,,false,false,false
lp:151:word:2,151,2,从,4,5,lpw_2719a8ea30,从,function,false,false,false,true
lp:151:word:3,151,3,口袋,5,7,,口袋,,,false,false,false
lp:151:word:4,151,4,里,7,8,lpw_79f43de6e3,里,function,false,false,true,true
lp:151:word:5,151,5,掏出,8,10,,掏出,,,false,false,false
lp:151:word:6,151,6,一张,10,12,lpw_dc50d5e51e,一张,other,true,false,false,false
lp:151:word:7,151,7,纸,12,13,,纸,,,false,false,false
lp:151:word:8,151,8,一支,14,16,,一支,,,false,false,false
lp:151:word:9,151,9,钢笔,16,18,,钢笔,,,false,false,false
lp:152:word:0,152,0,但,0,1,lpw_1f863793c6,但,other,false,false,false,false
lp:152:word:1,152,1,我,1,2,lpw_b70bb4acc0,我,pronoun,false,true,true,true
lp:152:word:2,152,2,想起,2,4,,想起,,,false,false,false
lp:152:word:3,152,3,我只,4,6,,我只,,,false,false,false
lp:152:word:4,152,4,学,6,7,,学,,,false,false,false
lp:152:word:5,152,5,了,7,8,lpw_b2dd27e84f,了,function,false,true,true,true
lp:152:word:6,152,6,地理,8,10,,地理,,,false,false,false
lp:152:word:7,152,7,历史,11,13,,历史,,,false,false,false
lp:152:word:8,152,8,算术,14,16,,算术,,,false,false,false
lp:152:word:9,152,9,和,16,17,lpw_3d7114281f,和,function,false,false,true,true
lp:152:word:10,152,10,语法,17,19,,语法,,,false,false,false
lp:153:word:0,153,0,所以,0,2,lpw_a2f7e42081,所以,function,false,false,false,false
lp:153:word:1,153,1,我,2,3,lpw_b70bb4acc0,我,pronoun,false,true,true,true
lp:153:word:2,153,2,就,3,4,lpw_2f9d9872e5,就,function,false,true,true,true
lp:153:word:3,153,3,有点,5,7,lpw_29506aa712,有点,other,false,false,false,true
lp:153:word:4,153,4,没好气,7,10,,没好气,,,false,false,false
lp:153:word:5,153,5,地,10,11,lpw_bdbd41e490,地,function,false,true,true,true
lp:153:word:6,153,6,对,12,13,lpw_74570c7270,对,function,false,true,true,true
lp:153:word:7,153,7,那,13,14,lpw_5a2362a202,那,pronoun,false,true,true,true
lp:153:word:8,153,8,小人儿,14,17,,小人儿,,,false,false,false
lp:153:word:9,153,9,说,17,18,lpw_ccca744613,说,speech,false,true,true,true
lp:154:word:0,154,0,我不会,0,3,,我不会,,,false,false,false
lp:154:word:1,154,1,画,3,4,lpw_de9f18b00a,画,physical_action,true,false,false,false
lp:154:word:2,154,2,画,4,5,lpw_de9f18b00a,画,physical_action,true,false,false,false
lp:155:word:0,155,0,他,0,1,lpw_8b7b91e000,他,pronoun,false,true,true,true
lp:155:word:1,155,1,回答,1,3,lpw_f3f5126487,回答,speech,false,false,true,true
lp:155:word:2,155,2,说,3,4,lpw_ccca744613,说,speech,false,true,true,true
lp:156:word:0,156,0,没关系,1,4,,没关系,,,false,false,false
lp:157:word:0,157,0,请,0,1,lpw_88d5840fab,请,other,false,false,false,false
lp:157:word:1,157,1,给,1,2,lpw_6e55fb9d8a,给,other,false,true,true,true
lp:157:word:2,157,2,我,2,3,lpw_b70bb4acc0,我,pronoun,false,true,true,true
lp:157:word:3,157,3,画,3,4,lpw_de9f18b00a,画,physical_action,true,false,false,false
lp:157:word:4,157,4,一只,4,6,lpw_216a478784,一只,time_quantity,false,false,false,false
lp:157:word:5,157,5,绵羊,6,8,lpw_238b95ae07,羊,concrete_entity,true,false,false,false
lp:158:word:0,158,0,我,0,1,lpw_b70bb4acc0,我,pronoun,false,true,true,true
lp:158:word:1,158,1,因为,1,3,lpw_795cfc96d4,因为,function,false,false,true,true
lp:158:word:2,158,2,从,3,4,lpw_2719a8ea30,从,function,false,false,false,true
lp:158:word:3,158,3,没,4,5,lpw_279e8b3573,没,negation_modality,false,false,true,true
lp:158:word:4,158,4,画,5,6,lpw_de9f18b00a,画,physical_action,true,false,false,false
lp:158:word:5,158,5,过,6,7,lpw_f777893480,过,other,false,false,true,true
lp:158:word:6,158,6,绵羊,7,9,lpw_238b95ae07,羊,concrete_entity,true,false,false,false
lp:159:word:0,159,0,就在,0,2,,就在,,,false,false,false
lp:159:word:1,159,1,我只,2,4,,我只,,,false,false,false
lp:159:word:2,159,2,会,4,5,lpw_5ba1e3c0eb,会,negation_modality,false,true,true,true
lp:159:word:3,159,3,画,5,6,lpw_de9f18b00a,画,physical_action,true,false,false,false
lp:159:word:4,159,4,的,6,7,lpw_8af2350cfd,的,function,false,true,true,true
lp:159:word:5,159,5,两,7,8,lpw_83385d2eda,两,other,false,false,false,false
lp:159:word:6,159,6,张,8,9,,张,,,false,false,false
lp:159:word:7,159,7,图画,9,11,,图画,,,false,false,false
lp:159:word:8,159,8,里,11,12,lpw_79f43de6e3,里,function,false,false,true,true
lp:159:word:9,159,9,挑,12,13,,挑,,,false,false,false
lp:159:word:10,159,10,一张,13,15,lpw_dc50d5e51e,一张,other,true,false,false,false
lp:159:word:11,159,11,给,15,16,lpw_6e55fb9d8a,给,other,false,true,true,true
lp:159:word:12,159,12,他,16,17,lpw_8b7b91e000,他,pronoun,false,true,true,true
lp:159:word:13,159,13,画,17,18,lpw_de9f18b00a,画,physical_action,true,false,false,false
lp:159:word:14,159,14,了,18,19,lpw_b2dd27e84f,了,function,false,true,true,true
lp:160:word:0,160,0,没,0,1,lpw_279e8b3573,没,negation_modality,false,false,true,true
lp:160:word:1,160,1,剖,1,2,,剖,,,false,false,false
lp:160:word:2,160,2,开,2,3,lpw_39eae64cfc,开,other,true,false,false,false
lp:160:word:3,160,3,的,3,4,lpw_8af2350cfd,的,function,false,true,true,true
lp:160:word:4,160,4,蟒蛇,4,6,lpw_7d2bda9879,蟒蛇,other,true,false,false,false
lp:160:word:5,160,5,图,6,7,,图,,,false,false,false
lp:161:word:0,161,0,可,0,1,lpw_8b9cefa38e,可,other,false,false,true,true
lp:161:word:1,161,1,我,1,2,lpw_b70bb4acc0,我,pronoun,false,true,true,true
lp:161:word:2,161,2,听到,2,4,,听到,,,false,false,false
lp:161:word:3,161,3,小人儿,4,7,,小人儿,,,false,false,false
lp:161:word:4,161,4,下面,7,9,,下面,,,false,false,false
lp:161:word:5,161,5,说,9,10,lpw_ccca744613,说,speech,false,true,true,true
lp:161:word:6,161,6,的话,10,12,lpw_9b952dd4e3,的话,other,false,false,false,false
lp:162:word:0,162,0,简直,0,2,,简直,,,false,false,false
lp:162:word:1,162,1,惊,2,3,,惊,,,false,false,false
lp:162:word:2,162,2,呆了,3,5,,呆了,,,false,false,false
lp:163:word:0,163,0,不对,1,3,,不对,,,false,false,false
lp:163:word:1,163,1,不对,4,6,,不对,,,false,false,false
lp:164:word:0,164,0,我,0,1,lpw_b70bb4acc0,我,pronoun,false,true,true,true
lp:164:word:1,164,1,不要,1,3,,不要,,,false,false,false
lp:164:word:2,164,2,在,3,4,lpw_12404a0b63,在,function,false,true,true,true
lp:164:word:3,164,3,蟒蛇,4,6,lpw_7d2bda9879,蟒蛇,other,true,false,false,false
lp:164:word:4,164,4,肚子,6,8,,肚子,,,false,false,false
lp:164:word:5,164,5,里,8,9,lpw_79f43de6e3,里,function,false,false,true,true
lp:164:word:6,164,6,的,9,10,lpw_8af2350cfd,的,function,false,true,true,true
lp:164:word:7,164,7,大象,10,12,,大象,,,false,false,false
lp:165:word:0,165,0,蟒蛇,0,2,lpw_7d2bda9879,蟒蛇,other,true,false,false,false
lp:165:word:1,165,1,很,2,3,lpw_f2b91797ea,很,other,false,true,true,true
lp:165:word:2,165,2,危险,3,5,,危险,,,false,false,false
lp:165:word:3,165,3,大象,6,8,,大象,,,false,false,false
lp:165:word:4,165,4,呢,8,9,lpw_02811cec0b,呢,function|interrogative,false,true,true,true
lp:166:word:0,166,0,太,0,1,lpw_e7ace7adf2,太,other,false,false,false,true
lp:166:word:1,166,1,占,1,2,,占,,,false,false,false
lp:166:word:2,166,2,地方,2,4,lpw_1462a7d853,地方,other,false,false,false,true
lp:166:word:3,166,3,在,5,6,lpw_12404a0b63,在,function,false,true,true,true
lp:166:word:4,166,4,我,6,7,lpw_b70bb4acc0,我,pronoun,false,true,true,true
lp:166:word:5,166,5,那儿,7,9,lpw_b4444021ad,那儿,other,false,false,false,false
lp:167:word:0,167,0,什么,0,2,lpw_c1b52e0e64,什么,pronoun|interrogative,false,true,true,true
lp:167:word:1,167,1,都是,2,4,lpw_ef4e15ff45,都是,other,false,false,false,false
lp:167:word:2,167,2,小小的,4,7,,小小的,,,false,false,false
lp:168:word:0,168,0,我要,0,2,lpw_30bc5c7b4c,我要,other,false,false,false,false
lp:168:word:1,168,1,的是,2,4,lpw_5e1dc2a833,的是,other,false,false,false,false
lp:168:word:2,168,2,一只,4,6,lpw_216a478784,一只,time_quantity,false,false,false,false
lp:168:word:3,168,3,绵羊,6,8,lpw_238b95ae07,羊,concrete_entity,true,false,false,false
lp:169:word:0,169,0,请,0,1,lpw_88d5840fab,请,other,false,false,false,false
lp:169:word:1,169,1,给,1,2,lpw_6e55fb9d8a,给,other,false,true,true,true
lp:169:word:2,169,2,我,2,3,lpw_b70bb4acc0,我,pronoun,false,true,true,true
lp:169:word:3,169,3,画,3,4,lpw_de9f18b00a,画,physical_action,true,false,false,false
lp:169:word:4,169,4,一只,4,6,lpw_216a478784,一只,time_quantity,false,false,false,false
lp:169:word:5,169,5,绵羊,6,8,lpw_238b95ae07,羊,concrete_entity,true,false,false,false
lp:170:word:0,170,0,我,0,1,lpw_b70bb4acc0,我,pronoun,false,true,true,true
lp:170:word:1,170,1,只得,1,3,,只得,,,false,false,false
lp:170:word:2,170,2,画,3,4,lpw_de9f18b00a,画,physical_action,true,false,false,false
lp:170:word:3,170,3,了,4,5,lpw_b2dd27e84f,了,function,false,true,true,true
lp:170:word:4,170,4,起来,5,7,lpw_b8a694b2df,起来,other,false,false,false,true
lp:171:word:0,171,0,他,0,1,lpw_8b7b91e000,他,pronoun,false,true,true,true
lp:171:word:1,171,1,专心,1,3,,专心,,,false,false,false
lp:171:word:2,171,2,地,3,4,lpw_bdbd41e490,地,function,false,true,true,true
lp:171:word:3,171,3,看了,4,6,,看了,,,false,false,false
lp:171:word:4,171,4,一,6,7,lpw_51a75f4634,一,other,false,false,true,true
lp:171:word:5,171,5,会,7,8,lpw_5ba1e3c0eb,会,negation_modality,false,true,true,true
lp:171:word:6,171,6,儿,8,9,lpw_1ed5efc3dc,儿,other,false,false,false,false
lp:172:word:0,172,0,然后,0,2,lpw_ca4f5ee82e,然后,other,false,false,false,false
lp:172:word:1,172,1,说,2,3,lpw_ccca744613,说,speech,false,true,true,true
lp:173:word:0,173,0,不对,1,3,,不对,,,false,false,false
lp:174:word:0,174,0,这,0,1,lpw_d409ab2ab3,这,pronoun,false,true,true,true
lp:174:word:1,174,1,只,1,2,lpw_409e2c3882,只,function,false,false,true,true
lp:174:word:2,174,2,羊,2,3,,羊,,,false,false,false
lp:174:word:3,174,3,已经,3,5,lpw_8ee12e2310,已经,other,false,false,false,false
lp:174:word:4,174,4,病得,5,7,,病得,,,false,false,false
lp:174:word:5,174,5,不轻,7,9,,不轻,,,false,false,false
lp:174:word:6,174,6,了,9,10,lpw_b2dd27e84f,了,function,false,true,true,true
lp:175:word:0,175,0,另外,0,2,,另外,,,false,false,false
lp:175:word:1,175,1,画,2,3,lpw_de9f18b00a,画,physical_action,true,false,false,false
lp:175:word:2,175,2,一只,3,5,lpw_216a478784,一只,time_quantity,false,false,false,false
lp:175:word:3,175,3,吧,5,6,lpw_bad8b6c7ae,吧,function,false,false,false,true
lp:176:word:0,176,0,我,0,1,lpw_b70bb4acc0,我,pronoun,false,true,true,true
lp:176:word:1,176,1,画,1,2,lpw_de9f18b00a,画,physical_action,true,false,false,false
lp:176:word:2,176,2,了,2,3,lpw_b2dd27e84f,了,function,false,true,true,true
lp:176:word:3,176,3,右面,3,5,,右面,,,false,false,false
lp:176:word:4,176,4,的,5,6,lpw_8af2350cfd,的,function,false,true,true,true
lp:176:word:5,176,5,这,6,7,lpw_d409ab2ab3,这,pronoun,false,true,true,true
lp:176:word:6,176,6,只,7,8,lpw_409e2c3882,只,function,false,false,true,true
lp:177:word:0,177,0,我,0,1,lpw_b70bb4acc0,我,pronoun,false,true,true,true
lp:177:word:1,177,1,的,1,2,lpw_8af2350cfd,的,function,false,true,true,true
lp:177:word:2,177,2,朋友,2,4,lpw_677aad1a0e,朋友,emotion_social,false,false,false,true
lp:177:word:3,177,3,温和,4,6,,温和,,,false,false,false
lp:177:word:4,177,4,地,6,7,lpw_bdbd41e490,地,function,false,true,true,true
lp:177:word:5,177,5,笑了,7,9,,笑了,,,false,false,false
lp:178:word:0,178,0,口气,0,2,,口气,,,false,false,false
lp:178:word:1,178,1,宽容,2,4,,宽容,,,false,false,false
lp:178:word:2,178,2,地,4,5,lpw_bdbd41e490,地,function,false,true,true,true
lp:178:word:3,178,3,说,5,6,lpw_ccca744613,说,speech,false,true,true,true
lp:179:word:0,179,0,你,1,2,lpw_a0c7716669,你,pronoun,false,true,true,true
lp:179:word:1,179,1,看看,2,4,,看看,,,false,false,false
lp:180:word:0,180,0,这,0,1,lpw_d409ab2ab3,这,pronoun,false,true,true,true
lp:180:word:1,180,1,只,1,2,lpw_409e2c3882,只,function,false,false,true,true
lp:180:word:2,180,2,不是,2,4,lpw_584cd0fcf3,不是,other,false,false,false,false
lp:180:word:3,180,3,绵羊,4,6,lpw_238b95ae07,羊,concrete_entity,true,false,false,false
lp:181:word:0,181,0,是,0,1,lpw_b5141d3d19,是,function,false,true,true,true
lp:181:word:1,181,1,山羊,1,3,,山羊,,,false,false,false
lp:182:word:0,182,0,头,0,1,,头,,,false,false,false
lp:182:word:1,182,1,上,1,2,lpw_db5ba671d2,上,function,false,true,true,true
lp:182:word:2,182,2,长,2,3,lpw_597ae23d84,长,other,false,false,false,false
lp:182:word:3,182,3,着,3,4,lpw_9e5bf0d2d9,着,function,false,true,true,true
lp:182:word:4,182,4,角,4,5,,角,,,false,false,false
lp:183:word:0,183,0,于是,0,2,lpw_3617c85a66,于是,other,false,false,false,false
lp:183:word:1,183,1,我又,2,4,,我又,,,false,false,false
lp:183:word:2,183,2,画,4,5,lpw_de9f18b00a,画,physical_action,true,false,false,false
lp:183:word:3,183,3,了,5,6,lpw_b2dd27e84f,了,function,false,true,true,true
lp:183:word:4,183,4,一张,6,8,lpw_dc50d5e51e,一张,other,true,false,false,false
lp:184:word:0,184,0,但,0,1,lpw_1f863793c6,但,other,false,false,false,false
lp:184:word:1,184,1,这,1,2,lpw_d409ab2ab3,这,pronoun,false,true,true,true
lp:184:word:2,184,2,一张,2,4,lpw_dc50d5e51e,一张,other,true,false,false,false
lp:184:word:3,184,3,也,4,5,lpw_658605835b,也,function,false,false,true,true
lp:184:word:4,184,4,跟前,5,7,,跟前,,,false,false,false
lp:184:word:5,184,5,几,7,8,,几,,,false,false,false
lp:184:word:6,184,6,张,8,9,,张,,,false,false,false
lp:184:word:7,184,7,一样,9,11,lpw_9dc5c0158d,一样,other,false,false,false,true
lp:185:word:0,185,0,没能,0,2,,没能,,,false,false,false
lp:185:word:1,185,1,通过,2,4,,通过,,,false,false,false
lp:186:word:0,186,0,这,1,2,lpw_d409ab2ab3,这,pronoun,false,true,true,true
lp:186:word:1,186,1,只,2,3,lpw_409e2c3882,只,function,false,false,true,true
lp:186:word:2,186,2,太,3,4,lpw_e7ace7adf2,太,other,false,false,false,true
lp:186:word:3,186,3,老了,4,6,,老了,,,false,false,false
lp:187:word:0,187,0,我要,0,2,lpw_30bc5c7b4c,我要,other,false,false,false,false
lp:187:word:1,187,1,一只,2,4,lpw_216a478784,一只,time_quantity,false,false,false,false
lp:187:word:2,187,2,可以,4,6,lpw_0ef5c86fab,可以,negation_modality,false,false,false,true
lp:187:word:3,187,3,活得,6,8,,活得,,,false,false,false
lp:187:word:4,187,4,很久,8,10,,很久,,,false,false,false
lp:187:word:5,187,5,的,10,11,lpw_8af2350cfd,的,function,false,true,true,true
lp:187:word:6,187,6,绵羊,11,13,lpw_238b95ae07,羊,concrete_entity,true,false,false,false
lp:188:word:0,188,0,我,0,1,lpw_b70bb4acc0,我,pronoun,false,true,true,true
lp:188:word:1,188,1,已经,1,3,lpw_8ee12e2310,已经,other,false,false,false,false
lp:188:word:2,188,2,没有,3,5,lpw_f127804b92,没有,negation_modality,false,false,true,true
lp:188:word:3,188,3,耐心,5,7,,耐心,,,false,false,false
lp:188:word:4,188,4,了,7,8,lpw_b2dd27e84f,了,function,false,true,true,true
lp:189:word:0,189,0,因为,0,2,lpw_795cfc96d4,因为,function,false,false,true,true
lp:189:word:1,189,1,我,2,3,lpw_b70bb4acc0,我,pronoun,false,true,true,true
lp:189:word:2,189,2,急于,3,5,,急于,,,false,false,false
lp:189:word:3,189,3,要,5,6,lpw_975f35218e,要,negation_modality,false,false,true,true
lp:189:word:4,189,4,去,6,7,lpw_99ae21ea6c,去,physical_action,false,false,true,true
lp:189:word:5,189,5,把,7,8,lpw_2442748e41,把,function,false,false,true,true
lp:189:word:6,189,6,发动,8,10,,发动,,,false,false,false
lp:189:word:7,189,7,机,10,11,,机,,,false,false,false
lp:189:word:8,189,8,拆下来,11,14,,拆下来,,,false,false,false
lp:190:word:0,190,0,所以,0,2,lpw_a2f7e42081,所以,function,false,false,false,false
lp:190:word:1,190,1,我,2,3,lpw_b70bb4acc0,我,pronoun,false,true,true,true
lp:190:word:2,190,2,就,3,4,lpw_2f9d9872e5,就,function,false,true,true,true
lp:190:word:3,190,3,胡乱,4,6,,胡乱,,,false,false,false
lp:190:word:4,190,4,画,6,7,lpw_de9f18b00a,画,physical_action,true,false,false,false
lp:190:word:5,190,5,了,7,8,lpw_b2dd27e84f,了,function,false,true,true,true
lp:190:word:6,190,6,一张,8,10,lpw_dc50d5e51e,一张,other,true,false,false,false
lp:191:word:0,191,0,我,0,1,lpw_b70bb4acc0,我,pronoun,false,true,true,true
lp:191:word:1,191,1,随,1,2,,随,,,false,false,false
lp:191:word:2,191,2,口,2,3,,口,,,false,false,false
lp:191:word:3,191,3,说道,3,5,,说道,,,false,false,false
lp:192:word:0,192,0,这个,1,3,lpw_979e2bc35b,这个,function,false,false,true,true
lp:192:word:1,192,1,呢,3,4,lpw_02811cec0b,呢,function|interrogative,false,true,true,true
lp:192:word:2,192,2,是,5,6,lpw_b5141d3d19,是,function,false,true,true,true
lp:192:word:3,192,3,个,6,7,lpw_3a116815bc,个,other,false,false,true,true
lp:192:word:4,192,4,箱子,7,9,,箱子,,,false,false,false
lp:193:word:0,193,0,你要,0,2,lpw_642b100e13,你要,other,false,false,false,false
lp:193:word:1,193,1,的,2,3,lpw_8af2350cfd,的,function,false,true,true,true
lp:193:word:2,193,2,绵羊,3,5,lpw_238b95ae07,羊,concrete_entity,true,false,false,false
lp:193:word:3,193,3,就在,5,7,,就在,,,false,false,false
lp:193:word:4,193,4,里面,7,9,,里面,,,false,false,false
lp:194:word:0,194,0,但是,0,2,lpw_8cb1f721c8,但是,other,false,false,false,false
lp:194:word:1,194,1,令,2,3,,令,,,false,false,false
lp:194:word:2,194,2,我,3,4,lpw_b70bb4acc0,我,pronoun,false,true,true,true
lp:194:word:3,194,3,吃惊,4,6,,吃惊,,,false,false,false
lp:194:word:4,194,4,的是,6,8,lpw_5e1dc2a833,的是,other,false,false,false,false
lp:195:word:0,195,0,这个,0,2,lpw_979e2bc35b,这个,function,false,false,true,true
lp:195:word:1,195,1,小,2,3,lpw_6a7339bb75,小,other,false,false,true,true
lp:195:word:2,195,2,评判,3,5,,评判,,,false,false,false
lp:195:word:3,195,3,的,5,6,lpw_8af2350cfd,的,function,false,true,true,true
lp:195:word:4,195,4,脸,6,7,,脸,,,false,false,false
lp:195:word:5,195,5,上,7,8,lpw_db5ba671d2,上,function,false,true,true,true
lp:195:word:6,195,6,顿时,8,10,,顿时,,,false,false,false
lp:195:word:7,195,7,变得,10,12,lpw_23e89ba0a1,变得,other,false,false,false,false
lp:195:word:8,195,8,容,12,13,,容,,,false,false,false
lp:195:word:9,195,9,光,13,14,,光,,,false,false,false
lp:195:word:10,195,10,焕发,14,16,,焕发,,,false,false,false
lp:195:word:11,195,11,了,16,17,lpw_b2dd27e84f,了,function,false,true,true,true
lp:196:word:0,196,0,我要,1,3,lpw_30bc5c7b4c,我要,other,false,false,false,false
lp:196:word:1,196,1,的,3,4,lpw_8af2350cfd,的,function,false,true,true,true
lp:196:word:2,196,2,就是,4,6,lpw_88aa006eb3,就是,other,false,false,true,true
lp:196:word:3,196,3,这个,6,8,lpw_979e2bc35b,这个,function,false,false,true,true
lp:197:word:0,197,0,你,0,1,lpw_a0c7716669,你,pronoun,false,true,true,true
lp:197:word:1,197,1,说,1,2,lpw_ccca744613,说,speech,false,true,true,true
lp:198:word:0,198,0,这,0,1,lpw_d409ab2ab3,这,pronoun,false,true,true,true
lp:198:word:1,198,1,只,1,2,lpw_409e2c3882,只,function,false,false,true,true
lp:198:word:2,198,2,绵羊,2,4,lpw_238b95ae07,羊,concrete_entity,true,false,false,false
lp:198:word:3,198,3,会,4,5,lpw_5ba1e3c0eb,会,negation_modality,false,true,true,true
lp:198:word:4,198,4,要,5,6,lpw_975f35218e,要,negation_modality,false,false,true,true
lp:198:word:5,198,5,很多,6,8,,很多,,,false,false,false
lp:198:word:6,198,6,草,8,9,,草,,,false,false,false
lp:198:word:7,198,7,吗,9,10,lpw_5ac1612110,吗,function|interrogative,false,false,false,true
lp:199:word:0,199,0,问,1,2,lpw_4628c0e06f,问,speech,false,false,true,true
lp:199:word:1,199,1,这,2,3,lpw_d409ab2ab3,这,pronoun,false,true,true,true
lp:199:word:2,199,2,干,3,4,lpw_9ee0280bc4,干,other,false,false,false,false
lp:199:word:3,199,3,嘛,4,5,,嘛,,,false,false,false
lp:200:word:0,200,0,因为,1,3,lpw_795cfc96d4,因为,function,false,false,true,true
lp:200:word:1,200,1,我,3,4,lpw_b70bb4acc0,我,pronoun,false,true,true,true
lp:200:word:2,200,2,那儿,4,6,lpw_b4444021ad,那儿,other,false,false,false,false
lp:200:word:3,200,3,样样,6,8,,样样,,,false,false,false
lp:200:word:4,200,4,都很,8,10,,都很,,,false,false,false
lp:200:word:5,200,5,小,10,11,lpw_6a7339bb75,小,other,false,false,true,true
lp:201:word:0,201,0,肯定,1,3,,肯定,,,false,false,false
lp:201:word:1,201,1,够,3,4,,够,,,false,false,false
lp:201:word:2,201,2,了,4,5,lpw_b2dd27e84f,了,function,false,true,true,true
lp:202:word:0,202,0,我,0,1,lpw_b70bb4acc0,我,pronoun,false,true,true,true
lp:202:word:1,202,1,给,1,2,lpw_6e55fb9d8a,给,other,false,true,true,true
lp:202:word:2,202,2,你,2,3,lpw_a0c7716669,你,pronoun,false,true,true,true
lp:202:word:3,202,3,的,3,4,lpw_8af2350cfd,的,function,false,true,true,true
lp:202:word:4,202,4,是,4,5,lpw_b5141d3d19,是,function,false,true,true,true
lp:202:word:5,202,5,只,5,6,lpw_409e2c3882,只,function,false,false,true,true
lp:202:word:6,202,6,很小,6,8,,很小,,,false,false,false
lp:202:word:7,202,7,的,8,9,lpw_8af2350cfd,的,function,false,true,true,true
lp:202:word:8,202,8,绵羊,9,11,lpw_238b95ae07,羊,concrete_entity,true,false,false,false
lp:203:word:0,203,0,他,0,1,lpw_8b7b91e000,他,pronoun,false,true,true,true
lp:203:word:1,203,1,低下头去,1,5,,低下头去,,,false,false,false
lp:203:word:2,203,2,看,5,6,lpw_61f43315f9,看,perception,false,false,false,true
lp:203:word:3,203,3,那,6,7,lpw_5a2362a202,那,pronoun,false,true,true,true
lp:203:word:4,203,4,幅,7,8,,幅,,,false,false,false
lp:203:word:5,203,5,画,8,9,lpw_de9f18b00a,画,physical_action,true,false,false,false
lp:204:word:0,204,0,不算,1,3,,不算,,,false,false,false
lp:204:word:1,204,1,太,3,4,lpw_e7ace7adf2,太,other,false,false,false,true
lp:204:word:2,204,2,小,4,5,lpw_6a7339bb75,小,other,false,false,true,true
lp:204:word:3,204,3,瞧,11,12,,瞧,,,false,false,false
lp:205:word:0,205,0,它,0,1,lpw_7e9260e925,它,pronoun,false,true,true,true
lp:205:word:1,205,1,睡着了,1,4,,睡着了,,,false,false,false
lp:206:word:0,206,0,就,0,1,lpw_2f9d9872e5,就,function,false,true,true,true
lp:206:word:1,206,1,这样,1,3,lpw_b7fc681861,这样,other,false,false,true,true
lp:207:word:0,207,0,我,0,1,lpw_b70bb4acc0,我,pronoun,false,true,true,true
lp:207:word:1,207,1,认识,1,3,,认识,,,false,false,false
lp:207:word:2,207,2,了,3,4,lpw_b2dd27e84f,了,function,false,true,true,true
lp:207:word:3,207,3,小王子,4,7,lpw_87f2a033cf,小王子,narrative_character,false,true,true,true
lp:209:word:0,209,0,很久,0,2,,很久,,,false,false,false
lp:209:word:1,209,1,以后,2,4,lpw_e6ad7a1dbc,以后,other,false,false,false,false
lp:210:word:0,210,0,我,0,1,lpw_b70bb4acc0,我,pronoun,false,true,true,true
lp:210:word:1,210,1,才,1,2,,才,,,false,false,false
lp:210:word:2,210,2,弄,2,3,,弄,,,false,false,false
lp:210:word:3,210,3,明白,3,5,lpw_8e37cd5f7f,明白,cognition,false,false,false,false
lp:210:word:4,210,4,他是,5,7,,他是,,,false,false,false
lp:210:word:5,210,5,从,7,8,lpw_2719a8ea30,从,function,false,false,false,true
lp:210:word:6,210,6,哪儿,8,10,lpw_1ca2298198,哪儿,interrogative,false,false,false,false
lp:210:word:7,210,7,来,10,11,lpw_6d8229118c,来,physical_action,false,true,true,true
lp:210:word:8,210,8,的,11,12,lpw_8af2350cfd,的,function,false,true,true,true
lp:211:word:0,211,0,这个,0,2,lpw_979e2bc35b,这个,function,false,false,true,true
lp:211:word:1,211,1,小王子,2,5,lpw_87f2a033cf,小王子,narrative_character,false,true,true,true
lp:212:word:0,212,0,对,0,1,lpw_74570c7270,对,function,false,true,true,true
lp:212:word:1,212,1,我,1,2,lpw_b70bb4acc0,我,pronoun,false,true,true,true
lp:212:word:2,212,2,提了,2,4,,提了,,,false,false,false
lp:212:word:3,212,3,好多,4,6,,好多,,,false,false,false
lp:212:word:4,212,4,问题,6,8,lpw_33a8618cb6,问题,other,false,false,false,false
lp:213:word:0,213,0,而,0,1,lpw_08e2725ce1,而,function,false,false,false,true
lp:213:word:1,213,1,对,1,2,lpw_74570c7270,对,function,false,true,true,true
lp:213:word:2,213,2,我,2,3,lpw_b70bb4acc0,我,pronoun,false,true,true,true
lp:213:word:3,213,3,的,3,4,lpw_8af2350cfd,的,function,false,true,true,true
lp:213:word:4,213,4,问题,4,6,lpw_33a8618cb6,问题,other,false,false,false,false
lp:213:word:5,213,5,总,6,7,,总,,,false,false,false
lp:213:word:6,213,6,像,7,8,lpw_cf8cedd58b,像,other,false,false,false,true
lp:213:word:7,213,7,没,8,9,lpw_279e8b3573,没,negation_modality,false,false,true,true
lp:213:word:8,213,8,听见,9,11,,听见,,,false,false,false
lp:213:word:9,213,9,似的,11,13,,似的,,,false,false,false
lp:214:word:0,214,0,我是,0,2,lpw_06ba27715e,我是,other,false,false,false,false
lp:214:word:1,214,1,从,2,3,lpw_2719a8ea30,从,function,false,false,false,true
lp:214:word:2,214,2,他,3,4,lpw_8b7b91e000,他,pronoun,false,true,true,true
lp:214:word:3,214,3,偶尔,4,6,,偶尔,,,false,false,false
lp:214:word:4,214,4,漏,6,7,,漏,,,false,false,false
lp:214:word:5,214,5,出来,7,9,,出来,,,false,false,false
lp:214:word:6,214,6,的,9,10,lpw_8af2350cfd,的,function,false,true,true,true
lp:214:word:7,214,7,那些,10,12,lpw_abd258db99,那些,function,false,false,false,true
lp:214:word:8,214,8,话,12,13,lpw_036f781126,话,other,false,false,false,false
lp:214:word:9,214,9,里,13,14,lpw_79f43de6e3,里,function,false,false,true,true
lp:215:word:0,215,0,一点,0,2,lpw_148b16e603,一点,other,false,false,false,false
lp:215:word:1,215,1,一点,2,4,lpw_148b16e603,一点,other,false,false,false,false
lp:215:word:2,215,2,知道,4,6,lpw_d7b6472b11,知道,cognition,false,false,true,true
lp:215:word:3,215,3,这,6,7,lpw_d409ab2ab3,这,pronoun,false,true,true,true
lp:215:word:4,215,4,一切,7,9,,一切,,,false,false,false
lp:215:word:5,215,5,的,9,10,lpw_8af2350cfd,的,function,false,true,true,true
lp:216:word:0,216,0,比如,0,2,,比如,,,false,false,false
lp:217:word:0,217,0,他,0,1,lpw_8b7b91e000,他,pronoun,false,true,true,true
lp:217:word:1,217,1,第一次,1,4,,第一次,,,false,false,false
lp:217:word:2,217,2,瞧,4,5,,瞧,,,false,false,false
lp:217:word:3,217,3,见,5,6,,见,,,false,false,false
lp:217:word:4,217,4,我,6,7,lpw_b70bb4acc0,我,pronoun,false,true,true,true
lp:217:word:5,217,5,的,7,8,lpw_8af2350cfd,的,function,false,true,true,true
lp:217:word:6,217,6,飞机,8,10,lpw_c05f7cd6ed,飞机,concrete_entity,true,false,false,false
lp:217:word:7,217,7,时,10,11,lpw_7d58b6422c,时,other,false,false,false,false
lp:217:word:8,217,8,我没,12,14,lpw_6af7322be2,我没,other,false,false,false,false
lp:217:word:9,217,9,画,14,15,lpw_de9f18b00a,画,physical_action,true,false,false,false
lp:217:word:10,217,10,我,15,16,lpw_b70bb4acc0,我,pronoun,false,true,true,true
lp:217:word:11,217,11,的,16,17,lpw_8af2350cfd,的,function,false,true,true,true
lp:217:word:12,217,12,飞机,17,19,lpw_c05f7cd6ed,飞机,concrete_entity,true,false,false,false
lp:218:word:0,218,0,对,0,1,lpw_74570c7270,对,function,false,true,true,true
lp:218:word:1,218,1,我,1,2,lpw_b70bb4acc0,我,pronoun,false,true,true,true
lp:218:word:2,218,2,来说,2,4,lpw_a0cc5593ee,来说,other,false,false,false,true
lp:219:word:0,219,0,这样,0,2,lpw_b7fc681861,这样,other,false,false,true,true
lp:219:word:1,219,1,的,2,3,lpw_8af2350cfd,的,function,false,true,true,true
lp:219:word:2,219,2,画,3,4,lpw_de9f18b00a,画,physical_action,true,false,false,false
lp:219:word:3,219,3,实在,4,6,,实在,,,false,false,false
lp:219:word:4,219,4,太,6,7,lpw_e7ace7adf2,太,other,false,false,false,true
lp:219:word:5,219,5,复杂,7,9,,复杂,,,false,false,false
lp:219:word:6,219,6,了,9,10,lpw_b2dd27e84f,了,function,false,true,true,true
lp:220:word:0,220,0,就问,0,2,,就问,,,false,false,false
lp:220:word:1,220,1,我,2,3,lpw_b70bb4acc0,我,pronoun,false,true,true,true
lp:221:word:0,221,0,这,1,2,lpw_d409ab2ab3,这,pronoun,false,true,true,true
lp:221:word:1,221,1,是,2,3,lpw_b5141d3d19,是,function,false,true,true,true
lp:221:word:2,221,2,什么东西,3,7,,什么东西,,,false,false,false
lp:222:word:0,222,0,这,1,2,lpw_d409ab2ab3,这,pronoun,false,true,true,true
lp:222:word:1,222,1,不是,2,4,lpw_584cd0fcf3,不是,other,false,false,false,false
lp:222:word:2,222,2,什么东西,4,8,,什么东西,,,false,false,false
lp:223:word:0,223,0,它,0,1,lpw_7e9260e925,它,pronoun,false,true,true,true
lp:223:word:1,223,1,会,1,2,lpw_5ba1e3c0eb,会,negation_modality,false,true,true,true
lp:223:word:2,223,2,飞,2,3,,飞,,,false,false,false
lp:224:word:0,224,0,这,0,1,lpw_d409ab2ab3,这,pronoun,false,true,true,true
lp:224:word:1,224,1,是,1,2,lpw_b5141d3d19,是,function,false,true,true,true
lp:224:word:2,224,2,一架,2,4,,一架,,,false,false,false
lp:224:word:3,224,3,飞机,4,6,lpw_c05f7cd6ed,飞机,concrete_entity,true,false,false,false
lp:225:word:0,225,0,是,0,1,lpw_b5141d3d19,是,function,false,true,true,true
lp:225:word:1,225,1,我,1,2,lpw_b70bb4acc0,我,pronoun,false,true,true,true
lp:225:word:2,225,2,的,2,3,lpw_8af2350cfd,的,function,false,true,true,true
lp:225:word:3,225,3,飞机,3,5,lpw_c05f7cd6ed,飞机,concrete_entity,true,false,false,false
lp:226:word:0,226,0,我,0,1,lpw_b70bb4acc0,我,pronoun,false,true,true,true
lp:226:word:1,226,1,自豪,1,3,,自豪,,,false,false,false
lp:226:word:2,226,2,地,3,4,lpw_bdbd41e490,地,function,false,true,true,true
lp:226:word:3,226,3,讲给,4,6,,讲给,,,false,false,false
lp:226:word:4,226,4,他,6,7,lpw_8b7b91e000,他,pronoun,false,true,true,true
lp:226:word:5,226,5,听,7,8,lpw_1f2eb2608d,听,perception,false,false,false,false
lp:227:word:0,227,0,我在,0,2,lpw_33f40475f8,我在,other,false,false,false,false
lp:227:word:1,227,1,天上,2,4,,天上,,,false,false,false
lp:227:word:2,227,2,飞,4,5,,飞,,,false,false,false
lp:228:word:0,228,0,他,0,1,lpw_8b7b91e000,他,pronoun,false,true,true,true
lp:228:word:1,228,1,听,1,2,lpw_1f2eb2608d,听,perception,false,false,false,false
lp:228:word:2,228,2,了,2,3,lpw_b2dd27e84f,了,function,false,true,true,true
lp:228:word:3,228,3,就,3,4,lpw_2f9d9872e5,就,function,false,true,true,true
lp:228:word:4,228,4,大声,4,6,,大声,,,false,false,false
lp:228:word:5,228,5,说,6,7,lpw_ccca744613,说,speech,false,true,true,true
lp:229:word:0,229,0,怎么,1,3,lpw_5ee8091a38,怎么,interrogative,false,false,false,false
lp:230:word:0,230,0,你是,0,2,,你是,,,false,false,false
lp:230:word:1,230,1,天上,2,4,,天上,,,false,false,false
lp:230:word:2,230,2,掉,4,5,,掉,,,false,false,false
lp:230:word:3,230,3,下来,5,7,,下来,,,false,false,false
lp:230:word:4,230,4,的,7,8,lpw_8af2350cfd,的,function,false,true,true,true
lp:231:word:0,231,0,是,1,2,lpw_b5141d3d19,是,function,false,true,true,true
lp:231:word:1,231,1,的,2,3,lpw_8af2350cfd,的,function,false,true,true,true
lp:232:word:0,232,0,我,0,1,lpw_b70bb4acc0,我,pronoun,false,true,true,true
lp:232:word:1,232,1,谦虚,1,3,,谦虚,,,false,false,false
lp:232:word:2,232,2,地,3,4,lpw_bdbd41e490,地,function,false,true,true,true
lp:232:word:3,232,3,说,4,5,lpw_ccca744613,说,speech,false,true,true,true
lp:233:word:0,233,0,喔,1,2,,喔,,,false,false,false
lp:233:word:1,233,1,真,3,4,lpw_827d018e1b,真,other,false,false,false,false
lp:233:word:2,233,2,有趣,4,6,,有趣,,,false,false,false
lp:234:word:0,234,0,小王子,0,3,lpw_87f2a033cf,小王子,narrative_character,false,true,true,true
lp:234:word:1,234,1,发出,3,5,,发出,,,false,false,false
lp:234:word:2,234,2,一阵,5,7,,一阵,,,false,false,false
lp:234:word:3,234,3,清脆,7,9,,清脆,,,false,false,false
lp:234:word:4,234,4,的,9,10,lpw_8af2350cfd,的,function,false,true,true,true
lp:234:word:5,234,5,笑声,10,12,,笑声,,,false,false,false
lp:235:word:0,235,0,这下,0,2,,这下,,,false,false,false
lp:235:word:1,235,1,可把,2,4,,可把,,,false,false,false
lp:235:word:2,235,2,我,4,5,lpw_b70bb4acc0,我,pronoun,false,true,true,true
lp:235:word:3,235,3,惹,5,6,,惹,,,false,false,false
lp:235:word:4,235,4,恼,6,7,,恼,,,false,false,false
lp:235:word:5,235,5,了,7,8,lpw_b2dd27e84f,了,function,false,true,true,true
lp:236:word:0,236,0,我不,0,2,lpw_3e63e3d08e,我不,other,false,false,false,false
lp:236:word:1,236,1,喜欢,2,4,lpw_653b04330b,喜欢,emotion_social,false,false,false,false
lp:236:word:2,236,2,别人,4,6,,别人,,,false,false,false
lp:236:word:3,236,3,拿,6,7,,拿,,,false,false,false
lp:236:word:4,236,4,我,7,8,lpw_b70bb4acc0,我,pronoun,false,true,true,true
lp:236:word:5,236,5,的,8,9,lpw_8af2350cfd,的,function,false,true,true,true
lp:236:word:6,236,6,不幸,9,11,,不幸,,,false,false,false
lp:236:word:7,236,7,逗趣,11,13,,逗趣,,,false,false,false
lp:236:word:8,236,8,儿,13,14,lpw_1ed5efc3dc,儿,other,false,false,false,false
lp:237:word:0,237,0,接着,0,2,lpw_58ed4c69fb,接着,other,false,false,false,false
lp:237:word:1,237,1,他,2,3,lpw_8b7b91e000,他,pronoun,false,true,true,true
lp:237:word:2,237,2,又,3,4,lpw_e71ce5deab,又,function,false,true,true,true
lp:237:word:3,237,3,说,4,5,lpw_ccca744613,说,speech,false,true,true,true
lp:238:word:0,238,0,这么,1,3,lpw_7677ca84c6,这么,other,false,false,false,true
lp:238:word:1,238,1,说,3,4,lpw_ccca744613,说,speech,false,true,true,true
lp:239:word:0,239,0,你,0,1,lpw_a0c7716669,你,pronoun,false,true,true,true
lp:239:word:1,239,1,也是,1,3,lpw_256c0476ed,也是,other,false,false,false,false
lp:239:word:2,239,2,从,3,4,lpw_2719a8ea30,从,function,false,false,false,true
lp:239:word:3,239,3,天,4,5,lpw_49da61ceee,天,other,false,false,false,true
lp:239:word:4,239,4,上来,5,7,,上来,,,false,false,false
lp:239:word:5,239,5,的,7,8,lpw_8af2350cfd,的,function,false,true,true,true
lp:240:word:0,240,0,你,0,1,lpw_a0c7716669,你,pronoun,false,true,true,true
lp:240:word:1,240,1,从,1,2,lpw_2719a8ea30,从,function,false,false,false,true
lp:240:word:2,240,2,哪个,2,4,,哪个,,,false,false,false
lp:240:word:3,240,3,星球,4,6,lpw_62f2d6c1a1,星球,place,false,true,true,true
lp:240:word:4,240,4,来,6,7,lpw_6d8229118c,来,physical_action,false,true,true,true
lp:241:word:0,241,0,我,0,1,lpw_b70bb4acc0,我,pronoun,false,true,true,true
lp:241:word:1,241,1,脑子里,1,4,,脑子里,,,false,false,false
lp:241:word:2,241,2,闪,4,5,,闪,,,false,false,false
lp:241:word:3,241,3,过,5,6,lpw_f777893480,过,other,false,false,true,true
lp:241:word:4,241,4,一个,6,8,lpw_e1dbc1c99f,一个,function|time_quantity,false,true,true,true
lp:241:word:5,241,5,念头,8,10,,念头,,,false,false,false
lp:242:word:0,242,0,他,0,1,lpw_8b7b91e000,他,pronoun,false,true,true,true
lp:242:word:1,242,1,的,1,2,lpw_8af2350cfd,的,function,false,true,true,true
lp:242:word:2,242,2,降临,2,4,,降临,,,false,false,false
lp:242:word:3,242,3,之,4,5,,之,,,false,false,false
lp:242:word:4,242,4,谜,5,6,,谜,,,false,false,false
lp:242:word:5,242,5,好像,6,8,,好像,,,false,false,false
lp:242:word:6,242,6,有了,8,10,,有了,,,false,false,false
lp:242:word:7,242,7,线索,10,12,,线索,,,false,false,false
lp:243:word:0,243,0,我,0,1,lpw_b70bb4acc0,我,pronoun,false,true,true,true
lp:243:word:1,243,1,突如,1,3,,突如,,,false,false,false
lp:243:word:2,243,2,其,3,4,,其,,,false,false,false
lp:243:word:3,243,3,来,4,5,lpw_6d8229118c,来,physical_action,false,true,true,true
lp:243:word:4,243,4,地,5,6,lpw_bdbd41e490,地,function,false,true,true,true
lp:243:word:5,243,5,发,6,7,,发,,,false,false,false
lp:243:word:6,243,6,问,7,8,lpw_4628c0e06f,问,speech,false,false,true,true
lp:244:word:0,244,0,那,1,2,lpw_5a2362a202,那,pronoun,false,true,true,true
lp:244:word:1,244,1,你是,2,4,,你是,,,false,false,false
lp:244:word:2,244,2,从,4,5,lpw_2719a8ea30,从,function,false,false,false,true
lp:244:word:3,244,3,别的,5,7,lpw_3966c0d55d,别的,other,false,false,false,false
lp:244:word:4,244,4,星球,7,9,lpw_62f2d6c1a1,星球,place,false,true,true,true
lp:244:word:5,244,5,来,9,10,lpw_6d8229118c,来,physical_action,false,true,true,true
lp:244:word:6,244,6,的,10,11,lpw_8af2350cfd,的,function,false,true,true,true
lp:244:word:7,244,7,啰,11,12,,啰,,,false,false,false
lp:245:word:0,245,0,可是,0,2,lpw_38ca4a9c76,可是,function,false,false,true,true
lp:245:word:1,245,1,他,2,3,lpw_8b7b91e000,他,pronoun,false,true,true,true
lp:245:word:2,245,2,没有,3,5,lpw_f127804b92,没有,negation_modality,false,false,true,true
lp:245:word:3,245,3,回答,5,7,lpw_f3f5126487,回答,speech,false,false,true,true
lp:246:word:0,246,0,他,0,1,lpw_8b7b91e000,他,pronoun,false,true,true,true
lp:246:word:1,246,1,看,1,2,lpw_61f43315f9,看,perception,false,false,false,true
lp:246:word:2,246,2,着,2,3,lpw_9e5bf0d2d9,着,function,false,true,true,true
lp:246:word:3,246,3,我,3,4,lpw_b70bb4acc0,我,pronoun,false,true,true,true
lp:246:word:4,246,4,的,4,5,lpw_8af2350cfd,的,function,false,true,true,true
lp:246:word:5,246,5,飞机,5,7,lpw_c05f7cd6ed,飞机,concrete_entity,true,false,false,false
lp:247:word:0,247,0,轻轻,0,2,,轻轻,,,false,false,false
lp:247:word:1,247,1,地点,2,4,,地点,,,false,false,false
lp:247:word:2,247,2,了,4,5,lpw_b2dd27e84f,了,function,false,true,true,true
lp:247:word:3,247,3,点头,5,7,,点头,,,false,false,false
lp:248:word:0,248,0,是,1,2,lpw_b5141d3d19,是,function,false,true,true,true
lp:248:word:1,248,1,啊,2,3,lpw_7c2c50fbaf,啊,function,false,false,false,false
lp:248:word:2,248,2,就,4,5,lpw_2f9d9872e5,就,function,false,true,true,true
lp:248:word:3,248,3,靠,5,6,,靠,,,false,false,false
lp:248:word:4,248,4,它,6,7,lpw_7e9260e925,它,pronoun,false,true,true,true
lp:249:word:0,249,0,你来,0,2,,你来,,,false,false,false
lp:249:word:1,249,1,的,2,3,lpw_8af2350cfd,的,function,false,true,true,true
lp:249:word:2,249,2,地方,3,5,lpw_1462a7d853,地方,other,false,false,false,true
lp:249:word:3,249,3,不会,5,7,lpw_c7ae73a94d,不会,negation_modality,false,false,false,false
lp:249:word:4,249,4,太,7,8,lpw_e7ace7adf2,太,other,false,false,false,true
lp:249:word:5,249,5,远,8,9,lpw_057c8f7842,远,other,false,false,false,false
lp:250:word:0,250,0,说,0,1,lpw_ccca744613,说,speech,false,true,true,true
lp:250:word:1,250,1,着,1,2,lpw_9e5bf0d2d9,着,function,false,true,true,true
lp:251:word:0,251,0,他,0,1,lpw_8b7b91e000,他,pronoun,false,true,true,true
lp:251:word:1,251,1,出,1,2,,出,,,false,false,false
lp:251:word:2,251,2,神,2,3,,神,,,false,false,false
lp:251:word:3,251,3,地,3,4,lpw_bdbd41e490,地,function,false,true,true,true
lp:251:word:4,251,4,遐想,4,6,,遐想,,,false,false,false
lp:251:word:5,251,5,了,6,7,lpw_b2dd27e84f,了,function,false,true,true,true
lp:251:word:6,251,6,很久,7,9,,很久,,,false,false,false
lp:252:word:0,252,0,而后,0,2,,而后,,,false,false,false
lp:253:word:0,253,0,从,0,1,lpw_2719a8ea30,从,function,false,false,false,true
lp:253:word:1,253,1,袋,1,2,,袋,,,false,false,false
lp:253:word:2,253,2,里,2,3,lpw_79f43de6e3,里,function,false,false,true,true
lp:253:word:3,253,3,拿出,3,5,,拿出,,,false,false,false
lp:253:word:4,253,4,我,5,6,lpw_b70bb4acc0,我,pronoun,false,true,true,true
lp:253:word:5,253,5,画,6,7,lpw_de9f18b00a,画,physical_action,true,false,false,false
lp:253:word:6,253,6,的,7,8,lpw_8af2350cfd,的,function,false,true,true,true
lp:253:word:7,253,7,绵羊,8,10,lpw_238b95ae07,羊,concrete_entity,true,false,false,false
lp:254:word:0,254,0,全神贯注,0,4,,全神贯注,,,false,false,false
lp:254:word:1,254,1,地,4,5,lpw_bdbd41e490,地,function,false,true,true,true
lp:254:word:2,254,2,凝望,5,7,,凝望,,,false,false,false
lp:254:word:3,254,3,着,7,8,lpw_9e5bf0d2d9,着,function,false,true,true,true
lp:254:word:4,254,4,这,8,9,lpw_d409ab2ab3,这,pronoun,false,true,true,true
lp:254:word:5,254,5,宝贝,9,11,,宝贝,,,false,false,false
lp:255:word:0,255,0,你,0,1,lpw_a0c7716669,你,pronoun,false,true,true,true
lp:255:word:1,255,1,想想看,1,4,,想想看,,,false,false,false
lp:256:word:0,256,0,这个,0,2,lpw_979e2bc35b,这个,function,false,false,true,true
lp:256:word:1,256,1,跟,2,3,lpw_383a53d95c,跟,function,false,false,false,true
lp:256:word:2,256,2,别的,4,6,lpw_3966c0d55d,别的,other,false,false,false,false
lp:256:word:3,256,3,星球,6,8,lpw_62f2d6c1a1,星球,place,false,true,true,true
lp:257:word:0,257,0,有关,0,2,,有关,,,false,false,false
lp:258:word:0,258,0,说,0,1,lpw_ccca744613,说,speech,false,true,true,true
lp:258:word:1,258,1,了,1,2,lpw_b2dd27e84f,了,function,false,true,true,true
lp:258:word:2,258,2,一半,2,4,,一半,,,false,false,false
lp:258:word:3,258,3,打住,4,6,,打住,,,false,false,false
lp:258:word:4,258,4,的话,6,8,lpw_9b952dd4e3,的话,other,false,false,false,false
lp:258:word:5,258,5,头,8,9,,头,,,false,false,false
lp:259:word:0,259,0,会,0,1,lpw_5ba1e3c0eb,会,negation_modality,false,true,true,true
lp:259:word:1,259,1,让,1,2,lpw_ad37574404,让,other,false,true,true,true
lp:259:word:2,259,2,我,2,3,lpw_b70bb4acc0,我,pronoun,false,true,true,true
lp:259:word:3,259,3,多么,3,5,,多么,,,false,false,false
lp:259:word:4,259,4,惊讶,5,7,,惊讶,,,false,false,false
lp:259:word:5,259,5,啊,7,8,lpw_7c2c50fbaf,啊,function,false,false,false,false
lp:260:word:0,260,0,我,0,1,lpw_b70bb4acc0,我,pronoun,false,true,true,true
lp:260:word:1,260,1,竭力,1,3,,竭力,,,false,false,false
lp:260:word:2,260,2,想,3,4,lpw_df0d251938,想,cognition,false,false,false,true
lp:260:word:3,260,3,多,4,5,lpw_1940119f05,多,other,false,false,false,false
lp:260:word:4,260,4,知道,5,7,lpw_d7b6472b11,知道,cognition,false,false,true,true
lp:260:word:5,260,5,一些,7,9,,一些,,,false,false,false
lp:261:word:0,261,0,你,1,2,lpw_a0c7716669,你,pronoun,false,true,true,true
lp:261:word:1,261,1,从,2,3,lpw_2719a8ea30,从,function,false,false,false,true
lp:261:word:2,261,2,哪儿,3,5,lpw_1ca2298198,哪儿,interrogative,false,false,false,false
lp:261:word:3,261,3,来,5,6,lpw_6d8229118c,来,physical_action,false,true,true,true
lp:262:word:0,262,0,我,0,1,lpw_b70bb4acc0,我,pronoun,false,true,true,true
lp:262:word:1,262,1,的,1,2,lpw_8af2350cfd,的,function,false,true,true,true
lp:262:word:2,262,2,小,2,3,lpw_6a7339bb75,小,other,false,false,true,true
lp:262:word:3,262,3,家伙,3,5,,家伙,,,false,false,false
lp:263:word:0,263,0,我,1,2,lpw_b70bb4acc0,我,pronoun,false,true,true,true
lp:263:word:1,263,1,那儿,2,4,lpw_b4444021ad,那儿,other,false,false,false,false
lp:263:word:2,263,2,是,5,6,lpw_b5141d3d19,是,function,false,true,true,true
lp:263:word:3,263,3,哪儿,6,8,lpw_1ca2298198,哪儿,interrogative,false,false,false,false
lp:264:word:0,264,0,你要,0,2,lpw_642b100e13,你要,other,false,false,false,false
lp:264:word:1,264,1,把,2,3,lpw_2442748e41,把,function,false,false,true,true
lp:264:word:2,264,2,我,3,4,lpw_b70bb4acc0,我,pronoun,false,true,true,true
lp:264:word:3,264,3,画,4,5,lpw_de9f18b00a,画,physical_action,true,false,false,false
lp:264:word:4,264,4,的,5,6,lpw_8af2350cfd,的,function,false,true,true,true
lp:264:word:5,264,5,绵羊,6,8,lpw_238b95ae07,羊,concrete_entity,true,false,false,false
lp:264:word:6,264,6,带到,8,10,,带到,,,false,false,false
lp:264:word:7,264,7,哪儿,10,12,lpw_1ca2298198,哪儿,interrogative,false,false,false,false
lp:264:word:8,264,8,去,12,13,lpw_99ae21ea6c,去,physical_action,false,false,true,true
lp:265:word:0,265,0,他,0,1,lpw_8b7b91e000,他,pronoun,false,true,true,true
lp:265:word:1,265,1,若有所思,1,5,,若有所思,,,false,false,false
lp:265:word:2,265,2,地,5,6,lpw_bdbd41e490,地,function,false,true,true,true
lp:265:word:3,265,3,沉默,6,8,,沉默,,,false,false,false
lp:265:word:4,265,4,了一,8,10,,了一,,,false,false,false
lp:265:word:5,265,5,会,10,11,lpw_5ba1e3c0eb,会,negation_modality,false,true,true,true
lp:265:word:6,265,6,儿,11,12,lpw_1ed5efc3dc,儿,other,false,false,false,false
lp:266:word:0,266,0,然后,0,2,lpw_ca4f5ee82e,然后,other,false,false,false,false
lp:266:word:1,266,1,开口,2,4,,开口,,,false,false,false
lp:266:word:2,266,2,对,4,5,lpw_74570c7270,对,function,false,true,true,true
lp:266:word:3,266,3,我,5,6,lpw_b70bb4acc0,我,pronoun,false,true,true,true
lp:266:word:4,266,4,说,6,7,lpw_ccca744613,说,speech,false,true,true,true
lp:267:word:0,267,0,你,1,2,lpw_a0c7716669,你,pronoun,false,true,true,true
lp:267:word:1,267,1,给,2,3,lpw_6e55fb9d8a,给,other,false,true,true,true
lp:267:word:2,267,2,了,3,4,lpw_b2dd27e84f,了,function,false,true,true,true
lp:267:word:3,267,3,我,4,5,lpw_b70bb4acc0,我,pronoun,false,true,true,true
lp:267:word:4,267,4,这个,5,7,lpw_979e2bc35b,这个,function,false,false,true,true
lp:267:word:5,267,5,箱子,7,9,,箱子,,,false,false,false
lp:268:word:0,268,0,这,0,1,lpw_d409ab2ab3,这,pronoun,false,true,true,true
lp:268:word:1,268,1,就好,1,3,,就好,,,false,false,false
lp:268:word:2,268,2,了,3,4,lpw_b2dd27e84f,了,function,false,true,true,true
lp:269:word:0,269,0,晚上,0,2,lpw_a9b1124b34,晚上,time_quantity,false,false,false,false
lp:269:word:1,269,1,可以,2,4,lpw_0ef5c86fab,可以,negation_modality,false,false,false,true
lp:269:word:2,269,2,给,4,5,lpw_6e55fb9d8a,给,other,false,true,true,true
lp:269:word:3,269,3,它,5,6,lpw_7e9260e925,它,pronoun,false,true,true,true
lp:269:word:4,269,4,当,6,7,lpw_142d843e71,当,other,false,false,false,false
lp:269:word:5,269,5,屋子,7,9,,屋子,,,false,false,false
lp:270:word:0,270,0,当然,1,3,lpw_0002e2d87f,当然,other,false,false,false,false
lp:270:word:1,270,1,要是,4,6,lpw_467b2562ed,要是,function,false,false,false,true
lp:270:word:2,270,2,你,6,7,lpw_a0c7716669,你,pronoun,false,true,true,true
lp:270:word:3,270,3,乖,7,8,,乖,,,false,false,false
lp:271:word:0,271,0,我还,0,2,,我还,,,false,false,false
lp:271:word:1,271,1,会,2,3,lpw_5ba1e3c0eb,会,negation_modality,false,true,true,true
lp:271:word:2,271,2,给,3,4,lpw_6e55fb9d8a,给,other,false,true,true,true
lp:271:word:3,271,3,你,4,5,lpw_a0c7716669,你,pronoun,false,true,true,true
lp:271:word:4,271,4,一根,5,7,,一根,,,false,false,false
lp:271:word:5,271,5,绳子,7,9,,绳子,,,false,false,false
lp:272:word:0,272,0,白天,0,2,,白天,,,false,false,false
lp:272:word:1,272,1,可以,2,4,lpw_0ef5c86fab,可以,negation_modality,false,false,false,true
lp:272:word:2,272,2,把,4,5,lpw_2442748e41,把,function,false,false,true,true
lp:272:word:3,272,3,它,5,6,lpw_7e9260e925,它,pronoun,false,true,true,true
lp:272:word:4,272,4,拴住,6,8,,拴住,,,false,false,false
lp:273:word:0,273,0,木,0,1,,木,,,false,false,false
lp:273:word:1,273,1,桩,1,2,,桩,,,false,false,false
lp:273:word:2,273,2,也有,2,4,,也有,,,false,false,false
lp:274:word:0,274,0,这个,0,2,lpw_979e2bc35b,这个,function,false,false,true,true
lp:274:word:1,274,1,提议,2,4,,提议,,,false,false,false
lp:274:word:2,274,2,好像,4,6,,好像,,,false,false,false
lp:274:word:3,274,3,使,6,7,lpw_22c95798a9,使,other,false,false,false,false
lp:274:word:4,274,4,小王子,7,10,lpw_87f2a033cf,小王子,narrative_character,false,true,true,true
lp:274:word:5,274,5,很,10,11,lpw_f2b91797ea,很,other,false,true,true,true
lp:274:word:6,274,6,不以为然,11,15,,不以为然,,,false,false,false
lp:275:word:0,275,0,拴住,1,3,,拴住,,,false,false,false
lp:275:word:1,275,1,真是,4,6,,真是,,,false,false,false
lp:275:word:2,275,2,怪,6,7,,怪,,,false,false,false
lp:275:word:3,275,3,念头,7,9,,念头,,,false,false,false
lp:276:word:0,276,0,可,1,2,lpw_8b9cefa38e,可,other,false,false,true,true
lp:276:word:1,276,1,要是,2,4,lpw_467b2562ed,要是,function,false,false,false,true
lp:276:word:2,276,2,你,4,5,lpw_a0c7716669,你,pronoun,false,true,true,true
lp:276:word:3,276,3,不把,5,7,,不把,,,false,false,false
lp:276:word:4,276,4,它,7,8,lpw_7e9260e925,它,pronoun,false,true,true,true
lp:276:word:5,276,5,拴住,8,10,,拴住,,,false,false,false
lp:277:word:0,277,0,它,0,1,lpw_7e9260e925,它,pronoun,false,true,true,true
lp:277:word:1,277,1,就,1,2,lpw_2f9d9872e5,就,function,false,true,true,true
lp:277:word:2,277,2,会,2,3,lpw_5ba1e3c0eb,会,negation_modality,false,true,true,true
lp:277:word:3,277,3,到处,3,5,,到处,,,false,false,false
lp:277:word:4,277,4,跑,5,6,,跑,,,false,false,false
lp:278:word:0,278,0,还,0,1,lpw_1bc709b8bf,还,other,false,false,false,true
lp:278:word:1,278,1,会,1,2,lpw_5ba1e3c0eb,会,negation_modality,false,true,true,true
lp:278:word:2,278,2,跑,2,3,,跑,,,false,false,false
lp:278:word:3,278,3,丢,3,4,,丢,,,false,false,false
lp:278:word:4,278,4,了,4,5,lpw_b2dd27e84f,了,function,false,true,true,true
lp:279:word:0,279,0,小王子,0,3,lpw_87f2a033cf,小王子,narrative_character,false,true,true,true
lp:279:word:1,279,1,在,3,4,lpw_12404a0b63,在,function,false,true,true,true
lp:279:word:2,279,2,B612,4,8,,B612,,,false,false,false
lp:279:word:3,279,3,小行星,8,11,lpw_68cf5e71c2,小行星,place,true,false,false,false
lp:279:word:4,279,4,上,11,12,lpw_db5ba671d2,上,function,false,true,true,true
lp:280:word:0,280,0,我,0,1,lpw_b70bb4acc0,我,pronoun,false,true,true,true
lp:280:word:1,280,1,的,1,2,lpw_8af2350cfd,的,function,false,true,true,true
lp:280:word:2,280,2,朋友,2,4,lpw_677aad1a0e,朋友,emotion_social,false,false,false,true
lp:280:word:3,280,3,又,4,5,lpw_e71ce5deab,又,function,false,true,true,true
lp:280:word:4,280,4,咯咯,5,7,,咯咯,,,false,false,false
lp:280:word:5,280,5,地,7,8,lpw_bdbd41e490,地,function,false,true,true,true
lp:280:word:6,280,6,笑了起来,8,12,,笑了起来,,,false,false,false
lp:281:word:0,281,0,你,1,2,lpw_a0c7716669,你,pronoun,false,true,true,true
lp:281:word:1,281,1,叫,2,3,,叫,,,false,false,false
lp:281:word:2,281,2,它,3,4,lpw_7e9260e925,它,pronoun,false,true,true,true
lp:281:word:3,281,3,往,4,5,,往,,,false,false,false
lp:281:word:4,281,4,哪儿,5,7,lpw_1ca2298198,哪儿,interrogative,false,false,false,false
lp:281:word:5,281,5,跑,7,8,,跑,,,false,false,false
lp:281:word:6,281,6,呀,8,9,lpw_03fe6b38e7,呀,function,false,false,false,true
lp:282:word:0,282,0,到处,1,3,,到处,,,false,false,false
lp:282:word:1,282,1,跑,3,4,,跑,,,false,false,false
lp:283:word:0,283,0,笔直,0,2,,笔直,,,false,false,false
lp:283:word:1,283,1,往前,2,4,,往前,,,false,false,false
lp:284:word:0,284,0,这时,0,2,,这时,,,false,false,false
lp:285:word:0,285,0,小王子,0,3,lpw_87f2a033cf,小王子,narrative_character,false,true,true,true
lp:285:word:1,285,1,一本,3,5,,一本,,,false,false,false
lp:285:word:2,285,2,正经,5,7,,正经,,,false,false,false
lp:285:word:3,285,3,地,7,8,lpw_bdbd41e490,地,function,false,true,true,true
lp:285:word:4,285,4,说,8,9,lpw_ccca744613,说,speech,false,true,true,true
lp:286:word:0,286,0,那,1,2,lpw_5a2362a202,那,pronoun,false,true,true,true
lp:286:word:1,286,1,也,2,3,lpw_658605835b,也,function,false,false,true,true
lp:286:word:2,286,2,没关系,3,6,,没关系,,,false,false,false
lp:287:word:0,287,0,我,0,1,lpw_b70bb4acc0,我,pronoun,false,true,true,true
lp:287:word:1,287,1,那儿,1,3,lpw_b4444021ad,那儿,other,false,false,false,false
lp:287:word:2,287,2,就,3,4,lpw_2f9d9872e5,就,function,false,true,true,true
lp:287:word:3,287,3,一丁点儿,4,8,,一丁点儿,,,false,false,false
lp:287:word:4,287,4,大,8,9,lpw_7d4ca7f48e,大,other,false,false,false,false
lp:288:word:0,288,0,然后,0,2,lpw_ca4f5ee82e,然后,other,false,false,false,false
lp:289:word:0,289,0,他,0,1,lpw_8b7b91e000,他,pronoun,false,true,true,true
lp:289:word:1,289,1,又,1,2,lpw_e71ce5deab,又,function,false,true,true,true
lp:289:word:2,289,2,说,2,3,lpw_ccca744613,说,speech,false,true,true,true
lp:289:word:3,289,3,了,3,4,lpw_b2dd27e84f,了,function,false,true,true,true
lp:289:word:4,289,4,一句,4,6,,一句,,,false,false,false
lp:290:word:0,290,0,语气,0,2,,语气,,,false,false,false
lp:290:word:1,290,1,中,2,3,lpw_a567bdaa11,中,other,false,false,false,false
lp:290:word:2,290,2,仿佛,3,5,,仿佛,,,false,false,false
lp:290:word:3,290,3,有,5,6,lpw_90ce0f66f0,有,other,false,true,true,true
lp:290:word:4,290,4,点儿,6,8,,点儿,,,false,false,false
lp:290:word:5,290,5,忧郁,8,10,,忧郁,,,false,false,false
lp:291:word:0,291,0,就是,1,3,lpw_88aa006eb3,就是,other,false,false,true,true
lp:291:word:1,291,1,笔直,3,5,,笔直,,,false,false,false
lp:291:word:2,291,2,往前,5,7,,往前,,,false,false,false
lp:291:word:3,291,3,跑,7,8,,跑,,,false,false,false
lp:292:word:0,292,0,也,0,1,lpw_658605835b,也,function,false,false,true,true
lp:292:word:1,292,1,跑不了,1,4,,跑不了,,,false,false,false
lp:292:word:2,292,2,多,4,5,lpw_1940119f05,多,other,false,false,false,false
lp:292:word:3,292,3,远,5,6,lpw_057c8f7842,远,other,false,false,false,false
lp:294:word:0,294,0,我,0,1,lpw_b70bb4acc0,我,pronoun,false,true,true,true
lp:294:word:1,294,1,由此,1,3,,由此,,,false,false,false
lp:294:word:2,294,2,知道,3,5,lpw_d7b6472b11,知道,cognition,false,false,true,true
lp:294:word:3,294,3,了,5,6,lpw_b2dd27e84f,了,function,false,true,true,true
lp:294:word:4,294,4,另一,6,8,,另一,,,false,false,false
lp:294:word:5,294,5,件,8,9,,件,,,false,false,false
lp:294:word:6,294,6,很,9,10,lpw_f2b91797ea,很,other,false,true,true,true
lp:294:word:7,294,7,重要,10,12,lpw_a8cd9642aa,重要,other,false,false,false,false
lp:294:word:8,294,8,的,12,13,lpw_8af2350cfd,的,function,false,true,true,true
lp:294:word:9,294,9,事情,13,15,lpw_e66d9fac19,事情,other,false,false,false,false
lp:295:word:0,295,0,他,0,1,lpw_8b7b91e000,他,pronoun,false,true,true,true
lp:295:word:1,295,1,居住,1,3,,居住,,,false,false,false
lp:295:word:2,295,2,的,3,4,lpw_8af2350cfd,的,function,false,true,true,true
lp:295:word:3,295,3,星球,4,6,lpw_62f2d6c1a1,星球,place,false,true,true,true
lp:295:word:4,295,4,比,6,7,lpw_ab158a8483,比,other,false,false,false,false
lp:295:word:5,295,5,一座,7,9,lpw_e2d5460909,一座,other,false,false,false,false
lp:295:word:6,295,6,房子,9,11,,房子,,,false,false,false
lp:295:word:7,295,7,大,11,12,lpw_7d4ca7f48e,大,other,false,false,false,false
lp:295:word:8,295,8,不了,12,14,,不了,,,false,false,false
lp:295:word:9,295,9,多少,14,16,,多少,,,false,false,false
lp:296:word:0,296,0,这,0,1,lpw_d409ab2ab3,这,pronoun,false,true,true,true
lp:296:word:1,296,1,并,1,2,,并,,,false,false,false
lp:296:word:2,296,2,没,2,3,lpw_279e8b3573,没,negation_modality,false,false,true,true
lp:296:word:3,296,3,让,3,4,lpw_ad37574404,让,other,false,true,true,true
lp:296:word:4,296,4,我,4,5,lpw_b70bb4acc0,我,pronoun,false,true,true,true
lp:296:word:5,296,5,感到,5,7,lpw_15c2457566,感到,perception,false,false,false,true
lp:296:word:6,296,6,很,7,8,lpw_f2b91797ea,很,other,false,true,true,true
lp:296:word:7,296,7,吃惊,8,10,,吃惊,,,false,false,false
lp:297:word:0,297,0,我,0,1,lpw_b70bb4acc0,我,pronoun,false,true,true,true
lp:297:word:1,297,1,知道,1,3,lpw_d7b6472b11,知道,cognition,false,false,true,true
lp:298:word:0,298,0,除了,0,2,,除了,,,false,false,false
lp:298:word:1,298,1,像,2,3,lpw_cf8cedd58b,像,other,false,false,false,true
lp:298:word:2,298,2,地球,3,5,lpw_eeef861b87,地球,place,false,false,false,true
lp:298:word:3,298,3,木星,6,8,,木星,,,false,false,false
lp:298:word:4,298,4,火,9,10,,火,,,false,false,false
lp:299:word:0,299,0,星,0,1,,星,,,false,false,false
lp:299:word:1,299,1,金星,2,4,,金星,,,false,false,false
lp:299:word:2,299,2,这些,4,6,lpw_7a590a22cd,这些,function,false,false,false,true
lp:299:word:3,299,3,取,6,7,,取,,,false,false,false
lp:299:word:4,299,4,了,7,8,lpw_b2dd27e84f,了,function,false,true,true,true
lp:299:word:5,299,5,名字,8,10,,名字,,,false,false,false
lp:299:word:6,299,6,的,10,11,lpw_8af2350cfd,的,function,false,true,true,true
lp:299:word:7,299,7,大,11,12,lpw_7d4ca7f48e,大,other,false,false,false,false
lp:299:word:8,299,8,星球,12,14,lpw_62f2d6c1a1,星球,place,false,true,true,true
lp:300:word:0,300,0,还有,0,2,lpw_83eec76b39,还有,other,false,false,false,false
lp:300:word:1,300,1,成千上万,2,6,,成千上万,,,false,false,false
lp:300:word:2,300,2,的,6,7,lpw_8af2350cfd,的,function,false,true,true,true
lp:300:word:3,300,3,星球,7,9,lpw_62f2d6c1a1,星球,place,false,true,true,true
lp:301:word:0,301,0,它们,0,2,lpw_c40b3d2880,它们,pronoun,false,false,true,true
lp:301:word:1,301,1,有,2,3,lpw_90ce0f66f0,有,other,false,true,true,true
lp:301:word:2,301,2,时候,3,5,lpw_5484678be4,时候,other,false,false,false,false
lp:301:word:3,301,3,非常,5,7,lpw_2ccec3b419,非常,other,false,false,false,false
lp:301:word:4,301,4,非常,7,9,lpw_2ccec3b419,非常,other,false,false,false,false
lp:301:word:5,301,5,小,9,10,lpw_6a7339bb75,小,other,false,false,true,true
lp:302:word:0,302,0,用,0,1,lpw_04e45efb3b,用,other,false,false,false,true
lp:302:word:1,302,1,望远镜,1,4,,望远镜,,,false,false,false
lp:302:word:2,302,2,都不,4,6,,都不,,,false,false,false
lp:302:word:3,302,3,大,6,7,lpw_7d4ca7f48e,大,other,false,false,false,false
lp:302:word:4,302,4,看得见,7,10,,看得见,,,false,false,false
lp:303:word:0,303,0,天文学家,0,4,,天文学家,,,false,false,false
lp:303:word:1,303,1,找到,4,6,,找到,,,false,false,false
lp:303:word:2,303,2,其中,6,8,,其中,,,false,false,false
lp:303:word:3,303,3,的,8,9,lpw_8af2350cfd,的,function,false,true,true,true
lp:303:word:4,303,4,一个,9,11,lpw_e1dbc1c99f,一个,function|time_quantity,false,true,true,true
lp:303:word:5,303,5,星球,11,13,lpw_62f2d6c1a1,星球,place,false,true,true,true
lp:304:word:0,304,0,给,0,1,lpw_6e55fb9d8a,给,other,false,true,true,true
lp:304:word:1,304,1,它,1,2,lpw_7e9260e925,它,pronoun,false,true,true,true
lp:304:word:2,304,2,编,2,3,,编,,,false,false,false
lp:304:word:3,304,3,一个,3,5,lpw_e1dbc1c99f,一个,function|time_quantity,false,true,true,true
lp:304:word:4,304,4,号码,5,7,,号码,,,false,false,false
lp:304:word:5,304,5,就算,7,9,,就算,,,false,false,false
lp:304:word:6,304,6,名字,9,11,,名字,,,false,false,false
lp:304:word:7,304,7,了,11,12,lpw_b2dd27e84f,了,function,false,true,true,true
lp:305:word:0,305,0,比如,0,2,,比如,,,false,false,false
lp:305:word:1,305,1,说,2,3,lpw_ccca744613,说,speech,false,true,true,true
lp:306:word:0,306,0,他,0,1,lpw_8b7b91e000,他,pronoun,false,true,true,true
lp:306:word:1,306,1,把,1,2,lpw_2442748e41,把,function,false,false,true,true
lp:306:word:2,306,2,它,2,3,lpw_7e9260e925,它,pronoun,false,true,true,true
lp:306:word:3,306,3,叫作,3,5,,叫作,,,false,false,false
lp:306:word:4,306,4,号,10,11,,号,,,false,false,false
lp:306:word:5,306,5,小行星,11,14,lpw_68cf5e71c2,小行星,place,true,false,false,false
lp:307:word:0,307,0,我有,0,2,lpw_59cbe38d1c,我有,other,false,false,false,false
lp:307:word:1,307,1,很,2,3,lpw_f2b91797ea,很,other,false,true,true,true
lp:307:word:2,307,2,可靠,3,5,,可靠,,,false,false,false
lp:307:word:3,307,3,的,5,6,lpw_8af2350cfd,的,function,false,true,true,true
lp:307:word:4,307,4,理由,6,8,,理由,,,false,false,false
lp:308:word:0,308,0,足以,0,2,,足以,,,false,false,false
lp:308:word:1,308,1,相信,2,4,,相信,,,false,false,false
lp:308:word:2,308,2,小王子,4,7,lpw_87f2a033cf,小王子,narrative_character,false,true,true,true
lp:308:word:3,308,3,原先,7,9,,原先,,,false,false,false
lp:308:word:4,308,4,住,9,10,lpw_cbba0a98ab,住,other,false,false,false,false
lp:308:word:5,308,5,的,10,11,lpw_8af2350cfd,的,function,false,true,true,true
lp:308:word:6,308,6,那个,11,13,lpw_fa6e73c549,那个,function,false,false,false,false
lp:308:word:7,308,7,星球,13,15,lpw_62f2d6c1a1,星球,place,false,true,true,true
lp:309:word:0,309,0,就是,0,2,lpw_88aa006eb3,就是,other,false,false,true,true
lp:309:word:1,309,1,B612号,2,7,,B612号,,,false,false,false
lp:309:word:2,309,2,小行星,7,10,lpw_68cf5e71c2,小行星,place,true,false,false,false
lp:310:word:0,310,0,这,0,1,lpw_d409ab2ab3,这,pronoun,false,true,true,true
lp:310:word:1,310,1,颗,1,2,lpw_09901d3de2,颗,other,false,false,false,false
lp:310:word:2,310,2,小行星,2,5,lpw_68cf5e71c2,小行星,place,true,false,false,false
lp:310:word:3,310,3,只在,5,7,,只在,,,false,false,false
lp:310:word:4,310,4,一九,7,9,,一九,,,false,false,false
lp:310:word:5,310,5,九,10,11,,九,,,false,false,false
lp:311:word:0,311,0,年,0,1,,年,,,false,false,false
lp:311:word:1,311,1,被人,1,3,,被人,,,false,false,false
lp:311:word:2,311,2,用,3,4,lpw_04e45efb3b,用,other,false,false,false,true
lp:311:word:3,311,3,望远镜,4,7,,望远镜,,,false,false,false
lp:311:word:4,311,4,望,7,8,lpw_260bd80462,望,other,false,false,false,false
lp:311:word:5,311,5,见过,8,10,,见过,,,false,false,false
lp:311:word:6,311,6,一次,10,12,,一次,,,false,false,false
lp:312:word:0,312,0,那,0,1,lpw_5a2362a202,那,pronoun,false,true,true,true
lp:312:word:1,312,1,人,1,2,lpw_50f5d65d57,人,other,false,true,true,true
lp:312:word:2,312,2,是,2,3,lpw_b5141d3d19,是,function,false,true,true,true
lp:312:word:3,312,3,一个,3,5,lpw_e1dbc1c99f,一个,function|time_quantity,false,true,true,true
lp:312:word:4,312,4,土耳其天文学家,5,12,,土耳其天文学家,,,false,false,false
lp:313:word:0,313,0,当时,0,2,,当时,,,false,false,false
lp:314:word:0,314,0,他在,0,2,,他在,,,false,false,false
lp:314:word:1,314,1,一次,2,4,,一次,,,false,false,false
lp:314:word:2,314,2,国际,4,6,,国际,,,false,false,false
lp:314:word:3,314,3,天文学,6,9,,天文学,,,false,false,false
lp:314:word:4,314,4,大会,9,11,,大会,,,false,false,false
lp:314:word:5,314,5,上,11,12,lpw_db5ba671d2,上,function,false,true,true,true
lp:314:word:6,314,6,作了,12,14,,作了,,,false,false,false
lp:314:word:7,314,7,长篇,14,16,,长篇,,,false,false,false
lp:314:word:8,314,8,论证,16,18,,论证,,,false,false,false
lp:315:word:0,315,0,可是,0,2,lpw_38ca4a9c76,可是,function,false,false,true,true
lp:315:word:1,315,1,就,2,3,lpw_2f9d9872e5,就,function,false,true,true,true
lp:315:word:2,315,2,为了,3,5,lpw_2ed64c1d92,为了,other,false,false,false,false
lp:315:word:3,315,3,他,5,6,lpw_8b7b91e000,他,pronoun,false,true,true,true
lp:315:word:4,315,4,的,6,7,lpw_8af2350cfd,的,function,false,true,true,true
lp:315:word:5,315,5,服装,7,9,,服装,,,false,false,false
lp:315:word:6,315,6,的,9,10,lpw_8af2350cfd,的,function,false,true,true,true
lp:315:word:7,315,7,缘故,10,12,,缘故,,,false,false,false
lp:316:word:0,316,0,谁,0,1,lpw_056b9c6262,谁,pronoun|interrogative,false,false,false,false
lp:316:word:1,316,1,也不,1,3,lpw_941252022a,也不,other,false,false,false,false
lp:316:word:2,316,2,信,3,4,,信,,,false,false,false
lp:316:word:3,316,3,他,4,5,lpw_8b7b91e000,他,pronoun,false,true,true,true
lp:316:word:4,316,4,的话,5,7,lpw_9b952dd4e3,的话,other,false,false,false,false
lp:317:word:0,317,0,大人,0,2,lpw_44dd6014a5,大人,narrative_character,false,false,false,true
lp:317:word:1,317,1,哪,2,3,,哪,,,false,false,false
lp:318:word:0,318,0,就是,0,2,lpw_88aa006eb3,就是,other,false,false,true,true
lp:318:word:1,318,1,这样,2,4,lpw_b7fc681861,这样,other,false,false,true,true
lp:319:word:0,319,0,幸好,0,2,,幸好,,,false,false,false
lp:320:word:0,320,0,有,0,1,lpw_90ce0f66f0,有,other,false,true,true,true
lp:320:word:1,320,1,一个,1,3,lpw_e1dbc1c99f,一个,function|time_quantity,false,true,true,true
lp:320:word:2,320,2,土耳其,3,6,,土耳其,,,false,false,false
lp:320:word:3,320,3,独裁,6,8,,独裁,,,false,false,false
lp:320:word:4,320,4,者,8,9,,者,,,false,false,false
lp:320:word:5,320,5,下令,9,11,,下令,,,false,false,false
lp:321:word:0,321,0,全国,0,2,,全国,,,false,false,false
lp:321:word:1,321,1,百姓,2,4,,百姓,,,false,false,false
lp:321:word:2,321,2,都要,4,6,,都要,,,false,false,false
lp:321:word:3,321,3,穿,6,7,,穿,,,false,false,false
lp:321:word:4,321,4,欧洲,7,9,,欧洲,,,false,false,false
lp:321:word:5,321,5,的,9,10,lpw_8af2350cfd,的,function,false,true,true,true
lp:321:word:6,321,6,服装,10,12,,服装,,,false,false,false
lp:322:word:0,322,0,违,0,1,,违,,,false,false,false
lp:322:word:1,322,1,令,1,2,,令,,,false,false,false
lp:322:word:2,322,2,者,2,3,,者,,,false,false,false
lp:322:word:3,322,3,处死,3,5,,处死,,,false,false,false
lp:323:word:0,323,0,这,0,1,lpw_d409ab2ab3,这,pronoun,false,true,true,true
lp:323:word:1,323,1,一下,1,3,,一下,,,false,false,false
lp:323:word:2,323,2,B612号,3,8,,B612号,,,false,false,false
lp:323:word:3,323,3,小行星,8,11,lpw_68cf5e71c2,小行星,place,true,false,false,false
lp:323:word:4,323,4,的,11,12,lpw_8af2350cfd,的,function,false,true,true,true
lp:323:word:5,323,5,名声,12,14,,名声,,,false,false,false
lp:323:word:6,323,6,总算,14,16,,总算,,,false,false,false
lp:323:word:7,323,7,保全,16,18,,保全,,,false,false,false
lp:323:word:8,323,8,了,18,19,lpw_b2dd27e84f,了,function,false,true,true,true
lp:324:word:0,324,0,那个,0,2,lpw_fa6e73c549,那个,function,false,false,false,false
lp:324:word:1,324,1,天文学家,2,6,,天文学家,,,false,false,false
lp:324:word:2,324,2,在,6,7,lpw_12404a0b63,在,function,false,true,true,true
lp:324:word:3,324,3,一九,7,9,,一九,,,false,false,false
lp:324:word:4,324,4,二,9,10,,二,,,false,false,false
lp:324:word:5,324,5,年,11,12,,年,,,false,false,false
lp:324:word:6,324,6,重新,12,14,,重新,,,false,false,false
lp:324:word:7,324,7,作,14,15,lpw_7ff9df9923,作,other,false,false,false,false
lp:324:word:8,324,8,报告,15,17,,报告,,,false,false,false
lp:325:word:0,325,0,穿着,0,2,,穿着,,,false,false,false
lp:325:word:1,325,1,一套,2,4,,一套,,,false,false,false
lp:325:word:2,325,2,非常,4,6,lpw_2ccec3b419,非常,other,false,false,false,false
lp:325:word:3,325,3,体面,6,8,,体面,,,false,false,false
lp:325:word:4,325,4,的,8,9,lpw_8af2350cfd,的,function,false,true,true,true
lp:325:word:5,325,5,西装,9,11,,西装,,,false,false,false
lp:326:word:0,326,0,这,0,1,lpw_d409ab2ab3,这,pronoun,false,true,true,true
lp:326:word:1,326,1,一回,1,3,,一回,,,false,false,false
lp:326:word:2,326,2,所有,3,5,lpw_ae99f297e9,所有,other,false,false,false,false
lp:326:word:3,326,3,的,5,6,lpw_8af2350cfd,的,function,false,true,true,true
lp:326:word:4,326,4,人,6,7,lpw_50f5d65d57,人,other,false,true,true,true
lp:326:word:5,326,5,都,7,8,lpw_7eabb36ba1,都,function,false,false,true,true
lp:326:word:6,326,6,同意,8,10,,同意,,,false,false,false
lp:326:word:7,326,7,了,10,11,lpw_b2dd27e84f,了,function,false,true,true,true
lp:326:word:8,326,8,他,11,12,lpw_8b7b91e000,他,pronoun,false,true,true,true
lp:326:word:9,326,9,的,12,13,lpw_8af2350cfd,的,function,false,true,true,true
lp:326:word:10,326,10,观点,13,15,,观点,,,false,false,false
lp:327:word:0,327,0,我,0,1,lpw_b70bb4acc0,我,pronoun,false,true,true,true
lp:327:word:1,327,1,之所以,1,4,,之所以,,,false,false,false
lp:327:word:2,327,2,要,4,5,lpw_975f35218e,要,negation_modality,false,false,true,true
lp:327:word:3,327,3,跟,5,6,lpw_383a53d95c,跟,function,false,false,false,true
lp:327:word:4,327,4,你们,6,8,lpw_8a5d477bda,你们,pronoun,false,false,true,true
lp:327:word:5,327,5,一,8,9,lpw_51a75f4634,一,other,false,false,true,true
lp:327:word:6,327,6,五一,9,11,,五一,,,false,false,false
lp:328:word:0,328,0,十,0,1,,十,,,false,false,false
lp:328:word:1,328,1,地,1,2,lpw_bdbd41e490,地,function,false,true,true,true
lp:328:word:2,328,2,介绍,2,4,,介绍,,,false,false,false
lp:328:word:3,328,3,B612号,4,9,,B612号,,,false,false,false
lp:328:word:4,328,4,小行星,9,12,lpw_68cf5e71c2,小行星,place,true,false,false,false
lp:329:word:0,329,0,还把,0,2,,还把,,,false,false,false
lp:329:word:1,329,1,它,2,3,lpw_7e9260e925,它,pronoun,false,true,true,true
lp:329:word:2,329,2,的,3,4,lpw_8af2350cfd,的,function,false,true,true,true
lp:329:word:3,329,3,编号,4,6,,编号,,,false,false,false
lp:329:word:4,329,4,也,6,7,lpw_658605835b,也,function,false,false,true,true
lp:329:word:5,329,5,讲,7,8,,讲,,,false,false,false
lp:329:word:6,329,6,得,8,9,lpw_71b1ed1114,得,function,false,false,true,true
lp:329:word:7,329,7,明,9,10,,明,,,false,false,false
lp:329:word:8,329,8,明白,10,12,lpw_8e37cd5f7f,明白,cognition,false,false,false,false
lp:329:word:9,329,9,白,12,13,,白,,,false,false,false
lp:330:word:0,330,0,完全,0,2,,完全,,,false,false,false
lp:330:word:1,330,1,是,2,3,lpw_b5141d3d19,是,function,false,true,true,true
lp:330:word:2,330,2,为了,3,5,lpw_2ed64c1d92,为了,other,false,false,false,false
lp:330:word:3,330,3,大人,5,7,lpw_44dd6014a5,大人,narrative_character,false,false,false,true
lp:331:word:0,331,0,那些,0,2,lpw_abd258db99,那些,function,false,false,false,true
lp:331:word:1,331,1,大人,2,4,lpw_44dd6014a5,大人,narrative_character,false,false,false,true
lp:331:word:2,331,2,就,4,5,lpw_2f9d9872e5,就,function,false,true,true,true
lp:331:word:3,331,3,喜欢,5,7,lpw_653b04330b,喜欢,emotion_social,false,false,false,false
lp:331:word:4,331,4,数字,7,9,,数字,,,false,false,false
lp:332:word:0,332,0,你,0,1,lpw_a0c7716669,你,pronoun,false,true,true,true
lp:332:word:1,332,1,跟,1,2,lpw_383a53d95c,跟,function,false,false,false,true
lp:332:word:2,332,2,他们,2,4,lpw_10518f8f0a,他们,pronoun,false,true,true,true
lp:332:word:3,332,3,讲起,4,6,,讲起,,,false,false,false
lp:332:word:4,332,4,一个,6,8,lpw_e1dbc1c99f,一个,function|time_quantity,false,true,true,true
lp:332:word:5,332,5,新,8,9,,新,,,false,false,false
lp:332:word:6,332,6,朋友,9,11,lpw_677aad1a0e,朋友,emotion_social,false,false,false,true
lp:333:word:0,333,0,他们,0,2,lpw_10518f8f0a,他们,pronoun,false,true,true,true
lp:333:word:1,333,1,总,2,3,,总,,,false,false,false
lp:333:word:2,333,2,爱,3,4,lpw_bafe3b2ee7,爱,emotion_social,false,false,false,false
lp:333:word:3,333,3,问,4,5,lpw_4628c0e06f,问,speech,false,false,true,true
lp:333:word:4,333,4,些,5,6,lpw_af76fed85c,些,other,false,false,false,false
lp:333:word:5,333,5,无关,6,8,,无关,,,false,false,false
lp:333:word:6,333,6,紧要,8,10,,紧要,,,false,false,false
lp:333:word:7,333,7,的,10,11,lpw_8af2350cfd,的,function,false,true,true,true
lp:333:word:8,333,8,问题,11,13,lpw_33a8618cb6,问题,other,false,false,false,false
lp:334:word:0,334,0,他们,0,2,lpw_10518f8f0a,他们,pronoun,false,true,true,true
lp:334:word:1,334,1,不会,2,4,lpw_c7ae73a94d,不会,negation_modality,false,false,false,false
lp:334:word:2,334,2,问,4,5,lpw_4628c0e06f,问,speech,false,false,true,true
lp:334:word:3,334,3,你,5,6,lpw_a0c7716669,你,pronoun,false,true,true,true
lp:335:word:0,335,0,他,1,2,lpw_8b7b91e000,他,pronoun,false,true,true,true
lp:335:word:1,335,1,说话,2,4,,说话,,,false,false,false
lp:335:word:2,335,2,的,4,5,lpw_8af2350cfd,的,function,false,true,true,true
lp:335:word:3,335,3,声音,5,7,lpw_473400815c,声音,other,false,false,false,false
lp:335:word:4,335,4,是,7,8,lpw_b5141d3d19,是,function,false,true,true,true
lp:335:word:5,335,5,怎样,8,10,,怎样,,,false,false,false
lp:335:word:6,335,6,的,10,11,lpw_8af2350cfd,的,function,false,true,true,true
lp:336:word:0,336,0,他,0,1,lpw_8b7b91e000,他,pronoun,false,true,true,true
lp:336:word:1,336,1,喜欢,1,3,lpw_653b04330b,喜欢,emotion_social,false,false,false,false
lp:336:word:2,336,2,玩,3,4,,玩,,,false,false,false
lp:336:word:3,336,3,哪些,4,6,,哪些,,,false,false,false
lp:336:word:4,336,4,游戏,6,8,,游戏,,,false,false,false
lp:337:word:0,337,0,他,0,1,lpw_8b7b91e000,他,pronoun,false,true,true,true
lp:337:word:1,337,1,是不是,1,4,,是不是,,,false,false,false
lp:337:word:2,337,2,收集,4,6,,收集,,,false,false,false
lp:337:word:3,337,3,蝴蝶,6,8,,蝴蝶,,,false,false,false
lp:337:word:4,337,4,标本,8,10,,标本,,,false,false,false
lp:338:word:0,338,0,他们,0,2,lpw_10518f8f0a,他们,pronoun,false,true,true,true
lp:338:word:1,338,1,问,2,3,lpw_4628c0e06f,问,speech,false,false,true,true
lp:338:word:2,338,2,的是,3,5,lpw_5e1dc2a833,的是,other,false,false,false,false
lp:339:word:0,339,0,他,1,2,lpw_8b7b91e000,他,pronoun,false,true,true,true
lp:339:word:1,339,1,几,2,3,,几,,,false,false,false
lp:339:word:2,339,2,岁,3,4,,岁,,,false,false,false
lp:340:word:0,340,0,有,0,1,lpw_90ce0f66f0,有,other,false,true,true,true
lp:340:word:1,340,1,几个,1,3,,几个,,,false,false,false
lp:340:word:2,340,2,兄弟,3,5,,兄弟,,,false,false,false
lp:341:word:0,341,0,他有,0,2,,他有,,,false,false,false
lp:341:word:1,341,1,多重,2,4,,多重,,,false,false,false
lp:342:word:0,342,0,他,0,1,lpw_8b7b91e000,他,pronoun,false,true,true,true
lp:342:word:1,342,1,父亲,1,3,,父亲,,,false,false,false
lp:342:word:2,342,2,挣,3,4,,挣,,,false,false,false
lp:342:word:3,342,3,多少钱,4,7,,多少钱,,,false,false,false
lp:343:word:0,343,0,这样,0,2,lpw_b7fc681861,这样,other,false,false,true,true
lp:343:word:1,343,1,问过,2,4,,问过,,,false,false,false
lp:343:word:2,343,2,以后,4,6,lpw_e6ad7a1dbc,以后,other,false,false,false,false
lp:344:word:0,344,0,他们,0,2,lpw_10518f8f0a,他们,pronoun,false,true,true,true
lp:344:word:1,344,1,就,2,3,lpw_2f9d9872e5,就,function,false,true,true,true
lp:344:word:2,344,2,以为,3,5,,以为,,,false,false,false
lp:344:word:3,344,3,了解,5,7,,了解,,,false,false,false
lp:344:word:4,344,4,他,7,8,lpw_8b7b91e000,他,pronoun,false,true,true,true
lp:344:word:5,344,5,了,8,9,lpw_b2dd27e84f,了,function,false,true,true,true
lp:345:word:0,345,0,你要,0,2,lpw_642b100e13,你要,other,false,false,false,false
lp:345:word:1,345,1,是,2,3,lpw_b5141d3d19,是,function,false,true,true,true
lp:345:word:2,345,2,对,3,4,lpw_74570c7270,对,function,false,true,true,true
lp:345:word:3,345,3,大人,4,6,lpw_44dd6014a5,大人,narrative_character,false,false,false,true
lp:345:word:4,345,4,说,6,7,lpw_ccca744613,说,speech,false,true,true,true
lp:346:word:0,346,0,我,1,2,lpw_b70bb4acc0,我,pronoun,false,true,true,true
lp:346:word:1,346,1,看见,2,4,lpw_7205426737,看见,perception,false,false,false,true
lp:346:word:2,346,2,一,4,5,lpw_51a75f4634,一,other,false,false,true,true
lp:346:word:3,346,3,幢,5,6,,幢,,,false,false,false
lp:346:word:4,346,4,漂亮,6,8,,漂亮,,,false,false,false
lp:346:word:5,346,5,的,8,9,lpw_8af2350cfd,的,function,false,true,true,true
lp:346:word:6,346,6,房子,9,11,,房子,,,false,false,false
lp:347:word:0,347,0,红,0,1,,红,,,false,false,false
lp:347:word:1,347,1,砖,1,2,,砖,,,false,false,false
lp:347:word:2,347,2,墙,2,3,,墙,,,false,false,false
lp:348:word:0,348,0,窗,0,1,,窗,,,false,false,false
lp:348:word:1,348,1,前,1,2,,前,,,false,false,false
lp:348:word:2,348,2,种,2,3,,种,,,false,false,false
lp:348:word:3,348,3,着,3,4,lpw_9e5bf0d2d9,着,function,false,true,true,true
lp:348:word:4,348,4,天竺葵,4,7,,天竺葵,,,false,false,false
lp:349:word:0,349,0,屋顶,0,2,,屋顶,,,false,false,false
lp:349:word:1,349,1,上,2,3,lpw_db5ba671d2,上,function,false,true,true,true
lp:349:word:2,349,2,停,3,4,,停,,,false,false,false
lp:349:word:3,349,3,着,4,5,lpw_9e5bf0d2d9,着,function,false,true,true,true
lp:349:word:4,349,4,鸽子,5,7,,鸽子,,,false,false,false
lp:350:word:0,350,0,他们,0,2,lpw_10518f8f0a,他们,pronoun,false,true,true,true
lp:350:word:1,350,1,想象,2,4,,想象,,,false,false,false
lp:350:word:2,350,2,不出,4,6,,不出,,,false,false,false
lp:350:word:3,350,3,这,6,7,lpw_d409ab2ab3,这,pronoun,false,true,true,true
lp:350:word:4,350,4,幢,7,8,,幢,,,false,false,false
lp:350:word:5,350,5,房子,8,10,,房子,,,false,false,false
lp:350:word:6,350,6,是,10,11,lpw_b5141d3d19,是,function,false,true,true,true
lp:350:word:7,350,7,怎样,11,13,,怎样,,,false,false,false
lp:350:word:8,350,8,的,13,14,lpw_8af2350cfd,的,function,false,true,true,true
lp:351:word:0,351,0,你,0,1,lpw_a0c7716669,你,pronoun,false,true,true,true
lp:351:word:1,351,1,得,1,2,lpw_71b1ed1114,得,function,false,false,true,true
lp:351:word:2,351,2,这么,2,4,lpw_7677ca84c6,这么,other,false,false,false,true
lp:351:word:3,351,3,跟,4,5,lpw_383a53d95c,跟,function,false,false,false,true
lp:351:word:4,351,4,他们,5,7,lpw_10518f8f0a,他们,pronoun,false,true,true,true
lp:351:word:5,351,5,说,7,8,lpw_ccca744613,说,speech,false,true,true,true
lp:352:word:0,352,0,我,1,2,lpw_b70bb4acc0,我,pronoun,false,true,true,true
lp:352:word:1,352,1,看见,2,4,lpw_7205426737,看见,perception,false,false,false,true
lp:352:word:2,352,2,一,4,5,lpw_51a75f4634,一,other,false,false,true,true
lp:352:word:3,352,3,幢,5,6,,幢,,,false,false,false
lp:352:word:4,352,4,十万,6,8,,十万,,,false,false,false
lp:352:word:5,352,5,法郎,8,10,,法郎,,,false,false,false
lp:352:word:6,352,6,的,10,11,lpw_8af2350cfd,的,function,false,true,true,true
lp:352:word:7,352,7,房子,11,13,,房子,,,false,false,false
lp:353:word:0,353,0,他们,0,2,lpw_10518f8f0a,他们,pronoun,false,true,true,true
lp:353:word:1,353,1,马上,2,4,,马上,,,false,false,false
lp:353:word:2,353,2,会,4,5,lpw_5ba1e3c0eb,会,negation_modality,false,true,true,true
lp:353:word:3,353,3,大声嚷嚷,5,9,,大声嚷嚷,,,false,false,false
lp:354:word:0,354,0,多,1,2,lpw_1940119f05,多,other,false,false,false,false
lp:354:word:1,354,1,漂亮,2,4,,漂亮,,,false,false,false
lp:354:word:2,354,2,的,4,5,lpw_8af2350cfd,的,function,false,true,true,true
lp:354:word:3,354,3,房子,5,7,,房子,,,false,false,false
lp:355:word:0,355,0,所以,0,2,lpw_a2f7e42081,所以,function,false,false,false,false
lp:356:word:0,356,0,如果,0,2,lpw_7ca71b72d7,如果,function,false,false,false,false
lp:356:word:1,356,1,你,2,3,lpw_a0c7716669,你,pronoun,false,true,true,true
lp:356:word:2,356,2,对,3,4,lpw_74570c7270,对,function,false,true,true,true
lp:356:word:3,356,3,他们,4,6,lpw_10518f8f0a,他们,pronoun,false,true,true,true
lp:356:word:4,356,4,说,6,7,lpw_ccca744613,说,speech,false,true,true,true
lp:357:word:0,357,0,小王子,1,4,lpw_87f2a033cf,小王子,narrative_character,false,true,true,true
lp:357:word:1,357,1,是,4,5,lpw_b5141d3d19,是,function,false,true,true,true
lp:357:word:2,357,2,存在,5,7,,存在,,,false,false,false
lp:357:word:3,357,3,的,7,8,lpw_8af2350cfd,的,function,false,true,true,true
lp:358:word:0,358,0,证据,0,2,,证据,,,false,false,false
lp:358:word:1,358,1,就是,2,4,lpw_88aa006eb3,就是,other,false,false,true,true
lp:358:word:2,358,2,他,4,5,lpw_8b7b91e000,他,pronoun,false,true,true,true
lp:358:word:3,358,3,那么,5,7,lpw_a61f02e145,那么,function,false,false,false,true
lp:358:word:4,358,4,可爱,7,9,,可爱,,,false,false,false
lp:359:word:0,359,0,他,0,1,lpw_8b7b91e000,他,pronoun,false,true,true,true
lp:359:word:1,359,1,咯咯,1,3,,咯咯,,,false,false,false
lp:359:word:2,359,2,地,3,4,lpw_bdbd41e490,地,function,false,true,true,true
lp:359:word:3,359,3,笑,4,5,lpw_1d8fb5e34e,笑,other,false,false,false,false
lp:360:word:0,360,0,他,0,1,lpw_8b7b91e000,他,pronoun,false,true,true,true
lp:360:word:1,360,1,还,1,2,lpw_1bc709b8bf,还,other,false,false,false,true
lp:360:word:2,360,2,想要,2,4,,想要,,,false,false,false
lp:360:word:3,360,3,一只,4,6,lpw_216a478784,一只,time_quantity,false,false,false,false
lp:360:word:4,360,4,绵羊,6,8,lpw_238b95ae07,羊,concrete_entity,true,false,false,false
lp:361:word:0,361,0,一个,0,2,lpw_e1dbc1c99f,一个,function|time_quantity,false,true,true,true
lp:361:word:1,361,1,人,2,3,lpw_50f5d65d57,人,other,false,true,true,true
lp:361:word:2,361,2,想要,3,5,,想要,,,false,false,false
lp:361:word:3,361,3,有,5,6,lpw_90ce0f66f0,有,other,false,true,true,true
lp:361:word:4,361,4,只,6,7,lpw_409e2c3882,只,function,false,false,true,true
lp:361:word:5,361,5,绵羊,7,9,lpw_238b95ae07,羊,concrete_entity,true,false,false,false
lp:362:word:0,362,0,这,0,1,lpw_d409ab2ab3,这,pronoun,false,true,true,true
lp:362:word:1,362,1,就是,1,3,lpw_88aa006eb3,就是,other,false,false,true,true
lp:362:word:2,362,2,他,3,4,lpw_8b7b91e000,他,pronoun,false,true,true,true
lp:362:word:3,362,3,存在,4,6,,存在,,,false,false,false
lp:362:word:4,362,4,的,6,7,lpw_8af2350cfd,的,function,false,true,true,true
lp:362:word:5,362,5,证据,7,9,,证据,,,false,false,false
lp:362:word:6,362,6,嘛,9,10,,嘛,,,false,false,false
lp:363:word:0,363,0,他们,0,2,lpw_10518f8f0a,他们,pronoun,false,true,true,true
lp:363:word:1,363,1,会,2,3,lpw_5ba1e3c0eb,会,negation_modality,false,true,true,true
lp:363:word:2,363,2,耸耸,3,5,,耸耸,,,false,false,false
lp:363:word:3,363,3,肩膀,5,7,,肩膀,,,false,false,false
lp:364:word:0,364,0,只,0,1,lpw_409e2c3882,只,function,false,false,true,true
lp:364:word:1,364,1,当,1,2,lpw_142d843e71,当,other,false,false,false,false
lp:364:word:2,364,2,你,2,3,lpw_a0c7716669,你,pronoun,false,true,true,true
lp:364:word:3,364,3,还是,3,5,lpw_dfaa7d6f73,还是,other,false,false,false,false
lp:364:word:4,364,4,个,5,6,lpw_3a116815bc,个,other,false,false,true,true
lp:364:word:5,364,5,孩子,6,8,lpw_5f887419f4,孩子,narrative_character,true,false,false,false
lp:365:word:0,365,0,可,0,1,lpw_8b9cefa38e,可,other,false,false,true,true
lp:365:word:1,365,1,要是,1,3,lpw_467b2562ed,要是,function,false,false,false,true
lp:365:word:2,365,2,你,3,4,lpw_a0c7716669,你,pronoun,false,true,true,true
lp:365:word:3,365,3,对,4,5,lpw_74570c7270,对,function,false,true,true,true
lp:365:word:4,365,4,他们,5,7,lpw_10518f8f0a,他们,pronoun,false,true,true,true
lp:365:word:5,365,5,说,7,8,lpw_ccca744613,说,speech,false,true,true,true
lp:366:word:0,366,0,他,1,2,lpw_8b7b91e000,他,pronoun,false,true,true,true
lp:366:word:1,366,1,来自,2,4,,来自,,,false,false,false
lp:366:word:2,366,2,B612号,4,9,,B612号,,,false,false,false
lp:366:word:3,366,3,小行星,9,12,lpw_68cf5e71c2,小行星,place,true,false,false,false
lp:367:word:0,367,0,他们,0,2,lpw_10518f8f0a,他们,pronoun,false,true,true,true
lp:367:word:1,367,1,就,2,3,lpw_2f9d9872e5,就,function,false,true,true,true
lp:367:word:2,367,2,会,3,4,lpw_5ba1e3c0eb,会,negation_modality,false,true,true,true
lp:367:word:3,367,3,深信不疑,4,8,,深信不疑,,,false,false,false
lp:368:word:0,368,0,不再,0,2,,不再,,,false,false,false
lp:368:word:1,368,1,问,2,3,lpw_4628c0e06f,问,speech,false,false,true,true
lp:368:word:2,368,2,这,3,4,lpw_d409ab2ab3,这,pronoun,false,true,true,true
lp:368:word:3,368,3,问,4,5,lpw_4628c0e06f,问,speech,false,false,true,true
lp:368:word:4,368,4,那,5,6,lpw_5a2362a202,那,pronoun,false,true,true,true
lp:368:word:5,368,5,地,6,7,lpw_bdbd41e490,地,function,false,true,true,true
lp:368:word:6,368,6,烦,7,8,,烦,,,false,false,false
lp:368:word:7,368,7,你,8,9,lpw_a0c7716669,你,pronoun,false,true,true,true
lp:368:word:8,368,8,了,9,10,lpw_b2dd27e84f,了,function,false,true,true,true
lp:369:word:0,369,0,他们,0,2,lpw_10518f8f0a,他们,pronoun,false,true,true,true
lp:369:word:1,369,1,就是,2,4,lpw_88aa006eb3,就是,other,false,false,true,true
lp:369:word:2,369,2,这样,4,6,lpw_b7fc681861,这样,other,false,false,true,true
lp:370:word:0,370,0,不必,0,2,,不必,,,false,false,false
lp:370:word:1,370,1,怪,2,3,,怪,,,false,false,false
lp:370:word:2,370,2,他们,3,5,lpw_10518f8f0a,他们,pronoun,false,true,true,true
lp:371:word:0,371,0,孩子,0,2,lpw_5f887419f4,孩子,narrative_character,true,false,false,false
lp:371:word:1,371,1,应该,2,4,,应该,,,false,false,false
lp:371:word:2,371,2,对,4,5,lpw_74570c7270,对,function,false,true,true,true
lp:371:word:3,371,3,大人,5,7,lpw_44dd6014a5,大人,narrative_character,false,false,false,true
lp:371:word:4,371,4,多多,7,9,,多多,,,false,false,false
lp:371:word:5,371,5,原谅,9,11,,原谅,,,false,false,false
lp:371:word:6,371,6,才是,11,13,,才是,,,false,false,false
lp:372:word:0,372,0,不过,0,2,lpw_72113362c6,不过,function,false,false,false,true
lp:373:word:0,373,0,当然,0,2,lpw_0002e2d87f,当然,other,false,false,false,false
lp:374:word:0,374,0,我们,0,2,lpw_bcacb40df8,我们,pronoun,false,false,false,false
lp:374:word:1,374,1,懂得,2,4,,懂得,,,false,false,false
lp:374:word:2,374,2,生活,4,6,,生活,,,false,false,false
lp:375:word:0,375,0,我们,0,2,lpw_bcacb40df8,我们,pronoun,false,false,false,false
lp:375:word:1,375,1,才,2,3,,才,,,false,false,false
lp:375:word:2,375,2,不把,3,5,,不把,,,false,false,false
lp:375:word:3,375,3,数字,5,7,,数字,,,false,false,false
lp:375:word:4,375,4,放在,7,9,,放在,,,false,false,false
lp:375:word:5,375,5,眼,9,10,,眼,,,false,false,false
lp:375:word:6,375,6,里,10,11,lpw_79f43de6e3,里,function,false,false,true,true
lp:375:word:7,375,7,呢,11,12,lpw_02811cec0b,呢,function|interrogative,false,true,true,true
lp:376:word:0,376,0,我,0,1,lpw_b70bb4acc0,我,pronoun,false,true,true,true
lp:376:word:1,376,1,真,1,2,lpw_827d018e1b,真,other,false,false,false,false
lp:376:word:2,376,2,愿意,2,4,,愿意,,,false,false,false
lp:376:word:3,376,3,像,4,5,lpw_cf8cedd58b,像,other,false,false,false,true
lp:376:word:4,376,4,讲,5,6,,讲,,,false,false,false
lp:376:word:5,376,5,童话,6,8,,童话,,,false,false,false
lp:376:word:6,376,6,那样,8,10,,那样,,,false,false,false
lp:376:word:7,376,7,来,10,11,lpw_6d8229118c,来,physical_action,false,true,true,true
lp:376:word:8,376,8,开始,11,13,,开始,,,false,false,false
lp:376:word:9,376,9,讲,13,14,,讲,,,false,false,false
lp:376:word:10,376,10,这个,14,16,lpw_979e2bc35b,这个,function,false,false,true,true
lp:376:word:11,376,11,故事,16,18,,故事,,,false,false,false
lp:377:word:0,377,0,我,0,1,lpw_b70bb4acc0,我,pronoun,false,true,true,true
lp:377:word:1,377,1,真想,1,3,,真想,,,false,false,false
lp:377:word:2,377,2,这样,3,5,lpw_b7fc681861,这样,other,false,false,true,true
lp:377:word:3,377,3,说,5,6,lpw_ccca744613,说,speech,false,true,true,true
lp:378:word:0,378,0,从前,1,3,,从前,,,false,false,false
lp:378:word:1,378,1,呀,3,4,lpw_03fe6b38e7,呀,function,false,false,false,true
lp:379:word:0,379,0,有,0,1,lpw_90ce0f66f0,有,other,false,true,true,true
lp:379:word:1,379,1,一个,1,3,lpw_e1dbc1c99f,一个,function|time_quantity,false,true,true,true
lp:379:word:2,379,2,小王子,3,6,lpw_87f2a033cf,小王子,narrative_character,false,true,true,true
lp:380:word:0,380,0,住在,0,2,,住在,,,false,false,false
lp:380:word:1,380,1,一个,2,4,lpw_e1dbc1c99f,一个,function|time_quantity,false,true,true,true
lp:380:word:2,380,2,跟,4,5,lpw_383a53d95c,跟,function,false,false,false,true
lp:380:word:3,380,3,他,5,6,lpw_8b7b91e000,他,pronoun,false,true,true,true
lp:380:word:4,380,4,身体,6,8,,身体,,,false,false,false
lp:380:word:5,380,5,差不多,8,11,,差不多,,,false,false,false
lp:380:word:6,380,6,大,11,12,lpw_7d4ca7f48e,大,other,false,false,false,false
lp:380:word:7,380,7,的,12,13,lpw_8af2350cfd,的,function,false,true,true,true
lp:380:word:8,380,8,星球,13,15,lpw_62f2d6c1a1,星球,place,false,true,true,true
lp:380:word:9,380,9,上,15,16,lpw_db5ba671d2,上,function,false,true,true,true
lp:381:word:0,381,0,他想,0,2,,他想,,,false,false,false
lp:381:word:1,381,1,有,2,3,lpw_90ce0f66f0,有,other,false,true,true,true
lp:381:word:2,381,2,个,3,4,lpw_3a116815bc,个,other,false,false,true,true
lp:381:word:3,381,3,朋友,4,6,lpw_677aad1a0e,朋友,emotion_social,false,false,false,true
lp:382:word:0,382,0,对,0,1,lpw_74570c7270,对,function,false,true,true,true
lp:382:word:1,382,1,那些,1,3,lpw_abd258db99,那些,function,false,false,false,true
lp:382:word:2,382,2,懂得,3,5,,懂得,,,false,false,false
lp:382:word:3,382,3,生活,5,7,,生活,,,false,false,false
lp:382:word:4,382,4,的,7,8,lpw_8af2350cfd,的,function,false,true,true,true
lp:382:word:5,382,5,人,8,9,lpw_50f5d65d57,人,other,false,true,true,true
lp:382:word:6,382,6,来说,9,11,lpw_a0cc5593ee,来说,other,false,false,false,true
lp:383:word:0,383,0,这样,0,2,lpw_b7fc681861,这样,other,false,false,true,true
lp:383:word:1,383,1,听,2,3,lpw_1f2eb2608d,听,perception,false,false,false,false
lp:383:word:2,383,2,上去,3,5,,上去,,,false,false,false
lp:383:word:3,383,3,会,5,6,lpw_5ba1e3c0eb,会,negation_modality,false,true,true,true
lp:383:word:4,383,4,真实,6,8,,真实,,,false,false,false
lp:383:word:5,383,5,得,8,9,lpw_71b1ed1114,得,function,false,false,true,true
lp:383:word:6,383,6,多,9,10,lpw_1940119f05,多,other,false,false,false,false
lp:384:word:0,384,0,我,0,1,lpw_b70bb4acc0,我,pronoun,false,true,true,true
lp:384:word:1,384,1,不想,1,3,,不想,,,false,false,false
lp:384:word:2,384,2,人家,3,5,,人家,,,false,false,false
lp:384:word:3,384,3,轻率,5,7,,轻率,,,false,false,false
lp:384:word:4,384,4,地,7,8,lpw_bdbd41e490,地,function,false,true,true,true
lp:384:word:5,384,5,来,8,9,lpw_6d8229118c,来,physical_action,false,true,true,true
lp:384:word:6,384,6,读,9,10,,读,,,false,false,false
lp:384:word:7,384,7,我,10,11,lpw_b70bb4acc0,我,pronoun,false,true,true,true
lp:384:word:8,384,8,这,11,12,lpw_d409ab2ab3,这,pronoun,false,true,true,true
lp:384:word:9,384,9,本,12,13,,本,,,false,false,false
lp:384:word:10,384,10,书,13,14,lpw_1be968f125,书,other,false,false,false,false
lp:385:word:0,385,0,我,0,1,lpw_b70bb4acc0,我,pronoun,false,true,true,true
lp:385:word:1,385,1,讲述,1,3,,讲述,,,false,false,false
lp:385:word:2,385,2,这,3,4,lpw_d409ab2ab3,这,pronoun,false,true,true,true
lp:385:word:3,385,3,段,4,5,,段,,,false,false,false
lp:385:word:4,385,4,往事,5,7,,往事,,,false,false,false
lp:385:word:5,385,5,时,7,8,lpw_7d58b6422c,时,other,false,false,false,false
lp:386:word:0,386,0,心情,0,2,,心情,,,false,false,false
lp:386:word:1,386,1,是,2,3,lpw_b5141d3d19,是,function,false,true,true,true
lp:386:word:2,386,2,很,3,4,lpw_f2b91797ea,很,other,false,true,true,true
lp:386:word:3,386,3,难过,4,6,,难过,,,false,false,false
lp:386:word:4,386,4,的,6,7,lpw_8af2350cfd,的,function,false,true,true,true
lp:387:word:0,387,0,我,0,1,lpw_b70bb4acc0,我,pronoun,false,true,true,true
lp:387:word:1,387,1,的,1,2,lpw_8af2350cfd,的,function,false,true,true,true
lp:387:word:2,387,2,朋友,2,4,lpw_677aad1a0e,朋友,emotion_social,false,false,false,true
lp:387:word:3,387,3,带,4,5,,带,,,false,false,false
lp:387:word:4,387,4,着,5,6,lpw_9e5bf0d2d9,着,function,false,true,true,true
lp:387:word:5,387,5,他,6,7,lpw_8b7b91e000,他,pronoun,false,true,true,true
lp:387:word:6,387,6,的,7,8,lpw_8af2350cfd,的,function,false,true,true,true
lp:387:word:7,387,7,绵羊,8,10,lpw_238b95ae07,羊,concrete_entity,true,false,false,false
lp:387:word:8,387,8,已经,10,12,lpw_8ee12e2310,已经,other,false,false,false,false
lp:387:word:9,387,9,离去,12,14,,离去,,,false,false,false
lp:387:word:10,387,10,六年,14,16,,六年,,,false,false,false
lp:387:word:11,387,11,了,16,17,lpw_b2dd27e84f,了,function,false,true,true,true
lp:388:word:0,388,0,我,0,1,lpw_b70bb4acc0,我,pronoun,false,true,true,true
lp:388:word:1,388,1,之所以,1,4,,之所以,,,false,false,false
lp:388:word:2,388,2,在,4,5,lpw_12404a0b63,在,function,false,true,true,true
lp:388:word:3,388,3,这儿,5,7,lpw_19a29e87c9,这儿,other,false,false,true,true
lp:388:word:4,388,4,细,7,8,,细,,,false,false,false
lp:388:word:5,388,5,细,8,9,,细,,,false,false,false
lp:388:word:6,388,6,地,9,10,lpw_bdbd41e490,地,function,false,true,true,true
lp:388:word:7,388,7,描述,10,12,,描述,,,false,false,false
lp:388:word:8,388,8,他,12,13,lpw_8b7b91e000,他,pronoun,false,true,true,true
lp:389:word:0,389,0,就是,0,2,lpw_88aa006eb3,就是,other,false,false,true,true
lp:389:word:1,389,1,为了,2,4,lpw_2ed64c1d92,为了,other,false,false,false,false
lp:389:word:2,389,2,不要,4,6,,不要,,,false,false,false
lp:389:word:3,389,3,忘记,6,8,,忘记,,,false,false,false
lp:389:word:4,389,4,他,8,9,lpw_8b7b91e000,他,pronoun,false,true,true,true
lp:390:word:0,390,0,忘记,0,2,,忘记,,,false,false,false
lp:390:word:1,390,1,朋友,2,4,lpw_677aad1a0e,朋友,emotion_social,false,false,false,true
lp:390:word:2,390,2,是,4,5,lpw_b5141d3d19,是,function,false,true,true,true
lp:390:word:3,390,3,件,5,6,,件,,,false,false,false
lp:390:word:4,390,4,令人,6,8,,令人,,,false,false,false
lp:390:word:5,390,5,伤心,8,10,,伤心,,,false,false,false
lp:390:word:6,390,6,的,10,11,lpw_8af2350cfd,的,function,false,true,true,true
lp:390:word:7,390,7,事情,11,13,lpw_e66d9fac19,事情,other,false,false,false,false
lp:391:word:0,391,0,并不,0,2,lpw_5b693ea232,并不,other,false,false,false,false
lp:391:word:1,391,1,是,2,3,lpw_b5141d3d19,是,function,false,true,true,true
lp:391:word:2,391,2,人人,3,5,,人人,,,false,false,false
lp:391:word:3,391,3,都有,5,7,,都有,,,false,false,false
lp:391:word:4,391,4,过,7,8,lpw_f777893480,过,other,false,false,true,true
lp:391:word:5,391,5,一个,8,10,lpw_e1dbc1c99f,一个,function|time_quantity,false,true,true,true
lp:391:word:6,391,6,朋友,10,12,lpw_677aad1a0e,朋友,emotion_social,false,false,false,true
lp:391:word:7,391,7,的,12,13,lpw_8af2350cfd,的,function,false,true,true,true
lp:392:word:0,392,0,再说,0,2,,再说,,,false,false,false
lp:393:word:0,393,0,我,0,1,lpw_b70bb4acc0,我,pronoun,false,true,true,true
lp:393:word:1,393,1,早晚,1,3,,早晚,,,false,false,false
lp:393:word:2,393,2,也,3,4,lpw_658605835b,也,function,false,false,true,true
lp:393:word:3,393,3,会,4,5,lpw_5ba1e3c0eb,会,negation_modality,false,true,true,true
lp:393:word:4,393,4,变得,5,7,lpw_23e89ba0a1,变得,other,false,false,false,false
lp:393:word:5,393,5,像,7,8,lpw_cf8cedd58b,像,other,false,false,false,true
lp:393:word:6,393,6,那些,8,10,lpw_abd258db99,那些,function,false,false,false,true
lp:394:word:0,394,0,只,0,1,lpw_409e2c3882,只,function,false,false,true,true
lp:394:word:1,394,1,关心,1,3,,关心,,,false,false,false
lp:394:word:2,394,2,数字,3,5,,数字,,,false,false,false
lp:394:word:3,394,3,的,5,6,lpw_8af2350cfd,的,function,false,true,true,true
lp:394:word:4,394,4,大人,6,8,lpw_44dd6014a5,大人,narrative_character,false,false,false,true
lp:394:word:5,394,5,一样,8,10,lpw_9dc5c0158d,一样,other,false,false,false,true
lp:394:word:6,394,6,的,10,11,lpw_8af2350cfd,的,function,false,true,true,true
lp:395:word:0,395,0,也,0,1,lpw_658605835b,也,function,false,false,true,true
lp:395:word:1,395,1,正是,1,3,,正是,,,false,false,false
lp:395:word:2,395,2,为了,3,5,lpw_2ed64c1d92,为了,other,false,false,false,false
lp:395:word:3,395,3,这个,5,7,lpw_979e2bc35b,这个,function,false,false,true,true
lp:395:word:4,395,4,缘故,7,9,,缘故,,,false,false,false
lp:396:word:0,396,0,我,0,1,lpw_b70bb4acc0,我,pronoun,false,true,true,true
lp:396:word:1,396,1,买,1,2,,买,,,false,false,false
lp:396:word:2,396,2,了,2,3,lpw_b2dd27e84f,了,function,false,true,true,true
lp:396:word:3,396,3,一盒,3,5,,一盒,,,false,false,false
lp:396:word:4,396,4,颜料,5,7,,颜料,,,false,false,false
lp:396:word:5,396,5,和,7,8,lpw_3d7114281f,和,function,false,false,true,true
lp:396:word:6,396,6,一些,8,10,,一些,,,false,false,false
lp:396:word:7,396,7,铅笔,10,12,,铅笔,,,false,false,false
lp:397:word:0,397,0,到了,0,2,,到了,,,false,false,false
lp:397:word:1,397,1,我,2,3,lpw_b70bb4acc0,我,pronoun,false,true,true,true
lp:397:word:2,397,2,这,3,4,lpw_d409ab2ab3,这,pronoun,false,true,true,true
lp:397:word:3,397,3,年纪,4,6,,年纪,,,false,false,false
lp:397:word:4,397,4,再,6,7,,再,,,false,false,false
lp:397:word:5,397,5,重,7,8,,重,,,false,false,false
lp:397:word:6,397,6,握,8,9,,握,,,false,false,false
lp:397:word:7,397,7,画,9,10,lpw_de9f18b00a,画,physical_action,true,false,false,false
lp:397:word:8,397,8,笔,10,11,,笔,,,false,false,false
lp:398:word:0,398,0,是,0,1,lpw_b5141d3d19,是,function,false,true,true,true
lp:398:word:1,398,1,挺,1,2,,挺,,,false,false,false
lp:398:word:2,398,2,费劲,2,4,,费劲,,,false,false,false
lp:398:word:3,398,3,的,4,5,lpw_8af2350cfd,的,function,false,true,true,true
lp:399:word:0,399,0,况且,0,2,,况且,,,false,false,false
lp:399:word:1,399,1,当初,2,4,,当初,,,false,false,false
lp:399:word:2,399,2,我只,4,6,,我只,,,false,false,false
lp:399:word:3,399,3,画,6,7,lpw_de9f18b00a,画,physical_action,true,false,false,false
lp:399:word:4,399,4,过,7,8,lpw_f777893480,过,other,false,false,true,true
lp:399:word:5,399,5,剖,8,9,,剖,,,false,false,false
lp:399:word:6,399,6,开,9,10,lpw_39eae64cfc,开,other,true,false,false,false
lp:399:word:7,399,7,和,10,11,lpw_3d7114281f,和,function,false,false,true,true
lp:399:word:8,399,8,没,11,12,lpw_279e8b3573,没,negation_modality,false,false,true,true
lp:399:word:9,399,9,剖,12,13,,剖,,,false,false,false
lp:399:word:10,399,10,开,13,14,lpw_39eae64cfc,开,other,true,false,false,false
lp:399:word:11,399,11,的,14,15,lpw_8af2350cfd,的,function,false,true,true,true
lp:399:word:12,399,12,蟒蛇,15,17,lpw_7d2bda9879,蟒蛇,other,true,false,false,false
lp:400:word:0,400,0,还是,0,2,lpw_dfaa7d6f73,还是,other,false,false,false,false
lp:400:word:1,400,1,六岁,2,4,,六岁,,,false,false,false
lp:400:word:2,400,2,那,4,5,lpw_5a2362a202,那,pronoun,false,true,true,true
lp:400:word:3,400,3,年,5,6,,年,,,false,false,false
lp:401:word:0,401,0,当然,0,2,lpw_0002e2d87f,当然,other,false,false,false,false
lp:402:word:0,402,0,我,0,1,lpw_b70bb4acc0,我,pronoun,false,true,true,true
lp:402:word:1,402,1,一定,1,3,,一定,,,false,false,false
lp:402:word:2,402,2,要,3,4,lpw_975f35218e,要,negation_modality,false,false,true,true
lp:402:word:3,402,3,尽力,4,6,,尽力,,,false,false,false
lp:402:word:4,402,4,把,6,7,lpw_2442748e41,把,function,false,false,true,true
lp:402:word:5,402,5,它们,7,9,lpw_c40b3d2880,它们,pronoun,false,false,true,true
lp:402:word:6,402,6,画,9,10,lpw_de9f18b00a,画,physical_action,true,false,false,false
lp:402:word:7,402,7,得,10,11,lpw_71b1ed1114,得,function,false,false,true,true
lp:402:word:8,402,8,像,11,12,lpw_cf8cedd58b,像,other,false,false,false,true
lp:402:word:9,402,9,一些,12,14,,一些,,,false,false,false
lp:403:word:0,403,0,但,0,1,lpw_1f863793c6,但,other,false,false,false,false
lp:403:word:1,403,1,做,1,2,lpw_94f5404441,做,other,false,false,false,false
lp:403:word:2,403,2,不做,2,4,,不做,,,false,false,false
lp:403:word:3,403,3,得到,4,6,,得到,,,false,false,false
lp:404:word:0,404,0,我,0,1,lpw_b70bb4acc0,我,pronoun,false,true,true,true
lp:404:word:1,404,1,可,1,2,lpw_8b9cefa38e,可,other,false,false,true,true
lp:404:word:2,404,2,说,2,3,lpw_ccca744613,说,speech,false,true,true,true
lp:404:word:3,404,3,不准,3,5,,不准,,,false,false,false
lp:405:word:0,405,0,有时,0,2,,有时,,,false,false,false
lp:405:word:1,405,1,这,2,3,lpw_d409ab2ab3,这,pronoun,false,true,true,true
lp:405:word:2,405,2,一张,3,5,lpw_dc50d5e51e,一张,other,true,false,false,false
lp:405:word:3,405,3,还,5,6,lpw_1bc709b8bf,还,other,false,false,false,true
lp:405:word:4,405,4,行,6,7,,行,,,false,false,false
lp:406:word:0,406,0,那,0,1,lpw_5a2362a202,那,pronoun,false,true,true,true
lp:406:word:1,406,1,一张,1,3,lpw_dc50d5e51e,一张,other,true,false,false,false
lp:406:word:2,406,2,就不,3,5,,就不,,,false,false,false
lp:406:word:3,406,3,大,5,6,lpw_7d4ca7f48e,大,other,false,false,false,false
lp:406:word:4,406,4,像,6,7,lpw_cf8cedd58b,像,other,false,false,false,true
lp:406:word:5,406,5,了,7,8,lpw_b2dd27e84f,了,function,false,true,true,true
lp:407:word:0,407,0,比如,0,2,,比如,,,false,false,false
lp:407:word:1,407,1,说,2,3,lpw_ccca744613,说,speech,false,true,true,true
lp:408:word:0,408,0,身材,0,2,,身材,,,false,false,false
lp:408:word:1,408,1,我,2,3,lpw_b70bb4acc0,我,pronoun,false,true,true,true
lp:408:word:2,408,2,就,3,4,lpw_2f9d9872e5,就,function,false,true,true,true
lp:408:word:3,408,3,有点,4,6,lpw_29506aa712,有点,other,false,false,false,true
lp:408:word:4,408,4,记,6,7,,记,,,false,false,false
lp:408:word:5,408,5,不,7,8,lpw_b02dfe2160,不,negation_modality,false,false,true,true
lp:408:word:6,408,6,准确,8,10,,准确,,,false,false,false
lp:408:word:7,408,7,了,10,11,lpw_b2dd27e84f,了,function,false,true,true,true
lp:409:word:0,409,0,这,0,1,lpw_d409ab2ab3,这,pronoun,false,true,true,true
lp:409:word:1,409,1,一张,1,3,lpw_dc50d5e51e,一张,other,true,false,false,false
lp:409:word:2,409,2,里,3,4,lpw_79f43de6e3,里,function,false,false,true,true
lp:409:word:3,409,3,小王子,4,7,lpw_87f2a033cf,小王子,narrative_character,false,true,true,true
lp:409:word:4,409,4,画,7,8,lpw_de9f18b00a,画,physical_action,true,false,false,false
lp:409:word:5,409,5,得,8,9,lpw_71b1ed1114,得,function,false,false,true,true
lp:409:word:6,409,6,太高,9,11,,太高,,,false,false,false
lp:409:word:7,409,7,了,11,12,lpw_b2dd27e84f,了,function,false,true,true,true
lp:410:word:0,410,0,那,0,1,lpw_5a2362a202,那,pronoun,false,true,true,true
lp:410:word:1,410,1,一张,1,3,lpw_dc50d5e51e,一张,other,true,false,false,false
lp:410:word:2,410,2,呢,3,4,lpw_02811cec0b,呢,function|interrogative,false,true,true,true
lp:410:word:3,410,3,太,4,5,lpw_e7ace7adf2,太,other,false,false,false,true
lp:410:word:4,410,4,矮了,5,7,,矮了,,,false,false,false
lp:411:word:0,411,0,衣服,0,2,,衣服,,,false,false,false
lp:411:word:1,411,1,的,2,3,lpw_8af2350cfd,的,function,false,true,true,true
lp:411:word:2,411,2,颜色,3,5,,颜色,,,false,false,false
lp:411:word:3,411,3,也,5,6,lpw_658605835b,也,function,false,false,true,true
lp:411:word:4,411,4,挺,6,7,,挺,,,false,false,false
lp:411:word:5,411,5,让,7,8,lpw_ad37574404,让,other,false,true,true,true
lp:411:word:6,411,6,我,8,9,lpw_b70bb4acc0,我,pronoun,false,true,true,true
lp:411:word:7,411,7,犯,9,10,,犯,,,false,false,false
lp:411:word:8,411,8,难,10,11,,难,,,false,false,false
lp:412:word:0,412,0,我,0,1,lpw_b70bb4acc0,我,pronoun,false,true,true,true
lp:412:word:1,412,1,只好,1,3,,只好,,,false,false,false
lp:412:word:2,412,2,信,3,4,,信,,,false,false,false
lp:412:word:3,412,3,手,4,5,,手,,,false,false,false
lp:412:word:4,412,4,拿起,5,7,,拿起,,,false,false,false
lp:412:word:5,412,5,色,7,8,,色,,,false,false,false
lp:412:word:6,412,6,笔,8,9,,笔,,,false,false,false
lp:412:word:7,412,7,这儿,9,11,lpw_19a29e87c9,这儿,other,false,false,true,true
lp:412:word:8,412,8,试,11,12,,试,,,false,false,false
lp:412:word:9,412,9,一下,12,14,,一下,,,false,false,false
lp:413:word:0,413,0,那儿,0,2,lpw_b4444021ad,那儿,other,false,false,false,false
lp:413:word:1,413,1,试,2,3,,试,,,false,false,false
lp:413:word:2,413,2,一下,3,5,,一下,,,false,false,false
lp:414:word:0,414,0,到,0,1,lpw_b56f36b529,到,other,false,false,false,false
lp:414:word:1,414,1,头,1,2,,头,,,false,false,false
lp:414:word:2,414,2,来,2,3,lpw_6d8229118c,来,physical_action,false,true,true,true
lp:415:word:0,415,0,有些,0,2,,有些,,,false,false,false
lp:415:word:1,415,1,最,2,3,,最,,,false,false,false
lp:415:word:2,415,2,要紧,3,5,,要紧,,,false,false,false
lp:415:word:3,415,3,的,5,6,lpw_8af2350cfd,的,function,false,true,true,true
lp:415:word:4,415,4,细,6,7,,细,,,false,false,false
lp:415:word:5,415,5,部,7,8,,部,,,false,false,false
lp:416:word:0,416,0,说不定,0,3,lpw_63e84e56ed,说不定,other,false,false,false,false
lp:416:word:1,416,1,都,3,4,lpw_7eabb36ba1,都,function,false,false,true,true
lp:416:word:2,416,2,弄,4,5,,弄,,,false,false,false
lp:416:word:3,416,3,错,5,6,,错,,,false,false,false
lp:416:word:4,416,4,了,6,7,lpw_b2dd27e84f,了,function,false,true,true,true
lp:417:word:0,417,0,不过,0,2,lpw_72113362c6,不过,function,false,false,false,true
lp:417:word:1,417,1,这,2,3,lpw_d409ab2ab3,这,pronoun,false,true,true,true
lp:417:word:2,417,2,一切,3,5,,一切,,,false,false,false
lp:418:word:0,418,0,大家,0,2,,大家,,,false,false,false
lp:418:word:1,418,1,都,2,3,lpw_7eabb36ba1,都,function,false,false,true,true
lp:418:word:2,418,2,得,3,4,lpw_71b1ed1114,得,function,false,false,true,true
lp:418:word:3,418,3,原谅,4,6,,原谅,,,false,false,false
lp:418:word:4,418,4,我,6,7,lpw_b70bb4acc0,我,pronoun,false,true,true,true
lp:418:word:5,418,5,才是,7,9,,才是,,,false,false,false
lp:419:word:0,419,0,我,0,1,lpw_b70bb4acc0,我,pronoun,false,true,true,true
lp:419:word:1,419,1,的,1,2,lpw_8af2350cfd,的,function,false,true,true,true
lp:419:word:2,419,2,朋友,2,4,lpw_677aad1a0e,朋友,emotion_social,false,false,false,true
lp:419:word:3,419,3,从来,4,6,,从来,,,false,false,false
lp:419:word:4,419,4,不跟,6,8,,不跟,,,false,false,false
lp:419:word:5,419,5,我,8,9,lpw_b70bb4acc0,我,pronoun,false,true,true,true
lp:419:word:6,419,6,解释,9,11,,解释,,,false,false,false
lp:419:word:7,419,7,什么,11,13,lpw_c1b52e0e64,什么,pronoun|interrogative,false,true,true,true
lp:420:word:0,420,0,他,0,1,lpw_8b7b91e000,他,pronoun,false,true,true,true
lp:420:word:1,420,1,大概,1,3,,大概,,,false,false,false
lp:420:word:2,420,2,以为,3,5,,以为,,,false,false,false
lp:420:word:3,420,3,我是,5,7,lpw_06ba27715e,我是,other,false,false,false,false
lp:420:word:4,420,4,跟,7,8,lpw_383a53d95c,跟,function,false,false,false,true
lp:420:word:5,420,5,他,8,9,lpw_8b7b91e000,他,pronoun,false,true,true,true
lp:420:word:6,420,6,一样,9,11,lpw_9dc5c0158d,一样,other,false,false,false,true
lp:420:word:7,420,7,的,11,12,lpw_8af2350cfd,的,function,false,true,true,true
lp:421:word:0,421,0,可是,0,2,lpw_38ca4a9c76,可是,function,false,false,true,true
lp:422:word:0,422,0,很遗憾,0,3,,很遗憾,,,false,false,false
lp:423:word:0,423,0,我,0,1,lpw_b70bb4acc0,我,pronoun,false,true,true,true
lp:423:word:1,423,1,已经,1,3,lpw_8ee12e2310,已经,other,false,false,false,false
lp:423:word:2,423,2,瞧,3,4,,瞧,,,false,false,false
lp:423:word:3,423,3,不见,4,6,,不见,,,false,false,false
lp:423:word:4,423,4,箱子,6,8,,箱子,,,false,false,false
lp:423:word:5,423,5,里面,8,10,,里面,,,false,false,false
lp:423:word:6,423,6,的,10,11,lpw_8af2350cfd,的,function,false,true,true,true
lp:423:word:7,423,7,绵羊,11,13,lpw_238b95ae07,羊,concrete_entity,true,false,false,false
lp:423:word:8,423,8,了,13,14,lpw_b2dd27e84f,了,function,false,true,true,true
lp:424:word:0,424,0,我,0,1,lpw_b70bb4acc0,我,pronoun,false,true,true,true
lp:424:word:1,424,1,也许,1,3,,也许,,,false,false,false
lp:424:word:2,424,2,已经,3,5,lpw_8ee12e2310,已经,other,false,false,false,false
lp:424:word:3,424,3,有点,5,7,lpw_29506aa712,有点,other,false,false,false,true
lp:424:word:4,424,4,像,7,8,lpw_cf8cedd58b,像,other,false,false,false,true
lp:424:word:5,424,5,那些,8,10,lpw_abd258db99,那些,function,false,false,false,true
lp:424:word:6,424,6,大人,10,12,lpw_44dd6014a5,大人,narrative_character,false,false,false,true
lp:424:word:7,424,7,了,12,13,lpw_b2dd27e84f,了,function,false,true,true,true
lp:425:word:0,425,0,我,0,1,lpw_b70bb4acc0,我,pronoun,false,true,true,true
lp:425:word:1,425,1,一定是,1,4,,一定是,,,false,false,false
lp:425:word:2,425,2,老了,4,6,,老了,,,false,false,false
lp:427:word:0,427,0,每天,0,2,,每天,,,false,false,false
lp:427:word:1,427,1,我,2,3,lpw_b70bb4acc0,我,pronoun,false,true,true,true
lp:427:word:2,427,2,都会,3,5,,都会,,,false,false,false
lp:427:word:3,427,3,知道,5,7,lpw_d7b6472b11,知道,cognition,false,false,true,true
lp:427:word:4,427,4,一些,7,9,,一些,,,false,false,false
lp:427:word:5,427,5,情况,9,11,,情况,,,false,false,false
lp:428:word:0,428,0,或者是,0,3,,或者是,,,false,false,false
lp:428:word:1,428,1,关于,3,5,,关于,,,false,false,false
lp:428:word:2,428,2,他,5,6,lpw_8b7b91e000,他,pronoun,false,true,true,true
lp:428:word:3,428,3,的,6,7,lpw_8af2350cfd,的,function,false,true,true,true
lp:428:word:4,428,4,星球,7,9,lpw_62f2d6c1a1,星球,place,false,true,true,true
lp:429:word:0,429,0,或者是,0,3,,或者是,,,false,false,false
lp:429:word:1,429,1,关于,3,5,,关于,,,false,false,false
lp:429:word:2,429,2,他,5,6,lpw_8b7b91e000,他,pronoun,false,true,true,true
lp:429:word:3,429,3,怎么,6,8,lpw_5ee8091a38,怎么,interrogative,false,false,false,false
lp:429:word:4,429,4,离开,8,10,,离开,,,false,false,false
lp:429:word:5,429,5,那儿,10,12,lpw_b4444021ad,那儿,other,false,false,false,false
lp:429:word:6,429,6,怎么,13,15,lpw_5ee8091a38,怎么,interrogative,false,false,false,false
lp:429:word:7,429,7,来到,15,17,,来到,,,false,false,false
lp:429:word:8,429,8,这儿,17,19,lpw_19a29e87c9,这儿,other,false,false,true,true
lp:430:word:0,430,0,这些,0,2,lpw_7a590a22cd,这些,function,false,false,false,true
lp:430:word:1,430,1,情况,2,4,,情况,,,false,false,false
lp:431:word:0,431,0,都是,0,2,lpw_ef4e15ff45,都是,other,false,false,false,false
lp:431:word:1,431,1,一点,2,4,lpw_148b16e603,一点,other,false,false,false,false
lp:431:word:2,431,2,一点,4,6,lpw_148b16e603,一点,other,false,false,false,false
lp:432:word:0,432,0,碰巧,0,2,,碰巧,,,false,false,false
lp:432:word:1,432,1,知道,2,4,lpw_d7b6472b11,知道,cognition,false,false,true,true
lp:432:word:2,432,2,的,4,5,lpw_8af2350cfd,的,function,false,true,true,true
lp:433:word:0,433,0,比如,0,2,,比如,,,false,false,false
lp:433:word:1,433,1,说,2,3,lpw_ccca744613,说,speech,false,true,true,true
lp:434:word:0,434,0,在,0,1,lpw_12404a0b63,在,function,false,true,true,true
lp:434:word:1,434,1,第三,1,3,,第三,,,false,false,false
lp:434:word:2,434,2,天,3,4,lpw_49da61ceee,天,other,false,false,false,true
lp:435:word:0,435,0,我,0,1,lpw_b70bb4acc0,我,pronoun,false,true,true,true
lp:435:word:1,435,1,知道,1,3,lpw_d7b6472b11,知道,cognition,false,false,true,true
lp:435:word:2,435,2,了,3,4,lpw_b2dd27e84f,了,function,false,true,true,true
lp:435:word:3,435,3,猴面包树,4,8,lpw_1ec087a5d0,猴面包树,concrete_entity,true,false,false,false
lp:435:word:4,435,4,的,8,9,lpw_8af2350cfd,的,function,false,true,true,true
lp:435:word:5,435,5,悲剧,9,11,,悲剧,,,false,false,false
lp:436:word:0,436,0,这,0,1,lpw_d409ab2ab3,这,pronoun,false,true,true,true
lp:436:word:1,436,1,一回,1,3,,一回,,,false,false,false
lp:437:word:0,437,0,起因,0,2,,起因,,,false,false,false
lp:437:word:1,437,1,又是,2,4,,又是,,,false,false,false
lp:437:word:2,437,2,那只,4,6,,那只,,,false,false,false
lp:437:word:3,437,3,绵羊,6,8,lpw_238b95ae07,羊,concrete_entity,true,false,false,false
lp:438:word:0,438,0,因为,0,2,lpw_795cfc96d4,因为,function,false,false,true,true
lp:438:word:1,438,1,小王子,2,5,lpw_87f2a033cf,小王子,narrative_character,false,true,true,true
lp:438:word:2,438,2,突然,5,7,,突然,,,false,false,false
lp:438:word:3,438,3,向,7,8,lpw_a2f77db0e9,向,other,false,false,false,false
lp:438:word:4,438,4,我,8,9,lpw_b70bb4acc0,我,pronoun,false,true,true,true
lp:438:word:5,438,5,发,9,10,,发,,,false,false,false
lp:438:word:6,438,6,问,10,11,lpw_4628c0e06f,问,speech,false,false,true,true
lp:439:word:0,439,0,好像,0,2,,好像,,,false,false,false
lp:439:word:1,439,1,忧,2,3,,忧,,,false,false,false
lp:439:word:2,439,2,心,3,4,,心,,,false,false,false
lp:439:word:3,439,3,忡忡,4,6,,忡忡,,,false,false,false
lp:439:word:4,439,4,似的,6,8,,似的,,,false,false,false
lp:440:word:0,440,0,绵羊,1,3,lpw_238b95ae07,羊,concrete_entity,true,false,false,false
lp:440:word:1,440,1,当,3,4,lpw_142d843e71,当,other,false,false,false,false
lp:440:word:2,440,2,真,4,5,lpw_827d018e1b,真,other,false,false,false,false
lp:440:word:3,440,3,吃,5,6,lpw_c814805bc6,吃,other,true,false,false,false
lp:440:word:4,440,4,灌木,6,8,,灌木,,,false,false,false
lp:440:word:5,440,5,吗,8,9,lpw_5ac1612110,吗,function|interrogative,false,false,false,true
lp:441:word:0,441,0,对,1,2,lpw_74570c7270,对,function,false,true,true,true
lp:441:word:1,441,1,当,3,4,lpw_142d843e71,当,other,false,false,false,false
lp:441:word:2,441,2,真,4,5,lpw_827d018e1b,真,other,false,false,false,false
lp:442:word:0,442,0,啊,1,2,lpw_7c2c50fbaf,啊,function,false,false,false,false
lp:442:word:1,442,1,我,3,4,lpw_b70bb4acc0,我,pronoun,false,true,true,true
lp:442:word:2,442,2,真,4,5,lpw_827d018e1b,真,other,false,false,false,false
lp:442:word:3,442,3,高兴,5,7,,高兴,,,false,false,false
lp:443:word:0,443,0,我不,0,2,lpw_3e63e3d08e,我不,other,false,false,false,false
lp:443:word:1,443,1,明白,2,4,lpw_8e37cd5f7f,明白,cognition,false,false,false,false
lp:444:word:0,444,0,绵羊,0,2,lpw_238b95ae07,羊,concrete_entity,true,false,false,false
lp:444:word:1,444,1,吃,2,3,lpw_c814805bc6,吃,other,true,false,false,false
lp:444:word:2,444,2,灌木,3,5,,灌木,,,false,false,false
lp:445:word:0,445,0,为什么,0,3,lpw_1b919bb478,为什么,interrogative,false,false,false,false
lp:445:word:1,445,1,会,3,4,lpw_5ba1e3c0eb,会,negation_modality,false,true,true,true
lp:445:word:2,445,2,这么,4,6,lpw_7677ca84c6,这么,other,false,false,false,true
lp:445:word:3,445,3,重要,6,8,lpw_a8cd9642aa,重要,other,false,false,false,false
lp:446:word:0,446,0,小王子,0,3,lpw_87f2a033cf,小王子,narrative_character,false,true,true,true
lp:446:word:1,446,1,接着,3,5,lpw_58ed4c69fb,接着,other,false,false,false,false
lp:446:word:2,446,2,又,5,6,lpw_e71ce5deab,又,function,false,true,true,true
lp:446:word:3,446,3,说,6,7,lpw_ccca744613,说,speech,false,true,true,true
lp:447:word:0,447,0,这么,1,3,lpw_7677ca84c6,这么,other,false,false,false,true
lp:447:word:1,447,1,说,3,4,lpw_ccca744613,说,speech,false,true,true,true
lp:448:word:0,448,0,它们,0,2,lpw_c40b3d2880,它们,pronoun,false,false,true,true
lp:448:word:1,448,1,也,2,3,lpw_658605835b,也,function,false,false,true,true
lp:448:word:2,448,2,吃,3,4,lpw_c814805bc6,吃,other,true,false,false,false
lp:448:word:3,448,3,猴面包树,4,8,lpw_1ec087a5d0,猴面包树,concrete_entity,true,false,false,false
lp:448:word:4,448,4,喽,8,9,,喽,,,false,false,false
lp:449:word:0,449,0,我,0,1,lpw_b70bb4acc0,我,pronoun,false,true,true,true
lp:449:word:1,449,1,告诉,1,3,,告诉,,,false,false,false
lp:449:word:2,449,2,小王子,3,6,lpw_87f2a033cf,小王子,narrative_character,false,true,true,true
lp:450:word:0,450,0,猴面包树,0,4,lpw_1ec087a5d0,猴面包树,concrete_entity,true,false,false,false
lp:450:word:1,450,1,不是,4,6,lpw_584cd0fcf3,不是,other,false,false,false,false
lp:450:word:2,450,2,灌木,6,8,,灌木,,,false,false,false
lp:451:word:0,451,0,而是,0,2,,而是,,,false,false,false
lp:451:word:1,451,1,像,2,3,lpw_cf8cedd58b,像,other,false,false,false,true
lp:451:word:2,451,2,教堂,3,5,,教堂,,,false,false,false
lp:451:word:3,451,3,那么,5,7,lpw_a61f02e145,那么,function,false,false,false,true
lp:451:word:4,451,4,高,7,8,,高,,,false,false,false
lp:451:word:5,451,5,的,8,9,lpw_8af2350cfd,的,function,false,true,true,true
lp:451:word:6,451,6,大,9,10,lpw_7d4ca7f48e,大,other,false,false,false,false
lp:451:word:7,451,7,树,10,11,,树,,,false,false,false
lp:452:word:0,452,0,他,0,1,lpw_8b7b91e000,他,pronoun,false,true,true,true
lp:452:word:1,452,1,就是,1,3,lpw_88aa006eb3,就是,other,false,false,true,true
lp:452:word:2,452,2,领,3,4,,领,,,false,false,false
lp:452:word:3,452,3,一群,4,6,,一群,,,false,false,false
lp:452:word:4,452,4,大象,6,8,,大象,,,false,false,false
lp:452:word:5,452,5,来,8,9,lpw_6d8229118c,来,physical_action,false,true,true,true
lp:453:word:0,453,0,也,0,1,lpw_658605835b,也,function,false,false,true,true
lp:453:word:1,453,1,吃不完,1,4,,吃不完,,,false,false,false
lp:453:word:2,453,2,一棵,4,6,,一棵,,,false,false,false
lp:453:word:3,453,3,猴面包树,6,10,lpw_1ec087a5d0,猴面包树,concrete_entity,true,false,false,false
lp:453:word:4,453,4,呢,10,11,lpw_02811cec0b,呢,function|interrogative,false,true,true,true
lp:454:word:0,454,0,领,0,1,,领,,,false,false,false
lp:454:word:1,454,1,一群,1,3,,一群,,,false,false,false
lp:454:word:2,454,2,大象,3,5,,大象,,,false,false,false
lp:454:word:3,454,3,来,5,6,lpw_6d8229118c,来,physical_action,false,true,true,true
lp:454:word:4,454,4,的,6,7,lpw_8af2350cfd,的,function,false,true,true,true
lp:454:word:5,454,5,想法,7,9,,想法,,,false,false,false
lp:455:word:0,455,0,惹得,0,2,,惹得,,,false,false,false
lp:455:word:1,455,1,小王子,2,5,lpw_87f2a033cf,小王子,narrative_character,false,true,true,true
lp:455:word:2,455,2,笑了起来,5,9,,笑了起来,,,false,false,false
lp:456:word:0,456,0,那,1,2,lpw_5a2362a202,那,pronoun,false,true,true,true
lp:456:word:1,456,1,得,2,3,lpw_71b1ed1114,得,function,false,false,true,true
lp:456:word:2,456,2,让,3,4,lpw_ad37574404,让,other,false,true,true,true
lp:456:word:3,456,3,它们,4,6,lpw_c40b3d2880,它们,pronoun,false,false,true,true
lp:456:word:4,456,4,叠罗汉,6,9,,叠罗汉,,,false,false,false
lp:456:word:5,456,5,了,9,10,lpw_b2dd27e84f,了,function,false,true,true,true
lp:457:word:0,457,0,不过,0,2,lpw_72113362c6,不过,function,false,false,false,true
lp:457:word:1,457,1,他,2,3,lpw_8b7b91e000,他,pronoun,false,true,true,true
lp:457:word:2,457,2,很,3,4,lpw_f2b91797ea,很,other,false,true,true,true
lp:457:word:3,457,3,聪明,4,6,,聪明,,,false,false,false
lp:458:word:0,458,0,接着,0,2,lpw_58ed4c69fb,接着,other,false,false,false,false
lp:458:word:1,458,1,又,2,3,lpw_e71ce5deab,又,function,false,true,true,true
lp:458:word:2,458,2,说,3,4,lpw_ccca744613,说,speech,false,true,true,true
lp:459:word:0,459,0,猴面包树,1,5,lpw_1ec087a5d0,猴面包树,concrete_entity,true,false,false,false
lp:459:word:1,459,1,在,5,6,lpw_12404a0b63,在,function,false,true,true,true
lp:459:word:2,459,2,长,6,7,lpw_597ae23d84,长,other,false,false,false,false
lp:459:word:3,459,3,高,7,8,,高,,,false,false,false
lp:459:word:4,459,4,以前,8,10,lpw_aa98317793,以前,other,false,false,false,false
lp:460:word:0,460,0,起初,0,2,,起初,,,false,false,false
lp:460:word:1,460,1,也是,2,4,lpw_256c0476ed,也是,other,false,false,false,false
lp:460:word:2,460,2,小小的,4,7,,小小的,,,false,false,false
lp:461:word:0,461,0,一点,1,3,lpw_148b16e603,一点,other,false,false,false,false
lp:461:word:1,461,1,不错,3,5,,不错,,,false,false,false
lp:462:word:0,462,0,可,0,1,lpw_8b9cefa38e,可,other,false,false,true,true
lp:462:word:1,462,1,你,1,2,lpw_a0c7716669,你,pronoun,false,true,true,true
lp:462:word:2,462,2,为什么,2,5,lpw_1b919bb478,为什么,interrogative,false,false,false,false
lp:462:word:3,462,3,想,5,6,lpw_df0d251938,想,cognition,false,false,false,true
lp:462:word:4,462,4,让,6,7,lpw_ad37574404,让,other,false,true,true,true
lp:462:word:5,462,5,绵羊,7,9,lpw_238b95ae07,羊,concrete_entity,true,false,false,false
lp:462:word:6,462,6,去,9,10,lpw_99ae21ea6c,去,physical_action,false,false,true,true
lp:462:word:7,462,7,吃,10,11,lpw_c814805bc6,吃,other,true,false,false,false
lp:462:word:8,462,8,小,11,12,lpw_6a7339bb75,小,other,false,false,true,true
lp:462:word:9,462,9,猴面包树,12,16,lpw_1ec087a5d0,猴面包树,concrete_entity,true,false,false,false
lp:462:word:10,462,10,呢,16,17,lpw_02811cec0b,呢,function|interrogative,false,true,true,true
lp:463:word:0,463,0,他,0,1,lpw_8b7b91e000,他,pronoun,false,true,true,true
lp:463:word:1,463,1,回答,1,3,lpw_f3f5126487,回答,speech,false,false,true,true
lp:463:word:2,463,2,说,3,4,lpw_ccca744613,说,speech,false,true,true,true
lp:464:word:0,464,0,咦,1,2,,咦,,,false,false,false
lp:464:word:1,464,1,这,3,4,lpw_d409ab2ab3,这,pronoun,false,true,true,true
lp:464:word:2,464,2,还,4,5,lpw_1bc709b8bf,还,other,false,false,false,true
lp:464:word:3,464,3,不,5,6,lpw_b02dfe2160,不,negation_modality,false,false,true,true
lp:464:word:4,464,4,明白,6,8,lpw_8e37cd5f7f,明白,cognition,false,false,false,false
lp:464:word:5,464,5,吗,8,9,lpw_5ac1612110,吗,function|interrogative,false,false,false,true
lp:465:word:0,465,0,就像,0,2,lpw_3a1a30dbb2,就像,other,false,false,false,false
lp:465:word:1,465,1,这,2,3,lpw_d409ab2ab3,这,pronoun,false,true,true,true
lp:465:word:2,465,2,是,3,4,lpw_b5141d3d19,是,function,false,true,true,true
lp:465:word:3,465,3,件,4,5,,件,,,false,false,false
lp:465:word:4,465,4,不言而喻,5,9,,不言而喻,,,false,false,false
lp:465:word:5,465,5,的,9,10,lpw_8af2350cfd,的,function,false,true,true,true
lp:465:word:6,465,6,事情,10,12,lpw_e66d9fac19,事情,other,false,false,false,false
lp:466:word:0,466,0,可是,0,2,lpw_38ca4a9c76,可是,function,false,false,true,true
lp:466:word:1,466,1,我,2,3,lpw_b70bb4acc0,我,pronoun,false,true,true,true
lp:466:word:2,466,2,自己,3,5,lpw_fb43354d2a,自己,pronoun,false,false,true,true
lp:466:word:3,466,3,要,5,6,lpw_975f35218e,要,negation_modality,false,false,true,true
lp:466:word:4,466,4,弄懂,6,8,,弄懂,,,false,false,false
lp:466:word:5,466,5,这个,8,10,lpw_979e2bc35b,这个,function,false,false,true,true
lp:466:word:6,466,6,问题,10,12,lpw_33a8618cb6,问题,other,false,false,false,false
lp:467:word:0,467,0,还,0,1,lpw_1bc709b8bf,还,other,false,false,false,true
lp:467:word:1,467,1,着实,1,3,,着实,,,false,false,false
lp:467:word:2,467,2,得,3,4,lpw_71b1ed1114,得,function,false,false,true,true
lp:467:word:3,467,3,动,4,5,,动,,,false,false,false
lp:467:word:4,467,4,一番,5,7,,一番,,,false,false,false
lp:467:word:5,467,5,脑筋,7,9,,脑筋,,,false,false,false
lp:467:word:6,467,6,哩,9,10,,哩,,,false,false,false
lp:468:word:0,468,0,原来,0,2,,原来,,,false,false,false
lp:469:word:0,469,0,在,0,1,lpw_12404a0b63,在,function,false,true,true,true
lp:469:word:1,469,1,小王子,1,4,lpw_87f2a033cf,小王子,narrative_character,false,true,true,true
lp:469:word:2,469,2,的,4,5,lpw_8af2350cfd,的,function,false,true,true,true
lp:469:word:3,469,3,星球,5,7,lpw_62f2d6c1a1,星球,place,false,true,true,true
lp:469:word:4,469,4,上,7,8,lpw_db5ba671d2,上,function,false,true,true,true
lp:470:word:0,470,0,就像,0,2,lpw_3a1a30dbb2,就像,other,false,false,false,false
lp:470:word:1,470,1,在,2,3,lpw_12404a0b63,在,function,false,true,true,true
lp:470:word:2,470,2,别的,3,5,lpw_3966c0d55d,别的,other,false,false,false,false
lp:470:word:3,470,3,星球,5,7,lpw_62f2d6c1a1,星球,place,false,true,true,true
lp:470:word:4,470,4,上,7,8,lpw_db5ba671d2,上,function,false,true,true,true
lp:470:word:5,470,5,一样,8,10,lpw_9dc5c0158d,一样,other,false,false,false,true
lp:471:word:0,471,0,有,0,1,lpw_90ce0f66f0,有,other,false,true,true,true
lp:471:word:1,471,1,好的,1,3,,好的,,,false,false,false
lp:471:word:2,471,2,植物,3,5,,植物,,,false,false,false
lp:472:word:0,472,0,也有,0,2,,也有,,,false,false,false
lp:472:word:1,472,1,不好,2,4,,不好,,,false,false,false
lp:472:word:2,472,2,的,4,5,lpw_8af2350cfd,的,function,false,true,true,true
lp:472:word:3,472,3,植物,5,7,,植物,,,false,false,false
lp:473:word:0,473,0,结果,0,2,,结果,,,false,false,false
lp:473:word:1,473,1,呢,2,3,lpw_02811cec0b,呢,function|interrogative,false,true,true,true
lp:474:word:0,474,0,好,0,1,lpw_f867f34178,好,other,false,false,true,true
lp:474:word:1,474,1,植物,1,3,,植物,,,false,false,false
lp:474:word:2,474,2,有,3,4,lpw_90ce0f66f0,有,other,false,true,true,true
lp:474:word:3,474,3,好,4,5,lpw_f867f34178,好,other,false,false,true,true
lp:474:word:4,474,4,种子,5,7,,种子,,,false,false,false
lp:475:word:0,475,0,坏,0,1,,坏,,,false,false,false
lp:475:word:1,475,1,植物,1,3,,植物,,,false,false,false
lp:475:word:2,475,2,有,3,4,lpw_90ce0f66f0,有,other,false,true,true,true
lp:475:word:3,475,3,坏,4,5,,坏,,,false,false,false
lp:475:word:4,475,4,种子,5,7,,种子,,,false,false,false
lp:476:word:0,476,0,而,0,1,lpw_08e2725ce1,而,function,false,false,false,true
lp:476:word:1,476,1,种子,1,3,,种子,,,false,false,false
lp:476:word:2,476,2,是,3,4,lpw_b5141d3d19,是,function,false,true,true,true
lp:476:word:3,476,3,看不见,4,7,lpw_f92f065aad,看不见,perception,false,false,false,false
lp:476:word:4,476,4,的,7,8,lpw_8af2350cfd,的,function,false,true,true,true
lp:477:word:0,477,0,它们,0,2,lpw_c40b3d2880,它们,pronoun,false,false,true,true
lp:477:word:1,477,1,悄悄地,2,5,,悄悄地,,,false,false,false
lp:477:word:2,477,2,睡在,5,7,,睡在,,,false,false,false
lp:477:word:3,477,3,地,7,8,lpw_bdbd41e490,地,function,false,true,true,true
lp:477:word:4,477,4,底下,8,10,,底下,,,false,false,false
lp:478:word:0,478,0,直到,0,2,,直到,,,false,false,false
lp:478:word:1,478,1,有,2,3,lpw_90ce0f66f0,有,other,false,true,true,true
lp:478:word:2,478,2,一天,3,5,lpw_5448481f38,一天,time_quantity,false,false,false,false
lp:479:word:0,479,0,其中,0,2,,其中,,,false,false,false
lp:479:word:1,479,1,有,2,3,lpw_90ce0f66f0,有,other,false,true,true,true
lp:479:word:2,479,2,一颗,3,5,lpw_9a18d5dc38,一颗,time_quantity,false,false,false,false
lp:479:word:3,479,3,忽然,5,7,,忽然,,,false,false,false
lp:479:word:4,479,4,想起,7,9,,想起,,,false,false,false
lp:479:word:5,479,5,要,9,10,lpw_975f35218e,要,negation_modality,false,false,true,true
lp:479:word:6,479,6,醒,10,11,,醒,,,false,false,false
lp:479:word:7,479,7,了,11,12,lpw_b2dd27e84f,了,function,false,true,true,true
lp:480:word:0,480,0,于是,0,2,lpw_3617c85a66,于是,other,false,false,false,false
lp:480:word:1,480,1,它,2,3,lpw_7e9260e925,它,pronoun,false,true,true,true
lp:480:word:2,480,2,舒展,3,5,,舒展,,,false,false,false
lp:480:word:3,480,3,身子,5,7,,身子,,,false,false,false
lp:481:word:0,481,0,最先,0,2,,最先,,,false,false,false
lp:481:word:1,481,1,羞答答,2,5,,羞答答,,,false,false,false
lp:481:word:2,481,2,地,5,6,lpw_bdbd41e490,地,function,false,true,true,true
lp:481:word:3,481,3,朝,6,7,,朝,,,false,false,false
lp:481:word:4,481,4,太阳,7,9,,太阳,,,false,false,false
lp:481:word:5,481,5,伸出,9,11,,伸出,,,false,false,false
lp:481:word:6,481,6,一枝,11,13,,一枝,,,false,false,false
lp:481:word:7,481,7,天真,13,15,,天真,,,false,false,false
lp:481:word:8,481,8,可爱,15,17,,可爱,,,false,false,false
lp:481:word:9,481,9,的,17,18,lpw_8af2350cfd,的,function,false,true,true,true
lp:481:word:10,481,10,嫩,18,19,,嫩,,,false,false,false
lp:481:word:11,481,11,苗,19,20,,苗,,,false,false,false
lp:482:word:0,482,0,假如,0,2,,假如,,,false,false,false
lp:482:word:1,482,1,那是,2,4,,那是,,,false,false,false
lp:482:word:2,482,2,萝卜,4,6,,萝卜,,,false,false,false
lp:482:word:3,482,3,或,6,7,,或,,,false,false,false
lp:482:word:4,482,4,玫瑰,7,9,lpw_a6664df1ef,玫瑰,narrative_character|concrete_entity,false,false,false,true
lp:482:word:5,482,5,的,9,10,lpw_8af2350cfd,的,function,false,true,true,true
lp:482:word:6,482,6,幼苗,10,12,,幼苗,,,false,false,false
lp:483:word:0,483,0,可以,0,2,lpw_0ef5c86fab,可以,negation_modality,false,false,false,true
lp:483:word:1,483,1,让,2,3,lpw_ad37574404,让,other,false,true,true,true
lp:483:word:2,483,2,它,3,4,lpw_7e9260e925,它,pronoun,false,true,true,true
lp:483:word:3,483,3,爱,4,5,lpw_bafe3b2ee7,爱,emotion_social,false,false,false,false
lp:483:word:4,483,4,怎么,5,7,lpw_5ee8091a38,怎么,interrogative,false,false,false,false
lp:483:word:5,483,5,长,7,8,lpw_597ae23d84,长,other,false,false,false,false
lp:483:word:6,483,6,就,8,9,lpw_2f9d9872e5,就,function,false,true,true,true
lp:483:word:7,483,7,怎么,9,11,lpw_5ee8091a38,怎么,interrogative,false,false,false,false
lp:483:word:8,483,8,长,11,12,lpw_597ae23d84,长,other,false,false,false,false
lp:484:word:0,484,0,不过,0,2,lpw_72113362c6,不过,function,false,false,false,true
lp:485:word:0,485,0,假如,0,2,,假如,,,false,false,false
lp:485:word:1,485,1,那是,2,4,,那是,,,false,false,false
lp:485:word:2,485,2,一,4,5,lpw_51a75f4634,一,other,false,false,true,true
lp:485:word:3,485,3,株,5,6,,株,,,false,false,false
lp:485:word:4,485,4,不好,6,8,,不好,,,false,false,false
lp:485:word:5,485,5,的,8,9,lpw_8af2350cfd,的,function,false,true,true,true
lp:485:word:6,485,6,植物,9,11,,植物,,,false,false,false
lp:486:word:0,486,0,一,0,1,lpw_51a75f4634,一,other,false,false,true,true
lp:486:word:1,486,1,认出,1,3,,认出,,,false,false,false
lp:486:word:2,486,2,就得,3,5,,就得,,,false,false,false
lp:486:word:3,486,3,拔掉,5,7,,拔掉,,,false,false,false
lp:486:word:4,486,4,它,7,8,lpw_7e9260e925,它,pronoun,false,true,true,true
lp:487:word:0,487,0,在,0,1,lpw_12404a0b63,在,function,false,true,true,true
lp:487:word:1,487,1,小王子,1,4,lpw_87f2a033cf,小王子,narrative_character,false,true,true,true
lp:487:word:2,487,2,的,4,5,lpw_8af2350cfd,的,function,false,true,true,true
lp:487:word:3,487,3,星球,5,7,lpw_62f2d6c1a1,星球,place,false,true,true,true
lp:487:word:4,487,4,上有,7,9,,上有,,,false,false,false
lp:487:word:5,487,5,一种,9,11,,一种,,,false,false,false
lp:487:word:6,487,6,可怕,11,13,,可怕,,,false,false,false
lp:487:word:7,487,7,的,13,14,lpw_8af2350cfd,的,function,false,true,true,true
lp:487:word:8,487,8,种子,14,16,,种子,,,false,false,false
lp:488:word:0,488,0,就是,0,2,lpw_88aa006eb3,就是,other,false,false,true,true
lp:488:word:1,488,1,猴面包树,2,6,lpw_1ec087a5d0,猴面包树,concrete_entity,true,false,false,false
lp:488:word:2,488,2,的,6,7,lpw_8af2350cfd,的,function,false,true,true,true
lp:488:word:3,488,3,种子,7,9,,种子,,,false,false,false
lp:489:word:0,489,0,星球,0,2,lpw_62f2d6c1a1,星球,place,false,true,true,true
lp:489:word:1,489,1,的,2,3,lpw_8af2350cfd,的,function,false,true,true,true
lp:489:word:2,489,2,土壤,3,5,,土壤,,,false,false,false
lp:489:word:3,489,3,里,5,6,lpw_79f43de6e3,里,function,false,false,true,true
lp:489:word:4,489,4,有,6,7,lpw_90ce0f66f0,有,other,false,true,true,true
lp:489:word:5,489,5,好多,7,9,,好多,,,false,false,false
lp:489:word:6,489,6,猴面包树,9,13,lpw_1ec087a5d0,猴面包树,concrete_entity,true,false,false,false
lp:489:word:7,489,7,种子,13,15,,种子,,,false,false,false
lp:490:word:0,490,0,而,0,1,lpw_08e2725ce1,而,function,false,false,false,true
lp:490:word:1,490,1,猴面包树,1,5,lpw_1ec087a5d0,猴面包树,concrete_entity,true,false,false,false
lp:490:word:2,490,2,长得,5,7,,长得,,,false,false,false
lp:490:word:3,490,3,很快,7,9,,很快,,,false,false,false
lp:491:word:0,491,0,动手,0,2,,动手,,,false,false,false
lp:491:word:1,491,1,稍稍,2,4,,稍稍,,,false,false,false
lp:491:word:2,491,2,一,4,5,lpw_51a75f4634,一,other,false,false,true,true
lp:491:word:3,491,3,慢,5,6,,慢,,,false,false,false
lp:492:word:0,492,0,就,0,1,lpw_2f9d9872e5,就,function,false,true,true,true
lp:492:word:1,492,1,甭,1,2,,甭,,,false,false,false
lp:492:word:2,492,2,想再,2,4,,想再,,,false,false,false
lp:492:word:3,492,3,除掉,4,6,,除掉,,,false,false,false
lp:492:word:4,492,4,它,6,7,lpw_7e9260e925,它,pronoun,false,true,true,true
lp:492:word:5,492,5,了,7,8,lpw_b2dd27e84f,了,function,false,true,true,true
lp:493:word:0,493,0,它,0,1,lpw_7e9260e925,它,pronoun,false,true,true,true
lp:493:word:1,493,1,会,1,2,lpw_5ba1e3c0eb,会,negation_modality,false,true,true,true
lp:493:word:2,493,2,占满,2,4,,占满,,,false,false,false
lp:493:word:3,493,3,整个,4,6,,整个,,,false,false,false
lp:493:word:4,493,4,星球,6,8,lpw_62f2d6c1a1,星球,place,false,true,true,true
lp:494:word:0,494,0,根,0,1,,根,,,false,false,false
lp:494:word:1,494,1,枝,1,2,,枝,,,false,false,false
lp:494:word:2,494,2,钻,2,3,,钻,,,false,false,false
lp:494:word:3,494,3,来,3,4,lpw_6d8229118c,来,physical_action,false,true,true,true
lp:494:word:4,494,4,钻,4,5,,钻,,,false,false,false
lp:494:word:5,494,5,去,5,6,lpw_99ae21ea6c,去,physical_action,false,false,true,true
lp:495:word:0,495,0,四处,0,2,,四处,,,false,false,false
lp:495:word:1,495,1,蔓延,2,4,,蔓延,,,false,false,false
lp:496:word:0,496,0,要是,0,2,lpw_467b2562ed,要是,function,false,false,false,true
lp:496:word:1,496,1,这,2,3,lpw_d409ab2ab3,这,pronoun,false,true,true,true
lp:496:word:2,496,2,颗,3,4,lpw_09901d3de2,颗,other,false,false,false,false
lp:496:word:3,496,3,星球,4,6,lpw_62f2d6c1a1,星球,place,false,true,true,true
lp:496:word:4,496,4,太,6,7,lpw_e7ace7adf2,太,other,false,false,false,true
lp:496:word:5,496,5,小,7,8,lpw_6a7339bb75,小,other,false,false,true,true
lp:497:word:0,497,0,而,0,1,lpw_08e2725ce1,而,function,false,false,false,true
lp:497:word:1,497,1,猴面包树,1,5,lpw_1ec087a5d0,猴面包树,concrete_entity,true,false,false,false
lp:497:word:2,497,2,又,5,6,lpw_e71ce5deab,又,function,false,true,true,true
lp:497:word:3,497,3,太多,6,8,,太多,,,false,false,false
lp:498:word:0,498,0,它们,0,2,lpw_c40b3d2880,它们,pronoun,false,false,true,true
lp:498:word:1,498,1,就,2,3,lpw_2f9d9872e5,就,function,false,true,true,true
lp:498:word:2,498,2,会,3,4,lpw_5ba1e3c0eb,会,negation_modality,false,true,true,true
lp:498:word:3,498,3,把,4,5,lpw_2442748e41,把,function,false,false,true,true
lp:498:word:4,498,4,星球,5,7,lpw_62f2d6c1a1,星球,place,false,true,true,true
lp:498:word:5,498,5,撑,7,8,,撑,,,false,false,false
lp:498:word:6,498,6,裂,8,9,,裂,,,false,false,false
lp:499:word:0,499,0,猴面包树,0,4,lpw_1ec087a5d0,猴面包树,concrete_entity,true,false,false,false
lp:499:word:1,499,1,这,5,6,lpw_d409ab2ab3,这,pronoun,false,true,true,true
lp:499:word:2,499,2,就得,6,8,,就得,,,false,false,false
lp:499:word:3,499,3,有,8,9,lpw_90ce0f66f0,有,other,false,true,true,true
lp:499:word:4,499,4,个,9,10,lpw_3a116815bc,个,other,false,false,true,true
lp:499:word:5,499,5,严格,10,12,,严格,,,false,false,false
lp:499:word:6,499,6,的,12,13,lpw_8af2350cfd,的,function,false,true,true,true
lp:499:word:7,499,7,约束,13,15,,约束,,,false,false,false
lp:499:word:8,499,8,了,15,16,lpw_b2dd27e84f,了,function,false,true,true,true
lp:500:word:0,500,0,小王子,0,3,lpw_87f2a033cf,小王子,narrative_character,false,true,true,true
lp:500:word:1,500,1,后来,3,5,,后来,,,false,false,false
lp:500:word:2,500,2,告诉,5,7,,告诉,,,false,false,false
lp:500:word:3,500,3,我,7,8,lpw_b70bb4acc0,我,pronoun,false,true,true,true
lp:500:word:4,500,4,说,8,9,lpw_ccca744613,说,speech,false,true,true,true
lp:501:word:0,501,0,你,1,2,lpw_a0c7716669,你,pronoun,false,true,true,true
lp:501:word:1,501,1,早晨,2,4,,早晨,,,false,false,false
lp:501:word:2,501,2,梳洗,4,6,,梳洗,,,false,false,false
lp:501:word:3,501,3,好,6,7,lpw_f867f34178,好,other,false,false,true,true
lp:501:word:4,501,4,以后,7,9,lpw_e6ad7a1dbc,以后,other,false,false,false,false
lp:502:word:0,502,0,就,0,1,lpw_2f9d9872e5,就,function,false,true,true,true
lp:502:word:1,502,1,该,1,2,,该,,,false,false,false
lp:502:word:2,502,2,仔,2,3,,仔,,,false,false,false
lp:502:word:3,502,3,仔细,3,5,,仔细,,,false,false,false
lp:502:word:4,502,4,细,5,6,,细,,,false,false,false
lp:502:word:5,502,5,地,6,7,lpw_bdbd41e490,地,function,false,true,true,true
lp:502:word:6,502,6,给,7,8,lpw_6e55fb9d8a,给,other,false,true,true,true
lp:502:word:7,502,7,星球,8,10,lpw_62f2d6c1a1,星球,place,false,true,true,true
lp:502:word:8,502,8,梳洗,10,12,,梳洗,,,false,false,false
lp:502:word:9,502,9,了,12,13,lpw_b2dd27e84f,了,function,false,true,true,true
lp:503:word:0,503,0,猴面包树,0,4,lpw_1ec087a5d0,猴面包树,concrete_entity,true,false,false,false
lp:503:word:1,503,1,小,4,5,lpw_6a7339bb75,小,other,false,false,true,true
lp:503:word:2,503,2,的,5,6,lpw_8af2350cfd,的,function,false,true,true,true
lp:503:word:3,503,3,时候,6,8,lpw_5484678be4,时候,other,false,false,false,false
lp:504:word:0,504,0,跟,0,1,lpw_383a53d95c,跟,function,false,false,false,true
lp:504:word:1,504,1,玫瑰,1,3,lpw_a6664df1ef,玫瑰,narrative_character|concrete_entity,false,false,false,true
lp:504:word:2,504,2,幼苗,3,5,,幼苗,,,false,false,false
lp:504:word:3,504,3,是,5,6,lpw_b5141d3d19,是,function,false,true,true,true
lp:504:word:4,504,4,很像,6,8,,很像,,,false,false,false
lp:504:word:5,504,5,的,8,9,lpw_8af2350cfd,的,function,false,true,true,true
lp:505:word:0,505,0,那,0,1,lpw_5a2362a202,那,pronoun,false,true,true,true
lp:505:word:1,505,1,你,1,2,lpw_a0c7716669,你,pronoun,false,true,true,true
lp:505:word:2,505,2,就得,2,4,,就得,,,false,false,false
lp:505:word:3,505,3,给,4,5,lpw_6e55fb9d8a,给,other,false,true,true,true
lp:505:word:4,505,4,自己,5,7,lpw_fb43354d2a,自己,pronoun,false,false,true,true
lp:505:word:5,505,5,立,7,8,,立,,,false,false,false
lp:505:word:6,505,6,个,8,9,lpw_3a116815bc,个,other,false,false,true,true
lp:505:word:7,505,7,规矩,9,11,,规矩,,,false,false,false
lp:506:word:0,506,0,只要,0,2,,只要,,,false,false,false
lp:506:word:1,506,1,分清,2,4,,分清,,,false,false,false
lp:506:word:2,506,2,了,4,5,lpw_b2dd27e84f,了,function,false,true,true,true
lp:506:word:3,506,3,哪,5,6,,哪,,,false,false,false
lp:506:word:4,506,4,是,6,7,lpw_b5141d3d19,是,function,false,true,true,true
lp:506:word:5,506,5,玫瑰,7,9,lpw_a6664df1ef,玫瑰,narrative_character|concrete_entity,false,false,false,true
lp:507:word:0,507,0,哪,0,1,,哪,,,false,false,false
lp:507:word:1,507,1,是,1,2,lpw_b5141d3d19,是,function,false,true,true,true
lp:507:word:2,507,2,猴面包树,2,6,lpw_1ec087a5d0,猴面包树,concrete_entity,true,false,false,false
lp:508:word:0,508,0,就,0,1,lpw_2f9d9872e5,就,function,false,true,true,true
lp:508:word:1,508,1,马上,1,3,,马上,,,false,false,false
lp:508:word:2,508,2,把,3,4,lpw_2442748e41,把,function,false,false,true,true
lp:508:word:3,508,3,猴面包树,4,8,lpw_1ec087a5d0,猴面包树,concrete_entity,true,false,false,false
lp:508:word:4,508,4,拔掉,8,10,,拔掉,,,false,false,false
lp:509:word:0,509,0,这个,0,2,lpw_979e2bc35b,这个,function,false,false,true,true
lp:509:word:1,509,1,工作,2,4,,工作,,,false,false,false
lp:509:word:2,509,2,很,4,5,lpw_f2b91797ea,很,other,false,true,true,true
lp:509:word:3,509,3,单调,5,7,,单调,,,false,false,false
lp:510:word:0,510,0,但,0,1,lpw_1f863793c6,但,other,false,false,false,false
lp:510:word:1,510,1,并不,1,3,lpw_5b693ea232,并不,other,false,false,false,false
lp:510:word:2,510,2,难,3,4,,难,,,false,false,false
lp:511:word:0,511,0,有,0,1,lpw_90ce0f66f0,有,other,false,true,true,true
lp:511:word:1,511,1,一天,1,3,lpw_5448481f38,一天,time_quantity,false,false,false,false
lp:512:word:0,512,0,他,0,1,lpw_8b7b91e000,他,pronoun,false,true,true,true
lp:512:word:1,512,1,劝,1,2,,劝,,,false,false,false
lp:512:word:2,512,2,我,2,3,lpw_b70bb4acc0,我,pronoun,false,true,true,true
lp:512:word:3,512,3,好好,3,5,,好好,,,false,false,false
lp:512:word:4,512,4,画,5,6,lpw_de9f18b00a,画,physical_action,true,false,false,false
lp:512:word:5,512,5,一幅,6,8,,一幅,,,false,false,false
lp:512:word:6,512,6,画,8,9,lpw_de9f18b00a,画,physical_action,true,false,false,false
lp:513:word:0,513,0,好,0,1,lpw_f867f34178,好,other,false,false,true,true
lp:513:word:1,513,1,让,1,2,lpw_ad37574404,让,other,false,true,true,true
lp:513:word:2,513,2,我,2,3,lpw_b70bb4acc0,我,pronoun,false,true,true,true
lp:513:word:3,513,3,那儿,3,5,lpw_b4444021ad,那儿,other,false,false,false,false
lp:513:word:4,513,4,的,5,6,lpw_8af2350cfd,的,function,false,true,true,true
lp:513:word:5,513,5,孩子,6,8,lpw_5f887419f4,孩子,narrative_character,true,false,false,false
lp:513:word:6,513,6,们,8,9,lpw_b4dcb3305a,们,other,false,false,false,false
lp:513:word:7,513,7,都,9,10,lpw_7eabb36ba1,都,function,false,false,true,true
lp:513:word:8,513,8,知道,10,12,lpw_d7b6472b11,知道,cognition,false,false,true,true
lp:513:word:9,513,9,这,12,13,lpw_d409ab2ab3,这,pronoun,false,true,true,true
lp:513:word:10,513,10,回,13,14,,回,,,false,false,false
lp:513:word:11,513,11,事,14,15,lpw_1d9ed56951,事,other,false,false,true,true
lp:514:word:0,514,0,要是,1,3,lpw_467b2562ed,要是,function,false,false,false,true
lp:514:word:1,514,1,他们,3,5,lpw_10518f8f0a,他们,pronoun,false,true,true,true
lp:514:word:2,514,2,有,5,6,lpw_90ce0f66f0,有,other,false,true,true,true
lp:514:word:3,514,3,一天,6,8,lpw_5448481f38,一天,time_quantity,false,false,false,false
lp:514:word:4,514,4,出门,8,10,,出门,,,false,false,false
lp:514:word:5,514,5,旅行,10,12,,旅行,,,false,false,false
lp:515:word:0,515,0,他,0,1,lpw_8b7b91e000,他,pronoun,false,true,true,true
lp:515:word:1,515,1,对,1,2,lpw_74570c7270,对,function,false,true,true,true
lp:515:word:2,515,2,我,2,3,lpw_b70bb4acc0,我,pronoun,false,true,true,true
lp:515:word:3,515,3,说,3,4,lpw_ccca744613,说,speech,false,true,true,true
lp:516:word:0,516,0,说不定,1,4,lpw_63e84e56ed,说不定,other,false,false,false,false
lp:516:word:1,516,1,会,4,5,lpw_5ba1e3c0eb,会,negation_modality,false,true,true,true
lp:516:word:2,516,2,用,5,6,lpw_04e45efb3b,用,other,false,false,false,true
lp:516:word:3,516,3,得,6,7,lpw_71b1ed1114,得,function,false,false,true,true
lp:516:word:4,516,4,着,7,8,lpw_9e5bf0d2d9,着,function,false,true,true,true
lp:517:word:0,517,0,有,0,1,lpw_90ce0f66f0,有,other,false,true,true,true
lp:517:word:1,517,1,时候,1,3,lpw_5484678be4,时候,other,false,false,false,false
lp:518:word:0,518,0,你,0,1,lpw_a0c7716669,你,pronoun,false,true,true,true
lp:518:word:1,518,1,把,1,2,lpw_2442748e41,把,function,false,false,true,true
lp:518:word:2,518,2,一件,2,4,,一件,,,false,false,false
lp:518:word:3,518,3,该做,4,6,,该做,,,false,false,false
lp:518:word:4,518,4,的,6,7,lpw_8af2350cfd,的,function,false,true,true,true
lp:518:word:5,518,5,事,7,8,lpw_1d9ed56951,事,other,false,false,true,true
lp:518:word:6,518,6,耽搁,8,10,,耽搁,,,false,false,false
lp:518:word:7,518,7,一下,10,12,,一下,,,false,false,false
lp:519:word:0,519,0,也,0,1,lpw_658605835b,也,function,false,false,true,true
lp:519:word:1,519,1,没什么,1,4,,没什么,,,false,false,false
lp:519:word:2,519,2,关系,4,6,,关系,,,false,false,false
lp:519:word:3,519,3,可是,7,9,lpw_38ca4a9c76,可是,function,false,false,true,true
lp:520:word:0,520,0,碰到,0,2,,碰到,,,false,false,false
lp:520:word:1,520,1,猴面包树,2,6,lpw_1ec087a5d0,猴面包树,concrete_entity,true,false,false,false
lp:521:word:0,521,0,这,0,1,lpw_d409ab2ab3,这,pronoun,false,true,true,true
lp:521:word:1,521,1,就要,1,3,,就要,,,false,false,false
lp:521:word:2,521,2,捅,3,4,,捅,,,false,false,false
lp:521:word:3,521,3,大,4,5,lpw_7d4ca7f48e,大,other,false,false,false,false
lp:521:word:4,521,4,娄,5,6,,娄,,,false,false,false
lp:521:word:5,521,5,子,6,7,,子,,,false,false,false
lp:521:word:6,521,6,了,7,8,lpw_b2dd27e84f,了,function,false,true,true,true
lp:522:word:0,522,0,我,0,1,lpw_b70bb4acc0,我,pronoun,false,true,true,true
lp:522:word:1,522,1,知道,1,3,lpw_d7b6472b11,知道,cognition,false,false,true,true
lp:522:word:2,522,2,有,3,4,lpw_90ce0f66f0,有,other,false,true,true,true
lp:522:word:3,522,3,一个,4,6,lpw_e1dbc1c99f,一个,function|time_quantity,false,true,true,true
lp:522:word:4,522,4,星球,6,8,lpw_62f2d6c1a1,星球,place,false,true,true,true
lp:523:word:0,523,0,上面,0,2,,上面,,,false,false,false
lp:523:word:1,523,1,住,2,3,lpw_cbba0a98ab,住,other,false,false,false,false
lp:523:word:2,523,2,着,3,4,lpw_9e5bf0d2d9,着,function,false,true,true,true
lp:523:word:3,523,3,一个,4,6,lpw_e1dbc1c99f,一个,function|time_quantity,false,true,true,true
lp:523:word:4,523,4,懒人,6,8,,懒人,,,false,false,false
lp:524:word:0,524,0,有三,0,2,,有三,,,false,false,false
lp:524:word:1,524,1,株,2,3,,株,,,false,false,false
lp:524:word:2,524,2,幼苗,3,5,,幼苗,,,false,false,false
lp:524:word:3,524,3,他,5,6,lpw_8b7b91e000,他,pronoun,false,true,true,true
lp:524:word:4,524,4,没,6,7,lpw_279e8b3573,没,negation_modality,false,false,true,true
lp:524:word:5,524,5,在意,7,9,,在意,,,false,false,false
lp:525:word:0,525,0,在,0,1,lpw_12404a0b63,在,function,false,true,true,true
lp:525:word:1,525,1,小王子,1,4,lpw_87f2a033cf,小王子,narrative_character,false,true,true,true
lp:525:word:2,525,2,的,4,5,lpw_8af2350cfd,的,function,false,true,true,true
lp:525:word:3,525,3,指点,5,7,,指点,,,false,false,false
lp:525:word:4,525,4,下,7,8,lpw_13c12b064b,下,function,false,false,false,false
lp:526:word:0,526,0,我,0,1,lpw_b70bb4acc0,我,pronoun,false,true,true,true
lp:526:word:1,526,1,画,1,2,lpw_de9f18b00a,画,physical_action,true,false,false,false
lp:526:word:2,526,2,好了,2,4,,好了,,,false,false,false
lp:526:word:3,526,3,那颗,4,6,,那颗,,,false,false,false
lp:526:word:4,526,4,星球,6,8,lpw_62f2d6c1a1,星球,place,false,true,true,true
lp:527:word:0,527,0,我,0,1,lpw_b70bb4acc0,我,pronoun,false,true,true,true
lp:527:word:1,527,1,一向,1,3,,一向,,,false,false,false
lp:527:word:2,527,2,不,3,4,lpw_b02dfe2160,不,negation_modality,false,false,true,true
lp:527:word:3,527,3,愿意,4,6,,愿意,,,false,false,false
lp:527:word:4,527,4,摆出,6,8,,摆出,,,false,false,false
lp:527:word:5,527,5,说教,8,10,,说教,,,false,false,false
lp:527:word:6,527,6,的,10,11,lpw_8af2350cfd,的,function,false,true,true,true
lp:527:word:7,527,7,架势,11,13,,架势,,,false,false,false
lp:528:word:0,528,0,可是,0,2,lpw_38ca4a9c76,可是,function,false,false,true,true
lp:528:word:1,528,1,对,2,3,lpw_74570c7270,对,function,false,true,true,true
lp:528:word:2,528,2,猴面包树,3,7,lpw_1ec087a5d0,猴面包树,concrete_entity,true,false,false,false
lp:528:word:3,528,3,的,7,8,lpw_8af2350cfd,的,function,false,true,true,true
lp:528:word:4,528,4,危害,8,10,,危害,,,false,false,false
lp:529:word:0,529,0,一般人,0,3,,一般人,,,false,false,false
lp:529:word:1,529,1,都不,3,5,,都不,,,false,false,false
lp:529:word:2,529,2,了解,5,7,,了解,,,false,false,false
lp:530:word:0,530,0,要是,0,2,lpw_467b2562ed,要是,function,false,false,false,true
lp:530:word:1,530,1,有人,2,4,,有人,,,false,false,false
lp:530:word:2,530,2,碰巧,4,6,,碰巧,,,false,false,false
lp:530:word:3,530,3,迷,6,7,,迷,,,false,false,false
lp:530:word:4,530,4,了,7,8,lpw_b2dd27e84f,了,function,false,true,true,true
lp:530:word:5,530,5,路,8,9,,路,,,false,false,false
lp:530:word:6,530,6,停在,9,11,,停在,,,false,false,false
lp:530:word:7,530,7,一颗,11,13,lpw_9a18d5dc38,一颗,time_quantity,false,false,false,false
lp:530:word:8,530,8,小行星,13,16,lpw_68cf5e71c2,小行星,place,true,false,false,false
lp:530:word:9,530,9,上,16,17,lpw_db5ba671d2,上,function,false,true,true,true
lp:531:word:0,531,0,情况,0,2,,情况,,,false,false,false
lp:531:word:1,531,1,就,2,3,lpw_2f9d9872e5,就,function,false,true,true,true
lp:531:word:2,531,2,会,3,4,lpw_5ba1e3c0eb,会,negation_modality,false,true,true,true
lp:531:word:3,531,3,变得,4,6,lpw_23e89ba0a1,变得,other,false,false,false,false
lp:531:word:4,531,4,极其,6,8,,极其,,,false,false,false
lp:531:word:5,531,5,严峻,8,10,,严峻,,,false,false,false
lp:532:word:0,532,0,所以,0,2,lpw_a2f7e42081,所以,function,false,false,false,false
lp:532:word:1,532,1,这,2,3,lpw_d409ab2ab3,这,pronoun,false,true,true,true
lp:532:word:2,532,2,一次,3,5,,一次,,,false,false,false
lp:533:word:0,533,0,我,0,1,lpw_b70bb4acc0,我,pronoun,false,true,true,true
lp:533:word:1,533,1,破例,1,3,,破例,,,false,false,false
lp:533:word:2,533,2,抛,3,4,,抛,,,false,false,false
lp:533:word:3,533,3,开,4,5,lpw_39eae64cfc,开,other,true,false,false,false
lp:533:word:4,533,4,了,5,6,lpw_b2dd27e84f,了,function,false,true,true,true
lp:533:word:5,533,5,矜持,6,8,,矜持,,,false,false,false
lp:534:word:0,534,0,我,0,1,lpw_b70bb4acc0,我,pronoun,false,true,true,true
lp:534:word:1,534,1,说,1,2,lpw_ccca744613,说,speech,false,true,true,true
lp:535:word:0,535,0,孩子,1,3,lpw_5f887419f4,孩子,narrative_character,true,false,false,false
lp:535:word:1,535,1,们,3,4,lpw_b4dcb3305a,们,other,false,false,false,false
lp:536:word:0,536,0,当心,0,2,,当心,,,false,false,false
lp:536:word:1,536,1,猴面包树,2,6,lpw_1ec087a5d0,猴面包树,concrete_entity,true,false,false,false
lp:536:word:2,536,2,啊,6,7,lpw_7c2c50fbaf,啊,function,false,false,false,false
lp:537:word:0,537,0,这,0,1,lpw_d409ab2ab3,这,pronoun,false,true,true,true
lp:537:word:1,537,1,幅,1,2,,幅,,,false,false,false
lp:537:word:2,537,2,画,2,3,lpw_de9f18b00a,画,physical_action,true,false,false,false
lp:537:word:3,537,3,我,3,4,lpw_b70bb4acc0,我,pronoun,false,true,true,true
lp:537:word:4,537,4,画,4,5,lpw_de9f18b00a,画,physical_action,true,false,false,false
lp:537:word:5,537,5,得,5,6,lpw_71b1ed1114,得,function,false,false,true,true
lp:537:word:6,537,6,格外,6,8,,格外,,,false,false,false
lp:537:word:7,537,7,卖力,8,10,,卖力,,,false,false,false
lp:538:word:0,538,0,就是,0,2,lpw_88aa006eb3,就是,other,false,false,true,true
lp:538:word:1,538,1,为了,2,4,lpw_2ed64c1d92,为了,other,false,false,false,false
lp:538:word:2,538,2,提醒,4,6,,提醒,,,false,false,false
lp:538:word:3,538,3,朋友,6,8,lpw_677aad1a0e,朋友,emotion_social,false,false,false,true
lp:538:word:4,538,4,们,8,9,lpw_b4dcb3305a,们,other,false,false,false,false
lp:538:word:5,538,5,有,9,10,lpw_90ce0f66f0,有,other,false,true,true,true
lp:538:word:6,538,6,这么,10,12,lpw_7677ca84c6,这么,other,false,false,false,true
lp:538:word:7,538,7,一种,12,14,,一种,,,false,false,false
lp:538:word:8,538,8,危险,14,16,,危险,,,false,false,false
lp:538:word:9,538,9,存在,16,18,,存在,,,false,false,false
lp:539:word:0,539,0,他们,0,2,lpw_10518f8f0a,他们,pronoun,false,true,true,true
lp:539:word:1,539,1,也像,2,4,,也像,,,false,false,false
lp:539:word:2,539,2,我,4,5,lpw_b70bb4acc0,我,pronoun,false,true,true,true
lp:539:word:3,539,3,一样,5,7,lpw_9dc5c0158d,一样,other,false,false,false,true
lp:540:word:0,540,0,对,0,1,lpw_74570c7270,对,function,false,true,true,true
lp:540:word:1,540,1,在,1,2,lpw_12404a0b63,在,function,false,true,true,true
lp:540:word:2,540,2,身边,2,4,,身边,,,false,false,false
lp:540:word:3,540,3,潜伏,4,6,,潜伏,,,false,false,false
lp:540:word:4,540,4,了,6,7,lpw_b2dd27e84f,了,function,false,true,true,true
lp:540:word:5,540,5,很久,7,9,,很久,,,false,false,false
lp:540:word:6,540,6,的,9,10,lpw_8af2350cfd,的,function,false,true,true,true
lp:540:word:7,540,7,危险,10,12,,危险,,,false,false,false
lp:540:word:8,540,8,一直,12,14,,一直,,,false,false,false
lp:540:word:9,540,9,毫无,14,16,,毫无,,,false,false,false
lp:540:word:10,540,10,觉察,16,18,,觉察,,,false,false,false
lp:541:word:0,541,0,要,0,1,lpw_975f35218e,要,negation_modality,false,false,true,true
lp:541:word:1,541,1,让,1,2,lpw_ad37574404,让,other,false,true,true,true
lp:541:word:2,541,2,大家,2,4,,大家,,,false,false,false
lp:541:word:3,541,3,明白,4,6,lpw_8e37cd5f7f,明白,cognition,false,false,false,false
lp:541:word:4,541,4,这,6,7,lpw_d409ab2ab3,这,pronoun,false,true,true,true
lp:541:word:5,541,5,道理,7,9,,道理,,,false,false,false
lp:542:word:0,542,0,我,0,1,lpw_b70bb4acc0,我,pronoun,false,true,true,true
lp:542:word:1,542,1,多,1,2,lpw_1940119f05,多,other,false,false,false,false
lp:542:word:2,542,2,费,2,3,,费,,,false,false,false
lp:542:word:3,542,3,点,3,4,lpw_08dddeac13,点,other,false,false,false,false
lp:542:word:4,542,4,劲,4,5,,劲,,,false,false,false
lp:542:word:5,542,5,也是,5,7,lpw_256c0476ed,也是,other,false,false,false,false
lp:542:word:6,542,6,值得,7,9,,值得,,,false,false,false
lp:542:word:7,542,7,的,9,10,lpw_8af2350cfd,的,function,false,true,true,true
lp:543:word:0,543,0,你们,0,2,lpw_8a5d477bda,你们,pronoun,false,false,true,true
lp:543:word:1,543,1,也许会,2,5,,也许会,,,false,false,false
lp:543:word:2,543,2,想,5,6,lpw_df0d251938,想,cognition,false,false,false,true
lp:544:word:0,544,0,在,1,2,lpw_12404a0b63,在,function,false,true,true,true
lp:544:word:1,544,1,这,2,3,lpw_d409ab2ab3,这,pronoun,false,true,true,true
lp:544:word:2,544,2,本,3,4,,本,,,false,false,false
lp:544:word:3,544,3,书,4,5,lpw_1be968f125,书,other,false,false,false,false
lp:544:word:4,544,4,里,5,6,lpw_79f43de6e3,里,function,false,false,true,true
lp:545:word:0,545,0,别的,0,2,lpw_3966c0d55d,别的,other,false,false,false,false
lp:545:word:1,545,1,画,2,3,lpw_de9f18b00a,画,physical_action,true,false,false,false
lp:545:word:2,545,2,为什么,3,6,lpw_1b919bb478,为什么,interrogative,false,false,false,false
lp:545:word:3,545,3,都没有,6,9,,都没有,,,false,false,false
lp:545:word:4,545,4,这,9,10,lpw_d409ab2ab3,这,pronoun,false,true,true,true
lp:545:word:5,545,5,幅,10,11,,幅,,,false,false,false
lp:545:word:6,545,6,来,11,12,lpw_6d8229118c,来,physical_action,false,true,true,true
lp:545:word:7,545,7,得,12,13,lpw_71b1ed1114,得,function,false,false,true,true
lp:545:word:8,545,8,奔放,13,15,,奔放,,,false,false,false
lp:545:word:9,545,9,有力,15,17,,有力,,,false,false,false
lp:545:word:10,545,10,呢,17,18,lpw_02811cec0b,呢,function|interrogative,false,true,true,true
lp:546:word:0,546,0,回答,0,2,lpw_f3f5126487,回答,speech,false,false,true,true
lp:546:word:1,546,1,很简单,2,5,,很简单,,,false,false,false
lp:547:word:0,547,0,我,0,1,lpw_b70bb4acc0,我,pronoun,false,true,true,true
lp:547:word:1,547,1,同样,1,3,,同样,,,false,false,false
lp:547:word:2,547,2,努力,3,5,,努力,,,false,false,false
lp:547:word:3,547,3,了,5,6,lpw_b2dd27e84f,了,function,false,true,true,true
lp:548:word:0,548,0,但,0,1,lpw_1f863793c6,但,other,false,false,false,false
lp:548:word:1,548,1,没能,1,3,,没能,,,false,false,false
lp:548:word:2,548,2,成功,3,5,,成功,,,false,false,false
lp:549:word:0,549,0,画,0,1,lpw_de9f18b00a,画,physical_action,true,false,false,false
lp:549:word:1,549,1,猴面包树,1,5,lpw_1ec087a5d0,猴面包树,concrete_entity,true,false,false,false
lp:549:word:2,549,2,时,5,6,lpw_7d58b6422c,时,other,false,false,false,false
lp:550:word:0,550,0,我,0,1,lpw_b70bb4acc0,我,pronoun,false,true,true,true
lp:550:word:1,550,1,内心,1,3,,内心,,,false,false,false
lp:550:word:2,550,2,非常,3,5,lpw_2ccec3b419,非常,other,false,false,false,false
lp:550:word:3,550,3,焦急,5,7,,焦急,,,false,false,false
lp:551:word:0,551,0,情绪,0,2,,情绪,,,false,false,false
lp:551:word:1,551,1,就,2,3,lpw_2f9d9872e5,就,function,false,true,true,true
lp:551:word:2,551,2,受到,3,5,,受到,,,false,false,false
lp:551:word:3,551,3,了,5,6,lpw_b2dd27e84f,了,function,false,true,true,true
lp:551:word:4,551,4,感染,6,8,,感染,,,false,false,false
lp:553:word:0,553,0,哦,0,1,,哦,,,false,false,false
lp:554:word:0,554,0,小王子,0,3,lpw_87f2a033cf,小王子,narrative_character,false,true,true,true
lp:555:word:0,555,0,就,0,1,lpw_2f9d9872e5,就,function,false,true,true,true
lp:555:word:1,555,1,这样,1,3,lpw_b7fc681861,这样,other,false,false,true,true
lp:556:word:0,556,0,我,0,1,lpw_b70bb4acc0,我,pronoun,false,true,true,true
lp:556:word:1,556,1,一点,1,3,lpw_148b16e603,一点,other,false,false,false,false
lp:556:word:2,556,2,一点,3,5,lpw_148b16e603,一点,other,false,false,false,false
lp:556:word:3,556,3,知道,5,7,lpw_d7b6472b11,知道,cognition,false,false,true,true
lp:556:word:4,556,4,了,7,8,lpw_b2dd27e84f,了,function,false,true,true,true
lp:556:word:5,556,5,你,8,9,lpw_a0c7716669,你,pronoun,false,true,true,true
lp:556:word:6,556,6,那,9,10,lpw_5a2362a202,那,pronoun,false,true,true,true
lp:556:word:7,556,7,段,10,11,,段,,,false,false,false
lp:556:word:8,556,8,忧郁,11,13,,忧郁,,,false,false,false
lp:556:word:9,556,9,的,13,14,lpw_8af2350cfd,的,function,false,true,true,true
lp:556:word:10,556,10,生活,14,16,,生活,,,false,false,false
lp:557:word:0,557,0,过去,0,2,,过去,,,false,false,false
lp:557:word:1,557,1,很,2,3,lpw_f2b91797ea,很,other,false,true,true,true
lp:557:word:2,557,2,长,3,4,lpw_597ae23d84,长,other,false,false,false,false
lp:557:word:3,557,3,的,4,5,lpw_8af2350cfd,的,function,false,true,true,true
lp:557:word:4,557,4,时间,5,7,lpw_8b6ff49851,时间,time_quantity,false,false,false,false
lp:557:word:5,557,5,里,7,8,lpw_79f43de6e3,里,function,false,false,true,true
lp:558:word:0,558,0,你,0,1,lpw_a0c7716669,你,pronoun,false,true,true,true
lp:558:word:1,558,1,唯一,1,3,,唯一,,,false,false,false
lp:558:word:2,558,2,的,3,4,lpw_8af2350cfd,的,function,false,true,true,true
lp:558:word:3,558,3,乐趣,4,6,,乐趣,,,false,false,false
lp:558:word:4,558,4,就是,6,8,lpw_88aa006eb3,就是,other,false,false,true,true
lp:558:word:5,558,5,观赏,8,10,,观赏,,,false,false,false
lp:558:word:6,558,6,夕阳,10,12,,夕阳,,,false,false,false
lp:558:word:7,558,7,沉落,12,14,,沉落,,,false,false,false
lp:558:word:8,558,8,的,14,15,lpw_8af2350cfd,的,function,false,true,true,true
lp:558:word:9,558,9,温柔,15,17,,温柔,,,false,false,false
lp:558:word:10,558,10,晚景,17,19,,晚景,,,false,false,false
lp:559:word:0,559,0,这个,0,2,lpw_979e2bc35b,这个,function,false,false,true,true
lp:559:word:1,559,1,新的,2,4,,新的,,,false,false,false
lp:559:word:2,559,2,细节,4,6,,细节,,,false,false,false
lp:560:word:0,560,0,我是,0,2,lpw_06ba27715e,我是,other,false,false,false,false
lp:560:word:1,560,1,在,2,3,lpw_12404a0b63,在,function,false,true,true,true
lp:560:word:2,560,2,第四,3,5,,第四,,,false,false,false
lp:560:word:3,560,3,天,5,6,lpw_49da61ceee,天,other,false,false,false,true
lp:560:word:4,560,4,早晨,6,8,,早晨,,,false,false,false
lp:560:word:5,560,5,知道,8,10,lpw_d7b6472b11,知道,cognition,false,false,true,true
lp:560:word:6,560,6,的,10,11,lpw_8af2350cfd,的,function,false,true,true,true
lp:561:word:0,561,0,当时,0,2,,当时,,,false,false,false
lp:561:word:1,561,1,你,2,3,lpw_a0c7716669,你,pronoun,false,true,true,true
lp:561:word:2,561,2,对,3,4,lpw_74570c7270,对,function,false,true,true,true
lp:561:word:3,561,3,我,4,5,lpw_b70bb4acc0,我,pronoun,false,true,true,true
lp:561:word:4,561,4,说,5,6,lpw_ccca744613,说,speech,false,true,true,true
lp:562:word:0,562,0,我,1,2,lpw_b70bb4acc0,我,pronoun,false,true,true,true
lp:562:word:1,562,1,喜欢,2,4,lpw_653b04330b,喜欢,emotion_social,false,false,false,false
lp:562:word:2,562,2,看,4,5,lpw_61f43315f9,看,perception,false,false,false,true
lp:562:word:3,562,3,日,5,6,lpw_85217f7aff,日,other,false,false,false,false
lp:562:word:4,562,4,落,6,7,lpw_e9ce9aefa3,落,other,false,false,false,false
lp:563:word:0,563,0,我们,0,2,lpw_bcacb40df8,我们,pronoun,false,false,false,false
lp:563:word:1,563,1,去,2,3,lpw_99ae21ea6c,去,physical_action,false,false,true,true
lp:563:word:2,563,2,看,3,4,lpw_61f43315f9,看,perception,false,false,false,true
lp:563:word:3,563,3,一回,4,6,,一回,,,false,false,false
lp:563:word:4,563,4,日,6,7,lpw_85217f7aff,日,other,false,false,false,false
lp:563:word:5,563,5,落,7,8,lpw_e9ce9aefa3,落,other,false,false,false,false
lp:563:word:6,563,6,吧,8,9,lpw_bad8b6c7ae,吧,function,false,false,false,true
lp:564:word:0,564,0,可是,1,3,lpw_38ca4a9c76,可是,function,false,false,true,true
lp:564:word:1,564,1,得,3,4,lpw_71b1ed1114,得,function,false,false,true,true
lp:564:word:2,564,2,等,4,5,,等,,,false,false,false
lp:565:word:0,565,0,等,1,2,,等,,,false,false,false
lp:565:word:1,565,1,什么,2,4,lpw_c1b52e0e64,什么,pronoun|interrogative,false,true,true,true
lp:566:word:0,566,0,等,1,2,,等,,,false,false,false
lp:566:word:1,566,1,太阳,2,4,,太阳,,,false,false,false
lp:566:word:2,566,2,下山,4,6,,下山,,,false,false,false
lp:566:word:3,566,3,呀,6,7,lpw_03fe6b38e7,呀,function,false,false,false,true
lp:567:word:0,567,0,开始,0,2,,开始,,,false,false,false
lp:568:word:0,568,0,你,0,1,lpw_a0c7716669,你,pronoun,false,true,true,true
lp:568:word:1,568,1,显得,1,3,,显得,,,false,false,false
lp:568:word:2,568,2,很,3,4,lpw_f2b91797ea,很,other,false,true,true,true
lp:568:word:3,568,3,惊奇,4,6,,惊奇,,,false,false,false
lp:569:word:0,569,0,随后,0,2,,随后,,,false,false,false
lp:569:word:1,569,1,你,2,3,lpw_a0c7716669,你,pronoun,false,true,true,true
lp:569:word:2,569,2,自己,3,5,lpw_fb43354d2a,自己,pronoun,false,false,true,true
lp:569:word:3,569,3,笑了起来,5,9,,笑了起来,,,false,false,false
lp:570:word:0,570,0,你,0,1,lpw_a0c7716669,你,pronoun,false,true,true,true
lp:570:word:1,570,1,对,1,2,lpw_74570c7270,对,function,false,true,true,true
lp:570:word:2,570,2,我,2,3,lpw_b70bb4acc0,我,pronoun,false,true,true,true
lp:570:word:3,570,3,说,3,4,lpw_ccca744613,说,speech,false,true,true,true
lp:571:word:0,571,0,我还,1,3,,我还,,,false,false,false
lp:571:word:1,571,1,以为,3,5,,以为,,,false,false,false
lp:571:word:2,571,2,在,5,6,lpw_12404a0b63,在,function,false,true,true,true
lp:571:word:3,571,3,家乡,6,8,,家乡,,,false,false,false
lp:571:word:4,571,4,呢,8,9,lpw_02811cec0b,呢,function|interrogative,false,true,true,true
lp:572:word:0,572,0,可不,0,2,,可不,,,false,false,false
lp:573:word:0,573,0,大家,0,2,,大家,,,false,false,false
lp:573:word:1,573,1,都,2,3,lpw_7eabb36ba1,都,function,false,false,true,true
lp:573:word:2,573,2,知道,3,5,lpw_d7b6472b11,知道,cognition,false,false,true,true
lp:574:word:0,574,0,美国,0,2,,美国,,,false,false,false
lp:574:word:1,574,1,的,2,3,lpw_8af2350cfd,的,function,false,true,true,true
lp:574:word:2,574,2,中午,3,5,,中午,,,false,false,false
lp:575:word:0,575,0,在,0,1,lpw_12404a0b63,在,function,false,true,true,true
lp:575:word:1,575,1,法国,1,3,,法国,,,false,false,false
lp:575:word:2,575,2,正是,3,5,,正是,,,false,false,false
lp:575:word:3,575,3,黄昏,5,7,,黄昏,,,false,false,false
lp:576:word:0,576,0,要是,0,2,lpw_467b2562ed,要是,function,false,false,false,true
lp:576:word:1,576,1,能,2,3,lpw_413c06bcef,能,other,false,false,false,false
lp:576:word:2,576,2,在,3,4,lpw_12404a0b63,在,function,false,true,true,true
lp:576:word:3,576,3,一,4,5,lpw_51a75f4634,一,other,false,false,true,true
lp:576:word:4,576,4,分钟,5,7,lpw_bd957bc497,分钟,time_quantity,false,false,false,false
lp:576:word:5,576,5,内,7,8,,内,,,false,false,false
lp:576:word:6,576,6,赶,8,9,,赶,,,false,false,false
lp:576:word:7,576,7,到,9,10,lpw_b56f36b529,到,other,false,false,false,false
lp:576:word:8,576,8,法国,10,12,,法国,,,false,false,false
lp:577:word:0,577,0,就,0,1,lpw_2f9d9872e5,就,function,false,true,true,true
lp:577:word:1,577,1,可以,1,3,lpw_0ef5c86fab,可以,negation_modality,false,false,false,true
lp:577:word:2,577,2,看到,3,5,lpw_e9c1d16595,看到,other,false,false,false,false
lp:577:word:3,577,3,日,5,6,lpw_85217f7aff,日,other,false,false,false,false
lp:577:word:4,577,4,落,6,7,lpw_e9ce9aefa3,落,other,false,false,false,false
lp:578:word:0,578,0,可惜,0,2,,可惜,,,false,false,false
lp:578:word:1,578,1,法国,2,4,,法国,,,false,false,false
lp:578:word:2,578,2,实在,4,6,,实在,,,false,false,false
lp:578:word:3,578,3,太,6,7,lpw_e7ace7adf2,太,other,false,false,false,true
lp:578:word:4,578,4,远,7,8,lpw_057c8f7842,远,other,false,false,false,false
lp:578:word:5,578,5,了,8,9,lpw_b2dd27e84f,了,function,false,true,true,true
lp:579:word:0,579,0,而,0,1,lpw_08e2725ce1,而,function,false,false,false,true
lp:579:word:1,579,1,在,1,2,lpw_12404a0b63,在,function,false,true,true,true
lp:579:word:2,579,2,你,2,3,lpw_a0c7716669,你,pronoun,false,true,true,true
lp:579:word:3,579,3,那,3,4,lpw_5a2362a202,那,pronoun,false,true,true,true
lp:579:word:4,579,4,小小的,4,7,,小小的,,,false,false,false
lp:579:word:5,579,5,星球,7,9,lpw_62f2d6c1a1,星球,place,false,true,true,true
lp:579:word:6,579,6,上,9,10,lpw_db5ba671d2,上,function,false,true,true,true
lp:580:word:0,580,0,你,0,1,lpw_a0c7716669,你,pronoun,false,true,true,true
lp:580:word:1,580,1,只要,1,3,,只要,,,false,false,false
lp:580:word:2,580,2,把,3,4,lpw_2442748e41,把,function,false,false,true,true
lp:580:word:3,580,3,椅子,4,6,,椅子,,,false,false,false
lp:580:word:4,580,4,挪动,6,8,,挪动,,,false,false,false
lp:580:word:5,580,5,几,8,9,,几,,,false,false,false
lp:580:word:6,580,6,步,9,10,,步,,,false,false,false
lp:580:word:7,580,7,就,10,11,lpw_2f9d9872e5,就,function,false,true,true,true
lp:580:word:8,580,8,行,11,12,,行,,,false,false,false
lp:580:word:9,580,9,了,12,13,lpw_b2dd27e84f,了,function,false,true,true,true
lp:581:word:0,581,0,那样,0,2,,那样,,,false,false,false
lp:582:word:0,582,0,你,0,1,lpw_a0c7716669,你,pronoun,false,true,true,true
lp:582:word:1,582,1,就,1,2,lpw_2f9d9872e5,就,function,false,true,true,true
lp:582:word:2,582,2,随时,2,4,,随时,,,false,false,false
lp:582:word:3,582,3,可以,4,6,lpw_0ef5c86fab,可以,negation_modality,false,false,false,true
lp:582:word:4,582,4,看到,6,8,lpw_e9c1d16595,看到,other,false,false,false,false
lp:582:word:5,582,5,你想,8,10,,你想,,,false,false,false
lp:582:word:6,582,6,看,10,11,lpw_61f43315f9,看,perception,false,false,false,true
lp:582:word:7,582,7,的,11,12,lpw_8af2350cfd,的,function,false,true,true,true
lp:582:word:8,582,8,夕阳余晖,12,16,,夕阳余晖,,,false,false,false
lp:583:word:0,583,0,有,1,2,lpw_90ce0f66f0,有,other,false,true,true,true
lp:583:word:1,583,1,一天,2,4,lpw_5448481f38,一天,time_quantity,false,false,false,false
lp:584:word:0,584,0,我,0,1,lpw_b70bb4acc0,我,pronoun,false,true,true,true
lp:584:word:1,584,1,看了,1,3,,看了,,,false,false,false
lp:584:word:2,584,2,四十,3,5,,四十,,,false,false,false
lp:584:word:3,584,3,三次,5,7,,三次,,,false,false,false
lp:584:word:4,584,4,日,7,8,lpw_85217f7aff,日,other,false,false,false,false
lp:584:word:5,584,5,落,8,9,lpw_e9ce9aefa3,落,other,false,false,false,false
lp:585:word:0,585,0,过,0,1,lpw_f777893480,过,other,false,false,true,true
lp:585:word:1,585,1,了一,1,3,,了一,,,false,false,false
lp:585:word:2,585,2,会,3,4,lpw_5ba1e3c0eb,会,negation_modality,false,true,true,true
lp:585:word:3,585,3,儿,4,5,lpw_1ed5efc3dc,儿,other,false,false,false,false
lp:586:word:0,586,0,你,0,1,lpw_a0c7716669,你,pronoun,false,true,true,true
lp:586:word:1,586,1,又,1,2,lpw_e71ce5deab,又,function,false,true,true,true
lp:586:word:2,586,2,说,2,3,lpw_ccca744613,说,speech,false,true,true,true
lp:587:word:0,587,0,你,1,2,lpw_a0c7716669,你,pronoun,false,true,true,true
lp:587:word:1,587,1,知道,2,4,lpw_d7b6472b11,知道,cognition,false,false,true,true
lp:588:word:0,588,0,一个,0,2,lpw_e1dbc1c99f,一个,function|time_quantity,false,true,true,true
lp:588:word:1,588,1,人,2,3,lpw_50f5d65d57,人,other,false,true,true,true
lp:588:word:2,588,2,感到,3,5,lpw_15c2457566,感到,perception,false,false,false,true
lp:588:word:3,588,3,非常,5,7,lpw_2ccec3b419,非常,other,false,false,false,false
lp:588:word:4,588,4,忧伤,7,9,,忧伤,,,false,false,false
lp:588:word:5,588,5,的,9,10,lpw_8af2350cfd,的,function,false,true,true,true
lp:588:word:6,588,6,时候,10,12,lpw_5484678be4,时候,other,false,false,false,false
lp:589:word:0,589,0,他,0,1,lpw_8b7b91e000,他,pronoun,false,true,true,true
lp:589:word:1,589,1,就,1,2,lpw_2f9d9872e5,就,function,false,true,true,true
lp:589:word:2,589,2,喜欢,2,4,lpw_653b04330b,喜欢,emotion_social,false,false,false,false
lp:589:word:3,589,3,看,4,5,lpw_61f43315f9,看,perception,false,false,false,true
lp:589:word:4,589,4,日,5,6,lpw_85217f7aff,日,other,false,false,false,false
lp:589:word:5,589,5,落,6,7,lpw_e9ce9aefa3,落,other,false,false,false,false
lp:590:word:0,590,0,这么,1,3,lpw_7677ca84c6,这么,other,false,false,false,true
lp:590:word:1,590,1,说,3,4,lpw_ccca744613,说,speech,false,true,true,true
lp:591:word:0,591,0,看,0,1,lpw_61f43315f9,看,perception,false,false,false,true
lp:591:word:1,591,1,四十,1,3,,四十,,,false,false,false
lp:591:word:2,591,2,三次,3,5,,三次,,,false,false,false
lp:591:word:3,591,3,的,5,6,lpw_8af2350cfd,的,function,false,true,true,true
lp:591:word:4,591,4,那天,6,8,,那天,,,false,false,false
lp:592:word:0,592,0,你,0,1,lpw_a0c7716669,你,pronoun,false,true,true,true
lp:592:word:1,592,1,感到,1,3,lpw_15c2457566,感到,perception,false,false,false,true
lp:592:word:2,592,2,非常,3,5,lpw_2ccec3b419,非常,other,false,false,false,false
lp:592:word:3,592,3,忧伤,5,7,,忧伤,,,false,false,false
lp:592:word:4,592,4,啰,7,8,,啰,,,false,false,false
lp:593:word:0,593,0,但是,0,2,lpw_8cb1f721c8,但是,other,false,false,false,false
lp:593:word:1,593,1,小王子,2,5,lpw_87f2a033cf,小王子,narrative_character,false,true,true,true
lp:593:word:2,593,2,没有,5,7,lpw_f127804b92,没有,negation_modality,false,false,true,true
lp:593:word:3,593,3,回答,7,9,lpw_f3f5126487,回答,speech,false,false,true,true
lp:595:word:0,595,0,第五,0,2,,第五,,,false,false,false
lp:595:word:1,595,1,天,2,3,lpw_49da61ceee,天,other,false,false,false,true
lp:596:word:0,596,0,还是,0,2,lpw_dfaa7d6f73,还是,other,false,false,false,false
lp:596:word:1,596,1,羊,2,3,,羊,,,false,false,false
lp:596:word:2,596,2,的,3,4,lpw_8af2350cfd,的,function,false,true,true,true
lp:596:word:3,596,3,事情,4,6,lpw_e66d9fac19,事情,other,false,false,false,false
lp:597:word:0,597,0,把,0,1,lpw_2442748e41,把,function,false,false,true,true
lp:597:word:1,597,1,小王子,1,4,lpw_87f2a033cf,小王子,narrative_character,false,true,true,true
lp:597:word:2,597,2,生活,4,6,,生活,,,false,false,false
lp:597:word:3,597,3,的,6,7,lpw_8af2350cfd,的,function,false,true,true,true
lp:597:word:4,597,4,秘密,7,9,,秘密,,,false,false,false
lp:597:word:5,597,5,向,9,10,lpw_a2f77db0e9,向,other,false,false,false,false
lp:597:word:6,597,6,我,10,11,lpw_b70bb4acc0,我,pronoun,false,true,true,true
lp:597:word:7,597,7,揭开,11,13,,揭开,,,false,false,false
lp:597:word:8,597,8,了,13,14,lpw_b2dd27e84f,了,function,false,true,true,true
lp:598:word:0,598,0,他,0,1,lpw_8b7b91e000,他,pronoun,false,true,true,true
lp:598:word:1,598,1,好像,1,3,,好像,,,false,false,false
lp:598:word:2,598,2,有,3,4,lpw_90ce0f66f0,有,other,false,true,true,true
lp:598:word:3,598,3,个,4,5,lpw_3a116815bc,个,other,false,false,true,true
lp:598:word:4,598,4,问题,5,7,lpw_33a8618cb6,问题,other,false,false,false,false
lp:598:word:5,598,5,默默,7,9,,默默,,,false,false,false
lp:598:word:6,598,6,地,9,10,lpw_bdbd41e490,地,function,false,true,true,true
lp:598:word:7,598,7,思索,10,12,,思索,,,false,false,false
lp:598:word:8,598,8,了,12,13,lpw_b2dd27e84f,了,function,false,true,true,true
lp:598:word:9,598,9,很久,13,15,,很久,,,false,false,false
lp:599:word:0,599,0,终于,0,2,,终于,,,false,false,false
lp:599:word:1,599,1,得出,2,4,,得出,,,false,false,false
lp:599:word:2,599,2,了,4,5,lpw_b2dd27e84f,了,function,false,true,true,true
lp:599:word:3,599,3,结论,5,7,,结论,,,false,false,false
lp:600:word:0,600,0,突然,0,2,,突然,,,false,false,false
lp:600:word:1,600,1,没头,2,4,,没头,,,false,false,false
lp:600:word:2,600,2,没,4,5,lpw_279e8b3573,没,negation_modality,false,false,true,true
lp:600:word:3,600,3,脑,5,6,,脑,,,false,false,false
lp:600:word:4,600,4,地,6,7,lpw_bdbd41e490,地,function,false,true,true,true
lp:600:word:5,600,5,问,7,8,lpw_4628c0e06f,问,speech,false,false,true,true
lp:600:word:6,600,6,我,8,9,lpw_b70bb4acc0,我,pronoun,false,true,true,true
lp:601:word:0,601,0,绵羊,1,3,lpw_238b95ae07,羊,concrete_entity,true,false,false,false
lp:601:word:1,601,1,既然,3,5,,既然,,,false,false,false
lp:601:word:2,601,2,吃,5,6,lpw_c814805bc6,吃,other,true,false,false,false
lp:601:word:3,601,3,灌木,6,8,,灌木,,,false,false,false
lp:602:word:0,602,0,那,0,1,lpw_5a2362a202,那,pronoun,false,true,true,true
lp:602:word:1,602,1,它,1,2,lpw_7e9260e925,它,pronoun,false,true,true,true
lp:602:word:2,602,2,也,2,3,lpw_658605835b,也,function,false,false,true,true
lp:602:word:3,602,3,吃,3,4,lpw_c814805bc6,吃,other,true,false,false,false
lp:602:word:4,602,4,花儿,4,6,lpw_059ab0f707,花,narrative_character|concrete_entity,false,true,true,true
lp:602:word:5,602,5,啰,6,7,,啰,,,false,false,false
lp:603:word:0,603,0,它,1,2,lpw_7e9260e925,它,pronoun,false,true,true,true
lp:603:word:1,603,1,碰到,2,4,,碰到,,,false,false,false
lp:603:word:2,603,2,什么,4,6,lpw_c1b52e0e64,什么,pronoun|interrogative,false,true,true,true
lp:603:word:3,603,3,吃,6,7,lpw_c814805bc6,吃,other,true,false,false,false
lp:603:word:4,603,4,什么,7,9,lpw_c1b52e0e64,什么,pronoun|interrogative,false,true,true,true
lp:604:word:0,604,0,连,1,2,,连,,,false,false,false
lp:604:word:1,604,1,有刺,2,4,,有刺,,,false,false,false
lp:604:word:2,604,2,的,4,5,lpw_8af2350cfd,的,function,false,true,true,true
lp:604:word:3,604,3,花儿,5,7,lpw_059ab0f707,花,narrative_character|concrete_entity,false,true,true,true
lp:604:word:4,604,4,也,7,8,lpw_658605835b,也,function,false,false,true,true
lp:604:word:5,604,5,吃,8,9,lpw_c814805bc6,吃,other,true,false,false,false
lp:605:word:0,605,0,对,1,2,lpw_74570c7270,对,function,false,true,true,true
lp:605:word:1,605,1,有刺,3,5,,有刺,,,false,false,false
lp:605:word:2,605,2,的,5,6,lpw_8af2350cfd,的,function,false,true,true,true
lp:605:word:3,605,3,也,6,7,lpw_658605835b,也,function,false,false,true,true
lp:605:word:4,605,4,吃,7,8,lpw_c814805bc6,吃,other,true,false,false,false
lp:606:word:0,606,0,那么,1,3,lpw_a61f02e145,那么,function,false,false,false,true
lp:607:word:0,607,0,刺,0,1,lpw_b2ddecd32a,刺,other,false,false,false,false
lp:607:word:1,607,1,有,1,2,lpw_90ce0f66f0,有,other,false,true,true,true
lp:607:word:2,607,2,什么,2,4,lpw_c1b52e0e64,什么,pronoun|interrogative,false,true,true,true
lp:607:word:3,607,3,用,4,5,lpw_04e45efb3b,用,other,false,false,false,true
lp:607:word:4,607,4,呢,5,6,lpw_02811cec0b,呢,function|interrogative,false,true,true,true
lp:608:word:0,608,0,我不,0,2,lpw_3e63e3d08e,我不,other,false,false,false,false
lp:608:word:1,608,1,知道,2,4,lpw_d7b6472b11,知道,cognition,false,false,true,true
lp:608:word:2,608,2,该,4,5,,该,,,false,false,false
lp:608:word:3,608,3,怎么,5,7,lpw_5ee8091a38,怎么,interrogative,false,false,false,false
lp:608:word:4,608,4,回答,7,9,lpw_f3f5126487,回答,speech,false,false,true,true
lp:609:word:0,609,0,当时,0,2,,当时,,,false,false,false
lp:609:word:1,609,1,我,2,3,lpw_b70bb4acc0,我,pronoun,false,true,true,true
lp:609:word:2,609,2,正忙着,3,6,,正忙着,,,false,false,false
lp:609:word:3,609,3,要,6,7,lpw_975f35218e,要,negation_modality,false,false,true,true
lp:609:word:4,609,4,从,7,8,lpw_2719a8ea30,从,function,false,false,false,true
lp:609:word:5,609,5,发动,8,10,,发动,,,false,false,false
lp:609:word:6,609,6,机,10,11,,机,,,false,false,false
lp:610:word:0,610,0,上,0,1,lpw_db5ba671d2,上,function,false,true,true,true
lp:610:word:1,610,1,卸下,1,3,,卸下,,,false,false,false
lp:610:word:2,610,2,一颗,3,5,lpw_9a18d5dc38,一颗,time_quantity,false,false,false,false
lp:610:word:3,610,3,拧,5,6,,拧,,,false,false,false
lp:610:word:4,610,4,得,6,7,lpw_71b1ed1114,得,function,false,false,true,true
lp:610:word:5,610,5,太紧,7,9,,太紧,,,false,false,false
lp:610:word:6,610,6,的,9,10,lpw_8af2350cfd,的,function,false,true,true,true
lp:610:word:7,610,7,螺,10,11,,螺,,,false,false,false
lp:610:word:8,610,8,钉,11,12,,钉,,,false,false,false
lp:611:word:0,611,0,我,0,1,lpw_b70bb4acc0,我,pronoun,false,true,true,true
lp:611:word:1,611,1,发现,1,3,lpw_10493d06b9,发现,perception,false,false,false,false
lp:611:word:2,611,2,故障,3,5,,故障,,,false,false,false
lp:611:word:3,611,3,似乎,5,7,,似乎,,,false,false,false
lp:611:word:4,611,4,很,7,8,lpw_f2b91797ea,很,other,false,true,true,true
lp:611:word:5,611,5,严重,8,10,,严重,,,false,false,false
lp:612:word:0,612,0,饮用,0,2,,饮用,,,false,false,false
lp:612:word:1,612,1,水,2,3,lpw_327b54d04f,水,concrete_entity,false,false,false,false
lp:612:word:2,612,2,也,3,4,lpw_658605835b,也,function,false,false,true,true
lp:612:word:3,612,3,快,4,5,,快,,,false,false,false
lp:612:word:4,612,4,完了,5,7,,完了,,,false,false,false
lp:613:word:0,613,0,我,0,1,lpw_b70bb4acc0,我,pronoun,false,true,true,true
lp:613:word:1,613,1,担心,1,3,,担心,,,false,false,false
lp:613:word:2,613,2,会,3,4,lpw_5ba1e3c0eb,会,negation_modality,false,true,true,true
lp:613:word:3,613,3,发生,4,6,,发生,,,false,false,false
lp:613:word:4,613,4,最,6,7,,最,,,false,false,false
lp:613:word:5,613,5,坏,7,8,,坏,,,false,false,false
lp:613:word:6,613,6,的,8,9,lpw_8af2350cfd,的,function,false,true,true,true
lp:613:word:7,613,7,情况,9,11,,情况,,,false,false,false
lp:614:word:0,614,0,心里,0,2,,心里,,,false,false,false
lp:614:word:1,614,1,很,2,3,lpw_f2b91797ea,很,other,false,true,true,true
lp:614:word:2,614,2,着急,3,5,,着急,,,false,false,false
lp:615:word:0,615,0,那么,1,3,lpw_a61f02e145,那么,function,false,false,false,true
lp:616:word:0,616,0,刺,0,1,lpw_b2ddecd32a,刺,other,false,false,false,false
lp:616:word:1,616,1,有,1,2,lpw_90ce0f66f0,有,other,false,true,true,true
lp:616:word:2,616,2,什么,2,4,lpw_c1b52e0e64,什么,pronoun|interrogative,false,true,true,true
lp:616:word:3,616,3,用,4,5,lpw_04e45efb3b,用,other,false,false,false,true
lp:616:word:4,616,4,呢,5,6,lpw_02811cec0b,呢,function|interrogative,false,true,true,true
lp:617:word:0,617,0,小王子,0,3,lpw_87f2a033cf,小王子,narrative_character,false,true,true,true
lp:617:word:1,617,1,只要,3,5,,只要,,,false,false,false
lp:617:word:2,617,2,提了,5,7,,提了,,,false,false,false
lp:617:word:3,617,3,一个,7,9,lpw_e1dbc1c99f,一个,function|time_quantity,false,true,true,true
lp:617:word:4,617,4,问题,9,11,lpw_33a8618cb6,问题,other,false,false,false,false
lp:618:word:0,618,0,就不,0,2,,就不,,,false,false,false
lp:618:word:1,618,1,依,2,3,,依,,,false,false,false
lp:618:word:2,618,2,不,3,4,lpw_b02dfe2160,不,negation_modality,false,false,true,true
lp:618:word:3,618,3,饶,4,5,,饶,,,false,false,false
lp:618:word:4,618,4,地,5,6,lpw_bdbd41e490,地,function,false,true,true,true
lp:618:word:5,618,5,要,6,7,lpw_975f35218e,要,negation_modality,false,false,true,true
lp:618:word:6,618,6,得到,7,9,,得到,,,false,false,false
lp:618:word:7,618,7,答案,9,11,,答案,,,false,false,false
lp:619:word:0,619,0,而,0,1,lpw_08e2725ce1,而,function,false,false,false,true
lp:619:word:1,619,1,那个,1,3,lpw_fa6e73c549,那个,function,false,false,false,false
lp:619:word:2,619,2,螺,3,4,,螺,,,false,false,false
lp:619:word:3,619,3,钉,4,5,,钉,,,false,false,false
lp:619:word:4,619,4,正,5,6,lpw_d657ee1d4a,正,other,true,false,false,false
lp:619:word:5,619,5,弄得,6,8,,弄得,,,false,false,false
lp:619:word:6,619,6,我,8,9,lpw_b70bb4acc0,我,pronoun,false,true,true,true
lp:619:word:7,619,7,很,9,10,lpw_f2b91797ea,很,other,false,true,true,true
lp:619:word:8,619,8,恼火,10,12,,恼火,,,false,false,false
lp:620:word:0,620,0,我,0,1,lpw_b70bb4acc0,我,pronoun,false,true,true,true
lp:620:word:1,620,1,就,1,2,lpw_2f9d9872e5,就,function,false,true,true,true
lp:620:word:2,620,2,随,2,3,,随,,,false,false,false
lp:620:word:3,620,3,口,3,4,,口,,,false,false,false
lp:620:word:4,620,4,回答,4,6,lpw_f3f5126487,回答,speech,false,false,true,true
lp:620:word:5,620,5,了,6,7,lpw_b2dd27e84f,了,function,false,true,true,true
lp:620:word:6,620,6,一句,7,9,,一句,,,false,false,false
lp:621:word:0,621,0,刺,1,2,lpw_b2ddecd32a,刺,other,false,false,false,false
lp:621:word:1,621,1,呀,2,3,lpw_03fe6b38e7,呀,function,false,false,false,true
lp:622:word:0,622,0,什么,0,2,lpw_c1b52e0e64,什么,pronoun|interrogative,false,true,true,true
lp:622:word:1,622,1,用,2,3,lpw_04e45efb3b,用,other,false,false,false,true
lp:622:word:2,622,2,都没有,3,6,,都没有,,,false,false,false
lp:623:word:0,623,0,纯粹,0,2,,纯粹,,,false,false,false
lp:623:word:1,623,1,是,2,3,lpw_b5141d3d19,是,function,false,true,true,true
lp:623:word:2,623,2,花儿,3,5,lpw_059ab0f707,花,narrative_character|concrete_entity,false,true,true,true
lp:623:word:3,623,3,想,5,6,lpw_df0d251938,想,cognition,false,false,false,true
lp:623:word:4,623,4,使,6,7,lpw_22c95798a9,使,other,false,false,false,false
lp:623:word:5,623,5,坏,7,8,,坏,,,false,false,false
lp:623:word:6,623,6,呗,8,9,,呗,,,false,false,false
lp:624:word:0,624,0,喔,1,2,,喔,,,false,false,false
lp:625:word:0,625,0,但,0,1,lpw_1f863793c6,但,other,false,false,false,false
lp:625:word:1,625,1,他,1,2,lpw_8b7b91e000,他,pronoun,false,true,true,true
lp:625:word:2,625,2,沉默,2,4,,沉默,,,false,false,false
lp:625:word:3,625,3,了一,4,6,,了一,,,false,false,false
lp:625:word:4,625,4,会,6,7,lpw_5ba1e3c0eb,会,negation_modality,false,true,true,true
lp:625:word:5,625,5,儿,7,8,lpw_1ed5efc3dc,儿,other,false,false,false,false
lp:625:word:6,625,6,以后,8,10,lpw_e6ad7a1dbc,以后,other,false,false,false,false
lp:626:word:0,626,0,忿忿然,0,3,,忿忿然,,,false,false,false
lp:626:word:1,626,1,地,3,4,lpw_bdbd41e490,地,function,false,true,true,true
lp:626:word:2,626,2,冲着,4,6,,冲着,,,false,false,false
lp:626:word:3,626,3,我,6,7,lpw_b70bb4acc0,我,pronoun,false,true,true,true
lp:626:word:4,626,4,说,7,8,lpw_ccca744613,说,speech,false,true,true,true
lp:627:word:0,627,0,我,1,2,lpw_b70bb4acc0,我,pronoun,false,true,true,true
lp:627:word:1,627,1,不信,2,4,,不信,,,false,false,false
lp:627:word:2,627,2,你,4,5,lpw_a0c7716669,你,pronoun,false,true,true,true
lp:627:word:3,627,3,的话,5,7,lpw_9b952dd4e3,的话,other,false,false,false,false
lp:628:word:0,628,0,花儿,0,2,lpw_059ab0f707,花,narrative_character|concrete_entity,false,true,true,true
lp:628:word:1,628,1,是,2,3,lpw_b5141d3d19,是,function,false,true,true,true
lp:628:word:2,628,2,纤弱,3,5,,纤弱,,,false,false,false
lp:628:word:3,628,3,的,5,6,lpw_8af2350cfd,的,function,false,true,true,true
lp:629:word:0,629,0,天真,0,2,,天真,,,false,false,false
lp:629:word:1,629,1,的,2,3,lpw_8af2350cfd,的,function,false,true,true,true
lp:630:word:0,630,0,它们,0,2,lpw_c40b3d2880,它们,pronoun,false,false,true,true
lp:630:word:1,630,1,想,2,3,lpw_df0d251938,想,cognition,false,false,false,true
lp:630:word:2,630,2,尽量,3,5,,尽量,,,false,false,false
lp:630:word:3,630,3,保护,5,7,,保护,,,false,false,false
lp:630:word:4,630,4,自己,7,9,lpw_fb43354d2a,自己,pronoun,false,false,true,true
lp:631:word:0,631,0,它们,0,2,lpw_c40b3d2880,它们,pronoun,false,false,true,true
lp:631:word:1,631,1,以为,2,4,,以为,,,false,false,false
lp:631:word:2,631,2,有了,4,6,,有了,,,false,false,false
lp:631:word:3,631,3,刺,6,7,lpw_b2ddecd32a,刺,other,false,false,false,false
lp:631:word:4,631,4,就,7,8,lpw_2f9d9872e5,就,function,false,true,true,true
lp:631:word:5,631,5,会,8,9,lpw_5ba1e3c0eb,会,negation_modality,false,true,true,true
lp:631:word:6,631,6,显得,9,11,,显得,,,false,false,false
lp:631:word:7,631,7,很,11,12,lpw_f2b91797ea,很,other,false,true,true,true
lp:631:word:8,631,8,厉害,12,14,,厉害,,,false,false,false
lp:632:word:0,632,0,我没,0,2,lpw_6af7322be2,我没,other,false,false,false,false
lp:632:word:1,632,1,作,2,3,lpw_7ff9df9923,作,other,false,false,false,false
lp:632:word:2,632,2,声,3,4,lpw_693e132f27,声,other,false,false,false,true
lp:633:word:0,633,0,我,0,1,lpw_b70bb4acc0,我,pronoun,false,true,true,true
lp:633:word:1,633,1,当时,1,3,,当时,,,false,false,false
lp:633:word:2,633,2,想,3,4,lpw_df0d251938,想,cognition,false,false,false,true
lp:634:word:0,634,0,要是,1,3,lpw_467b2562ed,要是,function,false,false,false,true
lp:634:word:1,634,1,这,3,4,lpw_d409ab2ab3,这,pronoun,false,true,true,true
lp:634:word:2,634,2,颗,4,5,lpw_09901d3de2,颗,other,false,false,false,false
lp:634:word:3,634,3,螺,5,6,,螺,,,false,false,false
lp:634:word:4,634,4,钉,6,7,,钉,,,false,false,false
lp:634:word:5,634,5,再不,7,9,,再不,,,false,false,false
lp:634:word:6,634,6,松开,9,11,,松开,,,false,false,false
lp:635:word:0,635,0,我,0,1,lpw_b70bb4acc0,我,pronoun,false,true,true,true
lp:635:word:1,635,1,就,1,2,lpw_2f9d9872e5,就,function,false,true,true,true
lp:635:word:2,635,2,一,2,3,lpw_51a75f4634,一,other,false,false,true,true
lp:635:word:3,635,3,锤子,3,5,,锤子,,,false,false,false
lp:635:word:4,635,4,敲掉,5,7,,敲掉,,,false,false,false
lp:635:word:5,635,5,它,7,8,lpw_7e9260e925,它,pronoun,false,true,true,true
lp:636:word:0,636,0,小王子,0,3,lpw_87f2a033cf,小王子,narrative_character,false,true,true,true
lp:636:word:1,636,1,又,3,4,lpw_e71ce5deab,又,function,false,true,true,true
lp:636:word:2,636,2,打,4,5,,打,,,false,false,false
lp:636:word:3,636,3,断,5,6,,断,,,false,false,false
lp:636:word:4,636,4,了,6,7,lpw_b2dd27e84f,了,function,false,true,true,true
lp:636:word:5,636,5,我,7,8,lpw_b70bb4acc0,我,pronoun,false,true,true,true
lp:636:word:6,636,6,的,8,9,lpw_8af2350cfd,的,function,false,true,true,true
lp:636:word:7,636,7,思路,9,11,,思路,,,false,false,false
lp:637:word:0,637,0,可,1,2,lpw_8b9cefa38e,可,other,false,false,true,true
lp:637:word:1,637,1,你,2,3,lpw_a0c7716669,你,pronoun,false,true,true,true
lp:638:word:0,638,0,你,0,1,lpw_a0c7716669,你,pronoun,false,true,true,true
lp:638:word:1,638,1,却,1,2,lpw_da153c5b45,却,other,false,false,false,false
lp:638:word:2,638,2,认为,2,4,,认为,,,false,false,false
lp:638:word:3,638,3,花儿,4,6,lpw_059ab0f707,花,narrative_character|concrete_entity,false,true,true,true
lp:639:word:0,639,0,行,1,2,,行,,,false,false,false
lp:639:word:1,639,1,了,2,3,lpw_b2dd27e84f,了,function,false,true,true,true
lp:639:word:2,639,2,行,4,5,,行,,,false,false,false
lp:639:word:3,639,3,了,5,6,lpw_b2dd27e84f,了,function,false,true,true,true
lp:640:word:0,640,0,我,0,1,lpw_b70bb4acc0,我,pronoun,false,true,true,true
lp:640:word:1,640,1,什么,1,3,lpw_c1b52e0e64,什么,pronoun|interrogative,false,true,true,true
lp:640:word:2,640,2,也不,3,5,lpw_941252022a,也不,other,false,false,false,false
lp:640:word:3,640,3,认为,5,7,,认为,,,false,false,false
lp:641:word:0,641,0,我,0,1,lpw_b70bb4acc0,我,pronoun,false,true,true,true
lp:641:word:1,641,1,只是,1,3,,只是,,,false,false,false
lp:641:word:2,641,2,随口说说,3,7,,随口说说,,,false,false,false
lp:642:word:0,642,0,我,0,1,lpw_b70bb4acc0,我,pronoun,false,true,true,true
lp:642:word:1,642,1,正忙着,1,4,,正忙着,,,false,false,false
lp:642:word:2,642,2,干,4,5,lpw_9ee0280bc4,干,other,false,false,false,false
lp:642:word:3,642,3,正,5,6,lpw_d657ee1d4a,正,other,true,false,false,false
lp:642:word:4,642,4,事,6,7,lpw_1d9ed56951,事,other,false,false,true,true
lp:642:word:5,642,5,呢,7,8,lpw_02811cec0b,呢,function|interrogative,false,true,true,true
lp:643:word:0,643,0,他,0,1,lpw_8b7b91e000,他,pronoun,false,true,true,true
lp:643:word:1,643,1,惊愕,1,3,,惊愕,,,false,false,false
lp:643:word:2,643,2,地,3,4,lpw_bdbd41e490,地,function,false,true,true,true
lp:643:word:3,643,3,望,4,5,lpw_260bd80462,望,other,false,false,false,false
lp:643:word:4,643,4,着,5,6,lpw_9e5bf0d2d9,着,function,false,true,true,true
lp:643:word:5,643,5,我,6,7,lpw_b70bb4acc0,我,pronoun,false,true,true,true
lp:644:word:0,644,0,正,1,2,lpw_d657ee1d4a,正,other,true,false,false,false
lp:644:word:1,644,1,事,2,3,lpw_1d9ed56951,事,other,false,false,true,true
lp:645:word:0,645,0,他,0,1,lpw_8b7b91e000,他,pronoun,false,true,true,true
lp:645:word:1,645,1,看,1,2,lpw_61f43315f9,看,perception,false,false,false,true
lp:645:word:2,645,2,我,2,3,lpw_b70bb4acc0,我,pronoun,false,true,true,true
lp:645:word:3,645,3,握,3,4,,握,,,false,false,false
lp:645:word:4,645,4,着,4,5,lpw_9e5bf0d2d9,着,function,false,true,true,true
lp:645:word:5,645,5,锤子,5,7,,锤子,,,false,false,false
lp:646:word:0,646,0,手指,0,2,,手指,,,false,false,false
lp:646:word:1,646,1,沾,2,3,,沾,,,false,false,false
lp:646:word:2,646,2,满,3,4,lpw_abc511ca95,满,other,false,false,false,false
lp:646:word:3,646,3,油污,4,6,,油污,,,false,false,false
lp:647:word:0,647,0,俯身,0,2,,俯身,,,false,false,false
lp:647:word:1,647,1,对,2,3,lpw_74570c7270,对,function,false,true,true,true
lp:647:word:2,647,2,着,3,4,lpw_9e5bf0d2d9,着,function,false,true,true,true
lp:647:word:3,647,3,一个,4,6,lpw_e1dbc1c99f,一个,function|time_quantity,false,true,true,true
lp:647:word:4,647,4,他,6,7,lpw_8b7b91e000,他,pronoun,false,true,true,true
lp:647:word:5,647,5,觉得,7,9,lpw_78c82d9f41,觉得,cognition,false,false,false,true
lp:647:word:6,647,6,非常,9,11,lpw_2ccec3b419,非常,other,false,false,false,false
lp:647:word:7,647,7,丑陋,11,13,,丑陋,,,false,false,false
lp:647:word:8,647,8,的,13,14,lpw_8af2350cfd,的,function,false,true,true,true
lp:647:word:9,647,9,物件,14,16,,物件,,,false,false,false
lp:648:word:0,648,0,你,1,2,lpw_a0c7716669,你,pronoun,false,true,true,true
lp:648:word:1,648,1,说话,2,4,,说话,,,false,false,false
lp:648:word:2,648,2,就像,4,6,lpw_3a1a30dbb2,就像,other,false,false,false,false
lp:648:word:3,648,3,那些,6,8,lpw_abd258db99,那些,function,false,false,false,true
lp:648:word:4,648,4,大人,8,10,lpw_44dd6014a5,大人,narrative_character,false,false,false,true
lp:649:word:0,649,0,这,0,1,lpw_d409ab2ab3,这,pronoun,false,true,true,true
lp:649:word:1,649,1,话,1,2,lpw_036f781126,话,other,false,false,false,false
lp:649:word:2,649,2,使,2,3,lpw_22c95798a9,使,other,false,false,false,false
lp:649:word:3,649,3,我,3,4,lpw_b70bb4acc0,我,pronoun,false,true,true,true
lp:649:word:4,649,4,有些,4,6,,有些,,,false,false,false
lp:649:word:5,649,5,难堪,6,8,,难堪,,,false,false,false
lp:650:word:0,650,0,而,0,1,lpw_08e2725ce1,而,function,false,false,false,true
lp:650:word:1,650,1,他,1,2,lpw_8b7b91e000,他,pronoun,false,true,true,true
lp:650:word:2,650,2,毫不留情,2,6,,毫不留情,,,false,false,false
lp:650:word:3,650,3,地,6,7,lpw_bdbd41e490,地,function,false,true,true,true
lp:650:word:4,650,4,接着,7,9,lpw_58ed4c69fb,接着,other,false,false,false,false
lp:650:word:5,650,5,说,9,10,lpw_ccca744613,说,speech,false,true,true,true
lp:651:word:0,651,0,你,1,2,lpw_a0c7716669,你,pronoun,false,true,true,true
lp:651:word:1,651,1,什么,2,4,lpw_c1b52e0e64,什么,pronoun|interrogative,false,true,true,true
lp:651:word:2,651,2,都,4,5,lpw_7eabb36ba1,都,function,false,false,true,true
lp:651:word:3,651,3,分不清,5,8,,分不清,,,false,false,false
lp:652:word:0,652,0,你,0,1,lpw_a0c7716669,你,pronoun,false,true,true,true
lp:652:word:1,652,1,把,1,2,lpw_2442748e41,把,function,false,false,true,true
lp:652:word:2,652,2,什么,2,4,lpw_c1b52e0e64,什么,pronoun|interrogative,false,true,true,true
lp:652:word:3,652,3,都,4,5,lpw_7eabb36ba1,都,function,false,false,true,true
lp:652:word:4,652,4,搅,5,6,,搅,,,false,false,false
lp:652:word:5,652,5,在一起,6,9,,在一起,,,false,false,false
lp:653:word:0,653,0,他,0,1,lpw_8b7b91e000,他,pronoun,false,true,true,true
lp:653:word:1,653,1,真的,1,3,,真的,,,false,false,false
lp:653:word:2,653,2,气,3,4,,气,,,false,false,false
lp:653:word:3,653,3,极了,4,6,,极了,,,false,false,false
lp:654:word:0,654,0,一头,0,2,,一头,,,false,false,false
lp:654:word:1,654,1,金发,2,4,,金发,,,false,false,false
lp:654:word:2,654,2,在,4,5,lpw_12404a0b63,在,function,false,true,true,true
lp:654:word:3,654,3,风中,5,7,,风中,,,false,false,false
lp:654:word:4,654,4,摇曳,7,9,,摇曳,,,false,false,false
lp:655:word:0,655,0,我到,1,3,,我到,,,false,false,false
lp:655:word:1,655,1,过,3,4,lpw_f777893480,过,other,false,false,true,true
lp:655:word:2,655,2,一个,4,6,lpw_e1dbc1c99f,一个,function|time_quantity,false,true,true,true
lp:655:word:3,655,3,星球,6,8,lpw_62f2d6c1a1,星球,place,false,true,true,true
lp:656:word:0,656,0,上面,0,2,,上面,,,false,false,false
lp:656:word:1,656,1,住,2,3,lpw_cbba0a98ab,住,other,false,false,false,false
lp:656:word:2,656,2,着,3,4,lpw_9e5bf0d2d9,着,function,false,true,true,true
lp:656:word:3,656,3,一个,4,6,lpw_e1dbc1c99f,一个,function|time_quantity,false,true,true,true
lp:656:word:4,656,4,红脸,6,8,,红脸,,,false,false,false
lp:656:word:5,656,5,先生,8,10,,先生,,,false,false,false
lp:657:word:0,657,0,他,0,1,lpw_8b7b91e000,他,pronoun,false,true,true,true
lp:657:word:1,657,1,从,1,2,lpw_2719a8ea30,从,function,false,false,false,true
lp:657:word:2,657,2,没,2,3,lpw_279e8b3573,没,negation_modality,false,false,true,true
lp:657:word:3,657,3,闻过,3,5,,闻过,,,false,false,false
lp:657:word:4,657,4,花香,5,7,,花香,,,false,false,false
lp:658:word:0,658,0,他,0,1,lpw_8b7b91e000,他,pronoun,false,true,true,true
lp:658:word:1,658,1,从,1,2,lpw_2719a8ea30,从,function,false,false,false,true
lp:658:word:2,658,2,没,2,3,lpw_279e8b3573,没,negation_modality,false,false,true,true
lp:658:word:3,658,3,望,3,4,lpw_260bd80462,望,other,false,false,false,false
lp:658:word:4,658,4,过,4,5,lpw_f777893480,过,other,false,false,true,true
lp:658:word:5,658,5,星星,5,7,lpw_6a9fec7faf,星星,concrete_entity,false,true,true,true
lp:659:word:0,659,0,他,0,1,lpw_8b7b91e000,他,pronoun,false,true,true,true
lp:659:word:1,659,1,从,1,2,lpw_2719a8ea30,从,function,false,false,false,true
lp:659:word:2,659,2,没,2,3,lpw_279e8b3573,没,negation_modality,false,false,true,true
lp:659:word:3,659,3,爱过,3,5,,爱过,,,false,false,false
lp:659:word:4,659,4,一个,5,7,lpw_e1dbc1c99f,一个,function|time_quantity,false,true,true,true
lp:659:word:5,659,5,人,7,8,lpw_50f5d65d57,人,other,false,true,true,true
lp:660:word:0,660,0,除了,0,2,,除了,,,false,false,false
lp:660:word:1,660,1,算,2,3,,算,,,false,false,false
lp:660:word:2,660,2,账,3,4,,账,,,false,false,false
lp:661:word:0,661,0,他,0,1,lpw_8b7b91e000,他,pronoun,false,true,true,true
lp:661:word:1,661,1,什么,1,3,lpw_c1b52e0e64,什么,pronoun|interrogative,false,true,true,true
lp:661:word:2,661,2,事,3,4,lpw_1d9ed56951,事,other,false,false,true,true
lp:661:word:3,661,3,也没,4,6,,也没,,,false,false,false
lp:661:word:4,661,4,做,6,7,lpw_94f5404441,做,other,false,false,false,false
lp:661:word:5,661,5,过,7,8,lpw_f777893480,过,other,false,false,true,true
lp:662:word:0,662,0,他,0,1,lpw_8b7b91e000,他,pronoun,false,true,true,true
lp:662:word:1,662,1,成天,1,3,,成天,,,false,false,false
lp:662:word:2,662,2,像,3,4,lpw_cf8cedd58b,像,other,false,false,false,true
lp:662:word:3,662,3,你,4,5,lpw_a0c7716669,你,pronoun,false,true,true,true
lp:662:word:4,662,4,一样,5,7,lpw_9dc5c0158d,一样,other,false,false,false,true
lp:662:word:5,662,5,说,7,8,lpw_ccca744613,说,speech,false,true,true,true
lp:662:word:6,662,6,个,8,9,lpw_3a116815bc,个,other,false,false,true,true
lp:662:word:7,662,7,没,9,10,lpw_279e8b3573,没,negation_modality,false,false,true,true
lp:662:word:8,662,8,完,10,11,,完,,,false,false,false
lp:663:word:0,663,0,我有,1,3,lpw_59cbe38d1c,我有,other,false,false,false,false
lp:663:word:1,663,1,正,3,4,lpw_d657ee1d4a,正,other,true,false,false,false
lp:663:word:2,663,2,事,4,5,lpw_1d9ed56951,事,other,false,false,true,true
lp:663:word:3,663,3,要,5,6,lpw_975f35218e,要,negation_modality,false,false,true,true
lp:663:word:4,663,4,干,6,7,lpw_9ee0280bc4,干,other,false,false,false,false
lp:664:word:0,664,0,我有,0,2,lpw_59cbe38d1c,我有,other,false,false,false,false
lp:664:word:1,664,1,正,2,3,lpw_d657ee1d4a,正,other,true,false,false,false
lp:664:word:2,664,2,事,3,4,lpw_1d9ed56951,事,other,false,false,true,true
lp:664:word:3,664,3,要,4,5,lpw_975f35218e,要,negation_modality,false,false,true,true
lp:664:word:4,664,4,干,5,6,lpw_9ee0280bc4,干,other,false,false,false,false
lp:665:word:0,665,0,变得,0,2,lpw_23e89ba0a1,变得,other,false,false,false,false
lp:665:word:1,665,1,骄气,2,4,,骄气,,,false,false,false
lp:665:word:2,665,2,十足,4,6,,十足,,,false,false,false
lp:666:word:0,666,0,可是,0,2,lpw_38ca4a9c76,可是,function,false,false,true,true
lp:666:word:1,666,1,这,2,3,lpw_d409ab2ab3,这,pronoun,false,true,true,true
lp:666:word:2,666,2,算,3,4,,算,,,false,false,false
lp:666:word:3,666,3,不得,4,6,,不得,,,false,false,false
lp:666:word:4,666,4,一个,6,8,lpw_e1dbc1c99f,一个,function|time_quantity,false,true,true,true
lp:666:word:5,666,5,人,8,9,lpw_50f5d65d57,人,other,false,true,true,true
lp:667:word:0,667,0,他是,0,2,,他是,,,false,false,false
lp:667:word:1,667,1,个,2,3,lpw_3a116815bc,个,other,false,false,true,true
lp:667:word:2,667,2,蘑菇,3,5,,蘑菇,,,false,false,false
lp:668:word:0,668,0,是,1,2,lpw_b5141d3d19,是,function,false,true,true,true
lp:668:word:1,668,1,个,2,3,lpw_3a116815bc,个,other,false,false,true,true
lp:668:word:2,668,2,什么,3,5,lpw_c1b52e0e64,什么,pronoun|interrogative,false,true,true,true
lp:669:word:0,669,0,是,1,2,lpw_b5141d3d19,是,function,false,true,true,true
lp:669:word:1,669,1,个,2,3,lpw_3a116815bc,个,other,false,false,true,true
lp:669:word:2,669,2,蘑菇,3,5,,蘑菇,,,false,false,false
lp:670:word:0,670,0,小王子,0,3,lpw_87f2a033cf,小王子,narrative_character,false,true,true,true
lp:670:word:1,670,1,这会儿,3,6,,这会儿,,,false,false,false
lp:670:word:2,670,2,气,6,7,,气,,,false,false,false
lp:670:word:3,670,3,得,7,8,lpw_71b1ed1114,得,function,false,false,true,true
lp:670:word:4,670,4,脸色,8,10,,脸色,,,false,false,false
lp:670:word:5,670,5,发,10,11,,发,,,false,false,false
lp:670:word:6,670,6,白,11,12,,白,,,false,false,false
lp:670:word:7,670,7,了,12,13,lpw_b2dd27e84f,了,function,false,true,true,true
lp:671:word:0,671,0,几百,1,3,,几百,,,false,false,false
lp:671:word:1,671,1,万,3,4,,万,,,false,false,false
lp:671:word:2,671,2,年,4,5,,年,,,false,false,false
lp:671:word:3,671,3,以前,5,7,lpw_aa98317793,以前,other,false,false,false,false
lp:672:word:0,672,0,花儿,0,2,lpw_059ab0f707,花,narrative_character|concrete_entity,false,true,true,true
lp:672:word:1,672,1,就,2,3,lpw_2f9d9872e5,就,function,false,true,true,true
lp:672:word:2,672,2,长,3,4,lpw_597ae23d84,长,other,false,false,false,false
lp:672:word:3,672,3,刺,4,5,lpw_b2ddecd32a,刺,other,false,false,false,false
lp:672:word:4,672,4,了,5,6,lpw_b2dd27e84f,了,function,false,true,true,true
lp:673:word:0,673,0,可,0,1,lpw_8b9cefa38e,可,other,false,false,true,true
lp:673:word:1,673,1,几百,1,3,,几百,,,false,false,false
lp:673:word:2,673,2,万,3,4,,万,,,false,false,false
lp:673:word:3,673,3,年,4,5,,年,,,false,false,false
lp:673:word:4,673,4,以前,5,7,lpw_aa98317793,以前,other,false,false,false,false
lp:674:word:0,674,0,羊,0,1,,羊,,,false,false,false
lp:674:word:1,674,1,也,1,2,lpw_658605835b,也,function,false,false,true,true
lp:674:word:2,674,2,早就,2,4,,早就,,,false,false,false
lp:674:word:3,674,3,在,4,5,lpw_12404a0b63,在,function,false,true,true,true
lp:674:word:4,674,4,吃,5,6,lpw_c814805bc6,吃,other,true,false,false,false
lp:674:word:5,674,5,花儿,6,8,lpw_059ab0f707,花,narrative_character|concrete_entity,false,true,true,true
lp:674:word:6,674,6,了,8,9,lpw_b2dd27e84f,了,function,false,true,true,true
lp:675:word:0,675,0,刺,0,1,lpw_b2ddecd32a,刺,other,false,false,false,false
lp:675:word:1,675,1,什么,1,3,lpw_c1b52e0e64,什么,pronoun|interrogative,false,true,true,true
lp:675:word:2,675,2,用,3,4,lpw_04e45efb3b,用,other,false,false,false,true
lp:675:word:3,675,3,也没有,4,7,,也没有,,,false,false,false
lp:676:word:0,676,0,那,0,1,lpw_5a2362a202,那,pronoun,false,true,true,true
lp:676:word:1,676,1,花儿,1,3,lpw_059ab0f707,花,narrative_character|concrete_entity,false,true,true,true
lp:676:word:2,676,2,为什么,3,6,lpw_1b919bb478,为什么,interrogative,false,false,false,false
lp:676:word:3,676,3,要,6,7,lpw_975f35218e,要,negation_modality,false,false,true,true
lp:676:word:4,676,4,费,7,8,,费,,,false,false,false
lp:676:word:5,676,5,那份,8,10,,那份,,,false,false,false
lp:676:word:6,676,6,劲,10,11,,劲,,,false,false,false
lp:676:word:7,676,7,去,11,12,lpw_99ae21ea6c,去,physical_action,false,false,true,true
lp:676:word:8,676,8,长,12,13,lpw_597ae23d84,长,other,false,false,false,false
lp:676:word:9,676,9,刺,13,14,lpw_b2ddecd32a,刺,other,false,false,false,false
lp:676:word:10,676,10,呢,14,15,lpw_02811cec0b,呢,function|interrogative,false,true,true,true
lp:677:word:0,677,0,把,0,1,lpw_2442748e41,把,function,false,false,true,true
lp:677:word:1,677,1,这,1,2,lpw_d409ab2ab3,这,pronoun,false,true,true,true
lp:677:word:2,677,2,弄,2,3,,弄,,,false,false,false
lp:677:word:3,677,3,明白,3,5,lpw_8e37cd5f7f,明白,cognition,false,false,false,false
lp:677:word:4,677,4,难道,5,7,,难道,,,false,false,false
lp:677:word:5,677,5,不是,7,9,lpw_584cd0fcf3,不是,other,false,false,false,false
lp:677:word:6,677,6,正,9,10,lpw_d657ee1d4a,正,other,true,false,false,false
lp:677:word:7,677,7,事,10,11,lpw_1d9ed56951,事,other,false,false,true,true
lp:677:word:8,677,8,吗,11,12,lpw_5ac1612110,吗,function|interrogative,false,false,false,true
lp:678:word:0,678,0,绵羊,0,2,lpw_238b95ae07,羊,concrete_entity,true,false,false,false
lp:678:word:1,678,1,和,2,3,lpw_3d7114281f,和,function,false,false,true,true
lp:678:word:2,678,2,花儿,3,5,lpw_059ab0f707,花,narrative_character|concrete_entity,false,true,true,true
lp:678:word:3,678,3,的,5,6,lpw_8af2350cfd,的,function,false,true,true,true
lp:678:word:4,678,4,战争,6,8,,战争,,,false,false,false
lp:678:word:5,678,5,难道,8,10,,难道,,,false,false,false
lp:678:word:6,678,6,不,10,11,lpw_b02dfe2160,不,negation_modality,false,false,true,true
lp:678:word:7,678,7,重要,11,13,lpw_a8cd9642aa,重要,other,false,false,false,false
lp:678:word:8,678,8,吗,13,14,lpw_5ac1612110,吗,function|interrogative,false,false,false,true
lp:679:word:0,679,0,这,0,1,lpw_d409ab2ab3,这,pronoun,false,true,true,true
lp:679:word:1,679,1,难道,1,3,,难道,,,false,false,false
lp:679:word:2,679,2,不比,3,5,,不比,,,false,false,false
lp:679:word:3,679,3,那个,5,7,lpw_fa6e73c549,那个,function,false,false,false,false
lp:679:word:4,679,4,胖子,7,9,,胖子,,,false,false,false
lp:679:word:5,679,5,红脸,9,11,,红脸,,,false,false,false
lp:679:word:6,679,6,先生,11,13,,先生,,,false,false,false
lp:679:word:7,679,7,的,13,14,lpw_8af2350cfd,的,function,false,true,true,true
lp:679:word:8,679,8,算,14,15,,算,,,false,false,false
lp:679:word:9,679,9,账,15,16,,账,,,false,false,false
lp:679:word:10,679,10,更,16,17,,更,,,false,false,false
lp:679:word:11,679,11,重要,17,19,lpw_a8cd9642aa,重要,other,false,false,false,false
lp:680:word:0,680,0,更是,0,2,,更是,,,false,false,false
lp:680:word:1,680,1,正,2,3,lpw_d657ee1d4a,正,other,true,false,false,false
lp:680:word:2,680,2,事,3,4,lpw_1d9ed56951,事,other,false,false,true,true
lp:680:word:3,680,3,吗,4,5,lpw_5ac1612110,吗,function|interrogative,false,false,false,true
lp:680:word:4,680,4,还有,6,8,lpw_83eec76b39,还有,other,false,false,false,false
lp:681:word:0,681,0,如果,0,2,lpw_7ca71b72d7,如果,function,false,false,false,false
lp:681:word:1,681,1,我,2,3,lpw_b70bb4acc0,我,pronoun,false,true,true,true
lp:681:word:2,681,2,认识,3,5,,认识,,,false,false,false
lp:681:word:3,681,3,一朵,5,7,lpw_aebd6fbbd2,一朵,other,false,false,false,true
lp:681:word:4,681,4,世上,7,9,,世上,,,false,false,false
lp:681:word:5,681,5,独一无二,9,13,,独一无二,,,false,false,false
lp:681:word:6,681,6,的,13,14,lpw_8af2350cfd,的,function,false,true,true,true
lp:681:word:7,681,7,花儿,14,16,lpw_059ab0f707,花,narrative_character|concrete_entity,false,true,true,true
lp:682:word:0,682,0,除了,0,2,,除了,,,false,false,false
lp:682:word:1,682,1,我,2,3,lpw_b70bb4acc0,我,pronoun,false,true,true,true
lp:682:word:2,682,2,的,3,4,lpw_8af2350cfd,的,function,false,true,true,true
lp:682:word:3,682,3,星球,4,6,lpw_62f2d6c1a1,星球,place,false,true,true,true
lp:683:word:0,683,0,哪儿,0,2,lpw_1ca2298198,哪儿,interrogative,false,false,false,false
lp:683:word:1,683,1,都,2,3,lpw_7eabb36ba1,都,function,false,false,true,true
lp:683:word:2,683,2,找不到,3,6,,找不到,,,false,false,false
lp:683:word:3,683,3,这样,6,8,lpw_b7fc681861,这样,other,false,false,true,true
lp:683:word:4,683,4,的,8,9,lpw_8af2350cfd,的,function,false,true,true,true
lp:683:word:5,683,5,花儿,9,11,lpw_059ab0f707,花,narrative_character|concrete_entity,false,true,true,true
lp:684:word:0,684,0,而有,0,2,,而有,,,false,false,false
lp:684:word:1,684,1,天,2,3,lpw_49da61ceee,天,other,false,false,false,true
lp:684:word:2,684,2,早上,3,5,,早上,,,false,false,false
lp:685:word:0,685,0,一只,0,2,lpw_216a478784,一只,time_quantity,false,false,false,false
lp:685:word:1,685,1,小羊,2,4,,小羊,,,false,false,false
lp:685:word:2,685,2,甚至,4,6,,甚至,,,false,false,false
lp:685:word:3,685,3,都不,6,8,,都不,,,false,false,false
lp:685:word:4,685,4,明白,8,10,lpw_8e37cd5f7f,明白,cognition,false,false,false,false
lp:685:word:5,685,5,自己,10,12,lpw_fb43354d2a,自己,pronoun,false,false,true,true
lp:685:word:6,685,6,在做,12,14,,在做,,,false,false,false
lp:685:word:7,685,7,什么,14,16,lpw_c1b52e0e64,什么,pronoun|interrogative,false,true,true,true
lp:686:word:0,686,0,就,0,1,lpw_2f9d9872e5,就,function,false,true,true,true
lp:686:word:1,686,1,一口,1,3,,一口,,,false,false,false
lp:686:word:2,686,2,把,3,4,lpw_2442748e41,把,function,false,false,true,true
lp:686:word:3,686,3,花儿,4,6,lpw_059ab0f707,花,narrative_character|concrete_entity,false,true,true,true
lp:686:word:4,686,4,吃掉,6,8,,吃掉,,,false,false,false
lp:686:word:5,686,5,了,8,9,lpw_b2dd27e84f,了,function,false,true,true,true
lp:687:word:0,687,0,这,0,1,lpw_d409ab2ab3,这,pronoun,false,true,true,true
lp:687:word:1,687,1,难道,1,3,,难道,,,false,false,false
lp:687:word:2,687,2,不,3,4,lpw_b02dfe2160,不,negation_modality,false,false,true,true
lp:687:word:3,687,3,重要,4,6,lpw_a8cd9642aa,重要,other,false,false,false,false
lp:687:word:4,687,4,吗,6,7,lpw_5ac1612110,吗,function|interrogative,false,false,false,true
lp:688:word:0,688,0,他,0,1,lpw_8b7b91e000,他,pronoun,false,true,true,true
lp:688:word:1,688,1,的,1,2,lpw_8af2350cfd,的,function,false,true,true,true
lp:688:word:2,688,2,脸红,2,4,,脸红,,,false,false,false
lp:688:word:3,688,3,了,4,5,lpw_b2dd27e84f,了,function,false,true,true,true
lp:688:word:4,688,4,起来,5,7,lpw_b8a694b2df,起来,other,false,false,false,true
lp:689:word:0,689,0,接着,0,2,lpw_58ed4c69fb,接着,other,false,false,false,false
lp:689:word:1,689,1,往下,2,4,,往下,,,false,false,false
lp:689:word:2,689,2,说,4,5,lpw_ccca744613,说,speech,false,true,true,true
lp:690:word:0,690,0,如果有,1,4,,如果有,,,false,false,false
lp:690:word:1,690,1,个人,4,6,,个人,,,false,false,false
lp:690:word:2,690,2,爱上,6,8,,爱上,,,false,false,false
lp:690:word:3,690,3,一朵,8,10,lpw_aebd6fbbd2,一朵,other,false,false,false,true
lp:690:word:4,690,4,花儿,10,12,lpw_059ab0f707,花,narrative_character|concrete_entity,false,true,true,true
lp:691:word:0,691,0,好几,0,2,,好几,,,false,false,false
lp:691:word:1,691,1,百万,2,4,,百万,,,false,false,false
lp:691:word:2,691,2,好几,4,6,,好几,,,false,false,false
lp:691:word:3,691,3,百万,6,8,,百万,,,false,false,false
lp:691:word:4,691,4,颗,8,9,lpw_09901d3de2,颗,other,false,false,false,false
lp:691:word:5,691,5,星星,9,11,lpw_6a9fec7faf,星星,concrete_entity,false,true,true,true
lp:691:word:6,691,6,中间,11,13,,中间,,,false,false,false
lp:692:word:0,692,0,只有,0,2,lpw_ba8bd7c8c9,只有,other,false,false,false,false
lp:692:word:1,692,1,一颗,2,4,lpw_9a18d5dc38,一颗,time_quantity,false,false,false,false
lp:692:word:2,692,2,上面,4,6,,上面,,,false,false,false
lp:692:word:3,692,3,长,6,7,lpw_597ae23d84,长,other,false,false,false,false
lp:692:word:4,692,4,着,7,8,lpw_9e5bf0d2d9,着,function,false,true,true,true
lp:692:word:5,692,5,这,8,9,lpw_d409ab2ab3,这,pronoun,false,true,true,true
lp:692:word:6,692,6,朵,9,10,lpw_0da9a35a4b,朵,other,false,false,false,false
lp:692:word:7,692,7,花儿,10,12,lpw_059ab0f707,花,narrative_character|concrete_entity,false,true,true,true
lp:693:word:0,693,0,那,0,1,lpw_5a2362a202,那,pronoun,false,true,true,true
lp:693:word:1,693,1,他,1,2,lpw_8b7b91e000,他,pronoun,false,true,true,true
lp:693:word:2,693,2,只,2,3,lpw_409e2c3882,只,function,false,false,true,true
lp:693:word:3,693,3,要望,3,5,,要望,,,false,false,false
lp:693:word:4,693,4,着,5,6,lpw_9e5bf0d2d9,着,function,false,true,true,true
lp:693:word:5,693,5,许,6,7,,许,,,false,false,false
lp:693:word:6,693,6,许多,7,9,,许多,,,false,false,false
lp:693:word:7,693,7,多,9,10,lpw_1940119f05,多,other,false,false,false,false
lp:693:word:8,693,8,星星,10,12,lpw_6a9fec7faf,星星,concrete_entity,false,true,true,true
lp:694:word:0,694,0,就,0,1,lpw_2f9d9872e5,就,function,false,true,true,true
lp:694:word:1,694,1,会,1,2,lpw_5ba1e3c0eb,会,negation_modality,false,true,true,true
lp:694:word:2,694,2,感到,2,4,lpw_15c2457566,感到,perception,false,false,false,true
lp:694:word:3,694,3,很,4,5,lpw_f2b91797ea,很,other,false,true,true,true
lp:694:word:4,694,4,幸福,5,7,,幸福,,,false,false,false
lp:695:word:0,695,0,他,0,1,lpw_8b7b91e000,他,pronoun,false,true,true,true
lp:695:word:1,695,1,对,1,2,lpw_74570c7270,对,function,false,true,true,true
lp:695:word:2,695,2,自己,2,4,lpw_fb43354d2a,自己,pronoun,false,false,true,true
lp:695:word:3,695,3,说,4,5,lpw_ccca744613,说,speech,false,true,true,true
lp:696:word:0,696,0,我,1,2,lpw_b70bb4acc0,我,pronoun,false,true,true,true
lp:696:word:1,696,1,的,2,3,lpw_8af2350cfd,的,function,false,true,true,true
lp:696:word:2,696,2,花儿,3,5,lpw_059ab0f707,花,narrative_character|concrete_entity,false,true,true,true
lp:696:word:3,696,3,就在,5,7,,就在,,,false,false,false
lp:696:word:4,696,4,其中,7,9,,其中,,,false,false,false
lp:696:word:5,696,5,的,9,10,lpw_8af2350cfd,的,function,false,true,true,true
lp:696:word:6,696,6,一颗,10,12,lpw_9a18d5dc38,一颗,time_quantity,false,false,false,false
lp:696:word:7,696,7,星星,12,14,lpw_6a9fec7faf,星星,concrete_entity,false,true,true,true
lp:696:word:8,696,8,上,14,15,lpw_db5ba671d2,上,function,false,true,true,true
lp:698:word:0,698,0,可,0,1,lpw_8b9cefa38e,可,other,false,false,true,true
lp:698:word:1,698,1,要是,1,3,lpw_467b2562ed,要是,function,false,false,false,true
lp:698:word:2,698,2,绵羊,3,5,lpw_238b95ae07,羊,concrete_entity,true,false,false,false
lp:698:word:3,698,3,吃掉,5,7,,吃掉,,,false,false,false
lp:698:word:4,698,4,了,7,8,lpw_b2dd27e84f,了,function,false,true,true,true
lp:698:word:5,698,5,这,8,9,lpw_d409ab2ab3,这,pronoun,false,true,true,true
lp:698:word:6,698,6,朵,9,10,lpw_0da9a35a4b,朵,other,false,false,false,false
lp:698:word:7,698,7,花儿,10,12,lpw_059ab0f707,花,narrative_character|concrete_entity,false,true,true,true
lp:699:word:0,699,0,这,0,1,lpw_d409ab2ab3,这,pronoun,false,true,true,true
lp:699:word:1,699,1,对,1,2,lpw_74570c7270,对,function,false,true,true,true
lp:699:word:2,699,2,他,2,3,lpw_8b7b91e000,他,pronoun,false,true,true,true
lp:699:word:3,699,3,来说,3,5,lpw_a0cc5593ee,来说,other,false,false,false,true
lp:700:word:0,700,0,就,0,1,lpw_2f9d9872e5,就,function,false,true,true,true
lp:700:word:1,700,1,好像,1,3,,好像,,,false,false,false
lp:700:word:2,700,2,满,3,4,lpw_abc511ca95,满,other,false,false,false,false
lp:700:word:3,700,3,天,4,5,lpw_49da61ceee,天,other,false,false,false,true
lp:700:word:4,700,4,的,5,6,lpw_8af2350cfd,的,function,false,true,true,true
lp:700:word:5,700,5,星星,6,8,lpw_6a9fec7faf,星星,concrete_entity,false,true,true,true
lp:700:word:6,700,6,突然,8,10,,突然,,,false,false,false
lp:700:word:7,700,7,一下子,10,13,,一下子,,,false,false,false
lp:700:word:8,700,8,都,13,14,lpw_7eabb36ba1,都,function,false,false,true,true
lp:700:word:9,700,9,熄灭,14,16,,熄灭,,,false,false,false
lp:700:word:10,700,10,了,16,17,lpw_b2dd27e84f,了,function,false,true,true,true
lp:701:word:0,701,0,这,0,1,lpw_d409ab2ab3,这,pronoun,false,true,true,true
lp:701:word:1,701,1,难道,1,3,,难道,,,false,false,false
lp:701:word:2,701,2,不,3,4,lpw_b02dfe2160,不,negation_modality,false,false,true,true
lp:701:word:3,701,3,重要,4,6,lpw_a8cd9642aa,重要,other,false,false,false,false
lp:701:word:4,701,4,吗,6,7,lpw_5ac1612110,吗,function|interrogative,false,false,false,true
lp:702:word:0,702,0,他,0,1,lpw_8b7b91e000,他,pronoun,false,true,true,true
lp:702:word:1,702,1,说不下去,1,5,,说不下去,,,false,false,false
lp:702:word:2,702,2,了,5,6,lpw_b2dd27e84f,了,function,false,true,true,true
lp:703:word:0,703,0,突然,0,2,,突然,,,false,false,false
lp:703:word:1,703,1,抽抽噎噎,2,6,,抽抽噎噎,,,false,false,false
lp:703:word:2,703,2,地,6,7,lpw_bdbd41e490,地,function,false,true,true,true
lp:703:word:3,703,3,哭了,7,9,,哭了,,,false,false,false
lp:703:word:4,703,4,起来,9,11,lpw_b8a694b2df,起来,other,false,false,false,true
lp:704:word:0,704,0,夜色,0,2,,夜色,,,false,false,false
lp:704:word:1,704,1,降临,2,4,,降临,,,false,false,false
lp:705:word:0,705,0,我,0,1,lpw_b70bb4acc0,我,pronoun,false,true,true,true
lp:705:word:1,705,1,放下,1,3,,放下,,,false,false,false
lp:705:word:2,705,2,手中,3,5,,手中,,,false,false,false
lp:705:word:3,705,3,的,5,6,lpw_8af2350cfd,的,function,false,true,true,true
lp:705:word:4,705,4,工具,6,8,,工具,,,false,false,false
lp:706:word:0,706,0,锤子,0,2,,锤子,,,false,false,false
lp:706:word:1,706,1,呀,2,3,lpw_03fe6b38e7,呀,function,false,false,false,true
lp:707:word:0,707,0,螺,0,1,,螺,,,false,false,false
lp:707:word:1,707,1,钉,1,2,,钉,,,false,false,false
lp:707:word:2,707,2,呀,2,3,lpw_03fe6b38e7,呀,function,false,false,false,true
lp:708:word:0,708,0,口渴,0,2,,口渴,,,false,false,false
lp:708:word:1,708,1,呀,2,3,lpw_03fe6b38e7,呀,function,false,false,false,true
lp:709:word:0,709,0,死亡,0,2,,死亡,,,false,false,false
lp:709:word:1,709,1,呀,2,3,lpw_03fe6b38e7,呀,function,false,false,false,true
lp:710:word:0,710,0,我,0,1,lpw_b70bb4acc0,我,pronoun,false,true,true,true
lp:710:word:1,710,1,全都,1,3,,全都,,,false,false,false
lp:710:word:2,710,2,丢,3,4,,丢,,,false,false,false
lp:710:word:3,710,3,在,4,5,lpw_12404a0b63,在,function,false,true,true,true
lp:710:word:4,710,4,了,5,6,lpw_b2dd27e84f,了,function,false,true,true,true
lp:710:word:5,710,5,脑后,6,8,,脑后,,,false,false,false
lp:711:word:0,711,0,在,0,1,lpw_12404a0b63,在,function,false,true,true,true
lp:711:word:1,711,1,一颗,1,3,lpw_9a18d5dc38,一颗,time_quantity,false,false,false,false
lp:711:word:2,711,2,星星,3,5,lpw_6a9fec7faf,星星,concrete_entity,false,true,true,true
lp:712:word:0,712,0,在,0,1,lpw_12404a0b63,在,function,false,true,true,true
lp:712:word:1,712,1,一颗,1,3,lpw_9a18d5dc38,一颗,time_quantity,false,false,false,false
lp:712:word:2,712,2,我,3,4,lpw_b70bb4acc0,我,pronoun,false,true,true,true
lp:712:word:3,712,3,所在,4,6,,所在,,,false,false,false
lp:712:word:4,712,4,的,6,7,lpw_8af2350cfd,的,function,false,true,true,true
lp:712:word:5,712,5,行星,7,9,lpw_19956b104c,行星,other,false,false,false,false
lp:713:word:0,713,0,在,0,1,lpw_12404a0b63,在,function,false,true,true,true
lp:713:word:1,713,1,这个,1,3,lpw_979e2bc35b,这个,function,false,false,true,true
lp:713:word:2,713,2,地球,3,5,lpw_eeef861b87,地球,place,false,false,false,true
lp:713:word:3,713,3,上,5,6,lpw_db5ba671d2,上,function,false,true,true,true
lp:714:word:0,714,0,有,0,1,lpw_90ce0f66f0,有,other,false,true,true,true
lp:714:word:1,714,1,个,1,2,lpw_3a116815bc,个,other,false,false,true,true
lp:714:word:2,714,2,小王子,2,5,lpw_87f2a033cf,小王子,narrative_character,false,true,true,true
lp:714:word:3,714,3,需要,5,7,,需要,,,false,false,false
lp:714:word:4,714,4,安慰,7,9,,安慰,,,false,false,false
lp:715:word:0,715,0,我把,0,2,lpw_5ebf3d1bfd,我把,other,false,false,false,false
lp:715:word:1,715,1,他,2,3,lpw_8b7b91e000,他,pronoun,false,true,true,true
lp:715:word:2,715,2,抱在,3,5,,抱在,,,false,false,false
lp:715:word:3,715,3,怀,5,6,,怀,,,false,false,false
lp:715:word:4,715,4,里,6,7,lpw_79f43de6e3,里,function,false,false,true,true
lp:716:word:0,716,0,我,0,1,lpw_b70bb4acc0,我,pronoun,false,true,true,true
lp:716:word:1,716,1,摇,1,2,,摇,,,false,false,false
lp:716:word:2,716,2,着,2,3,lpw_9e5bf0d2d9,着,function,false,true,true,true
lp:716:word:3,716,3,他,3,4,lpw_8b7b91e000,他,pronoun,false,true,true,true
lp:717:word:0,717,0,对,0,1,lpw_74570c7270,对,function,false,true,true,true
lp:717:word:1,717,1,他,1,2,lpw_8b7b91e000,他,pronoun,false,true,true,true
lp:717:word:2,717,2,说,2,3,lpw_ccca744613,说,speech,false,true,true,true
lp:718:word:0,718,0,你爱,1,3,,你爱,,,false,false,false
lp:718:word:1,718,1,的,3,4,lpw_8af2350cfd,的,function,false,true,true,true
lp:718:word:2,718,2,那,4,5,lpw_5a2362a202,那,pronoun,false,true,true,true
lp:718:word:3,718,3,朵,5,6,lpw_0da9a35a4b,朵,other,false,false,false,false
lp:718:word:4,718,4,花儿,6,8,lpw_059ab0f707,花,narrative_character|concrete_entity,false,true,true,true
lp:718:word:5,718,5,不会有,8,11,,不会有,,,false,false,false
lp:718:word:6,718,6,危险,11,13,,危险,,,false,false,false
lp:718:word:7,718,7,的,13,14,lpw_8af2350cfd,的,function,false,true,true,true
lp:719:word:0,719,0,我,0,1,lpw_b70bb4acc0,我,pronoun,false,true,true,true
lp:719:word:1,719,1,会,1,2,lpw_5ba1e3c0eb,会,negation_modality,false,true,true,true
lp:719:word:2,719,2,给,2,3,lpw_6e55fb9d8a,给,other,false,true,true,true
lp:719:word:3,719,3,你,3,4,lpw_a0c7716669,你,pronoun,false,true,true,true
lp:719:word:4,719,4,的,4,5,lpw_8af2350cfd,的,function,false,true,true,true
lp:719:word:5,719,5,绵羊,5,7,lpw_238b95ae07,羊,concrete_entity,true,false,false,false
lp:719:word:6,719,6,画,7,8,lpw_de9f18b00a,画,physical_action,true,false,false,false
lp:719:word:7,719,7,一只,8,10,lpw_216a478784,一只,time_quantity,false,false,false,false
lp:719:word:8,719,8,嘴,10,11,,嘴,,,false,false,false
lp:719:word:9,719,9,罩,11,12,,罩,,,false,false,false
lp:720:word:0,720,0,我,0,1,lpw_b70bb4acc0,我,pronoun,false,true,true,true
lp:720:word:1,720,1,会,1,2,lpw_5ba1e3c0eb,会,negation_modality,false,true,true,true
lp:720:word:2,720,2,给,2,3,lpw_6e55fb9d8a,给,other,false,true,true,true
lp:720:word:3,720,3,你,3,4,lpw_a0c7716669,你,pronoun,false,true,true,true
lp:720:word:4,720,4,的,4,5,lpw_8af2350cfd,的,function,false,true,true,true
lp:720:word:5,720,5,花儿,5,7,lpw_059ab0f707,花,narrative_character|concrete_entity,false,true,true,true
lp:720:word:6,720,6,画,7,8,lpw_de9f18b00a,画,physical_action,true,false,false,false
lp:720:word:7,720,7,一个,8,10,lpw_e1dbc1c99f,一个,function|time_quantity,false,true,true,true
lp:720:word:8,720,8,护,10,11,,护,,,false,false,false
lp:720:word:9,720,9,栏,11,12,,栏,,,false,false,false
lp:721:word:0,721,0,我,0,1,lpw_b70bb4acc0,我,pronoun,false,true,true,true
lp:722:word:0,722,0,我不,0,2,lpw_3e63e3d08e,我不,other,false,false,false,false
lp:722:word:1,722,1,知道,2,4,lpw_d7b6472b11,知道,cognition,false,false,true,true
lp:722:word:2,722,2,再说,4,6,,再说,,,false,false,false
lp:722:word:3,722,3,什么,6,8,lpw_c1b52e0e64,什么,pronoun|interrogative,false,true,true,true
lp:722:word:4,722,4,好了,8,10,,好了,,,false,false,false
lp:723:word:0,723,0,我,0,1,lpw_b70bb4acc0,我,pronoun,false,true,true,true
lp:723:word:1,723,1,觉得,1,3,lpw_78c82d9f41,觉得,cognition,false,false,false,true
lp:723:word:2,723,2,自己,3,5,lpw_fb43354d2a,自己,pronoun,false,false,true,true
lp:723:word:3,723,3,笨,5,6,,笨,,,false,false,false
lp:723:word:4,723,4,嘴笨,6,8,,嘴笨,,,false,false,false
lp:723:word:5,723,5,舌,8,9,,舌,,,false,false,false
lp:723:word:6,723,6,的,9,10,lpw_8af2350cfd,的,function,false,true,true,true
lp:724:word:0,724,0,我不,0,2,lpw_3e63e3d08e,我不,other,false,false,false,false
lp:724:word:1,724,1,知道,2,4,lpw_d7b6472b11,知道,cognition,false,false,true,true
lp:724:word:2,724,2,怎样,4,6,,怎样,,,false,false,false
lp:724:word:3,724,3,去,6,7,lpw_99ae21ea6c,去,physical_action,false,false,true,true
lp:724:word:4,724,4,接近,7,9,,接近,,,false,false,false
lp:724:word:5,724,5,他,9,10,lpw_8b7b91e000,他,pronoun,false,true,true,true
lp:725:word:0,725,0,打动,0,2,,打动,,,false,false,false
lp:725:word:1,725,1,他,2,3,lpw_8b7b91e000,他,pronoun,false,true,true,true
lp:726:word:0,726,0,泪水,0,2,,泪水,,,false,false,false
lp:726:word:1,726,1,的,2,3,lpw_8af2350cfd,的,function,false,true,true,true
lp:726:word:2,726,2,世界,3,5,,世界,,,false,false,false
lp:727:word:0,727,0,是,0,1,lpw_b5141d3d19,是,function,false,true,true,true
lp:727:word:1,727,1,多么,1,3,,多么,,,false,false,false
lp:727:word:2,727,2,神秘,3,5,,神秘,,,false,false,false
lp:727:word:3,727,3,啊,5,6,lpw_7c2c50fbaf,啊,function,false,false,false,false
lp:729:word:0,729,0,我,0,1,lpw_b70bb4acc0,我,pronoun,false,true,true,true
lp:729:word:1,729,1,很快,1,3,,很快,,,false,false,false
lp:729:word:2,729,2,就,3,4,lpw_2f9d9872e5,就,function,false,true,true,true
lp:729:word:3,729,3,对,4,5,lpw_74570c7270,对,function,false,true,true,true
lp:729:word:4,729,4,这,5,6,lpw_d409ab2ab3,这,pronoun,false,true,true,true
lp:729:word:5,729,5,朵,6,7,lpw_0da9a35a4b,朵,other,false,false,false,false
lp:729:word:6,729,6,花儿,7,9,lpw_059ab0f707,花,narrative_character|concrete_entity,false,true,true,true
lp:729:word:7,729,7,有了,9,11,,有了,,,false,false,false
lp:729:word:8,729,8,更多,11,13,,更多,,,false,false,false
lp:729:word:9,729,9,的,13,14,lpw_8af2350cfd,的,function,false,true,true,true
lp:729:word:10,729,10,了解,14,16,,了解,,,false,false,false
lp:730:word:0,730,0,在,0,1,lpw_12404a0b63,在,function,false,true,true,true
lp:730:word:1,730,1,小王子,1,4,lpw_87f2a033cf,小王子,narrative_character,false,true,true,true
lp:730:word:2,730,2,的,4,5,lpw_8af2350cfd,的,function,false,true,true,true
lp:730:word:3,730,3,星球,5,7,lpw_62f2d6c1a1,星球,place,false,true,true,true
lp:730:word:4,730,4,上,7,8,lpw_db5ba671d2,上,function,false,true,true,true
lp:731:word:0,731,0,过去,0,2,,过去,,,false,false,false
lp:731:word:1,731,1,一直,2,4,,一直,,,false,false,false
lp:731:word:2,731,2,长,4,5,lpw_597ae23d84,长,other,false,false,false,false
lp:731:word:3,731,3,着,5,6,lpw_9e5bf0d2d9,着,function,false,true,true,true
lp:731:word:4,731,4,些,6,7,lpw_af76fed85c,些,other,false,false,false,false
lp:731:word:5,731,5,很简单,7,10,,很简单,,,false,false,false
lp:731:word:6,731,6,的,10,11,lpw_8af2350cfd,的,function,false,true,true,true
lp:731:word:7,731,7,花儿,11,13,lpw_059ab0f707,花,narrative_character|concrete_entity,false,true,true,true
lp:732:word:0,732,0,这些,0,2,lpw_7a590a22cd,这些,function,false,false,false,true
lp:732:word:1,732,1,花儿,2,4,lpw_059ab0f707,花,narrative_character|concrete_entity,false,true,true,true
lp:732:word:2,732,2,只有,4,6,lpw_ba8bd7c8c9,只有,other,false,false,false,false
lp:732:word:3,732,3,一层,6,8,,一层,,,false,false,false
lp:732:word:4,732,4,花瓣,8,10,,花瓣,,,false,false,false
lp:733:word:0,733,0,不,0,1,lpw_b02dfe2160,不,negation_modality,false,false,true,true
lp:733:word:1,733,1,占,1,2,,占,,,false,false,false
lp:733:word:2,733,2,地方,2,4,lpw_1462a7d853,地方,other,false,false,false,true
lp:734:word:0,734,0,也不,0,2,lpw_941252022a,也不,other,false,false,false,false
lp:734:word:1,734,1,妨碍,2,4,,妨碍,,,false,false,false
lp:734:word:2,734,2,任何人,4,7,,任何人,,,false,false,false
lp:735:word:0,735,0,某,0,1,,某,,,false,false,false
lp:735:word:1,735,1,个,1,2,lpw_3a116815bc,个,other,false,false,true,true
lp:735:word:2,735,2,早晨,2,4,,早晨,,,false,false,false
lp:735:word:3,735,3,她们,4,6,,她们,,,false,false,false
lp:735:word:4,735,4,会,6,7,lpw_5ba1e3c0eb,会,negation_modality,false,true,true,true
lp:735:word:5,735,5,在,7,8,lpw_12404a0b63,在,function,false,true,true,true
lp:735:word:6,735,6,草丛,8,10,,草丛,,,false,false,false
lp:735:word:7,735,7,中,10,11,lpw_a567bdaa11,中,other,false,false,false,false
lp:735:word:8,735,8,绽,11,12,,绽,,,false,false,false
lp:735:word:9,735,9,放,12,13,,放,,,false,false,false
lp:736:word:0,736,0,一,0,1,lpw_51a75f4634,一,other,false,false,true,true
lp:736:word:1,736,1,到,1,2,lpw_b56f36b529,到,other,false,false,false,false
lp:736:word:2,736,2,晚上,2,4,lpw_a9b1124b34,晚上,time_quantity,false,false,false,false
lp:736:word:3,736,3,又,4,5,lpw_e71ce5deab,又,function,false,true,true,true
lp:736:word:4,736,4,都,5,6,lpw_7eabb36ba1,都,function,false,false,true,true
lp:736:word:5,736,5,悄悄,6,8,,悄悄,,,false,false,false
lp:736:word:6,736,6,凋谢,8,10,,凋谢,,,false,false,false
lp:736:word:7,736,7,了,10,11,lpw_b2dd27e84f,了,function,false,true,true,true
lp:737:word:0,737,0,有,0,1,lpw_90ce0f66f0,有,other,false,true,true,true
lp:737:word:1,737,1,一天,1,3,lpw_5448481f38,一天,time_quantity,false,false,false,false
lp:738:word:0,738,0,一颗,0,2,lpw_9a18d5dc38,一颗,time_quantity,false,false,false,false
lp:738:word:1,738,1,不知,2,4,,不知,,,false,false,false
lp:738:word:2,738,2,从,4,5,lpw_2719a8ea30,从,function,false,false,false,true
lp:738:word:3,738,3,哪儿,5,7,lpw_1ca2298198,哪儿,interrogative,false,false,false,false
lp:738:word:4,738,4,来,7,8,lpw_6d8229118c,来,physical_action,false,true,true,true
lp:738:word:5,738,5,的,8,9,lpw_8af2350cfd,的,function,false,true,true,true
lp:738:word:6,738,6,种子,9,11,,种子,,,false,false,false
lp:738:word:7,738,7,发,11,12,,发,,,false,false,false
lp:738:word:8,738,8,了,12,13,lpw_b2dd27e84f,了,function,false,true,true,true
lp:738:word:9,738,9,芽,13,14,,芽,,,false,false,false
lp:739:word:0,739,0,长出,0,2,,长出,,,false,false,false
lp:739:word:1,739,1,的,2,3,lpw_8af2350cfd,的,function,false,true,true,true
lp:739:word:2,739,2,嫩,3,4,,嫩,,,false,false,false
lp:739:word:3,739,3,苗,4,5,,苗,,,false,false,false
lp:739:word:4,739,4,跟,5,6,lpw_383a53d95c,跟,function,false,false,false,true
lp:739:word:5,739,5,别的,6,8,lpw_3966c0d55d,别的,other,false,false,false,false
lp:739:word:6,739,6,幼苗,8,10,,幼苗,,,false,false,false
lp:739:word:7,739,7,都不,10,12,,都不,,,false,false,false
lp:739:word:8,739,8,一样,12,14,lpw_9dc5c0158d,一样,other,false,false,false,true
lp:740:word:0,740,0,小王子,0,3,lpw_87f2a033cf,小王子,narrative_character,false,true,true,true
lp:740:word:1,740,1,小心翼翼,3,7,,小心翼翼,,,false,false,false
lp:740:word:2,740,2,地,7,8,lpw_bdbd41e490,地,function,false,true,true,true
lp:740:word:3,740,3,观察,8,10,,观察,,,false,false,false
lp:740:word:4,740,4,着,10,11,lpw_9e5bf0d2d9,着,function,false,true,true,true
lp:740:word:5,740,5,这,11,12,lpw_d409ab2ab3,这,pronoun,false,true,true,true
lp:740:word:6,740,6,株,12,13,,株,,,false,false,false
lp:740:word:7,740,7,嫩,13,14,,嫩,,,false,false,false
lp:740:word:8,740,8,苗,14,15,,苗,,,false,false,false
lp:741:word:0,741,0,它,0,1,lpw_7e9260e925,它,pronoun,false,true,true,true
lp:741:word:1,741,1,说不定,1,4,lpw_63e84e56ed,说不定,other,false,false,false,false
lp:741:word:2,741,2,是,4,5,lpw_b5141d3d19,是,function,false,true,true,true
lp:741:word:3,741,3,猴面包树,5,9,lpw_1ec087a5d0,猴面包树,concrete_entity,true,false,false,false
lp:741:word:4,741,4,的,9,10,lpw_8af2350cfd,的,function,false,true,true,true
lp:741:word:5,741,5,一枝,10,12,,一枝,,,false,false,false
lp:741:word:6,741,6,幼芽,12,14,,幼芽,,,false,false,false
lp:741:word:7,741,7,呢,14,15,lpw_02811cec0b,呢,function|interrogative,false,true,true,true
lp:742:word:0,742,0,但是,0,2,lpw_8cb1f721c8,但是,other,false,false,false,false
lp:742:word:1,742,1,这,2,3,lpw_d409ab2ab3,这,pronoun,false,true,true,true
lp:742:word:2,742,2,株,3,4,,株,,,false,false,false
lp:742:word:3,742,3,嫩,4,5,,嫩,,,false,false,false
lp:742:word:4,742,4,苗,5,6,,苗,,,false,false,false
lp:742:word:5,742,5,很快,6,8,,很快,,,false,false,false
lp:742:word:6,742,6,就,8,9,lpw_2f9d9872e5,就,function,false,true,true,true
lp:742:word:7,742,7,不再,9,11,,不再,,,false,false,false
lp:742:word:8,742,8,长大,11,13,,长大,,,false,false,false
lp:743:word:0,743,0,渐渐,0,2,,渐渐,,,false,false,false
lp:743:word:1,743,1,含苞,2,4,,含苞,,,false,false,false
lp:743:word:2,743,2,欲,4,5,,欲,,,false,false,false
lp:743:word:3,743,3,放,5,6,,放,,,false,false,false
lp:744:word:0,744,0,小王子,0,3,lpw_87f2a033cf,小王子,narrative_character,false,true,true,true
lp:744:word:1,744,1,眼看着,3,6,,眼看着,,,false,false,false
lp:744:word:2,744,2,它,6,7,lpw_7e9260e925,它,pronoun,false,true,true,true
lp:744:word:3,744,3,绽,7,8,,绽,,,false,false,false
lp:744:word:4,744,4,出,8,9,,出,,,false,false,false
lp:744:word:5,744,5,一个,9,11,lpw_e1dbc1c99f,一个,function|time_quantity,false,true,true,true
lp:744:word:6,744,6,很大,11,13,,很大,,,false,false,false
lp:744:word:7,744,7,很大,13,15,,很大,,,false,false,false
lp:744:word:8,744,8,的,15,16,lpw_8af2350cfd,的,function,false,true,true,true
lp:744:word:9,744,9,花蕾,16,18,,花蕾,,,false,false,false
lp:745:word:0,745,0,心想,0,2,,心想,,,false,false,false
lp:745:word:1,745,1,这,2,3,lpw_d409ab2ab3,这,pronoun,false,true,true,true
lp:745:word:2,745,2,花蕾,3,5,,花蕾,,,false,false,false
lp:745:word:3,745,3,里,5,6,lpw_79f43de6e3,里,function,false,false,true,true
lp:745:word:4,745,4,一定,6,8,,一定,,,false,false,false
lp:745:word:5,745,5,会,8,9,lpw_5ba1e3c0eb,会,negation_modality,false,true,true,true
lp:745:word:6,745,6,出现,9,11,,出现,,,false,false,false
lp:745:word:7,745,7,奇妙,11,13,,奇妙,,,false,false,false
lp:745:word:8,745,8,的,13,14,lpw_8af2350cfd,的,function,false,true,true,true
lp:745:word:9,745,9,景象,14,16,,景象,,,false,false,false
lp:746:word:0,746,0,可是,0,2,lpw_38ca4a9c76,可是,function,false,false,true,true
lp:746:word:1,746,1,这,2,3,lpw_d409ab2ab3,这,pronoun,false,true,true,true
lp:746:word:2,746,2,朵,3,4,lpw_0da9a35a4b,朵,other,false,false,false,false
lp:746:word:3,746,3,花儿,4,6,lpw_059ab0f707,花,narrative_character|concrete_entity,false,true,true,true
lp:746:word:4,746,4,待,6,7,,待,,,false,false,false
lp:746:word:5,746,5,在,7,8,lpw_12404a0b63,在,function,false,true,true,true
lp:746:word:6,746,6,绿色,8,10,,绿色,,,false,false,false
lp:746:word:7,746,7,的,10,11,lpw_8af2350cfd,的,function,false,true,true,true
lp:746:word:8,746,8,花萼,11,13,,花萼,,,false,false,false
lp:746:word:9,746,9,里面,13,15,,里面,,,false,false,false
lp:747:word:0,747,0,磨,0,1,,磨,,,false,false,false
lp:747:word:1,747,1,磨蹭,1,3,,磨蹭,,,false,false,false
lp:747:word:2,747,2,蹭,3,4,,蹭,,,false,false,false
lp:747:word:3,747,3,地,4,5,lpw_bdbd41e490,地,function,false,true,true,true
lp:747:word:4,747,4,打扮,5,7,,打扮,,,false,false,false
lp:747:word:5,747,5,个,7,8,lpw_3a116815bc,个,other,false,false,true,true
lp:747:word:6,747,6,没,8,9,lpw_279e8b3573,没,negation_modality,false,false,true,true
lp:747:word:7,747,7,完,9,10,,完,,,false,false,false
lp:748:word:0,748,0,她,0,1,lpw_2ab425e0c6,她,pronoun,false,true,true,true
lp:748:word:1,748,1,精心,1,3,,精心,,,false,false,false
lp:748:word:2,748,2,挑选,3,5,,挑选,,,false,false,false
lp:748:word:3,748,3,着,5,6,lpw_9e5bf0d2d9,着,function,false,true,true,true
lp:748:word:4,748,4,自己,6,8,lpw_fb43354d2a,自己,pronoun,false,false,true,true
lp:748:word:5,748,5,的,8,9,lpw_8af2350cfd,的,function,false,true,true,true
lp:748:word:6,748,6,颜色,9,11,,颜色,,,false,false,false
lp:749:word:0,749,0,慢吞吞,0,3,,慢吞吞,,,false,false,false
lp:749:word:1,749,1,地,3,4,lpw_bdbd41e490,地,function,false,true,true,true
lp:749:word:2,749,2,穿上,4,6,,穿上,,,false,false,false
lp:749:word:3,749,3,衣裙,6,8,,衣裙,,,false,false,false
lp:750:word:0,750,0,一片,0,2,,一片,,,false,false,false
lp:750:word:1,750,1,一片,2,4,,一片,,,false,false,false
lp:750:word:2,750,2,地理,4,6,,地理,,,false,false,false
lp:750:word:3,750,3,顺,6,7,,顺,,,false,false,false
lp:750:word:4,750,4,花瓣,7,9,,花瓣,,,false,false,false
lp:751:word:0,751,0,她,0,1,lpw_2ab425e0c6,她,pronoun,false,true,true,true
lp:751:word:1,751,1,不愿,1,3,,不愿,,,false,false,false
lp:751:word:2,751,2,像,3,4,lpw_cf8cedd58b,像,other,false,false,false,true
lp:751:word:3,751,3,虞美人,4,7,,虞美人,,,false,false,false
lp:751:word:4,751,4,那样,7,9,,那样,,,false,false,false
lp:751:word:5,751,5,一,9,10,lpw_51a75f4634,一,other,false,false,true,true
lp:751:word:6,751,6,亮相,10,12,,亮相,,,false,false,false
lp:751:word:7,751,7,就是,12,14,lpw_88aa006eb3,就是,other,false,false,true,true
lp:751:word:8,751,8,满,14,15,lpw_abc511ca95,满,other,false,false,false,false
lp:751:word:9,751,9,脸,15,16,,脸,,,false,false,false
lp:751:word:10,751,10,皱纹,16,18,,皱纹,,,false,false,false
lp:752:word:0,752,0,她,0,1,lpw_2ab425e0c6,她,pronoun,false,true,true,true
lp:752:word:1,752,1,要,1,2,lpw_975f35218e,要,negation_modality,false,false,true,true
lp:752:word:2,752,2,让,2,3,lpw_ad37574404,让,other,false,true,true,true
lp:752:word:3,752,3,自己,3,5,lpw_fb43354d2a,自己,pronoun,false,false,true,true
lp:752:word:4,752,4,美艳,5,7,,美艳,,,false,false,false
lp:752:word:5,752,5,照人,7,9,,照人,,,false,false,false
lp:752:word:6,752,6,地,9,10,lpw_bdbd41e490,地,function,false,true,true,true
lp:752:word:7,752,7,来到,10,12,,来到,,,false,false,false
lp:752:word:8,752,8,世间,12,14,,世间,,,false,false,false
lp:753:word:0,753,0,噢,0,1,,噢,,,false,false,false
lp:754:word:0,754,0,对,0,1,lpw_74570c7270,对,function,false,true,true,true
lp:755:word:0,755,0,她,0,1,lpw_2ab425e0c6,她,pronoun,false,true,true,true
lp:755:word:1,755,1,很爱,1,3,,很爱,,,false,false,false
lp:755:word:2,755,2,俏,3,4,,俏,,,false,false,false
lp:756:word:0,756,0,她,0,1,lpw_2ab425e0c6,她,pronoun,false,true,true,true
lp:756:word:1,756,1,那,1,2,lpw_5a2362a202,那,pronoun,false,true,true,true
lp:756:word:2,756,2,神秘,2,4,,神秘,,,false,false,false
lp:756:word:3,756,3,的,4,5,lpw_8af2350cfd,的,function,false,true,true,true
lp:756:word:4,756,4,装扮,5,7,,装扮,,,false,false,false
lp:757:word:0,757,0,就,0,1,lpw_2f9d9872e5,就,function,false,true,true,true
lp:757:word:1,757,1,这样,1,3,lpw_b7fc681861,这样,other,false,false,true,true
lp:757:word:2,757,2,日,3,4,lpw_85217f7aff,日,other,false,false,false,false
lp:757:word:3,757,3,复,4,5,,复,,,false,false,false
lp:757:word:4,757,4,一日,5,7,,一日,,,false,false,false
lp:757:word:5,757,5,地,7,8,lpw_bdbd41e490,地,function,false,true,true,true
lp:757:word:6,757,6,延续,8,10,,延续,,,false,false,false
lp:757:word:7,757,7,着,10,11,lpw_9e5bf0d2d9,着,function,false,true,true,true
lp:758:word:0,758,0,然后,0,2,lpw_ca4f5ee82e,然后,other,false,false,false,false
lp:759:word:0,759,0,有,0,1,lpw_90ce0f66f0,有,other,false,true,true,true
lp:759:word:1,759,1,一天,1,3,lpw_5448481f38,一天,time_quantity,false,false,false,false
lp:759:word:2,759,2,早晨,3,5,,早晨,,,false,false,false
lp:760:word:0,760,0,太阳,0,2,,太阳,,,false,false,false
lp:760:word:1,760,1,刚,2,3,,刚,,,false,false,false
lp:760:word:2,760,2,升起,3,5,,升起,,,false,false,false
lp:760:word:3,760,3,的,5,6,lpw_8af2350cfd,的,function,false,true,true,true
lp:760:word:4,760,4,时候,6,8,lpw_5484678be4,时候,other,false,false,false,false
lp:761:word:0,761,0,她,0,1,lpw_2ab425e0c6,她,pronoun,false,true,true,true
lp:761:word:1,761,1,绽,1,2,,绽,,,false,false,false
lp:761:word:2,761,2,放了,2,4,,放了,,,false,false,false
lp:762:word:0,762,0,她,0,1,lpw_2ab425e0c6,她,pronoun,false,true,true,true
lp:762:word:1,762,1,精心,1,3,,精心,,,false,false,false
lp:762:word:2,762,2,打扮,3,5,,打扮,,,false,false,false
lp:762:word:3,762,3,了,5,6,lpw_b2dd27e84f,了,function,false,true,true,true
lp:762:word:4,762,4,那么,6,8,lpw_a61f02e145,那么,function,false,false,false,true
lp:762:word:5,762,5,久,8,9,,久,,,false,false,false
lp:763:word:0,763,0,这会儿,0,3,,这会儿,,,false,false,false
lp:763:word:1,763,1,却,3,4,lpw_da153c5b45,却,other,false,false,false,false
lp:763:word:2,763,2,打,4,5,,打,,,false,false,false
lp:763:word:3,763,3,着,5,6,lpw_9e5bf0d2d9,着,function,false,true,true,true
lp:763:word:4,763,4,哈欠,6,8,,哈欠,,,false,false,false
lp:763:word:5,763,5,说,8,9,lpw_ccca744613,说,speech,false,true,true,true
lp:764:word:0,764,0,啊,1,2,lpw_7c2c50fbaf,啊,function,false,false,false,false
lp:764:word:1,764,1,我,3,4,lpw_b70bb4acc0,我,pronoun,false,true,true,true
lp:764:word:2,764,2,刚,4,5,,刚,,,false,false,false
lp:764:word:3,764,3,睡醒,5,7,,睡醒,,,false,false,false
lp:765:word:0,765,0,真,0,1,lpw_827d018e1b,真,other,false,false,false,false
lp:765:word:1,765,1,对不起,1,4,,对不起,,,false,false,false
lp:766:word:0,766,0,头发,0,2,,头发,,,false,false,false
lp:766:word:1,766,1,还是,2,4,lpw_dfaa7d6f73,还是,other,false,false,false,false
lp:766:word:2,766,2,乱蓬蓬,4,7,,乱蓬蓬,,,false,false,false
lp:766:word:3,766,3,的,7,8,lpw_8af2350cfd,的,function,false,true,true,true
lp:767:word:0,767,0,这时,0,2,,这时,,,false,false,false
lp:768:word:0,768,0,小王子,0,3,lpw_87f2a033cf,小王子,narrative_character,false,true,true,true
lp:768:word:1,768,1,的,3,4,lpw_8af2350cfd,的,function,false,true,true,true
lp:768:word:2,768,2,爱慕,4,6,,爱慕,,,false,false,false
lp:768:word:3,768,3,之情,6,8,,之情,,,false,false,false
lp:768:word:4,768,4,油然而生,8,12,,油然而生,,,false,false,false
lp:769:word:0,769,0,您,1,2,lpw_9bbfbbc76f,您,pronoun,true,false,false,false
lp:769:word:1,769,1,真美,2,4,,真美,,,false,false,false
lp:770:word:0,770,0,可不是,1,4,lpw_b30391caa1,可不是,other,false,false,false,false
lp:770:word:1,770,1,吗,4,5,lpw_5ac1612110,吗,function|interrogative,false,false,false,true
lp:771:word:0,771,0,花儿,0,2,lpw_059ab0f707,花,narrative_character|concrete_entity,false,true,true,true
lp:771:word:1,771,1,柔,2,3,,柔,,,false,false,false
lp:771:word:2,771,2,声,3,4,lpw_693e132f27,声,other,false,false,false,true
lp:771:word:3,771,3,答,4,5,,答,,,false,false,false
lp:771:word:4,771,4,道,5,6,lpw_00a9d5bd97,道,other,false,false,false,false
lp:772:word:0,772,0,我是,1,3,lpw_06ba27715e,我是,other,false,false,false,false
lp:772:word:1,772,1,跟,3,4,lpw_383a53d95c,跟,function,false,false,false,true
lp:772:word:2,772,2,太阳,4,6,,太阳,,,false,false,false
lp:772:word:3,772,3,同时,6,8,,同时,,,false,false,false
lp:772:word:4,772,4,出生,8,10,,出生,,,false,false,false
lp:772:word:5,772,5,的,10,11,lpw_8af2350cfd,的,function,false,true,true,true
lp:772:word:6,772,6,嘛,11,12,,嘛,,,false,false,false
lp:773:word:0,773,0,小王子,0,3,lpw_87f2a033cf,小王子,narrative_character,false,true,true,true
lp:773:word:1,773,1,感觉,3,5,,感觉,,,false,false,false
lp:773:word:2,773,2,到了,5,7,,到了,,,false,false,false
lp:773:word:3,773,3,她,7,8,lpw_2ab425e0c6,她,pronoun,false,true,true,true
lp:773:word:4,773,4,不太,8,10,,不太,,,false,false,false
lp:773:word:5,773,5,谦虚,10,12,,谦虚,,,false,false,false
lp:774:word:0,774,0,不过,0,2,lpw_72113362c6,不过,function,false,false,false,true
lp:774:word:1,774,1,她,2,3,lpw_2ab425e0c6,她,pronoun,false,true,true,true
lp:774:word:2,774,2,实在,3,5,,实在,,,false,false,false
lp:774:word:3,774,3,太,5,6,lpw_e7ace7adf2,太,other,false,false,false,true
lp:774:word:4,774,4,楚楚,6,8,,楚楚,,,false,false,false
lp:774:word:5,774,5,动人,8,10,,动人,,,false,false,false
lp:774:word:6,774,6,了,10,11,lpw_b2dd27e84f,了,function,false,true,true,true
lp:775:word:0,775,0,我想,1,3,lpw_42230da180,我想,other,false,false,false,false
lp:776:word:0,776,0,现在,0,2,lpw_43584f37c1,现在,other,false,false,false,false
lp:776:word:1,776,1,该,2,3,,该,,,false,false,false
lp:776:word:2,776,2,是用,3,5,,是用,,,false,false,false
lp:776:word:3,776,3,早餐,5,7,,早餐,,,false,false,false
lp:776:word:4,776,4,的,7,8,lpw_8af2350cfd,的,function,false,true,true,true
lp:776:word:5,776,5,时间,8,10,lpw_8b6ff49851,时间,time_quantity,false,false,false,false
lp:776:word:6,776,6,了,10,11,lpw_b2dd27e84f,了,function,false,true,true,true
lp:777:word:0,777,0,她,0,1,lpw_2ab425e0c6,她,pronoun,false,true,true,true
lp:777:word:1,777,1,随即,1,3,,随即,,,false,false,false
lp:777:word:2,777,2,又,3,4,lpw_e71ce5deab,又,function,false,true,true,true
lp:777:word:3,777,3,说,4,5,lpw_ccca744613,说,speech,false,true,true,true
lp:778:word:0,778,0,麻烦,1,3,,麻烦,,,false,false,false
lp:778:word:1,778,1,您,3,4,lpw_9bbfbbc76f,您,pronoun,true,false,false,false
lp:778:word:2,778,2,也,4,5,lpw_658605835b,也,function,false,false,true,true
lp:778:word:3,778,3,给,5,6,lpw_6e55fb9d8a,给,other,false,true,true,true
lp:778:word:4,778,4,我,6,7,lpw_b70bb4acc0,我,pronoun,false,true,true,true
lp:779:word:0,779,0,小王子,0,3,lpw_87f2a033cf,小王子,narrative_character,false,true,true,true
lp:779:word:1,779,1,很,3,4,lpw_f2b91797ea,很,other,false,true,true,true
lp:779:word:2,779,2,不好意思,4,8,,不好意思,,,false,false,false
lp:780:word:0,780,0,于是就,0,3,,于是就,,,false,false,false
lp:780:word:1,780,1,打,3,4,,打,,,false,false,false
lp:780:word:2,780,2,来,4,5,lpw_6d8229118c,来,physical_action,false,true,true,true
lp:780:word:3,780,3,一壶,5,7,,一壶,,,false,false,false
lp:780:word:4,780,4,清水,7,9,,清水,,,false,false,false
lp:781:word:0,781,0,给,0,1,lpw_6e55fb9d8a,给,other,false,true,true,true
lp:781:word:1,781,1,这,1,2,lpw_d409ab2ab3,这,pronoun,false,true,true,true
lp:781:word:2,781,2,朵,2,3,lpw_0da9a35a4b,朵,other,false,false,false,false
lp:781:word:3,781,3,花儿,3,5,lpw_059ab0f707,花,narrative_character|concrete_entity,false,true,true,true
lp:781:word:4,781,4,浇水,5,7,,浇水,,,false,false,false
lp:782:word:0,782,0,就,0,1,lpw_2f9d9872e5,就,function,false,true,true,true
lp:782:word:1,782,1,这样,1,3,lpw_b7fc681861,这样,other,false,false,true,true
lp:783:word:0,783,0,她,0,1,lpw_2ab425e0c6,她,pronoun,false,true,true,true
lp:783:word:1,783,1,带,1,2,,带,,,false,false,false
lp:783:word:2,783,2,着,2,3,lpw_9e5bf0d2d9,着,function,false,true,true,true
lp:783:word:3,783,3,点,3,4,lpw_08dddeac13,点,other,false,false,false,false
lp:783:word:4,783,4,多疑,4,6,,多疑,,,false,false,false
lp:783:word:5,783,5,的,6,7,lpw_8af2350cfd,的,function,false,true,true,true
lp:783:word:6,783,6,虚荣,7,9,,虚荣,,,false,false,false
lp:783:word:7,783,7,心,9,10,,心,,,false,false,false
lp:784:word:0,784,0,很快,0,2,,很快,,,false,false,false
lp:784:word:1,784,1,就把,2,4,,就把,,,false,false,false
lp:784:word:2,784,2,他,4,5,lpw_8b7b91e000,他,pronoun,false,true,true,true
lp:784:word:3,784,3,折磨,5,7,,折磨,,,false,false,false
lp:784:word:4,784,4,得,7,8,lpw_71b1ed1114,得,function,false,false,true,true
lp:784:word:5,784,5,够,8,9,,够,,,false,false,false
lp:784:word:6,784,6,呛,9,10,,呛,,,false,false,false
lp:785:word:0,785,0,比如,0,2,,比如,,,false,false,false
lp:785:word:1,785,1,说,2,3,lpw_ccca744613,说,speech,false,true,true,true
lp:786:word:0,786,0,有,0,1,lpw_90ce0f66f0,有,other,false,true,true,true
lp:786:word:1,786,1,一天,1,3,lpw_5448481f38,一天,time_quantity,false,false,false,false
lp:786:word:2,786,2,说,3,4,lpw_ccca744613,说,speech,false,true,true,true
lp:786:word:3,786,3,起,4,5,,起,,,false,false,false
lp:786:word:4,786,4,她,5,6,lpw_2ab425e0c6,她,pronoun,false,true,true,true
lp:786:word:5,786,5,的,6,7,lpw_8af2350cfd,的,function,false,true,true,true
lp:786:word:6,786,6,四,7,8,lpw_754a9d5828,四,other,false,false,false,false
lp:786:word:7,786,7,根,8,9,,根,,,false,false,false
lp:786:word:8,786,8,刺,9,10,lpw_b2ddecd32a,刺,other,false,false,false,false
lp:787:word:0,787,0,她,0,1,lpw_2ab425e0c6,她,pronoun,false,true,true,true
lp:787:word:1,787,1,对,1,2,lpw_74570c7270,对,function,false,true,true,true
lp:787:word:2,787,2,小王子,2,5,lpw_87f2a033cf,小王子,narrative_character,false,true,true,true
lp:787:word:3,787,3,说,5,6,lpw_ccca744613,说,speech,false,true,true,true
lp:788:word:0,788,0,那些,1,3,lpw_abd258db99,那些,function,false,false,false,true
lp:788:word:1,788,1,老虎,3,5,,老虎,,,false,false,false
lp:789:word:0,789,0,让,0,1,lpw_ad37574404,让,other,false,true,true,true
lp:789:word:1,789,1,它们,1,3,lpw_c40b3d2880,它们,pronoun,false,false,true,true
lp:789:word:2,789,2,张,3,4,,张,,,false,false,false
lp:789:word:3,789,3,着,4,5,lpw_9e5bf0d2d9,着,function,false,true,true,true
lp:789:word:4,789,4,爪子,5,7,,爪子,,,false,false,false
lp:789:word:5,789,5,来,7,8,lpw_6d8229118c,来,physical_action,false,true,true,true
lp:789:word:6,789,6,好了,8,10,,好了,,,false,false,false
lp:790:word:0,790,0,我,1,2,lpw_b70bb4acc0,我,pronoun,false,true,true,true
lp:790:word:1,790,1,的,2,3,lpw_8af2350cfd,的,function,false,true,true,true
lp:790:word:2,790,2,星球,3,5,lpw_62f2d6c1a1,星球,place,false,true,true,true
lp:790:word:3,790,3,上,5,6,lpw_db5ba671d2,上,function,false,true,true,true
lp:790:word:4,790,4,没有,6,8,lpw_f127804b92,没有,negation_modality,false,false,true,true
lp:790:word:5,790,5,老虎,8,10,,老虎,,,false,false,false
lp:791:word:0,791,0,小王子,0,3,lpw_87f2a033cf,小王子,narrative_character,false,true,true,true
lp:791:word:1,791,1,顶了,3,5,,顶了,,,false,false,false
lp:791:word:2,791,2,她,5,6,lpw_2ab425e0c6,她,pronoun,false,true,true,true
lp:791:word:3,791,3,一句,6,8,,一句,,,false,false,false
lp:792:word:0,792,0,再说,1,3,,再说,,,false,false,false
lp:793:word:0,793,0,老虎,0,2,,老虎,,,false,false,false
lp:793:word:1,793,1,也不,2,4,lpw_941252022a,也不,other,false,false,false,false
lp:793:word:2,793,2,吃草,4,6,,吃草,,,false,false,false
lp:793:word:3,793,3,呀,6,7,lpw_03fe6b38e7,呀,function,false,false,false,true
lp:794:word:0,794,0,我不是,1,4,,我不是,,,false,false,false
lp:794:word:1,794,1,草,4,5,,草,,,false,false,false
lp:795:word:0,795,0,花儿,0,2,lpw_059ab0f707,花,narrative_character|concrete_entity,false,true,true,true
lp:795:word:1,795,1,柔,2,3,,柔,,,false,false,false
lp:795:word:2,795,2,声,3,4,lpw_693e132f27,声,other,false,false,false,true
lp:795:word:3,795,3,答,4,5,,答,,,false,false,false
lp:795:word:4,795,4,道,5,6,lpw_00a9d5bd97,道,other,false,false,false,false
lp:796:word:0,796,0,对不起,1,4,,对不起,,,false,false,false
lp:797:word:0,797,0,我,1,2,lpw_b70bb4acc0,我,pronoun,false,true,true,true
lp:797:word:1,797,1,不怕,2,4,,不怕,,,false,false,false
lp:797:word:2,797,2,老虎,4,6,,老虎,,,false,false,false
lp:798:word:0,798,0,可,0,1,lpw_8b9cefa38e,可,other,false,false,true,true
lp:798:word:1,798,1,我,1,2,lpw_b70bb4acc0,我,pronoun,false,true,true,true
lp:798:word:2,798,2,怕,2,3,,怕,,,false,false,false
lp:798:word:3,798,3,风,3,4,lpw_be65bd5518,风,other,false,false,false,false
lp:799:word:0,799,0,您,0,1,lpw_9bbfbbc76f,您,pronoun,true,false,false,false
lp:799:word:1,799,1,没有,1,3,lpw_f127804b92,没有,negation_modality,false,false,true,true
lp:799:word:2,799,2,风,3,4,lpw_be65bd5518,风,other,false,false,false,false
lp:799:word:3,799,3,障,4,5,,障,,,false,false,false
lp:799:word:4,799,4,吗,5,6,lpw_5ac1612110,吗,function|interrogative,false,false,false,true
lp:800:word:0,800,0,怕,1,2,,怕,,,false,false,false
lp:800:word:1,800,1,风,2,3,lpw_be65bd5518,风,other,false,false,false,false
lp:801:word:0,801,0,一棵,0,2,,一棵,,,false,false,false
lp:801:word:1,801,1,植物,2,4,,植物,,,false,false,false
lp:801:word:2,801,2,到了,4,6,,到了,,,false,false,false
lp:801:word:3,801,3,这,6,7,lpw_d409ab2ab3,这,pronoun,false,true,true,true
lp:801:word:4,801,4,份,7,8,,份,,,false,false,false
lp:801:word:5,801,5,上,8,9,lpw_db5ba671d2,上,function,false,true,true,true
lp:802:word:0,802,0,那,0,1,lpw_5a2362a202,那,pronoun,false,true,true,true
lp:802:word:1,802,1,可,1,2,lpw_8b9cefa38e,可,other,false,false,true,true
lp:802:word:2,802,2,惨,2,3,,惨,,,false,false,false
lp:802:word:3,802,3,了,3,4,lpw_b2dd27e84f,了,function,false,true,true,true
lp:803:word:0,803,0,小王子,0,3,lpw_87f2a033cf,小王子,narrative_character,false,true,true,true
lp:803:word:1,803,1,轻声,3,5,,轻声,,,false,false,false
lp:803:word:2,803,2,说,5,6,lpw_ccca744613,说,speech,false,true,true,true
lp:804:word:0,804,0,花儿,1,3,lpw_059ab0f707,花,narrative_character|concrete_entity,false,true,true,true
lp:804:word:1,804,1,可,3,4,lpw_8b9cefa38e,可,other,false,false,true,true
lp:804:word:2,804,2,真难,4,6,,真难,,,false,false,false
lp:804:word:3,804,3,伺候,6,8,,伺候,,,false,false,false
lp:805:word:0,805,0,晚上,1,3,lpw_a9b1124b34,晚上,time_quantity,false,false,false,false
lp:805:word:1,805,1,您要,3,5,,您要,,,false,false,false
lp:805:word:2,805,2,把,5,6,lpw_2442748e41,把,function,false,false,true,true
lp:805:word:3,805,3,我,6,7,lpw_b70bb4acc0,我,pronoun,false,true,true,true
lp:805:word:4,805,4,罩,7,8,,罩,,,false,false,false
lp:805:word:5,805,5,起来,8,10,lpw_b8a694b2df,起来,other,false,false,false,true
lp:806:word:0,806,0,您,0,1,lpw_9bbfbbc76f,您,pronoun,true,false,false,false
lp:806:word:1,806,1,这儿,1,3,lpw_19a29e87c9,这儿,other,false,false,true,true
lp:806:word:2,806,2,很,3,4,lpw_f2b91797ea,很,other,false,true,true,true
lp:806:word:3,806,3,冷,4,5,,冷,,,false,false,false
lp:807:word:0,807,0,又,0,1,lpw_e71ce5deab,又,function,false,true,true,true
lp:807:word:1,807,1,没,1,2,lpw_279e8b3573,没,negation_modality,false,false,true,true
lp:807:word:2,807,2,安顿,2,4,,安顿,,,false,false,false
lp:807:word:3,807,3,好,4,5,lpw_f867f34178,好,other,false,false,true,true
lp:808:word:0,808,0,我来,0,2,,我来,,,false,false,false
lp:808:word:1,808,1,的,2,3,lpw_8af2350cfd,的,function,false,true,true,true
lp:808:word:2,808,2,那,3,4,lpw_5a2362a202,那,pronoun,false,true,true,true
lp:808:word:3,808,3,地方,4,6,lpw_1462a7d853,地方,other,false,false,false,true
lp:809:word:0,809,0,可是,0,2,lpw_38ca4a9c76,可是,function,false,false,true,true
lp:809:word:1,809,1,她,2,3,lpw_2ab425e0c6,她,pronoun,false,true,true,true
lp:809:word:2,809,2,没,3,4,lpw_279e8b3573,没,negation_modality,false,false,true,true
lp:809:word:3,809,3,说下去,4,7,,说下去,,,false,false,false
lp:810:word:0,810,0,她来,0,2,,她来,,,false,false,false
lp:810:word:1,810,1,的,2,3,lpw_8af2350cfd,的,function,false,true,true,true
lp:810:word:2,810,2,时候,3,5,lpw_5484678be4,时候,other,false,false,false,false
lp:810:word:3,810,3,是,5,6,lpw_b5141d3d19,是,function,false,true,true,true
lp:810:word:4,810,4,颗,6,7,lpw_09901d3de2,颗,other,false,false,false,false
lp:810:word:5,810,5,种子,7,9,,种子,,,false,false,false
lp:811:word:0,811,0,她,0,1,lpw_2ab425e0c6,她,pronoun,false,true,true,true
lp:811:word:1,811,1,不可能,1,4,,不可能,,,false,false,false
lp:811:word:2,811,2,知道,4,6,lpw_d7b6472b11,知道,cognition,false,false,true,true
lp:811:word:3,811,3,别的,6,8,lpw_3966c0d55d,别的,other,false,false,false,false
lp:811:word:4,811,4,世界,8,10,,世界,,,false,false,false
lp:811:word:5,811,5,是,10,11,lpw_b5141d3d19,是,function,false,true,true,true
lp:811:word:6,811,6,怎么,11,13,lpw_5ee8091a38,怎么,interrogative,false,false,false,false
lp:811:word:7,811,7,样,13,14,,样,,,false,false,false
lp:811:word:8,811,8,的,14,15,lpw_8af2350cfd,的,function,false,true,true,true
lp:812:word:0,812,0,让,0,1,lpw_ad37574404,让,other,false,true,true,true
lp:812:word:1,812,1,人,1,2,lpw_50f5d65d57,人,other,false,true,true,true
lp:812:word:2,812,2,发现,2,4,lpw_10493d06b9,发现,perception,false,false,false,false
lp:812:word:3,812,3,她,4,5,lpw_2ab425e0c6,她,pronoun,false,true,true,true
lp:812:word:4,812,4,说的,5,7,,说的,,,false,false,false
lp:812:word:5,812,5,谎,7,8,,谎,,,false,false,false
lp:812:word:6,812,6,这么,8,10,lpw_7677ca84c6,这么,other,false,false,false,true
lp:812:word:7,812,7,不,10,11,lpw_b02dfe2160,不,negation_modality,false,false,true,true
lp:812:word:8,812,8,高明,11,13,,高明,,,false,false,false
lp:813:word:0,813,0,她,0,1,lpw_2ab425e0c6,她,pronoun,false,true,true,true
lp:813:word:1,813,1,又,1,2,lpw_e71ce5deab,又,function,false,true,true,true
lp:813:word:2,813,2,羞,2,3,,羞,,,false,false,false
lp:813:word:3,813,3,又,3,4,lpw_e71ce5deab,又,function,false,true,true,true
lp:813:word:4,813,4,恼,4,5,,恼,,,false,false,false
lp:814:word:0,814,0,就,0,1,lpw_2f9d9872e5,就,function,false,true,true,true
lp:814:word:1,814,1,咳,1,2,,咳,,,false,false,false
lp:814:word:2,814,2,了,2,3,lpw_b2dd27e84f,了,function,false,true,true,true
lp:814:word:3,814,3,两,3,4,lpw_83385d2eda,两,other,false,false,false,false
lp:814:word:4,814,4,三,4,5,lpw_a4c3313deb,三,other,false,false,false,false
lp:814:word:5,814,5,声,5,6,lpw_693e132f27,声,other,false,false,false,true
lp:814:word:6,814,6,嗽,6,7,,嗽,,,false,false,false
lp:815:word:0,815,0,想,0,1,lpw_df0d251938,想,cognition,false,false,false,true
lp:815:word:1,815,1,让,1,2,lpw_ad37574404,让,other,false,true,true,true
lp:815:word:2,815,2,小王子,2,5,lpw_87f2a033cf,小王子,narrative_character,false,true,true,true
lp:815:word:3,815,3,觉得,5,7,lpw_78c82d9f41,觉得,cognition,false,false,false,true
lp:815:word:4,815,4,理,7,8,,理,,,false,false,false
lp:815:word:5,815,5,亏,8,9,,亏,,,false,false,false
lp:816:word:0,816,0,风,1,2,lpw_be65bd5518,风,other,false,false,false,false
lp:816:word:1,816,1,障,2,3,,障,,,false,false,false
lp:816:word:2,816,2,呢,3,4,lpw_02811cec0b,呢,function|interrogative,false,true,true,true
lp:817:word:0,817,0,我,1,2,lpw_b70bb4acc0,我,pronoun,false,true,true,true
lp:817:word:1,817,1,正要,2,4,,正要,,,false,false,false
lp:817:word:2,817,2,去,4,5,lpw_99ae21ea6c,去,physical_action,false,false,true,true
lp:817:word:3,817,3,拿,5,6,,拿,,,false,false,false
lp:818:word:0,818,0,可,0,1,lpw_8b9cefa38e,可,other,false,false,true,true
lp:818:word:1,818,1,您,1,2,lpw_9bbfbbc76f,您,pronoun,true,false,false,false
lp:818:word:2,818,2,跟,2,3,lpw_383a53d95c,跟,function,false,false,false,true
lp:818:word:3,818,3,我,3,4,lpw_b70bb4acc0,我,pronoun,false,true,true,true
lp:818:word:4,818,4,搭,4,5,,搭,,,false,false,false
lp:818:word:5,818,5,话,5,6,lpw_036f781126,话,other,false,false,false,false
lp:818:word:6,818,6,了,6,7,lpw_b2dd27e84f,了,function,false,true,true,true
lp:819:word:0,819,0,于是,0,2,lpw_3617c85a66,于是,other,false,false,false,false
lp:819:word:1,819,1,她,2,3,lpw_2ab425e0c6,她,pronoun,false,true,true,true
lp:819:word:2,819,2,咳得,3,5,,咳得,,,false,false,false
lp:819:word:3,819,3,更重,5,7,,更重,,,false,false,false
lp:819:word:4,819,4,了,7,8,lpw_b2dd27e84f,了,function,false,true,true,true
lp:819:word:5,819,5,些,8,9,lpw_af76fed85c,些,other,false,false,false,false
lp:820:word:0,820,0,不管怎么,0,4,,不管怎么,,,false,false,false
lp:820:word:1,820,1,说,4,5,lpw_ccca744613,说,speech,false,true,true,true
lp:821:word:0,821,0,她,0,1,lpw_2ab425e0c6,她,pronoun,false,true,true,true
lp:821:word:1,821,1,非,1,2,,非,,,false,false,false
lp:821:word:2,821,2,让,2,3,lpw_ad37574404,让,other,false,true,true,true
lp:821:word:3,821,3,他,3,4,lpw_8b7b91e000,他,pronoun,false,true,true,true
lp:821:word:4,821,4,感到,4,6,lpw_15c2457566,感到,perception,false,false,false,true
lp:821:word:5,821,5,内疚,6,8,,内疚,,,false,false,false
lp:821:word:6,821,6,不可,8,10,,不可,,,false,false,false
lp:822:word:0,822,0,就,0,1,lpw_2f9d9872e5,就,function,false,true,true,true
lp:822:word:1,822,1,这样,1,3,lpw_b7fc681861,这样,other,false,false,true,true
lp:823:word:0,823,0,小王子,0,3,lpw_87f2a033cf,小王子,narrative_character,false,true,true,true
lp:823:word:1,823,1,尽管,3,5,,尽管,,,false,false,false
lp:823:word:2,823,2,真心真意,5,9,,真心真意,,,false,false,false
lp:823:word:3,823,3,喜欢,9,11,lpw_653b04330b,喜欢,emotion_social,false,false,false,false
lp:823:word:4,823,4,这,11,12,lpw_d409ab2ab3,这,pronoun,false,true,true,true
lp:823:word:5,823,5,朵,12,13,lpw_0da9a35a4b,朵,other,false,false,false,false
lp:823:word:6,823,6,花儿,13,15,lpw_059ab0f707,花,narrative_character|concrete_entity,false,true,true,true
lp:824:word:0,824,0,可,0,1,lpw_8b9cefa38e,可,other,false,false,true,true
lp:824:word:1,824,1,还是,1,3,lpw_dfaa7d6f73,还是,other,false,false,false,false
lp:824:word:2,824,2,很快,3,5,,很快,,,false,false,false
lp:824:word:3,824,3,就,5,6,lpw_2f9d9872e5,就,function,false,true,true,true
lp:824:word:4,824,4,对,6,7,lpw_74570c7270,对,function,false,true,true,true
lp:824:word:5,824,5,她,7,8,lpw_2ab425e0c6,她,pronoun,false,true,true,true
lp:824:word:6,824,6,起了,8,10,,起了,,,false,false,false
lp:824:word:7,824,7,疑心,10,12,,疑心,,,false,false,false
lp:825:word:0,825,0,他,0,1,lpw_8b7b91e000,他,pronoun,false,true,true,true
lp:825:word:1,825,1,对,1,2,lpw_74570c7270,对,function,false,true,true,true
lp:825:word:2,825,2,那些,2,4,lpw_abd258db99,那些,function,false,false,false,true
lp:825:word:3,825,3,无关,4,6,,无关,,,false,false,false
lp:825:word:4,825,4,紧要,6,8,,紧要,,,false,false,false
lp:825:word:5,825,5,的话,8,10,lpw_9b952dd4e3,的话,other,false,false,false,false
lp:825:word:6,825,6,太,10,11,lpw_e7ace7adf2,太,other,false,false,false,true
lp:825:word:7,825,7,当,11,12,lpw_142d843e71,当,other,false,false,false,false
lp:825:word:8,825,8,真,12,13,lpw_827d018e1b,真,other,false,false,false,false
lp:825:word:9,825,9,了,13,14,lpw_b2dd27e84f,了,function,false,true,true,true
lp:826:word:0,826,0,结果,0,2,,结果,,,false,false,false
lp:826:word:1,826,1,自己,2,4,lpw_fb43354d2a,自己,pronoun,false,false,true,true
lp:826:word:2,826,2,很,4,5,lpw_f2b91797ea,很,other,false,true,true,true
lp:826:word:3,826,3,苦恼,5,7,,苦恼,,,false,false,false
lp:827:word:0,827,0,我,1,2,lpw_b70bb4acc0,我,pronoun,false,true,true,true
lp:827:word:1,827,1,本来,2,4,,本来,,,false,false,false
lp:827:word:2,827,2,不该,4,6,,不该,,,false,false,false
lp:827:word:3,827,3,去,6,7,lpw_99ae21ea6c,去,physical_action,false,false,true,true
lp:827:word:4,827,4,听,7,8,lpw_1f2eb2608d,听,perception,false,false,false,false
lp:827:word:5,827,5,她,8,9,lpw_2ab425e0c6,她,pronoun,false,true,true,true
lp:827:word:6,827,6,说,9,10,lpw_ccca744613,说,speech,false,true,true,true
lp:827:word:7,827,7,什么,10,12,lpw_c1b52e0e64,什么,pronoun|interrogative,false,true,true,true
lp:827:word:8,827,8,的,12,13,lpw_8af2350cfd,的,function,false,true,true,true
lp:828:word:0,828,0,有,0,1,lpw_90ce0f66f0,有,other,false,true,true,true
lp:828:word:1,828,1,一天,1,3,lpw_5448481f38,一天,time_quantity,false,false,false,false
lp:828:word:2,828,2,他,3,4,lpw_8b7b91e000,他,pronoun,false,true,true,true
lp:828:word:3,828,3,对,4,5,lpw_74570c7270,对,function,false,true,true,true
lp:828:word:4,828,4,我,5,6,lpw_b70bb4acc0,我,pronoun,false,true,true,true
lp:828:word:5,828,5,说,6,7,lpw_ccca744613,说,speech,false,true,true,true
lp:828:word:6,828,6,了,7,8,lpw_b2dd27e84f,了,function,false,true,true,true
lp:828:word:7,828,7,心里,8,10,,心里,,,false,false,false
lp:828:word:8,828,8,话,10,11,lpw_036f781126,话,other,false,false,false,false
lp:829:word:0,829,0,花儿,1,3,lpw_059ab0f707,花,narrative_character|concrete_entity,false,true,true,true
lp:829:word:1,829,1,说,3,4,lpw_ccca744613,说,speech,false,true,true,true
lp:829:word:2,829,2,的话,4,6,lpw_9b952dd4e3,的话,other,false,false,false,false
lp:830:word:0,830,0,是,0,1,lpw_b5141d3d19,是,function,false,true,true,true
lp:830:word:1,830,1,听,1,2,lpw_1f2eb2608d,听,perception,false,false,false,false
lp:830:word:2,830,2,不得,2,4,,不得,,,false,false,false
lp:830:word:3,830,3,的,4,5,lpw_8af2350cfd,的,function,false,true,true,true
lp:831:word:0,831,0,花儿,0,2,lpw_059ab0f707,花,narrative_character|concrete_entity,false,true,true,true
lp:831:word:1,831,1,是,2,3,lpw_b5141d3d19,是,function,false,true,true,true
lp:831:word:2,831,2,让,3,4,lpw_ad37574404,让,other,false,true,true,true
lp:831:word:3,831,3,人,4,5,lpw_50f5d65d57,人,other,false,true,true,true
lp:831:word:4,831,4,看,5,6,lpw_61f43315f9,看,perception,false,false,false,true
lp:832:word:0,832,0,让,0,1,lpw_ad37574404,让,other,false,true,true,true
lp:832:word:1,832,1,人,1,2,lpw_50f5d65d57,人,other,false,true,true,true
lp:832:word:2,832,2,闻,2,3,,闻,,,false,false,false
lp:832:word:3,832,3,的,3,4,lpw_8af2350cfd,的,function,false,true,true,true
lp:833:word:0,833,0,这,0,1,lpw_d409ab2ab3,这,pronoun,false,true,true,true
lp:833:word:1,833,1,朵,1,2,lpw_0da9a35a4b,朵,other,false,false,false,false
lp:833:word:2,833,2,花儿,2,4,lpw_059ab0f707,花,narrative_character|concrete_entity,false,true,true,true
lp:833:word:3,833,3,让,4,5,lpw_ad37574404,让,other,false,true,true,true
lp:833:word:4,833,4,我,5,6,lpw_b70bb4acc0,我,pronoun,false,true,true,true
lp:833:word:5,833,5,的,6,7,lpw_8af2350cfd,的,function,false,true,true,true
lp:833:word:6,833,6,星球,7,9,lpw_62f2d6c1a1,星球,place,false,true,true,true
lp:833:word:7,833,7,芳香,9,11,,芳香,,,false,false,false
lp:833:word:8,833,8,四,11,12,lpw_754a9d5828,四,other,false,false,false,false
lp:833:word:9,833,9,溢,12,13,,溢,,,false,false,false
lp:834:word:0,834,0,我,0,1,lpw_b70bb4acc0,我,pronoun,false,true,true,true
lp:834:word:1,834,1,却,1,2,lpw_da153c5b45,却,other,false,false,false,false
lp:834:word:2,834,2,不会,2,4,lpw_c7ae73a94d,不会,negation_modality,false,false,false,false
lp:834:word:3,834,3,享受,4,6,,享受,,,false,false,false
lp:834:word:4,834,4,这,6,7,lpw_d409ab2ab3,这,pronoun,false,true,true,true
lp:834:word:5,834,5,快乐,7,9,,快乐,,,false,false,false
lp:835:word:0,835,0,老虎,0,2,,老虎,,,false,false,false
lp:835:word:1,835,1,爪子,2,4,,爪子,,,false,false,false
lp:835:word:2,835,2,那些,4,6,lpw_abd258db99,那些,function,false,false,false,true
lp:835:word:3,835,3,话,6,7,lpw_036f781126,话,other,false,false,false,false
lp:836:word:0,836,0,惹得,0,2,,惹得,,,false,false,false
lp:836:word:1,836,1,我,2,3,lpw_b70bb4acc0,我,pronoun,false,true,true,true
lp:836:word:2,836,2,那么,3,5,lpw_a61f02e145,那么,function,false,false,false,true
lp:836:word:3,836,3,生气,5,7,,生气,,,false,false,false
lp:837:word:0,837,0,其实,0,2,,其实,,,false,false,false
lp:837:word:1,837,1,我,2,3,lpw_b70bb4acc0,我,pronoun,false,true,true,true
lp:837:word:2,837,2,该,3,4,,该,,,false,false,false
lp:837:word:3,837,3,同情,4,6,,同情,,,false,false,false
lp:837:word:4,837,4,她,6,7,lpw_2ab425e0c6,她,pronoun,false,true,true,true
lp:837:word:5,837,5,才是,7,9,,才是,,,false,false,false
lp:838:word:0,838,0,他,0,1,lpw_8b7b91e000,他,pronoun,false,true,true,true
lp:838:word:1,838,1,还,1,2,lpw_1bc709b8bf,还,other,false,false,false,true
lp:838:word:2,838,2,对,2,3,lpw_74570c7270,对,function,false,true,true,true
lp:838:word:3,838,3,我,3,4,lpw_b70bb4acc0,我,pronoun,false,true,true,true
lp:838:word:4,838,4,说,4,5,lpw_ccca744613,说,speech,false,true,true,true
lp:839:word:0,839,0,我,1,2,lpw_b70bb4acc0,我,pronoun,false,true,true,true
lp:839:word:1,839,1,当时,2,4,,当时,,,false,false,false
lp:839:word:2,839,2,什么,4,6,lpw_c1b52e0e64,什么,pronoun|interrogative,false,true,true,true
lp:839:word:3,839,3,也,6,7,lpw_658605835b,也,function,false,false,true,true
lp:839:word:4,839,4,不懂,7,9,,不懂,,,false,false,false
lp:840:word:0,840,0,看,0,1,lpw_61f43315f9,看,perception,false,false,false,true
lp:840:word:1,840,1,她,1,2,lpw_2ab425e0c6,她,pronoun,false,true,true,true
lp:840:word:2,840,2,这个,2,4,lpw_979e2bc35b,这个,function,false,false,true,true
lp:840:word:3,840,3,人,4,5,lpw_50f5d65d57,人,other,false,true,true,true
lp:841:word:0,841,0,应该,0,2,,应该,,,false,false,false
lp:841:word:1,841,1,看,2,3,lpw_61f43315f9,看,perception,false,false,false,true
lp:841:word:2,841,2,她,3,4,lpw_2ab425e0c6,她,pronoun,false,true,true,true
lp:841:word:3,841,3,做,4,5,lpw_94f5404441,做,other,false,false,false,false
lp:841:word:4,841,4,什么,5,7,lpw_c1b52e0e64,什么,pronoun|interrogative,false,true,true,true
lp:842:word:0,842,0,而不是,0,3,,而不是,,,false,false,false
lp:842:word:1,842,1,听,3,4,lpw_1f2eb2608d,听,perception,false,false,false,false
lp:842:word:2,842,2,她,4,5,lpw_2ab425e0c6,她,pronoun,false,true,true,true
lp:842:word:3,842,3,说,5,6,lpw_ccca744613,说,speech,false,true,true,true
lp:842:word:4,842,4,什么,6,8,lpw_c1b52e0e64,什么,pronoun|interrogative,false,true,true,true
lp:843:word:0,843,0,她,0,1,lpw_2ab425e0c6,她,pronoun,false,true,true,true
lp:843:word:1,843,1,给,1,2,lpw_6e55fb9d8a,给,other,false,true,true,true
lp:843:word:2,843,2,了,2,3,lpw_b2dd27e84f,了,function,false,true,true,true
lp:843:word:3,843,3,我,3,4,lpw_b70bb4acc0,我,pronoun,false,true,true,true
lp:843:word:4,843,4,芳香,4,6,,芳香,,,false,false,false
lp:844:word:0,844,0,给,0,1,lpw_6e55fb9d8a,给,other,false,true,true,true
lp:844:word:1,844,1,了,1,2,lpw_b2dd27e84f,了,function,false,true,true,true
lp:844:word:2,844,2,我,2,3,lpw_b70bb4acc0,我,pronoun,false,true,true,true
lp:844:word:3,844,3,光彩,3,5,,光彩,,,false,false,false
lp:845:word:0,845,0,我,0,1,lpw_b70bb4acc0,我,pronoun,false,true,true,true
lp:845:word:1,845,1,真,1,2,lpw_827d018e1b,真,other,false,false,false,false
lp:845:word:2,845,2,不该,2,4,,不该,,,false,false,false
lp:845:word:3,845,3,逃走,4,6,,逃走,,,false,false,false
lp:846:word:0,846,0,我,0,1,lpw_b70bb4acc0,我,pronoun,false,true,true,true
lp:846:word:1,846,1,本,1,2,,本,,,false,false,false
lp:846:word:2,846,2,该,2,3,,该,,,false,false,false
lp:846:word:3,846,3,猜到,3,5,,猜到,,,false,false,false
lp:846:word:4,846,4,她,5,6,lpw_2ab425e0c6,她,pronoun,false,true,true,true
lp:846:word:5,846,5,那,6,7,lpw_5a2362a202,那,pronoun,false,true,true,true
lp:846:word:6,846,6,小小,7,9,,小小,,,false,false,false
lp:846:word:7,846,7,花招,9,11,,花招,,,false,false,false
lp:846:word:8,846,8,背后,11,13,,背后,,,false,false,false
lp:846:word:9,846,9,的,13,14,lpw_8af2350cfd,的,function,false,true,true,true
lp:846:word:10,846,10,一片,14,16,,一片,,,false,false,false
lp:846:word:11,846,11,柔情,16,18,,柔情,,,false,false,false
lp:847:word:0,847,0,花儿,0,2,lpw_059ab0f707,花,narrative_character|concrete_entity,false,true,true,true
lp:847:word:1,847,1,总是,2,4,,总是,,,false,false,false
lp:847:word:2,847,2,这么,4,6,lpw_7677ca84c6,这么,other,false,false,false,true
lp:847:word:3,847,3,表里不一,6,10,,表里不一,,,false,false,false
lp:848:word:0,848,0,可惜,0,2,,可惜,,,false,false,false
lp:848:word:1,848,1,当时,2,4,,当时,,,false,false,false
lp:848:word:2,848,2,我,4,5,lpw_b70bb4acc0,我,pronoun,false,true,true,true
lp:848:word:3,848,3,太,5,6,lpw_e7ace7adf2,太,other,false,false,false,true
lp:848:word:4,848,4,年轻,6,8,,年轻,,,false,false,false
lp:849:word:0,849,0,还,0,1,lpw_1bc709b8bf,还,other,false,false,false,true
lp:849:word:1,849,1,不,1,2,lpw_b02dfe2160,不,negation_modality,false,false,true,true
lp:849:word:2,849,2,懂得,2,4,,懂得,,,false,false,false
lp:849:word:3,849,3,怎么,4,6,lpw_5ee8091a38,怎么,interrogative,false,false,false,false
lp:849:word:4,849,4,去,6,7,lpw_99ae21ea6c,去,physical_action,false,false,true,true
lp:849:word:5,849,5,爱她,7,9,,爱她,,,false,false,false
lp:851:word:0,851,0,我想,0,2,lpw_42230da180,我想,other,false,false,false,false
lp:851:word:1,851,1,他是,2,4,,他是,,,false,false,false
lp:851:word:2,851,2,趁,4,5,,趁,,,false,false,false
lp:851:word:3,851,3,一群,5,7,,一群,,,false,false,false
lp:851:word:4,851,4,野,7,8,,野,,,false,false,false
lp:851:word:5,851,5,鸟,8,9,,鸟,,,false,false,false
lp:851:word:6,851,6,迁徙,9,11,,迁徙,,,false,false,false
lp:851:word:7,851,7,的,11,12,lpw_8af2350cfd,的,function,false,true,true,true
lp:851:word:8,851,8,机会,12,14,,机会,,,false,false,false
lp:851:word:9,851,9,出走,14,16,,出走,,,false,false,false
lp:851:word:10,851,10,的,16,17,lpw_8af2350cfd,的,function,false,true,true,true
lp:852:word:0,852,0,动身,0,2,,动身,,,false,false,false
lp:852:word:1,852,1,的,2,3,lpw_8af2350cfd,的,function,false,true,true,true
lp:852:word:2,852,2,那天,3,5,,那天,,,false,false,false
lp:852:word:3,852,3,早晨,5,7,,早晨,,,false,false,false
lp:853:word:0,853,0,他,0,1,lpw_8b7b91e000,他,pronoun,false,true,true,true
lp:853:word:1,853,1,把,1,2,lpw_2442748e41,把,function,false,false,true,true
lp:853:word:2,853,2,星球,2,4,lpw_62f2d6c1a1,星球,place,false,true,true,true
lp:853:word:3,853,3,收拾,4,6,,收拾,,,false,false,false
lp:853:word:4,853,4,得,6,7,lpw_71b1ed1114,得,function,false,false,true,true
lp:853:word:5,853,5,井井有条,7,11,,井井有条,,,false,false,false
lp:854:word:0,854,0,他,0,1,lpw_8b7b91e000,他,pronoun,false,true,true,true
lp:854:word:1,854,1,仔细,1,3,,仔细,,,false,false,false
lp:854:word:2,854,2,地,3,4,lpw_bdbd41e490,地,function,false,true,true,true
lp:854:word:3,854,3,疏通,4,6,,疏通,,,false,false,false
lp:854:word:4,854,4,了,6,7,lpw_b2dd27e84f,了,function,false,true,true,true
lp:854:word:5,854,5,活,7,8,,活,,,false,false,false
lp:854:word:6,854,6,火山,8,10,lpw_dc749837f4,火山,place|concrete_entity,true,false,false,false
lp:855:word:0,855,0,星球,0,2,lpw_62f2d6c1a1,星球,place,false,true,true,true
lp:855:word:1,855,1,上有,2,4,,上有,,,false,false,false
lp:855:word:2,855,2,两,4,5,lpw_83385d2eda,两,other,false,false,false,false
lp:855:word:3,855,3,座,5,6,lpw_001d9c64f7,座,other,true,false,false,false
lp:855:word:4,855,4,活,6,7,,活,,,false,false,false
lp:855:word:5,855,5,火山,7,9,lpw_dc749837f4,火山,place|concrete_entity,true,false,false,false
lp:856:word:0,856,0,热,0,1,,热,,,false,false,false
lp:856:word:1,856,1,早餐,1,3,,早餐,,,false,false,false
lp:856:word:2,856,2,很,3,4,lpw_f2b91797ea,很,other,false,true,true,true
lp:856:word:3,856,3,方便,4,6,,方便,,,false,false,false
lp:857:word:0,857,0,还有,0,2,lpw_83eec76b39,还有,other,false,false,false,false
lp:857:word:1,857,1,一座,2,4,lpw_e2d5460909,一座,other,false,false,false,false
lp:857:word:2,857,2,死,4,5,,死,,,false,false,false
lp:857:word:3,857,3,火山,5,7,lpw_dc749837f4,火山,place|concrete_entity,true,false,false,false
lp:858:word:0,858,0,不过,0,2,lpw_72113362c6,不过,function,false,false,false,true
lp:859:word:0,859,0,正像,0,2,,正像,,,false,false,false
lp:859:word:1,859,1,他所,2,4,,他所,,,false,false,false
lp:859:word:2,859,2,说的,4,6,,说的,,,false,false,false
lp:860:word:0,860,0,谁,1,2,lpw_056b9c6262,谁,pronoun|interrogative,false,false,false,false
lp:860:word:1,860,1,说得,2,4,,说得,,,false,false,false
lp:860:word:2,860,2,准,4,5,,准,,,false,false,false
lp:860:word:3,860,3,呢,5,6,lpw_02811cec0b,呢,function|interrogative,false,true,true,true
lp:861:word:0,861,0,所以,0,2,lpw_a2f7e42081,所以,function,false,false,false,false
lp:861:word:1,861,1,这,2,3,lpw_d409ab2ab3,这,pronoun,false,true,true,true
lp:861:word:2,861,2,座,3,4,lpw_001d9c64f7,座,other,true,false,false,false
lp:861:word:3,861,3,死,4,5,,死,,,false,false,false
lp:861:word:4,861,4,火山,5,7,lpw_dc749837f4,火山,place|concrete_entity,true,false,false,false
lp:861:word:5,861,5,也,7,8,lpw_658605835b,也,function,false,false,true,true
lp:861:word:6,861,6,照样,8,10,,照样,,,false,false,false
lp:861:word:7,861,7,要,10,11,lpw_975f35218e,要,negation_modality,false,false,true,true
lp:861:word:8,861,8,疏通,11,13,,疏通,,,false,false,false
lp:862:word:0,862,0,火山,0,2,lpw_dc749837f4,火山,place|concrete_entity,true,false,false,false
lp:862:word:1,862,1,疏,2,3,,疏,,,false,false,false
lp:862:word:2,862,2,通过,3,5,,通过,,,false,false,false
lp:862:word:3,862,3,了,5,6,lpw_b2dd27e84f,了,function,false,true,true,true
lp:863:word:0,863,0,就,0,1,lpw_2f9d9872e5,就,function,false,true,true,true
lp:863:word:1,863,1,会,1,2,lpw_5ba1e3c0eb,会,negation_modality,false,true,true,true
lp:863:word:2,863,2,缓缓,2,4,,缓缓,,,false,false,false
lp:863:word:3,863,3,地,4,5,lpw_bdbd41e490,地,function,false,true,true,true
lp:863:word:4,863,4,均匀,6,8,,均匀,,,false,false,false
lp:863:word:5,863,5,地,8,9,lpw_bdbd41e490,地,function,false,true,true,true
lp:863:word:6,863,6,燃烧,9,11,,燃烧,,,false,false,false
lp:864:word:0,864,0,不会,0,2,lpw_c7ae73a94d,不会,negation_modality,false,false,false,false
lp:864:word:1,864,1,喷发,2,4,,喷发,,,false,false,false
lp:865:word:0,865,0,火山,0,2,lpw_dc749837f4,火山,place|concrete_entity,true,false,false,false
lp:865:word:1,865,1,喷发,2,4,,喷发,,,false,false,false
lp:865:word:2,865,2,跟,4,5,lpw_383a53d95c,跟,function,false,false,false,true
lp:865:word:3,865,3,烟囱,5,7,,烟囱,,,false,false,false
lp:865:word:4,865,4,冒火,7,9,,冒火,,,false,false,false
lp:865:word:5,865,5,是,9,10,lpw_b5141d3d19,是,function,false,true,true,true
lp:865:word:6,865,6,一样,10,12,lpw_9dc5c0158d,一样,other,false,false,false,true
lp:865:word:7,865,7,的,12,13,lpw_8af2350cfd,的,function,false,true,true,true
lp:866:word:0,866,0,当然,0,2,lpw_0002e2d87f,当然,other,false,false,false,false
lp:867:word:0,867,0,在,0,1,lpw_12404a0b63,在,function,false,true,true,true
lp:867:word:1,867,1,地球,1,3,lpw_eeef861b87,地球,place,false,false,false,true
lp:867:word:2,867,2,上,3,4,lpw_db5ba671d2,上,function,false,true,true,true
lp:868:word:0,868,0,我们,0,2,lpw_bcacb40df8,我们,pronoun,false,false,false,false
lp:868:word:1,868,1,实在,2,4,,实在,,,false,false,false
lp:868:word:2,868,2,太,4,5,lpw_e7ace7adf2,太,other,false,false,false,true
lp:868:word:3,868,3,小,5,6,lpw_6a7339bb75,小,other,false,false,true,true
lp:868:word:4,868,4,了,6,7,lpw_b2dd27e84f,了,function,false,true,true,true
lp:869:word:0,869,0,没法,0,2,,没法,,,false,false,false
lp:869:word:1,869,1,去,2,3,lpw_99ae21ea6c,去,physical_action,false,false,true,true
lp:869:word:2,869,2,疏通,3,5,,疏通,,,false,false,false
lp:869:word:3,869,3,火山,5,7,lpw_dc749837f4,火山,place|concrete_entity,true,false,false,false
lp:870:word:0,870,0,它们,0,2,lpw_c40b3d2880,它们,pronoun,false,false,true,true
lp:870:word:1,870,1,造成,2,4,,造成,,,false,false,false
lp:870:word:2,870,2,那么,4,6,lpw_a61f02e145,那么,function,false,false,false,true
lp:870:word:3,870,3,多,6,7,lpw_1940119f05,多,other,false,false,false,false
lp:870:word:4,870,4,麻烦,7,9,,麻烦,,,false,false,false
lp:871:word:0,871,0,就是,0,2,lpw_88aa006eb3,就是,other,false,false,true,true
lp:871:word:1,871,1,由于,2,4,,由于,,,false,false,false
lp:871:word:2,871,2,这个,4,6,lpw_979e2bc35b,这个,function,false,false,true,true
lp:871:word:3,871,3,缘故,6,8,,缘故,,,false,false,false
lp:872:word:0,872,0,小王子,0,3,lpw_87f2a033cf,小王子,narrative_character,false,true,true,true
lp:872:word:1,872,1,还,3,4,lpw_1bc709b8bf,还,other,false,false,false,true
lp:872:word:2,872,2,拔掉,4,6,,拔掉,,,false,false,false
lp:872:word:3,872,3,了,6,7,lpw_b2dd27e84f,了,function,false,true,true,true
lp:872:word:4,872,4,刚,7,8,,刚,,,false,false,false
lp:872:word:5,872,5,长,8,9,lpw_597ae23d84,长,other,false,false,false,false
lp:872:word:6,872,6,出来,9,11,,出来,,,false,false,false
lp:872:word:7,872,7,的,11,12,lpw_8af2350cfd,的,function,false,true,true,true
lp:872:word:8,872,8,几株,12,14,,几株,,,false,false,false
lp:872:word:9,872,9,猴面包树,14,18,lpw_1ec087a5d0,猴面包树,concrete_entity,true,false,false,false
lp:872:word:10,872,10,幼苗,18,20,,幼苗,,,false,false,false
lp:873:word:0,873,0,他,0,1,lpw_8b7b91e000,他,pronoun,false,true,true,true
lp:873:word:1,873,1,心情,1,3,,心情,,,false,false,false
lp:873:word:2,873,2,有点,3,5,lpw_29506aa712,有点,other,false,false,false,true
lp:873:word:3,873,3,忧郁,5,7,,忧郁,,,false,false,false
lp:874:word:0,874,0,心想,0,2,,心想,,,false,false,false
lp:874:word:1,874,1,这,2,3,lpw_d409ab2ab3,这,pronoun,false,true,true,true
lp:874:word:2,874,2,一,3,4,lpw_51a75f4634,一,other,false,false,true,true
lp:874:word:3,874,3,走,4,5,lpw_f66de6c4cd,走,physical_action,false,false,false,false
lp:874:word:4,874,4,就,5,6,lpw_2f9d9872e5,就,function,false,true,true,true
lp:874:word:5,874,5,再也,6,8,,再也,,,false,false,false
lp:874:word:6,874,6,回,8,9,,回,,,false,false,false
lp:874:word:7,874,7,不,9,10,lpw_b02dfe2160,不,negation_modality,false,false,true,true
lp:874:word:8,874,8,来,10,11,lpw_6d8229118c,来,physical_action,false,true,true,true
lp:874:word:9,874,9,了,11,12,lpw_b2dd27e84f,了,function,false,true,true,true
lp:875:word:0,875,0,所有,0,2,lpw_ae99f297e9,所有,other,false,false,false,false
lp:875:word:1,875,1,这些,2,4,lpw_7a590a22cd,这些,function,false,false,false,true
lp:875:word:2,875,2,习惯,4,6,,习惯,,,false,false,false
lp:875:word:3,875,3,的,6,7,lpw_8af2350cfd,的,function,false,true,true,true
lp:875:word:4,875,4,活儿,7,9,,活儿,,,false,false,false
lp:876:word:0,876,0,这,0,1,lpw_d409ab2ab3,这,pronoun,false,true,true,true
lp:876:word:1,876,1,天,1,2,lpw_49da61ceee,天,other,false,false,false,true
lp:876:word:2,876,2,早上,2,4,,早上,,,false,false,false
lp:876:word:3,876,3,都,4,5,lpw_7eabb36ba1,都,function,false,false,true,true
lp:876:word:4,876,4,显得,5,7,,显得,,,false,false,false
lp:876:word:5,876,5,格外,7,9,,格外,,,false,false,false
lp:876:word:6,876,6,亲切,9,11,,亲切,,,false,false,false
lp:877:word:0,877,0,而,0,1,lpw_08e2725ce1,而,function,false,false,false,true
lp:877:word:1,877,1,当,1,2,lpw_142d843e71,当,other,false,false,false,false
lp:877:word:2,877,2,他,2,3,lpw_8b7b91e000,他,pronoun,false,true,true,true
lp:877:word:3,877,3,最后,3,5,,最后,,,false,false,false
lp:877:word:4,877,4,一次,5,7,,一次,,,false,false,false
lp:877:word:5,877,5,给,7,8,lpw_6e55fb9d8a,给,other,false,true,true,true
lp:877:word:6,877,6,花儿,8,10,lpw_059ab0f707,花,narrative_character|concrete_entity,false,true,true,true
lp:877:word:7,877,7,浇水,10,12,,浇水,,,false,false,false
lp:878:word:0,878,0,准备,0,2,,准备,,,false,false,false
lp:878:word:1,878,1,给,2,3,lpw_6e55fb9d8a,给,other,false,true,true,true
lp:878:word:2,878,2,它,3,4,lpw_7e9260e925,它,pronoun,false,true,true,true
lp:878:word:3,878,3,盖,4,5,,盖,,,false,false,false
lp:878:word:4,878,4,上,5,6,lpw_db5ba671d2,上,function,false,true,true,true
lp:878:word:5,878,5,罩子,6,8,,罩子,,,false,false,false
lp:878:word:6,878,6,的,8,9,lpw_8af2350cfd,的,function,false,true,true,true
lp:878:word:7,878,7,时候,9,11,lpw_5484678be4,时候,other,false,false,false,false
lp:879:word:0,879,0,他,0,1,lpw_8b7b91e000,他,pronoun,false,true,true,true
lp:879:word:1,879,1,只,1,2,lpw_409e2c3882,只,function,false,false,true,true
lp:879:word:2,879,2,觉得,2,4,lpw_78c82d9f41,觉得,cognition,false,false,false,true
lp:879:word:3,879,3,想哭,4,6,,想哭,,,false,false,false
lp:880:word:0,880,0,再见,1,3,,再见,,,false,false,false
lp:880:word:1,880,1,啦,3,4,,啦,,,false,false,false
lp:881:word:0,881,0,他,0,1,lpw_8b7b91e000,他,pronoun,false,true,true,true
lp:881:word:1,881,1,对,1,2,lpw_74570c7270,对,function,false,true,true,true
lp:881:word:2,881,2,花儿,2,4,lpw_059ab0f707,花,narrative_character|concrete_entity,false,true,true,true
lp:881:word:3,881,3,说,4,5,lpw_ccca744613,说,speech,false,true,true,true
lp:882:word:0,882,0,可是,0,2,lpw_38ca4a9c76,可是,function,false,false,true,true
lp:882:word:1,882,1,她,2,3,lpw_2ab425e0c6,她,pronoun,false,true,true,true
lp:882:word:2,882,2,没有,3,5,lpw_f127804b92,没有,negation_modality,false,false,true,true
lp:882:word:3,882,3,回答,5,7,lpw_f3f5126487,回答,speech,false,false,true,true
lp:883:word:0,883,0,再见,1,3,,再见,,,false,false,false
lp:883:word:1,883,1,啦,3,4,,啦,,,false,false,false
lp:884:word:0,884,0,他,0,1,lpw_8b7b91e000,他,pronoun,false,true,true,true
lp:884:word:1,884,1,又,1,2,lpw_e71ce5deab,又,function,false,true,true,true
lp:884:word:2,884,2,说,2,3,lpw_ccca744613,说,speech,false,true,true,true
lp:884:word:3,884,3,了,3,4,lpw_b2dd27e84f,了,function,false,true,true,true
lp:884:word:4,884,4,一遍,4,6,,一遍,,,false,false,false
lp:885:word:0,885,0,花儿,0,2,lpw_059ab0f707,花,narrative_character|concrete_entity,false,true,true,true
lp:885:word:1,885,1,咳嗽,2,4,,咳嗽,,,false,false,false
lp:885:word:2,885,2,起来,4,6,lpw_b8a694b2df,起来,other,false,false,false,true
lp:886:word:0,886,0,但,0,1,lpw_1f863793c6,但,other,false,false,false,false
lp:886:word:1,886,1,不是,1,3,lpw_584cd0fcf3,不是,other,false,false,false,false
lp:886:word:2,886,2,由于,3,5,,由于,,,false,false,false
lp:886:word:3,886,3,感冒,5,7,,感冒,,,false,false,false
lp:887:word:0,887,0,我,1,2,lpw_b70bb4acc0,我,pronoun,false,true,true,true
lp:887:word:1,887,1,以前,2,4,lpw_aa98317793,以前,other,false,false,false,false
lp:887:word:2,887,2,太,4,5,lpw_e7ace7adf2,太,other,false,false,false,true
lp:887:word:3,887,3,傻,5,6,,傻,,,false,false,false
lp:887:word:4,887,4,了,6,7,lpw_b2dd27e84f,了,function,false,true,true,true
lp:888:word:0,888,0,她,0,1,lpw_2ab425e0c6,她,pronoun,false,true,true,true
lp:888:word:1,888,1,终于,1,3,,终于,,,false,false,false
lp:888:word:2,888,2,开口,3,5,,开口,,,false,false,false
lp:888:word:3,888,3,了,5,6,lpw_b2dd27e84f,了,function,false,true,true,true
lp:889:word:0,889,0,请,1,2,lpw_88d5840fab,请,other,false,false,false,false
lp:889:word:1,889,1,你,2,3,lpw_a0c7716669,你,pronoun,false,true,true,true
lp:889:word:2,889,2,原谅,3,5,,原谅,,,false,false,false
lp:889:word:3,889,3,我,5,6,lpw_b70bb4acc0,我,pronoun,false,true,true,true
lp:890:word:0,890,0,但愿,0,2,,但愿,,,false,false,false
lp:890:word:1,890,1,你,2,3,lpw_a0c7716669,你,pronoun,false,true,true,true
lp:890:word:2,890,2,能,3,4,lpw_413c06bcef,能,other,false,false,false,false
lp:890:word:3,890,3,幸福,4,6,,幸福,,,false,false,false
lp:891:word:0,891,0,他,0,1,lpw_8b7b91e000,他,pronoun,false,true,true,true
lp:891:word:1,891,1,感到,1,3,lpw_15c2457566,感到,perception,false,false,false,true
lp:891:word:2,891,2,吃惊,3,5,,吃惊,,,false,false,false
lp:891:word:3,891,3,的是,5,7,lpw_5e1dc2a833,的是,other,false,false,false,false
lp:892:word:0,892,0,居然,0,2,,居然,,,false,false,false
lp:892:word:1,892,1,没有,2,4,lpw_f127804b92,没有,negation_modality,false,false,true,true
lp:892:word:2,892,2,一声,4,6,,一声,,,false,false,false
lp:892:word:3,892,3,责备,6,8,,责备,,,false,false,false
lp:893:word:0,893,0,他,0,1,lpw_8b7b91e000,他,pronoun,false,true,true,true
lp:893:word:1,893,1,举,1,2,,举,,,false,false,false
lp:893:word:2,893,2,着,2,3,lpw_9e5bf0d2d9,着,function,false,true,true,true
lp:893:word:3,893,3,罩子,3,5,,罩子,,,false,false,false
lp:894:word:0,894,0,茫然,0,2,,茫然,,,false,false,false
lp:894:word:1,894,1,不知所措,2,6,,不知所措,,,false,false,false
lp:894:word:2,894,2,地,6,7,lpw_bdbd41e490,地,function,false,true,true,true
lp:894:word:3,894,3,站在,7,9,,站在,,,false,false,false
lp:894:word:4,894,4,那儿,9,11,lpw_b4444021ad,那儿,other,false,false,false,false
lp:895:word:0,895,0,他,0,1,lpw_8b7b91e000,他,pronoun,false,true,true,true
lp:895:word:1,895,1,不懂,1,3,,不懂,,,false,false,false
lp:895:word:2,895,2,这,3,4,lpw_d409ab2ab3,这,pronoun,false,true,true,true
lp:895:word:3,895,3,般,4,5,,般,,,false,false,false
lp:895:word:4,895,4,恬淡,5,7,,恬淡,,,false,false,false
lp:895:word:5,895,5,的,7,8,lpw_8af2350cfd,的,function,false,true,true,true
lp:895:word:6,895,6,柔情,8,10,,柔情,,,false,false,false
lp:896:word:0,896,0,是,1,2,lpw_b5141d3d19,是,function,false,true,true,true
lp:896:word:1,896,1,的,2,3,lpw_8af2350cfd,的,function,false,true,true,true
lp:896:word:2,896,2,我爱你,4,7,,我爱你,,,false,false,false
lp:897:word:0,897,0,花儿,0,2,lpw_059ab0f707,花,narrative_character|concrete_entity,false,true,true,true
lp:897:word:1,897,1,对,2,3,lpw_74570c7270,对,function,false,true,true,true
lp:897:word:2,897,2,他,3,4,lpw_8b7b91e000,他,pronoun,false,true,true,true
lp:897:word:3,897,3,说,4,5,lpw_ccca744613,说,speech,false,true,true,true
lp:898:word:0,898,0,但,1,2,lpw_1f863793c6,但,other,false,false,false,false
lp:898:word:1,898,1,由于,2,4,,由于,,,false,false,false
lp:898:word:2,898,2,我,4,5,lpw_b70bb4acc0,我,pronoun,false,true,true,true
lp:898:word:3,898,3,的,5,6,lpw_8af2350cfd,的,function,false,true,true,true
lp:898:word:4,898,4,过错,6,8,,过错,,,false,false,false
lp:899:word:0,899,0,你,0,1,lpw_a0c7716669,你,pronoun,false,true,true,true
lp:899:word:1,899,1,一点,1,3,lpw_148b16e603,一点,other,false,false,false,false
lp:899:word:2,899,2,儿,3,4,lpw_1ed5efc3dc,儿,other,false,false,false,false
lp:899:word:3,899,3,也没,4,6,,也没,,,false,false,false
lp:899:word:4,899,4,领会,6,8,,领会,,,false,false,false
lp:900:word:0,900,0,这,0,1,lpw_d409ab2ab3,这,pronoun,false,true,true,true
lp:900:word:1,900,1,没什么,1,4,,没什么,,,false,false,false
lp:900:word:2,900,2,要紧,4,6,,要紧,,,false,false,false
lp:901:word:0,901,0,不过,0,2,lpw_72113362c6,不过,function,false,false,false,true
lp:901:word:1,901,1,你,2,3,lpw_a0c7716669,你,pronoun,false,true,true,true
lp:901:word:2,901,2,也,3,4,lpw_658605835b,也,function,false,false,true,true
lp:901:word:3,901,3,和,4,5,lpw_3d7114281f,和,function,false,false,true,true
lp:901:word:4,901,4,我,5,6,lpw_b70bb4acc0,我,pronoun,false,true,true,true
lp:901:word:5,901,5,一样,6,8,lpw_9dc5c0158d,一样,other,false,false,false,true
lp:901:word:6,901,6,傻,8,9,,傻,,,false,false,false
lp:902:word:0,902,0,但愿,0,2,,但愿,,,false,false,false
lp:902:word:1,902,1,你,2,3,lpw_a0c7716669,你,pronoun,false,true,true,true
lp:902:word:2,902,2,能,3,4,lpw_413c06bcef,能,other,false,false,false,false
lp:902:word:3,902,3,幸福,4,6,,幸福,,,false,false,false
lp:903:word:0,903,0,把,0,1,lpw_2442748e41,把,function,false,false,true,true
lp:903:word:1,903,1,这,1,2,lpw_d409ab2ab3,这,pronoun,false,true,true,true
lp:903:word:2,903,2,罩子,2,4,,罩子,,,false,false,false
lp:903:word:3,903,3,放在,4,6,,放在,,,false,false,false
lp:903:word:4,903,4,一边,6,8,,一边,,,false,false,false
lp:903:word:5,903,5,吧,8,9,lpw_bad8b6c7ae,吧,function,false,false,false,true
lp:904:word:0,904,0,我,0,1,lpw_b70bb4acc0,我,pronoun,false,true,true,true
lp:904:word:1,904,1,用不着,1,4,,用不着,,,false,false,false
lp:904:word:2,904,2,它,4,5,lpw_7e9260e925,它,pronoun,false,true,true,true
lp:904:word:3,904,3,了,5,6,lpw_b2dd27e84f,了,function,false,true,true,true
lp:905:word:0,905,0,可是,1,3,lpw_38ca4a9c76,可是,function,false,false,true,true
lp:905:word:1,905,1,风,3,4,lpw_be65bd5518,风,other,false,false,false,false
lp:906:word:0,906,0,我,1,2,lpw_b70bb4acc0,我,pronoun,false,true,true,true
lp:906:word:1,906,1,并不,2,4,lpw_5b693ea232,并不,other,false,false,false,false
lp:906:word:2,906,2,是,4,5,lpw_b5141d3d19,是,function,false,true,true,true
lp:906:word:3,906,3,那么,5,7,lpw_a61f02e145,那么,function,false,false,false,true
lp:906:word:4,906,4,容易,7,9,,容易,,,false,false,false
lp:906:word:5,906,5,感冒,9,11,,感冒,,,false,false,false
lp:906:word:6,906,6,的,11,12,lpw_8af2350cfd,的,function,false,true,true,true
lp:907:word:0,907,0,夜晚,0,2,,夜晚,,,false,false,false
lp:907:word:1,907,1,的,2,3,lpw_8af2350cfd,的,function,false,true,true,true
lp:907:word:2,907,2,新鲜,3,5,,新鲜,,,false,false,false
lp:907:word:3,907,3,空气,5,7,,空气,,,false,false,false
lp:907:word:4,907,4,对,7,8,lpw_74570c7270,对,function,false,true,true,true
lp:907:word:5,907,5,我有,8,10,lpw_59cbe38d1c,我有,other,false,false,false,false
lp:907:word:6,907,6,好处,10,12,,好处,,,false,false,false
lp:908:word:0,908,0,我是,0,2,lpw_06ba27715e,我是,other,false,false,false,false
lp:908:word:1,908,1,一朵,2,4,lpw_aebd6fbbd2,一朵,other,false,false,false,true
lp:908:word:2,908,2,花儿,4,6,lpw_059ab0f707,花,narrative_character|concrete_entity,false,true,true,true
lp:909:word:0,909,0,可是,1,3,lpw_38ca4a9c76,可是,function,false,false,true,true
lp:909:word:1,909,1,那些,3,5,lpw_abd258db99,那些,function,false,false,false,true
lp:909:word:2,909,2,虫子,5,7,,虫子,,,false,false,false
lp:909:word:3,909,3,和,7,8,lpw_3d7114281f,和,function,false,false,true,true
lp:909:word:4,909,4,野兽,8,10,,野兽,,,false,false,false
lp:910:word:0,910,0,我,1,2,lpw_b70bb4acc0,我,pronoun,false,true,true,true
lp:910:word:1,910,1,既然,2,4,,既然,,,false,false,false
lp:910:word:2,910,2,想,4,5,lpw_df0d251938,想,cognition,false,false,false,true
lp:910:word:3,910,3,认识,5,7,,认识,,,false,false,false
lp:910:word:4,910,4,蝴蝶,7,9,,蝴蝶,,,false,false,false
lp:911:word:0,911,0,就应该,0,3,,就应该,,,false,false,false
lp:911:word:1,911,1,受得了,3,6,,受得了,,,false,false,false
lp:911:word:2,911,2,两,6,7,lpw_83385d2eda,两,other,false,false,false,false
lp:911:word:3,911,3,三条,7,9,,三条,,,false,false,false
lp:911:word:4,911,4,毛虫,9,11,,毛虫,,,false,false,false
lp:912:word:0,912,0,我,0,1,lpw_b70bb4acc0,我,pronoun,false,true,true,true
lp:912:word:1,912,1,觉得,1,3,lpw_78c82d9f41,觉得,cognition,false,false,false,true
lp:912:word:2,912,2,这样,3,5,lpw_b7fc681861,这样,other,false,false,true,true
lp:912:word:3,912,3,挺好,5,7,,挺好,,,false,false,false
lp:913:word:0,913,0,要不然,0,3,,要不然,,,false,false,false
lp:913:word:1,913,1,有,3,4,lpw_90ce0f66f0,有,other,false,true,true,true
lp:913:word:2,913,2,谁,4,5,lpw_056b9c6262,谁,pronoun|interrogative,false,false,false,false
lp:913:word:3,913,3,来看,5,7,,来看,,,false,false,false
lp:913:word:4,913,4,我,7,8,lpw_b70bb4acc0,我,pronoun,false,true,true,true
lp:913:word:5,913,5,呢,8,9,lpw_02811cec0b,呢,function|interrogative,false,true,true,true
lp:914:word:0,914,0,你,0,1,lpw_a0c7716669,你,pronoun,false,true,true,true
lp:915:word:0,915,0,你,0,1,lpw_a0c7716669,你,pronoun,false,true,true,true
lp:915:word:1,915,1,到,1,2,lpw_b56f36b529,到,other,false,false,false,false
lp:915:word:2,915,2,时候,2,4,lpw_5484678be4,时候,other,false,false,false,false
lp:915:word:3,915,3,已经,4,6,lpw_8ee12e2310,已经,other,false,false,false,false
lp:915:word:4,915,4,走得,6,8,,走得,,,false,false,false
lp:915:word:5,915,5,远远,8,10,,远远,,,false,false,false
lp:915:word:6,915,6,的,10,11,lpw_8af2350cfd,的,function,false,true,true,true
lp:915:word:7,915,7,了,11,12,lpw_b2dd27e84f,了,function,false,true,true,true
lp:916:word:0,916,0,至于,0,2,,至于,,,false,false,false
lp:916:word:1,916,1,野兽,2,4,,野兽,,,false,false,false
lp:917:word:0,917,0,我,0,1,lpw_b70bb4acc0,我,pronoun,false,true,true,true
lp:917:word:1,917,1,根本,1,3,,根本,,,false,false,false
lp:917:word:2,917,2,不怕,3,5,,不怕,,,false,false,false
lp:918:word:0,918,0,我,0,1,lpw_b70bb4acc0,我,pronoun,false,true,true,true
lp:918:word:1,918,1,也有,1,3,,也有,,,false,false,false
lp:918:word:2,918,2,爪子,3,5,,爪子,,,false,false,false
lp:919:word:0,919,0,说,0,1,lpw_ccca744613,说,speech,false,true,true,true
lp:919:word:1,919,1,着,1,2,lpw_9e5bf0d2d9,着,function,false,true,true,true
lp:920:word:0,920,0,她,0,1,lpw_2ab425e0c6,她,pronoun,false,true,true,true
lp:920:word:1,920,1,天真,1,3,,天真,,,false,false,false
lp:920:word:2,920,2,地,3,4,lpw_bdbd41e490,地,function,false,true,true,true
lp:920:word:3,920,3,让,4,5,lpw_ad37574404,让,other,false,true,true,true
lp:920:word:4,920,4,他,5,6,lpw_8b7b91e000,他,pronoun,false,true,true,true
lp:920:word:5,920,5,看,6,7,lpw_61f43315f9,看,perception,false,false,false,true
lp:920:word:6,920,6,那,7,8,lpw_5a2362a202,那,pronoun,false,true,true,true
lp:920:word:7,920,7,四,8,9,lpw_754a9d5828,四,other,false,false,false,false
lp:920:word:8,920,8,根,9,10,,根,,,false,false,false
lp:920:word:9,920,9,刺,10,11,lpw_b2ddecd32a,刺,other,false,false,false,false
lp:921:word:0,921,0,随后,0,2,,随后,,,false,false,false
lp:921:word:1,921,1,她,2,3,lpw_2ab425e0c6,她,pronoun,false,true,true,true
lp:921:word:2,921,2,又,3,4,lpw_e71ce5deab,又,function,false,true,true,true
lp:921:word:3,921,3,说,4,5,lpw_ccca744613,说,speech,false,true,true,true
lp:922:word:0,922,0,别,1,2,,别,,,false,false,false
lp:922:word:1,922,1,磨,2,3,,磨,,,false,false,false
lp:922:word:2,922,2,磨蹭,3,5,,磨蹭,,,false,false,false
lp:922:word:3,922,3,蹭,5,6,,蹭,,,false,false,false
lp:922:word:4,922,4,的,6,7,lpw_8af2350cfd,的,function,false,true,true,true
lp:923:word:0,923,0,让,0,1,lpw_ad37574404,让,other,false,true,true,true
lp:923:word:1,923,1,人心,1,3,,人心,,,false,false,false
lp:923:word:2,923,2,烦,3,4,,烦,,,false,false,false
lp:924:word:0,924,0,你,0,1,lpw_a0c7716669,你,pronoun,false,true,true,true
lp:924:word:1,924,1,已经,1,3,lpw_8ee12e2310,已经,other,false,false,false,false
lp:924:word:2,924,2,决定,3,5,,决定,,,false,false,false
lp:924:word:3,924,3,要,5,6,lpw_975f35218e,要,negation_modality,false,false,true,true
lp:924:word:4,924,4,走了,6,8,lpw_25eba59465,走了,other,false,false,false,false
lp:925:word:0,925,0,那就,0,2,,那就,,,false,false,false
lp:925:word:1,925,1,走,2,3,lpw_f66de6c4cd,走,physical_action,false,false,false,false
lp:925:word:2,925,2,吧,3,4,lpw_bad8b6c7ae,吧,function,false,false,false,true
lp:926:word:0,926,0,因为,0,2,lpw_795cfc96d4,因为,function,false,false,true,true
lp:926:word:1,926,1,她不,2,4,,她不,,,false,false,false
lp:926:word:2,926,2,愿意,4,6,,愿意,,,false,false,false
lp:926:word:3,926,3,让,6,7,lpw_ad37574404,让,other,false,true,true,true
lp:926:word:4,926,4,他,7,8,lpw_8b7b91e000,他,pronoun,false,true,true,true
lp:926:word:5,926,5,看见,8,10,lpw_7205426737,看见,perception,false,false,false,true
lp:926:word:6,926,6,自己,10,12,lpw_fb43354d2a,自己,pronoun,false,false,true,true
lp:926:word:7,926,7,流泪,12,14,,流泪,,,false,false,false
lp:927:word:0,927,0,她是,0,2,,她是,,,false,false,false
lp:927:word:1,927,1,一朵,2,4,lpw_aebd6fbbd2,一朵,other,false,false,false,true
lp:927:word:2,927,2,如此,4,6,,如此,,,false,false,false
lp:927:word:3,927,3,骄傲,6,8,,骄傲,,,false,false,false
lp:927:word:4,927,4,的,8,9,lpw_8af2350cfd,的,function,false,true,true,true
lp:927:word:5,927,5,花儿,9,11,lpw_059ab0f707,花,narrative_character|concrete_entity,false,true,true,true
lp:929:word:0,929,0,这,0,1,lpw_d409ab2ab3,这,pronoun,false,true,true,true
lp:929:word:1,929,1,颗,1,2,lpw_09901d3de2,颗,other,false,false,false,false
lp:929:word:2,929,2,星球,2,4,lpw_62f2d6c1a1,星球,place,false,true,true,true
lp:929:word:3,929,3,附近,4,6,,附近,,,false,false,false
lp:930:word:0,930,0,还有,0,2,lpw_83eec76b39,还有,other,false,false,false,false
lp:930:word:1,930,1,号,5,6,,号,,,false,false,false
lp:930:word:2,930,2,号,10,11,,号,,,false,false,false
lp:931:word:0,931,0,号,0,1,,号,,,false,false,false
lp:931:word:1,931,1,号,5,6,,号,,,false,false,false
lp:931:word:2,931,2,号,10,11,,号,,,false,false,false
lp:931:word:3,931,3,和,11,12,lpw_3d7114281f,和,function,false,false,true,true
lp:931:word:4,931,4,号,15,16,,号,,,false,false,false
lp:931:word:5,931,5,小行星,16,19,lpw_68cf5e71c2,小行星,place,true,false,false,false
lp:932:word:0,932,0,于是,0,2,lpw_3617c85a66,于是,other,false,false,false,false
lp:932:word:1,932,1,他,2,3,lpw_8b7b91e000,他,pronoun,false,true,true,true
lp:932:word:2,932,2,开始,3,5,,开始,,,false,false,false
lp:932:word:3,932,3,拜访,5,7,,拜访,,,false,false,false
lp:932:word:4,932,4,这些,7,9,lpw_7a590a22cd,这些,function,false,false,false,true
lp:932:word:5,932,5,星球,9,11,lpw_62f2d6c1a1,星球,place,false,true,true,true
lp:933:word:0,933,0,好,0,1,lpw_f867f34178,好,other,false,false,true,true
lp:933:word:1,933,1,给,1,2,lpw_6e55fb9d8a,给,other,false,true,true,true
lp:933:word:2,933,2,自己,2,4,lpw_fb43354d2a,自己,pronoun,false,false,true,true
lp:933:word:3,933,3,找,4,5,lpw_c277be8a4b,找,other,false,false,false,false
lp:933:word:4,933,4,点,5,6,lpw_08dddeac13,点,other,false,false,false,false
lp:933:word:5,933,5,事,6,7,lpw_1d9ed56951,事,other,false,false,true,true
lp:933:word:6,933,6,干,7,8,lpw_9ee0280bc4,干,other,false,false,false,false
lp:934:word:0,934,0,也好,0,2,,也好,,,false,false,false
lp:934:word:1,934,1,增长,2,4,,增长,,,false,false,false
lp:934:word:2,934,2,些,4,5,lpw_af76fed85c,些,other,false,false,false,false
lp:934:word:3,934,3,见识,5,7,,见识,,,false,false,false
lp:935:word:0,935,0,第,0,1,,第,,,false,false,false
lp:935:word:1,935,1,一颗,1,3,lpw_9a18d5dc38,一颗,time_quantity,false,false,false,false
lp:935:word:2,935,2,小行星,3,6,lpw_68cf5e71c2,小行星,place,true,false,false,false
lp:935:word:3,935,3,上,6,7,lpw_db5ba671d2,上,function,false,true,true,true
lp:935:word:4,935,4,住,7,8,lpw_cbba0a98ab,住,other,false,false,false,false
lp:935:word:5,935,5,着,8,9,lpw_9e5bf0d2d9,着,function,false,true,true,true
lp:935:word:6,935,6,一个,9,11,lpw_e1dbc1c99f,一个,function|time_quantity,false,true,true,true
lp:935:word:7,935,7,国王,11,13,lpw_38e917f021,国王,narrative_character,true,false,false,false
lp:936:word:0,936,0,这个,0,2,lpw_979e2bc35b,这个,function,false,false,true,true
lp:936:word:1,936,1,国王,2,4,lpw_38e917f021,国王,narrative_character,true,false,false,false
lp:936:word:2,936,2,身穿,4,6,,身穿,,,false,false,false
lp:936:word:3,936,3,紫,6,7,,紫,,,false,false,false
lp:936:word:4,936,4,红,7,8,,红,,,false,false,false
lp:936:word:5,936,5,镶,8,9,,镶,,,false,false,false
lp:936:word:6,936,6,边,9,10,,边,,,false,false,false
lp:936:word:7,936,7,白,10,11,,白,,,false,false,false
lp:936:word:8,936,8,鼬,11,12,,鼬,,,false,false,false
lp:936:word:9,936,9,皮,12,13,,皮,,,false,false,false
lp:936:word:10,936,10,长袍,13,15,,长袍,,,false,false,false
lp:937:word:0,937,0,端坐,0,2,,端坐,,,false,false,false
lp:937:word:1,937,1,在,2,3,lpw_12404a0b63,在,function,false,true,true,true
lp:937:word:2,937,2,一张,3,5,lpw_dc50d5e51e,一张,other,true,false,false,false
lp:937:word:3,937,3,简朴,5,7,,简朴,,,false,false,false
lp:937:word:4,937,4,而又,7,9,,而又,,,false,false,false
lp:937:word:5,937,5,气派,9,11,,气派,,,false,false,false
lp:937:word:6,937,6,庄严,11,13,,庄严,,,false,false,false
lp:937:word:7,937,7,的,13,14,lpw_8af2350cfd,的,function,false,true,true,true
lp:937:word:8,937,8,王座,14,16,,王座,,,false,false,false
lp:937:word:9,937,9,上,16,17,lpw_db5ba671d2,上,function,false,true,true,true
lp:938:word:0,938,0,哈,1,2,,哈,,,false,false,false
lp:938:word:1,938,1,来,3,4,lpw_6d8229118c,来,physical_action,false,true,true,true
lp:938:word:2,938,2,了,4,5,lpw_b2dd27e84f,了,function,false,true,true,true
lp:938:word:3,938,3,一个,5,7,lpw_e1dbc1c99f,一个,function|time_quantity,false,true,true,true
lp:938:word:4,938,4,臣民,7,9,,臣民,,,false,false,false
lp:939:word:0,939,0,国王,0,2,lpw_38e917f021,国王,narrative_character,true,false,false,false
lp:939:word:1,939,1,看见,2,4,lpw_7205426737,看见,perception,false,false,false,true
lp:939:word:2,939,2,小王子,4,7,lpw_87f2a033cf,小王子,narrative_character,false,true,true,true
lp:940:word:0,940,0,大声,0,2,,大声,,,false,false,false
lp:940:word:1,940,1,叫了,2,4,,叫了,,,false,false,false
lp:940:word:2,940,2,起来,4,6,lpw_b8a694b2df,起来,other,false,false,false,true
lp:941:word:0,941,0,可,0,1,lpw_8b9cefa38e,可,other,false,false,true,true
lp:941:word:1,941,1,小王子,1,4,lpw_87f2a033cf,小王子,narrative_character,false,true,true,true
lp:941:word:2,941,2,觉得,4,6,lpw_78c82d9f41,觉得,cognition,false,false,false,true
lp:941:word:3,941,3,纳闷,6,8,,纳闷,,,false,false,false
lp:942:word:0,942,0,他,1,2,lpw_8b7b91e000,他,pronoun,false,true,true,true
lp:942:word:1,942,1,以前,2,4,lpw_aa98317793,以前,other,false,false,false,false
lp:942:word:2,942,2,从,4,5,lpw_2719a8ea30,从,function,false,false,false,true
lp:942:word:3,942,3,没,5,6,lpw_279e8b3573,没,negation_modality,false,false,true,true
lp:942:word:4,942,4,见过,6,8,,见过,,,false,false,false
lp:942:word:5,942,5,我,8,9,lpw_b70bb4acc0,我,pronoun,false,true,true,true
lp:943:word:0,943,0,怎么,0,2,lpw_5ee8091a38,怎么,interrogative,false,false,false,false
lp:943:word:1,943,1,会,2,3,lpw_5ba1e3c0eb,会,negation_modality,false,true,true,true
lp:943:word:2,943,2,认识,3,5,,认识,,,false,false,false
lp:943:word:3,943,3,我,5,6,lpw_b70bb4acc0,我,pronoun,false,true,true,true
lp:943:word:4,943,4,呢,6,7,lpw_02811cec0b,呢,function|interrogative,false,true,true,true
lp:944:word:0,944,0,他不,0,2,,他不,,,false,false,false
lp:944:word:1,944,1,知道,2,4,lpw_d7b6472b11,知道,cognition,false,false,true,true
lp:945:word:0,945,0,对,0,1,lpw_74570c7270,对,function,false,true,true,true
lp:945:word:1,945,1,国王,1,3,lpw_38e917f021,国王,narrative_character,true,false,false,false
lp:945:word:2,945,2,来说,3,5,lpw_a0cc5593ee,来说,other,false,false,false,true
lp:946:word:0,946,0,世界,0,2,,世界,,,false,false,false
lp:946:word:1,946,1,是,2,3,lpw_b5141d3d19,是,function,false,true,true,true
lp:946:word:2,946,2,非常,3,5,lpw_2ccec3b419,非常,other,false,false,false,false
lp:946:word:3,946,3,简单,5,7,,简单,,,false,false,false
lp:946:word:4,946,4,的,7,8,lpw_8af2350cfd,的,function,false,true,true,true
lp:947:word:0,947,0,所有,0,2,lpw_ae99f297e9,所有,other,false,false,false,false
lp:947:word:1,947,1,的,2,3,lpw_8af2350cfd,的,function,false,true,true,true
lp:947:word:2,947,2,人,3,4,lpw_50f5d65d57,人,other,false,true,true,true
lp:947:word:3,947,3,都是,4,6,lpw_ef4e15ff45,都是,other,false,false,false,false
lp:947:word:4,947,4,臣民,6,8,,臣民,,,false,false,false
lp:948:word:0,948,0,你,1,2,lpw_a0c7716669,你,pronoun,false,true,true,true
lp:948:word:1,948,1,走近,2,4,,走近,,,false,false,false
lp:948:word:2,948,2,点,4,5,lpw_08dddeac13,点,other,false,false,false,false
lp:949:word:0,949,0,让,0,1,lpw_ad37574404,让,other,false,true,true,true
lp:949:word:1,949,1,我,1,2,lpw_b70bb4acc0,我,pronoun,false,true,true,true
lp:949:word:2,949,2,好好,2,4,,好好,,,false,false,false
lp:949:word:3,949,3,看看,4,6,,看看,,,false,false,false
lp:949:word:4,949,4,你,6,7,lpw_a0c7716669,你,pronoun,false,true,true,true
lp:950:word:0,950,0,国王,0,2,lpw_38e917f021,国王,narrative_character,true,false,false,false
lp:950:word:1,950,1,说,2,3,lpw_ccca744613,说,speech,false,true,true,true
lp:951:word:0,951,0,他,0,1,lpw_8b7b91e000,他,pronoun,false,true,true,true
lp:951:word:1,951,1,觉得,1,3,lpw_78c82d9f41,觉得,cognition,false,false,false,true
lp:951:word:2,951,2,非常,3,5,lpw_2ccec3b419,非常,other,false,false,false,false
lp:951:word:3,951,3,骄傲,5,7,,骄傲,,,false,false,false
lp:952:word:0,952,0,因为,0,2,lpw_795cfc96d4,因为,function,false,false,true,true
lp:952:word:1,952,1,他,2,3,lpw_8b7b91e000,他,pronoun,false,true,true,true
lp:952:word:2,952,2,终于,3,5,,终于,,,false,false,false
lp:952:word:3,952,3,成了,5,7,,成了,,,false,false,false
lp:952:word:4,952,4,某,7,8,,某,,,false,false,false
lp:952:word:5,952,5,个人,8,10,,个人,,,false,false,false
lp:952:word:6,952,6,的,10,11,lpw_8af2350cfd,的,function,false,true,true,true
lp:952:word:7,952,7,国王,11,13,lpw_38e917f021,国王,narrative_character,true,false,false,false
lp:953:word:0,953,0,小王子,0,3,lpw_87f2a033cf,小王子,narrative_character,false,true,true,true
lp:953:word:1,953,1,朝,3,4,,朝,,,false,false,false
lp:953:word:2,953,2,四,4,5,lpw_754a9d5828,四,other,false,false,false,false
lp:953:word:3,953,3,下,5,6,lpw_13c12b064b,下,function,false,false,false,false
lp:953:word:4,953,4,里,6,7,lpw_79f43de6e3,里,function,false,false,true,true
lp:953:word:5,953,5,看看,7,9,,看看,,,false,false,false
lp:954:word:0,954,0,想,0,1,lpw_df0d251938,想,cognition,false,false,false,true
lp:954:word:1,954,1,找个,1,3,,找个,,,false,false,false
lp:954:word:2,954,2,地方,3,5,lpw_1462a7d853,地方,other,false,false,false,true
lp:954:word:3,954,3,坐下,5,7,,坐下,,,false,false,false
lp:954:word:4,954,4,来,7,8,lpw_6d8229118c,来,physical_action,false,true,true,true
lp:955:word:0,955,0,可是,0,2,lpw_38ca4a9c76,可是,function,false,false,true,true
lp:955:word:1,955,1,整个,2,4,,整个,,,false,false,false
lp:955:word:2,955,2,星球,4,6,lpw_62f2d6c1a1,星球,place,false,true,true,true
lp:955:word:3,955,3,都,6,7,lpw_7eabb36ba1,都,function,false,false,true,true
lp:955:word:4,955,4,被,7,8,,被,,,false,false,false
lp:955:word:5,955,5,那,8,9,lpw_5a2362a202,那,pronoun,false,true,true,true
lp:955:word:6,955,6,袭,9,10,,袭,,,false,false,false
lp:956:word:0,956,0,华丽,0,2,,华丽,,,false,false,false
lp:956:word:1,956,1,的,2,3,lpw_8af2350cfd,的,function,false,true,true,true
lp:956:word:2,956,2,白,3,4,,白,,,false,false,false
lp:956:word:3,956,3,鼬,4,5,,鼬,,,false,false,false
lp:956:word:4,956,4,皮,5,6,,皮,,,false,false,false
lp:956:word:5,956,5,长袍,6,8,,长袍,,,false,false,false
lp:956:word:6,956,6,占满,8,10,,占满,,,false,false,false
lp:956:word:7,956,7,了,10,11,lpw_b2dd27e84f,了,function,false,true,true,true
lp:957:word:0,957,0,所以,0,2,lpw_a2f7e42081,所以,function,false,false,false,false
lp:957:word:1,957,1,他,2,3,lpw_8b7b91e000,他,pronoun,false,true,true,true
lp:957:word:2,957,2,只好,3,5,,只好,,,false,false,false
lp:957:word:3,957,3,站,5,6,,站,,,false,false,false
lp:957:word:4,957,4,着,6,7,lpw_9e5bf0d2d9,着,function,false,true,true,true
lp:958:word:0,958,0,不过,0,2,lpw_72113362c6,不过,function,false,false,false,true
lp:959:word:0,959,0,由于,0,2,,由于,,,false,false,false
lp:959:word:1,959,1,他,2,3,lpw_8b7b91e000,他,pronoun,false,true,true,true
lp:959:word:2,959,2,累了,3,5,,累了,,,false,false,false
lp:960:word:0,960,0,就打,0,2,,就打,,,false,false,false
lp:960:word:1,960,1,了,2,3,lpw_b2dd27e84f,了,function,false,true,true,true
lp:960:word:2,960,2,个,3,4,lpw_3a116815bc,个,other,false,false,true,true
lp:960:word:3,960,3,哈欠,4,6,,哈欠,,,false,false,false
lp:961:word:0,961,0,在,1,2,lpw_12404a0b63,在,function,false,true,true,true
lp:961:word:1,961,1,国王,2,4,lpw_38e917f021,国王,narrative_character,true,false,false,false
lp:961:word:2,961,2,面前,4,6,,面前,,,false,false,false
lp:961:word:3,961,3,打哈欠,6,9,,打哈欠,,,false,false,false
lp:962:word:0,962,0,有,0,1,lpw_90ce0f66f0,有,other,false,true,true,true
lp:962:word:1,962,1,违,1,2,,违,,,false,false,false
lp:962:word:2,962,2,宫廷,2,4,,宫廷,,,false,false,false
lp:962:word:3,962,3,礼仪,4,6,,礼仪,,,false,false,false
lp:963:word:0,963,0,国王,0,2,lpw_38e917f021,国王,narrative_character,true,false,false,false
lp:963:word:1,963,1,对,2,3,lpw_74570c7270,对,function,false,true,true,true
lp:963:word:2,963,2,他,3,4,lpw_8b7b91e000,他,pronoun,false,true,true,true
lp:963:word:3,963,3,说,4,5,lpw_ccca744613,说,speech,false,true,true,true
lp:964:word:0,964,0,我,1,2,lpw_b70bb4acc0,我,pronoun,false,true,true,true
lp:964:word:1,964,1,禁止,2,4,,禁止,,,false,false,false
lp:964:word:2,964,2,你,4,5,lpw_a0c7716669,你,pronoun,false,true,true,true
lp:964:word:3,964,3,打哈欠,5,8,,打哈欠,,,false,false,false
lp:965:word:0,965,0,我没,1,3,lpw_6af7322be2,我没,other,false,false,false,false
lp:965:word:1,965,1,忍住,3,5,,忍住,,,false,false,false
lp:966:word:0,966,0,小王子,0,3,lpw_87f2a033cf,小王子,narrative_character,false,true,true,true
lp:966:word:1,966,1,歉疚,3,5,,歉疚,,,false,false,false
lp:966:word:2,966,2,地,5,6,lpw_bdbd41e490,地,function,false,true,true,true
lp:966:word:3,966,3,说,6,7,lpw_ccca744613,说,speech,false,true,true,true
lp:967:word:0,967,0,我,1,2,lpw_b70bb4acc0,我,pronoun,false,true,true,true
lp:967:word:1,967,1,走了,2,4,lpw_25eba59465,走了,other,false,false,false,false
lp:967:word:2,967,2,好,4,5,lpw_f867f34178,好,other,false,false,true,true
lp:967:word:3,967,3,长,5,6,lpw_597ae23d84,长,other,false,false,false,false
lp:967:word:4,967,4,的,6,7,lpw_8af2350cfd,的,function,false,true,true,true
lp:967:word:5,967,5,路,7,8,,路,,,false,false,false
lp:968:word:0,968,0,一直,0,2,,一直,,,false,false,false
lp:968:word:1,968,1,没,2,3,lpw_279e8b3573,没,negation_modality,false,false,true,true
lp:968:word:2,968,2,睡觉,3,5,,睡觉,,,false,false,false
lp:969:word:0,969,0,那么,1,3,lpw_a61f02e145,那么,function,false,false,false,true
lp:970:word:0,970,0,国王,0,2,lpw_38e917f021,国王,narrative_character,true,false,false,false
lp:970:word:1,970,1,对,2,3,lpw_74570c7270,对,function,false,true,true,true
lp:970:word:2,970,2,他,3,4,lpw_8b7b91e000,他,pronoun,false,true,true,true
lp:970:word:3,970,3,说,4,5,lpw_ccca744613,说,speech,false,true,true,true
lp:971:word:0,971,0,我,1,2,lpw_b70bb4acc0,我,pronoun,false,true,true,true
lp:971:word:1,971,1,命令,2,4,lpw_928f87d450,命令,speech,true,false,false,false
lp:971:word:2,971,2,你,4,5,lpw_a0c7716669,你,pronoun,false,true,true,true
lp:971:word:3,971,3,打哈欠,5,8,,打哈欠,,,false,false,false
lp:972:word:0,972,0,我有,0,2,lpw_59cbe38d1c,我有,other,false,false,false,false
lp:972:word:1,972,1,好几,2,4,,好几,,,false,false,false
lp:972:word:2,972,2,年,4,5,,年,,,false,false,false
lp:972:word:3,972,3,没,5,6,lpw_279e8b3573,没,negation_modality,false,false,true,true
lp:972:word:4,972,4,见,6,7,,见,,,false,false,false
lp:972:word:5,972,5,人,7,8,lpw_50f5d65d57,人,other,false,true,true,true
lp:972:word:6,972,6,打哈欠,8,11,,打哈欠,,,false,false,false
lp:972:word:7,972,7,了,11,12,lpw_b2dd27e84f,了,function,false,true,true,true
lp:973:word:0,973,0,我,0,1,lpw_b70bb4acc0,我,pronoun,false,true,true,true
lp:973:word:1,973,1,觉得,1,3,lpw_78c82d9f41,觉得,cognition,false,false,false,true
lp:973:word:2,973,2,打哈欠,3,6,,打哈欠,,,false,false,false
lp:973:word:3,973,3,挺,6,7,,挺,,,false,false,false
lp:973:word:4,973,4,好玩,7,9,,好玩,,,false,false,false
lp:974:word:0,974,0,来,0,1,lpw_6d8229118c,来,physical_action,false,true,true,true
lp:974:word:1,974,1,再,2,3,,再,,,false,false,false
lp:974:word:2,974,2,打个,3,5,,打个,,,false,false,false
lp:974:word:3,974,3,哈欠,5,7,,哈欠,,,false,false,false
lp:975:word:0,975,0,这,0,1,lpw_d409ab2ab3,这,pronoun,false,true,true,true
lp:975:word:1,975,1,是,1,2,lpw_b5141d3d19,是,function,false,true,true,true
lp:975:word:2,975,2,命令,2,4,lpw_928f87d450,命令,speech,true,false,false,false
lp:976:word:0,976,0,我,1,2,lpw_b70bb4acc0,我,pronoun,false,true,true,true
lp:976:word:1,976,1,给,2,3,lpw_6e55fb9d8a,给,other,false,true,true,true
lp:976:word:2,976,2,吓,3,4,,吓,,,false,false,false
lp:976:word:3,976,3,着,4,5,lpw_9e5bf0d2d9,着,function,false,true,true,true
lp:976:word:4,976,4,了,5,6,lpw_b2dd27e84f,了,function,false,true,true,true
lp:977:word:0,977,0,打,0,1,,打,,,false,false,false
lp:977:word:1,977,1,不出,1,3,,不出,,,false,false,false
lp:978:word:0,978,0,小王子,0,3,lpw_87f2a033cf,小王子,narrative_character,false,true,true,true
lp:978:word:1,978,1,涨红,3,5,,涨红,,,false,false,false
lp:978:word:2,978,2,着,5,6,lpw_9e5bf0d2d9,着,function,false,true,true,true
lp:978:word:3,978,3,脸,6,7,,脸,,,false,false,false
lp:978:word:4,978,4,说,7,8,lpw_ccca744613,说,speech,false,true,true,true
lp:979:word:0,979,0,呣,1,2,,呣,,,false,false,false
lp:979:word:1,979,1,呣,3,4,,呣,,,false,false,false
lp:980:word:0,980,0,国王,0,2,lpw_38e917f021,国王,narrative_character,true,false,false,false
lp:980:word:1,980,1,回答,2,4,lpw_f3f5126487,回答,speech,false,false,true,true
lp:980:word:2,980,2,说,4,5,lpw_ccca744613,说,speech,false,true,true,true
lp:981:word:0,981,0,那么,1,3,lpw_a61f02e145,那么,function,false,false,false,true
lp:981:word:1,981,1,我,3,4,lpw_b70bb4acc0,我,pronoun,false,true,true,true
lp:982:word:0,982,0,我,0,1,lpw_b70bb4acc0,我,pronoun,false,true,true,true
lp:982:word:1,982,1,命令,1,3,lpw_928f87d450,命令,speech,true,false,false,false
lp:982:word:2,982,2,你,3,4,lpw_a0c7716669,你,pronoun,false,true,true,true
lp:982:word:3,982,3,一,4,5,lpw_51a75f4634,一,other,false,false,true,true
lp:982:word:4,982,4,会,5,6,lpw_5ba1e3c0eb,会,negation_modality,false,true,true,true
lp:982:word:5,982,5,儿,6,7,lpw_1ed5efc3dc,儿,other,false,false,false,false
lp:982:word:6,982,6,打哈欠,7,10,,打哈欠,,,false,false,false
lp:983:word:0,983,0,一,0,1,lpw_51a75f4634,一,other,false,false,true,true
lp:983:word:1,983,1,会,1,2,lpw_5ba1e3c0eb,会,negation_modality,false,true,true,true
lp:983:word:2,983,2,儿,2,3,lpw_1ed5efc3dc,儿,other,false,false,false,false
lp:984:word:0,984,0,他,0,1,lpw_8b7b91e000,他,pronoun,false,true,true,true
lp:984:word:1,984,1,嘟嘟,1,3,,嘟嘟,,,false,false,false
lp:984:word:2,984,2,哝哝,3,5,,哝哝,,,false,false,false
lp:984:word:3,984,3,的,5,6,lpw_8af2350cfd,的,function,false,true,true,true
lp:985:word:0,985,0,看上去,0,3,,看上去,,,false,false,false
lp:985:word:1,985,1,不大,3,5,,不大,,,false,false,false
lp:985:word:2,985,2,高兴,5,7,,高兴,,,false,false,false
lp:986:word:0,986,0,国王,0,2,lpw_38e917f021,国王,narrative_character,true,false,false,false
lp:986:word:1,986,1,其实是,2,5,,其实是,,,false,false,false
lp:986:word:2,986,2,要,5,6,lpw_975f35218e,要,negation_modality,false,false,true,true
lp:986:word:3,986,3,别人,6,8,,别人,,,false,false,false
lp:986:word:4,986,4,尊重,8,10,,尊重,,,false,false,false
lp:986:word:5,986,5,他,10,11,lpw_8b7b91e000,他,pronoun,false,true,true,true
lp:986:word:6,986,6,的,11,12,lpw_8af2350cfd,的,function,false,true,true,true
lp:986:word:7,986,7,权威,12,14,,权威,,,false,false,false
lp:987:word:0,987,0,他,0,1,lpw_8b7b91e000,他,pronoun,false,true,true,true
lp:987:word:1,987,1,不能,1,3,,不能,,,false,false,false
lp:987:word:2,987,2,容忍,3,5,,容忍,,,false,false,false
lp:987:word:3,987,3,别人,5,7,,别人,,,false,false,false
lp:987:word:4,987,4,不,7,8,lpw_b02dfe2160,不,negation_modality,false,false,true,true
lp:987:word:5,987,5,服从,8,10,,服从,,,false,false,false
lp:987:word:6,987,6,命令,10,12,lpw_928f87d450,命令,speech,true,false,false,false
lp:988:word:0,988,0,他是,0,2,,他是,,,false,false,false
lp:988:word:1,988,1,个,2,3,lpw_3a116815bc,个,other,false,false,true,true
lp:988:word:2,988,2,专制,3,5,,专制,,,false,false,false
lp:988:word:3,988,3,的,5,6,lpw_8af2350cfd,的,function,false,true,true,true
lp:988:word:4,988,4,君主,6,8,,君主,,,false,false,false
lp:989:word:0,989,0,不过,0,2,lpw_72113362c6,不过,function,false,false,false,true
lp:990:word:0,990,0,因为,0,2,lpw_795cfc96d4,因为,function,false,false,true,true
lp:990:word:1,990,1,他,2,3,lpw_8b7b91e000,他,pronoun,false,true,true,true
lp:990:word:2,990,2,很,3,4,lpw_f2b91797ea,很,other,false,true,true,true
lp:990:word:3,990,3,善良,4,6,,善良,,,false,false,false
lp:991:word:0,991,0,他,0,1,lpw_8b7b91e000,他,pronoun,false,true,true,true
lp:991:word:1,991,1,下,1,2,lpw_13c12b064b,下,function,false,false,false,false
lp:991:word:2,991,2,的,2,3,lpw_8af2350cfd,的,function,false,true,true,true
lp:991:word:3,991,3,命令,3,5,lpw_928f87d450,命令,speech,true,false,false,false
lp:991:word:4,991,4,都是,5,7,lpw_ef4e15ff45,都是,other,false,false,false,false
lp:991:word:5,991,5,通,7,8,,通,,,false,false,false
lp:991:word:6,991,6,情,8,9,,情,,,false,false,false
lp:991:word:7,991,7,达,9,10,,达,,,false,false,false
lp:991:word:8,991,8,理,10,11,,理,,,false,false,false
lp:991:word:9,991,9,的,11,12,lpw_8af2350cfd,的,function,false,true,true,true
lp:992:word:0,992,0,要是,1,3,lpw_467b2562ed,要是,function,false,false,false,true
lp:992:word:1,992,1,我,3,4,lpw_b70bb4acc0,我,pronoun,false,true,true,true
lp:992:word:2,992,2,命令,4,6,lpw_928f87d450,命令,speech,true,false,false,false
lp:993:word:0,993,0,这,0,1,lpw_d409ab2ab3,这,pronoun,false,true,true,true
lp:993:word:1,993,1,番话,1,3,,番话,,,false,false,false
lp:993:word:2,993,2,他,3,4,lpw_8b7b91e000,他,pronoun,false,true,true,true
lp:993:word:3,993,3,说得,4,6,,说得,,,false,false,false
lp:993:word:4,993,4,流畅,6,8,,流畅,,,false,false,false
lp:993:word:5,993,5,极了,8,10,,极了,,,false,false,false
lp:994:word:0,994,0,要是,1,3,lpw_467b2562ed,要是,function,false,false,false,true
lp:994:word:1,994,1,我,3,4,lpw_b70bb4acc0,我,pronoun,false,true,true,true
lp:994:word:2,994,2,命令,4,6,lpw_928f87d450,命令,speech,true,false,false,false
lp:994:word:3,994,3,一个,6,8,lpw_e1dbc1c99f,一个,function|time_quantity,false,true,true,true
lp:994:word:4,994,4,将军,8,10,,将军,,,false,false,false
lp:994:word:5,994,5,变成,10,12,,变成,,,false,false,false
lp:994:word:6,994,6,一只,12,14,lpw_216a478784,一只,time_quantity,false,false,false,false
lp:994:word:7,994,7,海,14,15,,海,,,false,false,false
lp:994:word:8,994,8,鸟,15,16,,鸟,,,false,false,false
lp:995:word:0,995,0,那个,0,2,lpw_fa6e73c549,那个,function,false,false,false,false
lp:995:word:1,995,1,将军,2,4,,将军,,,false,false,false
lp:995:word:2,995,2,不,4,5,lpw_b02dfe2160,不,negation_modality,false,false,true,true
lp:995:word:3,995,3,服从,5,7,,服从,,,false,false,false
lp:996:word:0,996,0,这,0,1,lpw_d409ab2ab3,这,pronoun,false,true,true,true
lp:996:word:1,996,1,就不是,1,4,,就不是,,,false,false,false
lp:996:word:2,996,2,那个,4,6,lpw_fa6e73c549,那个,function,false,false,false,false
lp:996:word:3,996,3,将军,6,8,,将军,,,false,false,false
lp:996:word:4,996,4,的,8,9,lpw_8af2350cfd,的,function,false,true,true,true
lp:996:word:5,996,5,错,9,10,,错,,,false,false,false
lp:997:word:0,997,0,这,0,1,lpw_d409ab2ab3,这,pronoun,false,true,true,true
lp:997:word:1,997,1,是,1,2,lpw_b5141d3d19,是,function,false,true,true,true
lp:997:word:2,997,2,我,2,3,lpw_b70bb4acc0,我,pronoun,false,true,true,true
lp:997:word:3,997,3,的,3,4,lpw_8af2350cfd,的,function,false,true,true,true
lp:997:word:4,997,4,错,4,5,,错,,,false,false,false
lp:998:word:0,998,0,我,1,2,lpw_b70bb4acc0,我,pronoun,false,true,true,true
lp:998:word:1,998,1,可以,2,4,lpw_0ef5c86fab,可以,negation_modality,false,false,false,true
lp:998:word:2,998,2,坐下,4,6,,坐下,,,false,false,false
lp:998:word:3,998,3,吗,6,7,lpw_5ac1612110,吗,function|interrogative,false,false,false,true
lp:999:word:0,999,0,小王子,0,3,lpw_87f2a033cf,小王子,narrative_character,false,true,true,true
lp:999:word:1,999,1,怯生生,3,6,,怯生生,,,false,false,false
lp:999:word:2,999,2,地,6,7,lpw_bdbd41e490,地,function,false,true,true,true
lp:999:word:3,999,3,问,7,8,lpw_4628c0e06f,问,speech,false,false,true,true
lp:1000:word:0,1000,0,我,1,2,lpw_b70bb4acc0,我,pronoun,false,true,true,true
lp:1000:word:1,1000,1,命令,2,4,lpw_928f87d450,命令,speech,true,false,false,false
lp:1000:word:2,1000,2,你,4,5,lpw_a0c7716669,你,pronoun,false,true,true,true
lp:1000:word:3,1000,3,坐下,5,7,,坐下,,,false,false,false
lp:1001:word:0,1001,0,国王,0,2,lpw_38e917f021,国王,narrative_character,true,false,false,false
lp:1001:word:1,1001,1,回答,2,4,lpw_f3f5126487,回答,speech,false,false,true,true
lp:1001:word:2,1001,2,他,4,5,lpw_8b7b91e000,他,pronoun,false,true,true,true
lp:1001:word:3,1001,3,说,5,6,lpw_ccca744613,说,speech,false,true,true,true
lp:1002:word:0,1002,0,庄重,0,2,,庄重,,,false,false,false
lp:1002:word:1,1002,1,地,2,3,lpw_bdbd41e490,地,function,false,true,true,true
lp:1002:word:2,1002,2,挪,3,4,,挪,,,false,false,false
lp:1002:word:3,1002,3,了,4,5,lpw_b2dd27e84f,了,function,false,true,true,true
lp:1002:word:4,1002,4,挪,5,6,,挪,,,false,false,false
lp:1002:word:5,1002,5,白,6,7,,白,,,false,false,false
lp:1002:word:6,1002,6,鼬,7,8,,鼬,,,false,false,false
lp:1002:word:7,1002,7,皮,8,9,,皮,,,false,false,false
lp:1002:word:8,1002,8,长袍,9,11,,长袍,,,false,false,false
lp:1002:word:9,1002,9,的,11,12,lpw_8af2350cfd,的,function,false,true,true,true
lp:1002:word:10,1002,10,下,12,13,lpw_13c12b064b,下,function,false,false,false,false
lp:1002:word:11,1002,11,摆,13,14,,摆,,,false,false,false
lp:1003:word:0,1003,0,可是,0,2,lpw_38ca4a9c76,可是,function,false,false,true,true
lp:1003:word:1,1003,1,小王子,2,5,lpw_87f2a033cf,小王子,narrative_character,false,true,true,true
lp:1003:word:2,1003,2,感到,5,7,lpw_15c2457566,感到,perception,false,false,false,true
lp:1003:word:3,1003,3,很,7,8,lpw_f2b91797ea,很,other,false,true,true,true
lp:1003:word:4,1003,4,奇怪,8,10,,奇怪,,,false,false,false
lp:1004:word:0,1004,0,这么,0,2,lpw_7677ca84c6,这么,other,false,false,false,true
lp:1004:word:1,1004,1,小,2,3,lpw_6a7339bb75,小,other,false,false,true,true
lp:1004:word:2,1004,2,的,3,4,lpw_8af2350cfd,的,function,false,true,true,true
lp:1004:word:3,1004,3,星球,4,6,lpw_62f2d6c1a1,星球,place,false,true,true,true
lp:1005:word:0,1005,0,国王,0,2,lpw_38e917f021,国王,narrative_character,true,false,false,false
lp:1005:word:1,1005,1,能,2,3,lpw_413c06bcef,能,other,false,false,false,false
lp:1005:word:2,1005,2,统治,3,5,,统治,,,false,false,false
lp:1005:word:3,1005,3,什么,5,7,lpw_c1b52e0e64,什么,pronoun|interrogative,false,true,true,true
lp:1005:word:4,1005,4,呢,7,8,lpw_02811cec0b,呢,function|interrogative,false,true,true,true
lp:1006:word:0,1006,0,陛下,1,3,,陛下,,,false,false,false
lp:1007:word:0,1007,0,他,0,1,lpw_8b7b91e000,他,pronoun,false,true,true,true
lp:1007:word:1,1007,1,说,1,2,lpw_ccca744613,说,speech,false,true,true,true
lp:1008:word:0,1008,0,请,1,2,lpw_88d5840fab,请,other,false,false,false,false
lp:1008:word:1,1008,1,允许,2,4,,允许,,,false,false,false
lp:1008:word:2,1008,2,我,4,5,lpw_b70bb4acc0,我,pronoun,false,true,true,true
lp:1008:word:3,1008,3,向,5,6,lpw_a2f77db0e9,向,other,false,false,false,false
lp:1008:word:4,1008,4,您,6,7,lpw_9bbfbbc76f,您,pronoun,true,false,false,false
lp:1008:word:5,1008,5,提个,7,9,,提个,,,false,false,false
lp:1009:word:0,1009,0,我,1,2,lpw_b70bb4acc0,我,pronoun,false,true,true,true
lp:1009:word:1,1009,1,命令,2,4,lpw_928f87d450,命令,speech,true,false,false,false
lp:1009:word:2,1009,2,你,4,5,lpw_a0c7716669,你,pronoun,false,true,true,true
lp:1009:word:3,1009,3,向,5,6,lpw_a2f77db0e9,向,other,false,false,false,false
lp:1009:word:4,1009,4,我,6,7,lpw_b70bb4acc0,我,pronoun,false,true,true,true
lp:1009:word:5,1009,5,提,7,8,,提,,,false,false,false
lp:1009:word:6,1009,6,问题,8,10,lpw_33a8618cb6,问题,other,false,false,false,false
lp:1010:word:0,1010,0,国王,0,2,lpw_38e917f021,国王,narrative_character,true,false,false,false
lp:1010:word:1,1010,1,赶紧,2,4,,赶紧,,,false,false,false
lp:1010:word:2,1010,2,抢,4,5,,抢,,,false,false,false
lp:1010:word:3,1010,3,着,5,6,lpw_9e5bf0d2d9,着,function,false,true,true,true
lp:1010:word:4,1010,4,说,6,7,lpw_ccca744613,说,speech,false,true,true,true
lp:1011:word:0,1011,0,陛下,1,3,,陛下,,,false,false,false
lp:1012:word:0,1012,0,您,0,1,lpw_9bbfbbc76f,您,pronoun,true,false,false,false
lp:1012:word:1,1012,1,统治,1,3,,统治,,,false,false,false
lp:1012:word:2,1012,2,什么,3,5,lpw_c1b52e0e64,什么,pronoun|interrogative,false,true,true,true
lp:1012:word:3,1012,3,呢,5,6,lpw_02811cec0b,呢,function|interrogative,false,true,true,true
lp:1013:word:0,1013,0,一切,1,3,,一切,,,false,false,false
lp:1014:word:0,1014,0,国王,0,2,lpw_38e917f021,国王,narrative_character,true,false,false,false
lp:1014:word:1,1014,1,的,2,3,lpw_8af2350cfd,的,function,false,true,true,true
lp:1014:word:2,1014,2,回答,3,5,lpw_f3f5126487,回答,speech,false,false,true,true
lp:1014:word:3,1014,3,简单明了,5,9,,简单明了,,,false,false,false
lp:1015:word:0,1015,0,一切,1,3,,一切,,,false,false,false
lp:1016:word:0,1016,0,国王,0,2,lpw_38e917f021,国王,narrative_character,true,false,false,false
lp:1016:word:1,1016,1,小心翼翼,2,6,,小心翼翼,,,false,false,false
lp:1016:word:2,1016,2,地,6,7,lpw_bdbd41e490,地,function,false,true,true,true
lp:1016:word:3,1016,3,做了,7,9,,做了,,,false,false,false
lp:1016:word:4,1016,4,个,9,10,lpw_3a116815bc,个,other,false,false,true,true
lp:1016:word:5,1016,5,手势,10,12,,手势,,,false,false,false
lp:1017:word:0,1017,0,指,0,1,,指,,,false,false,false
lp:1017:word:1,1017,1,了,1,2,lpw_b2dd27e84f,了,function,false,true,true,true
lp:1017:word:2,1017,2,指,2,3,,指,,,false,false,false
lp:1017:word:3,1017,3,他,3,4,lpw_8b7b91e000,他,pronoun,false,true,true,true
lp:1017:word:4,1017,4,的,4,5,lpw_8af2350cfd,的,function,false,true,true,true
lp:1017:word:5,1017,5,行星,5,7,lpw_19956b104c,行星,other,false,false,false,false
lp:1017:word:6,1017,6,其他,8,10,,其他,,,false,false,false
lp:1017:word:7,1017,7,的,10,11,lpw_8af2350cfd,的,function,false,true,true,true
lp:1017:word:8,1017,8,行星,11,13,lpw_19956b104c,行星,other,false,false,false,false
lp:1017:word:9,1017,9,和,13,14,lpw_3d7114281f,和,function,false,false,true,true
lp:1017:word:10,1017,10,所有,14,16,lpw_ae99f297e9,所有,other,false,false,false,false
lp:1017:word:11,1017,11,的,16,17,lpw_8af2350cfd,的,function,false,true,true,true
lp:1017:word:12,1017,12,星星,17,19,lpw_6a9fec7faf,星星,concrete_entity,false,true,true,true
lp:1018:word:0,1018,0,全,1,2,,全,,,false,false,false
lp:1018:word:1,1018,1,归,2,3,,归,,,false,false,false
lp:1018:word:2,1018,2,您,3,4,lpw_9bbfbbc76f,您,pronoun,true,false,false,false
lp:1018:word:3,1018,3,统治,4,6,,统治,,,false,false,false
lp:1019:word:0,1019,0,小王子,0,3,lpw_87f2a033cf,小王子,narrative_character,false,true,true,true
lp:1019:word:1,1019,1,问,3,4,lpw_4628c0e06f,问,speech,false,false,true,true
lp:1020:word:0,1020,0,全,1,2,,全,,,false,false,false
lp:1020:word:1,1020,1,归,2,3,,归,,,false,false,false
lp:1020:word:2,1020,2,我,3,4,lpw_b70bb4acc0,我,pronoun,false,true,true,true
lp:1020:word:3,1020,3,统治,4,6,,统治,,,false,false,false
lp:1021:word:0,1021,0,国王,0,2,lpw_38e917f021,国王,narrative_character,true,false,false,false
lp:1021:word:1,1021,1,回答,2,4,lpw_f3f5126487,回答,speech,false,false,true,true
lp:1021:word:2,1021,2,说,4,5,lpw_ccca744613,说,speech,false,true,true,true
lp:1022:word:0,1022,0,因为,0,2,lpw_795cfc96d4,因为,function,false,false,true,true
lp:1022:word:1,1022,1,他,2,3,lpw_8b7b91e000,他,pronoun,false,true,true,true
lp:1022:word:2,1022,2,不仅是,3,6,,不仅是,,,false,false,false
lp:1022:word:3,1022,3,一国,6,8,,一国,,,false,false,false
lp:1022:word:4,1022,4,的,8,9,lpw_8af2350cfd,的,function,false,true,true,true
lp:1022:word:5,1022,5,专制,9,11,,专制,,,false,false,false
lp:1022:word:6,1022,6,君主,11,13,,君主,,,false,false,false
lp:1023:word:0,1023,0,还是,0,2,lpw_dfaa7d6f73,还是,other,false,false,false,false
lp:1023:word:1,1023,1,宇宙,2,4,,宇宙,,,false,false,false
lp:1023:word:2,1023,2,的,4,5,lpw_8af2350cfd,的,function,false,true,true,true
lp:1023:word:3,1023,3,君主,5,7,,君主,,,false,false,false
lp:1024:word:0,1024,0,那些,1,3,lpw_abd258db99,那些,function,false,false,false,true
lp:1024:word:1,1024,1,星星,3,5,lpw_6a9fec7faf,星星,concrete_entity,false,true,true,true
lp:1024:word:2,1024,2,都,5,6,lpw_7eabb36ba1,都,function,false,false,true,true
lp:1024:word:3,1024,3,服从,6,8,,服从,,,false,false,false
lp:1024:word:4,1024,4,您,8,9,lpw_9bbfbbc76f,您,pronoun,true,false,false,false
lp:1025:word:0,1025,0,当然,1,3,lpw_0002e2d87f,当然,other,false,false,false,false
lp:1026:word:0,1026,0,国王,0,2,lpw_38e917f021,国王,narrative_character,true,false,false,false
lp:1026:word:1,1026,1,回答,2,4,lpw_f3f5126487,回答,speech,false,false,true,true
lp:1026:word:2,1026,2,说,4,5,lpw_ccca744613,说,speech,false,true,true,true
lp:1027:word:0,1027,0,我,1,2,lpw_b70bb4acc0,我,pronoun,false,true,true,true
lp:1027:word:1,1027,1,一下,2,4,,一下,,,false,false,false
lp:1027:word:2,1027,2,命令,4,6,lpw_928f87d450,命令,speech,true,false,false,false
lp:1028:word:0,1028,0,它们,0,2,lpw_c40b3d2880,它们,pronoun,false,false,true,true
lp:1028:word:1,1028,1,马上,2,4,,马上,,,false,false,false
lp:1028:word:2,1028,2,就,4,5,lpw_2f9d9872e5,就,function,false,true,true,true
lp:1028:word:3,1028,3,服从,5,7,,服从,,,false,false,false
lp:1029:word:0,1029,0,我,0,1,lpw_b70bb4acc0,我,pronoun,false,true,true,true
lp:1029:word:1,1029,1,不能,1,3,,不能,,,false,false,false
lp:1029:word:2,1029,2,容忍,3,5,,容忍,,,false,false,false
lp:1029:word:3,1029,3,纪律,5,7,,纪律,,,false,false,false
lp:1029:word:4,1029,4,涣,7,8,,涣,,,false,false,false
lp:1029:word:5,1029,5,散,8,9,,散,,,false,false,false
lp:1030:word:0,1030,0,这样,0,2,lpw_b7fc681861,这样,other,false,false,true,true
lp:1030:word:1,1030,1,的,2,3,lpw_8af2350cfd,的,function,false,true,true,true
lp:1030:word:2,1030,2,权力,3,5,,权力,,,false,false,false
lp:1030:word:3,1030,3,使,5,6,lpw_22c95798a9,使,other,false,false,false,false
lp:1030:word:4,1030,4,小王子,6,9,lpw_87f2a033cf,小王子,narrative_character,false,true,true,true
lp:1030:word:5,1030,5,惊叹不已,9,13,,惊叹不已,,,false,false,false
lp:1031:word:0,1031,0,他,0,1,lpw_8b7b91e000,他,pronoun,false,true,true,true
lp:1031:word:1,1031,1,如果,1,3,lpw_7ca71b72d7,如果,function,false,false,false,false
lp:1031:word:2,1031,2,拥有,3,5,,拥有,,,false,false,false
lp:1031:word:3,1031,3,这样,5,7,lpw_b7fc681861,这样,other,false,false,true,true
lp:1031:word:4,1031,4,的,7,8,lpw_8af2350cfd,的,function,false,true,true,true
lp:1031:word:5,1031,5,权力,8,10,,权力,,,false,false,false
lp:1032:word:0,1032,0,那么,0,2,lpw_a61f02e145,那么,function,false,false,false,true
lp:1032:word:1,1032,1,一天,2,4,lpw_5448481f38,一天,time_quantity,false,false,false,false
lp:1032:word:2,1032,2,就不是,4,7,,就不是,,,false,false,false
lp:1032:word:3,1032,3,看,7,8,lpw_61f43315f9,看,perception,false,false,false,true
lp:1032:word:4,1032,4,四十,8,10,,四十,,,false,false,false
lp:1032:word:5,1032,5,三次,10,12,,三次,,,false,false,false
lp:1033:word:0,1033,0,而是,0,2,,而是,,,false,false,false
lp:1033:word:1,1033,1,七十,2,4,,七十,,,false,false,false
lp:1033:word:2,1033,2,二次,4,6,,二次,,,false,false,false
lp:1034:word:0,1034,0,一百,0,2,,一百,,,false,false,false
lp:1034:word:1,1034,1,次,2,3,,次,,,false,false,false
lp:1035:word:0,1035,0,甚至,0,2,,甚至,,,false,false,false
lp:1035:word:1,1035,1,两百,2,4,,两百,,,false,false,false
lp:1035:word:2,1035,2,次,4,5,,次,,,false,false,false
lp:1035:word:3,1035,3,日,5,6,lpw_85217f7aff,日,other,false,false,false,false
lp:1035:word:4,1035,4,落,6,7,lpw_e9ce9aefa3,落,other,false,false,false,false
lp:1036:word:0,1036,0,连,0,1,,连,,,false,false,false
lp:1036:word:1,1036,1,椅子,1,3,,椅子,,,false,false,false
lp:1036:word:2,1036,2,都不,3,5,,都不,,,false,false,false
lp:1036:word:3,1036,3,用,5,6,lpw_04e45efb3b,用,other,false,false,false,true
lp:1036:word:4,1036,4,挪,6,7,,挪,,,false,false,false
lp:1036:word:5,1036,5,一,7,8,lpw_51a75f4634,一,other,false,false,true,true
lp:1036:word:6,1036,6,挪,8,9,,挪,,,false,false,false
lp:1037:word:0,1037,0,由于,0,2,,由于,,,false,false,false
lp:1037:word:1,1037,1,想起,2,4,,想起,,,false,false,false
lp:1037:word:2,1037,2,被,4,5,,被,,,false,false,false
lp:1037:word:3,1037,3,他,5,6,lpw_8b7b91e000,他,pronoun,false,true,true,true
lp:1037:word:4,1037,4,遗弃,6,8,,遗弃,,,false,false,false
lp:1037:word:5,1037,5,的,8,9,lpw_8af2350cfd,的,function,false,true,true,true
lp:1037:word:6,1037,6,小,9,10,lpw_6a7339bb75,小,other,false,false,true,true
lp:1037:word:7,1037,7,星球,10,12,lpw_62f2d6c1a1,星球,place,false,true,true,true
lp:1038:word:0,1038,0,他,0,1,lpw_8b7b91e000,他,pronoun,false,true,true,true
lp:1038:word:1,1038,1,有点,1,3,lpw_29506aa712,有点,other,false,false,false,true
lp:1038:word:2,1038,2,难过,3,5,,难过,,,false,false,false
lp:1039:word:0,1039,0,所以,0,2,lpw_a2f7e42081,所以,function,false,false,false,false
lp:1039:word:1,1039,1,就,2,3,lpw_2f9d9872e5,就,function,false,true,true,true
lp:1039:word:2,1039,2,壮,3,4,,壮,,,false,false,false
lp:1039:word:3,1039,3,着,4,5,lpw_9e5bf0d2d9,着,function,false,true,true,true
lp:1039:word:4,1039,4,胆子,5,7,,胆子,,,false,false,false
lp:1039:word:5,1039,5,向,7,8,lpw_a2f77db0e9,向,other,false,false,false,false
lp:1039:word:6,1039,6,国王,8,10,lpw_38e917f021,国王,narrative_character,true,false,false,false
lp:1039:word:7,1039,7,提出,10,12,,提出,,,false,false,false
lp:1039:word:8,1039,8,一个,12,14,lpw_e1dbc1c99f,一个,function|time_quantity,false,true,true,true
lp:1039:word:9,1039,9,请求,14,16,,请求,,,false,false,false
lp:1040:word:0,1040,0,我想,1,3,lpw_42230da180,我想,other,false,false,false,false
lp:1040:word:1,1040,1,看,3,4,lpw_61f43315f9,看,perception,false,false,false,true
lp:1040:word:2,1040,2,一次,4,6,,一次,,,false,false,false
lp:1040:word:3,1040,3,日,6,7,lpw_85217f7aff,日,other,false,false,false,false
lp:1040:word:4,1040,4,落,7,8,lpw_e9ce9aefa3,落,other,false,false,false,false
lp:1041:word:0,1041,0,请,0,1,lpw_88d5840fab,请,other,false,false,false,false
lp:1041:word:1,1041,1,您,1,2,lpw_9bbfbbc76f,您,pronoun,true,false,false,false
lp:1041:word:2,1041,2,为我,2,4,,为我,,,false,false,false
lp:1042:word:0,1042,0,命令,0,2,lpw_928f87d450,命令,speech,true,false,false,false
lp:1042:word:1,1042,1,太阳,2,4,,太阳,,,false,false,false
lp:1042:word:2,1042,2,下山,4,6,,下山,,,false,false,false
lp:1043:word:0,1043,0,要是,1,3,lpw_467b2562ed,要是,function,false,false,false,true
lp:1043:word:1,1043,1,我,3,4,lpw_b70bb4acc0,我,pronoun,false,true,true,true
lp:1043:word:2,1043,2,命令,4,6,lpw_928f87d450,命令,speech,true,false,false,false
lp:1043:word:3,1043,3,一个,6,8,lpw_e1dbc1c99f,一个,function|time_quantity,false,true,true,true
lp:1043:word:4,1043,4,将军,8,10,,将军,,,false,false,false
lp:1043:word:5,1043,5,像,10,11,lpw_cf8cedd58b,像,other,false,false,false,true
lp:1043:word:6,1043,6,蝴蝶,11,13,,蝴蝶,,,false,false,false
lp:1044:word:0,1044,0,一样,0,2,lpw_9dc5c0158d,一样,other,false,false,false,true
lp:1044:word:1,1044,1,从,2,3,lpw_2719a8ea30,从,function,false,false,false,true
lp:1044:word:2,1044,2,一朵,3,5,lpw_aebd6fbbd2,一朵,other,false,false,false,true
lp:1044:word:3,1044,3,花儿,5,7,lpw_059ab0f707,花,narrative_character|concrete_entity,false,true,true,true
lp:1044:word:4,1044,4,飞到,7,9,,飞到,,,false,false,false
lp:1044:word:5,1044,5,另一,9,11,,另一,,,false,false,false
lp:1044:word:6,1044,6,朵,11,12,lpw_0da9a35a4b,朵,other,false,false,false,false
lp:1044:word:7,1044,7,花儿,12,14,lpw_059ab0f707,花,narrative_character|concrete_entity,false,true,true,true
lp:1045:word:0,1045,0,或者,0,2,,或者,,,false,false,false
lp:1045:word:1,1045,1,让,2,3,lpw_ad37574404,让,other,false,true,true,true
lp:1045:word:2,1045,2,他,3,4,lpw_8b7b91e000,他,pronoun,false,true,true,true
lp:1045:word:3,1045,3,写,4,5,,写,,,false,false,false
lp:1045:word:4,1045,4,一部,5,7,,一部,,,false,false,false
lp:1045:word:5,1045,5,悲剧,7,9,,悲剧,,,false,false,false
lp:1046:word:0,1046,0,或者,0,2,,或者,,,false,false,false
lp:1046:word:1,1046,1,让,2,3,lpw_ad37574404,让,other,false,true,true,true
lp:1046:word:2,1046,2,他,3,4,lpw_8b7b91e000,他,pronoun,false,true,true,true
lp:1046:word:3,1046,3,变成,4,6,,变成,,,false,false,false
lp:1046:word:4,1046,4,一只,6,8,lpw_216a478784,一只,time_quantity,false,false,false,false
lp:1046:word:5,1046,5,海,8,9,,海,,,false,false,false
lp:1046:word:6,1046,6,鸟,9,10,,鸟,,,false,false,false
lp:1047:word:0,1047,0,而,0,1,lpw_08e2725ce1,而,function,false,false,false,true
lp:1047:word:1,1047,1,这个,1,3,lpw_979e2bc35b,这个,function,false,false,true,true
lp:1047:word:2,1047,2,将军,3,5,,将军,,,false,false,false
lp:1047:word:3,1047,3,拒,5,6,,拒,,,false,false,false
lp:1047:word:4,1047,4,不,6,7,lpw_b02dfe2160,不,negation_modality,false,false,true,true
lp:1047:word:5,1047,5,执行,7,9,,执行,,,false,false,false
lp:1047:word:6,1047,6,命令,9,11,lpw_928f87d450,命令,speech,true,false,false,false
lp:1048:word:0,1048,0,那是,0,2,,那是,,,false,false,false
lp:1048:word:1,1048,1,谁,2,3,lpw_056b9c6262,谁,pronoun|interrogative,false,false,false,false
lp:1049:word:0,1049,0,是,0,1,lpw_b5141d3d19,是,function,false,true,true,true
lp:1049:word:1,1049,1,他,1,2,lpw_8b7b91e000,他,pronoun,false,true,true,true
lp:1049:word:2,1049,2,还是,2,4,lpw_dfaa7d6f73,还是,other,false,false,false,false
lp:1049:word:3,1049,3,我,4,5,lpw_b70bb4acc0,我,pronoun,false,true,true,true
lp:1049:word:4,1049,4,的,5,6,lpw_8af2350cfd,的,function,false,true,true,true
lp:1049:word:5,1049,5,错,6,7,,错,,,false,false,false
lp:1049:word:6,1049,6,呢,7,8,lpw_02811cec0b,呢,function|interrogative,false,true,true,true
lp:1050:word:0,1050,0,那是,1,3,,那是,,,false,false,false
lp:1050:word:1,1050,1,您,3,4,lpw_9bbfbbc76f,您,pronoun,true,false,false,false
lp:1050:word:2,1050,2,的,4,5,lpw_8af2350cfd,的,function,false,true,true,true
lp:1050:word:3,1050,3,错,5,6,,错,,,false,false,false
lp:1051:word:0,1051,0,小王子,0,3,lpw_87f2a033cf,小王子,narrative_character,false,true,true,true
lp:1051:word:1,1051,1,肯定,3,5,,肯定,,,false,false,false
lp:1051:word:2,1051,2,地,5,6,lpw_bdbd41e490,地,function,false,true,true,true
lp:1051:word:3,1051,3,说,6,7,lpw_ccca744613,说,speech,false,true,true,true
lp:1052:word:0,1052,0,正是,1,3,,正是,,,false,false,false
lp:1052:word:1,1052,1,如此,3,5,,如此,,,false,false,false
lp:1053:word:0,1053,0,得,0,1,lpw_71b1ed1114,得,function,false,false,true,true
lp:1053:word:1,1053,1,让,1,2,lpw_ad37574404,让,other,false,true,true,true
lp:1053:word:2,1053,2,每个人,2,5,,每个人,,,false,false,false
lp:1053:word:3,1053,3,去,5,6,lpw_99ae21ea6c,去,physical_action,false,false,true,true
lp:1053:word:4,1053,4,做,6,7,lpw_94f5404441,做,other,false,false,false,false
lp:1053:word:5,1053,5,他,7,8,lpw_8b7b91e000,他,pronoun,false,true,true,true
lp:1053:word:6,1053,6,能,8,9,lpw_413c06bcef,能,other,false,false,false,false
lp:1053:word:7,1053,7,做到,9,11,,做到,,,false,false,false
lp:1053:word:8,1053,8,的,11,12,lpw_8af2350cfd,的,function,false,true,true,true
lp:1053:word:9,1053,9,事情,12,14,lpw_e66d9fac19,事情,other,false,false,false,false
lp:1054:word:0,1054,0,国王,0,2,lpw_38e917f021,国王,narrative_character,true,false,false,false
lp:1054:word:1,1054,1,接着,2,4,lpw_58ed4c69fb,接着,other,false,false,false,false
lp:1054:word:2,1054,2,说,4,5,lpw_ccca744613,说,speech,false,true,true,true
lp:1055:word:0,1055,0,权威,1,3,,权威,,,false,false,false
lp:1055:word:1,1055,1,首先,3,5,,首先,,,false,false,false
lp:1055:word:2,1055,2,得,5,6,lpw_71b1ed1114,得,function,false,false,true,true
lp:1055:word:3,1055,3,建立,6,8,,建立,,,false,false,false
lp:1055:word:4,1055,4,在,8,9,lpw_12404a0b63,在,function,false,true,true,true
lp:1055:word:5,1055,5,合理,9,11,,合理,,,false,false,false
lp:1055:word:6,1055,6,的,11,12,lpw_8af2350cfd,的,function,false,true,true,true
lp:1055:word:7,1055,7,基础,12,14,,基础,,,false,false,false
lp:1055:word:8,1055,8,上,14,15,lpw_db5ba671d2,上,function,false,true,true,true
lp:1056:word:0,1056,0,如果,0,2,lpw_7ca71b72d7,如果,function,false,false,false,false
lp:1056:word:1,1056,1,你,2,3,lpw_a0c7716669,你,pronoun,false,true,true,true
lp:1056:word:2,1056,2,命令,3,5,lpw_928f87d450,命令,speech,true,false,false,false
lp:1056:word:3,1056,3,你,5,6,lpw_a0c7716669,你,pronoun,false,true,true,true
lp:1056:word:4,1056,4,的,6,7,lpw_8af2350cfd,的,function,false,true,true,true
lp:1056:word:5,1056,5,老百姓,7,10,,老百姓,,,false,false,false
lp:1056:word:6,1056,6,都去,10,12,,都去,,,false,false,false
lp:1056:word:7,1056,7,投,12,13,,投,,,false,false,false
lp:1056:word:8,1056,8,海,13,14,,海,,,false,false,false
lp:1057:word:0,1057,0,他们,0,2,lpw_10518f8f0a,他们,pronoun,false,true,true,true
lp:1057:word:1,1057,1,就,2,3,lpw_2f9d9872e5,就,function,false,true,true,true
lp:1057:word:2,1057,2,会,3,4,lpw_5ba1e3c0eb,会,negation_modality,false,true,true,true
lp:1057:word:3,1057,3,造反,4,6,,造反,,,false,false,false
lp:1058:word:0,1058,0,我,0,1,lpw_b70bb4acc0,我,pronoun,false,true,true,true
lp:1058:word:1,1058,1,之所以,1,4,,之所以,,,false,false,false
lp:1058:word:2,1058,2,有权,4,6,,有权,,,false,false,false
lp:1058:word:3,1058,3,让,6,7,lpw_ad37574404,让,other,false,true,true,true
lp:1058:word:4,1058,4,人,7,8,lpw_50f5d65d57,人,other,false,true,true,true
lp:1058:word:5,1058,5,服从,8,10,,服从,,,false,false,false
lp:1059:word:0,1059,0,就是,0,2,lpw_88aa006eb3,就是,other,false,false,true,true
lp:1059:word:1,1059,1,因为,2,4,lpw_795cfc96d4,因为,function,false,false,true,true
lp:1059:word:2,1059,2,我,4,5,lpw_b70bb4acc0,我,pronoun,false,true,true,true
lp:1059:word:3,1059,3,的,5,6,lpw_8af2350cfd,的,function,false,true,true,true
lp:1059:word:4,1059,4,命令,6,8,lpw_928f87d450,命令,speech,true,false,false,false
lp:1059:word:5,1059,5,都是,8,10,lpw_ef4e15ff45,都是,other,false,false,false,false
lp:1059:word:6,1059,6,合情合理,10,14,,合情合理,,,false,false,false
lp:1059:word:7,1059,7,的,14,15,lpw_8af2350cfd,的,function,false,true,true,true
lp:1060:word:0,1060,0,那么,1,3,lpw_a61f02e145,那么,function,false,false,false,true
lp:1060:word:1,1060,1,我想,3,5,lpw_42230da180,我想,other,false,false,false,false
lp:1060:word:2,1060,2,看,5,6,lpw_61f43315f9,看,perception,false,false,false,true
lp:1060:word:3,1060,3,的,6,7,lpw_8af2350cfd,的,function,false,true,true,true
lp:1060:word:4,1060,4,日,7,8,lpw_85217f7aff,日,other,false,false,false,false
lp:1060:word:5,1060,5,落,8,9,lpw_e9ce9aefa3,落,other,false,false,false,false
lp:1060:word:6,1060,6,呢,9,10,lpw_02811cec0b,呢,function|interrogative,false,true,true,true
lp:1061:word:0,1061,0,小王子,0,3,lpw_87f2a033cf,小王子,narrative_character,false,true,true,true
lp:1061:word:1,1061,1,想起,3,5,,想起,,,false,false,false
lp:1061:word:2,1061,2,了,5,6,lpw_b2dd27e84f,了,function,false,true,true,true
lp:1061:word:3,1061,3,这,6,7,lpw_d409ab2ab3,这,pronoun,false,true,true,true
lp:1061:word:4,1061,4,件,7,8,,件,,,false,false,false
lp:1061:word:5,1061,5,事,8,9,lpw_1d9ed56951,事,other,false,false,true,true
lp:1062:word:0,1062,0,他,0,1,lpw_8b7b91e000,他,pronoun,false,true,true,true
lp:1062:word:1,1062,1,对,1,2,lpw_74570c7270,对,function,false,true,true,true
lp:1062:word:2,1062,2,自己,2,4,lpw_fb43354d2a,自己,pronoun,false,false,true,true
lp:1062:word:3,1062,3,提过,4,6,,提过,,,false,false,false
lp:1062:word:4,1062,4,的,6,7,lpw_8af2350cfd,的,function,false,true,true,true
lp:1062:word:5,1062,5,问题,7,9,lpw_33a8618cb6,问题,other,false,false,false,false
lp:1062:word:6,1062,6,是,9,10,lpw_b5141d3d19,是,function,false,true,true,true
lp:1062:word:7,1062,7,不会,10,12,lpw_c7ae73a94d,不会,negation_modality,false,false,false,false
lp:1062:word:8,1062,8,忘记,12,14,,忘记,,,false,false,false
lp:1062:word:9,1062,9,的,14,15,lpw_8af2350cfd,的,function,false,true,true,true
lp:1063:word:0,1063,0,你会,1,3,lpw_8e80d04a82,你会,other,true,false,false,false
lp:1063:word:1,1063,1,看到,3,5,lpw_e9c1d16595,看到,other,false,false,false,false
lp:1063:word:2,1063,2,日,5,6,lpw_85217f7aff,日,other,false,false,false,false
lp:1063:word:3,1063,3,落,6,7,lpw_e9ce9aefa3,落,other,false,false,false,false
lp:1063:word:4,1063,4,的,7,8,lpw_8af2350cfd,的,function,false,true,true,true
lp:1064:word:0,1064,0,我,0,1,lpw_b70bb4acc0,我,pronoun,false,true,true,true
lp:1064:word:1,1064,1,会,1,2,lpw_5ba1e3c0eb,会,negation_modality,false,true,true,true
lp:1064:word:2,1064,2,要,2,3,lpw_975f35218e,要,negation_modality,false,false,true,true
lp:1064:word:3,1064,3,它,3,4,lpw_7e9260e925,它,pronoun,false,true,true,true
lp:1064:word:4,1064,4,下山,4,6,,下山,,,false,false,false
lp:1064:word:5,1064,5,的,6,7,lpw_8af2350cfd,的,function,false,true,true,true
lp:1065:word:0,1065,0,不过,0,2,lpw_72113362c6,不过,function,false,false,false,true
lp:1065:word:1,1065,1,按照,2,4,,按照,,,false,false,false
lp:1065:word:2,1065,2,我,4,5,lpw_b70bb4acc0,我,pronoun,false,true,true,true
lp:1065:word:3,1065,3,的,5,6,lpw_8af2350cfd,的,function,false,true,true,true
lp:1065:word:4,1065,4,统治,6,8,,统治,,,false,false,false
lp:1065:word:5,1065,5,原则,8,10,,原则,,,false,false,false
lp:1066:word:0,1066,0,要,0,1,lpw_975f35218e,要,negation_modality,false,false,true,true
lp:1066:word:1,1066,1,等到,1,3,,等到,,,false,false,false
lp:1066:word:2,1066,2,条件,3,5,,条件,,,false,false,false
lp:1066:word:3,1066,3,成熟,5,7,,成熟,,,false,false,false
lp:1066:word:4,1066,4,的,7,8,lpw_8af2350cfd,的,function,false,true,true,true
lp:1066:word:5,1066,5,时候,8,10,lpw_5484678be4,时候,other,false,false,false,false
lp:1067:word:0,1067,0,要,1,2,lpw_975f35218e,要,negation_modality,false,false,true,true
lp:1067:word:1,1067,1,等到,2,4,,等到,,,false,false,false
lp:1067:word:2,1067,2,什么时候,4,8,,什么时候,,,false,false,false
lp:1067:word:3,1067,3,呢,8,9,lpw_02811cec0b,呢,function|interrogative,false,true,true,true
lp:1068:word:0,1068,0,小王子,0,3,lpw_87f2a033cf,小王子,narrative_character,false,true,true,true
lp:1068:word:1,1068,1,问,3,4,lpw_4628c0e06f,问,speech,false,false,true,true
lp:1069:word:0,1069,0,呣,1,2,,呣,,,false,false,false
lp:1069:word:1,1069,1,呣,3,4,,呣,,,false,false,false
lp:1070:word:0,1070,0,国王,0,2,lpw_38e917f021,国王,narrative_character,true,false,false,false
lp:1070:word:1,1070,1,先,2,3,,先,,,false,false,false
lp:1070:word:2,1070,2,翻看,3,5,,翻看,,,false,false,false
lp:1070:word:3,1070,3,一本,5,7,,一本,,,false,false,false
lp:1070:word:4,1070,4,厚厚的,7,10,,厚厚的,,,false,false,false
lp:1070:word:5,1070,5,历,10,11,,历,,,false,false,false
lp:1070:word:6,1070,6,书,11,12,lpw_1be968f125,书,other,false,false,false,false
lp:1071:word:0,1071,0,然后,0,2,lpw_ca4f5ee82e,然后,other,false,false,false,false
lp:1071:word:1,1071,1,回答,2,4,lpw_f3f5126487,回答,speech,false,false,true,true
lp:1071:word:2,1071,2,说,4,5,lpw_ccca744613,说,speech,false,true,true,true
lp:1072:word:0,1072,0,呣,1,2,,呣,,,false,false,false
lp:1072:word:1,1072,1,呣,3,4,,呣,,,false,false,false
lp:1072:word:2,1072,2,要,5,6,lpw_975f35218e,要,negation_modality,false,false,true,true
lp:1072:word:3,1072,3,等到,6,8,,等到,,,false,false,false
lp:1073:word:0,1073,0,大概,0,2,,大概,,,false,false,false
lp:1073:word:1,1073,1,大概,8,10,,大概,,,false,false,false
lp:1074:word:0,1074,0,要,0,1,lpw_975f35218e,要,negation_modality,false,false,true,true
lp:1074:word:1,1074,1,等到,1,3,,等到,,,false,false,false
lp:1074:word:2,1074,2,今晚,3,5,,今晚,,,false,false,false
lp:1074:word:3,1074,3,大概,5,7,,大概,,,false,false,false
lp:1074:word:4,1074,4,七,7,8,,七,,,false,false,false
lp:1074:word:5,1074,5,点,8,9,lpw_08dddeac13,点,other,false,false,false,false
lp:1074:word:6,1074,6,四,9,10,lpw_754a9d5828,四,other,false,false,false,false
lp:1074:word:7,1074,7,十分,10,12,,十分,,,false,false,false
lp:1075:word:0,1075,0,你会,0,2,lpw_8e80d04a82,你会,other,true,false,false,false
lp:1075:word:1,1075,1,看到,2,4,lpw_e9c1d16595,看到,other,false,false,false,false
lp:1075:word:2,1075,2,它,4,5,lpw_7e9260e925,它,pronoun,false,true,true,true
lp:1075:word:3,1075,3,乖乖,5,7,,乖乖,,,false,false,false
lp:1075:word:4,1075,4,地,7,8,lpw_bdbd41e490,地,function,false,true,true,true
lp:1075:word:5,1075,5,服从,8,10,,服从,,,false,false,false
lp:1075:word:6,1075,6,我,10,11,lpw_b70bb4acc0,我,pronoun,false,true,true,true
lp:1075:word:7,1075,7,的,11,12,lpw_8af2350cfd,的,function,false,true,true,true
lp:1075:word:8,1075,8,命令,12,14,lpw_928f87d450,命令,speech,true,false,false,false
lp:1075:word:9,1075,9,的,14,15,lpw_8af2350cfd,的,function,false,true,true,true
lp:1076:word:0,1076,0,小王子,0,3,lpw_87f2a033cf,小王子,narrative_character,false,true,true,true
lp:1076:word:1,1076,1,打,3,4,,打,,,false,false,false
lp:1076:word:2,1076,2,了,4,5,lpw_b2dd27e84f,了,function,false,true,true,true
lp:1076:word:3,1076,3,个,5,6,lpw_3a116815bc,个,other,false,false,true,true
lp:1076:word:4,1076,4,哈欠,6,8,,哈欠,,,false,false,false
lp:1077:word:0,1077,0,看不到,0,3,,看不到,,,false,false,false
lp:1077:word:1,1077,1,日,3,4,lpw_85217f7aff,日,other,false,false,false,false
lp:1077:word:2,1077,2,落,4,5,lpw_e9ce9aefa3,落,other,false,false,false,false
lp:1078:word:0,1078,0,让,0,1,lpw_ad37574404,让,other,false,true,true,true
lp:1078:word:1,1078,1,他,1,2,lpw_8b7b91e000,他,pronoun,false,true,true,true
lp:1078:word:2,1078,2,感到,2,4,lpw_15c2457566,感到,perception,false,false,false,true
lp:1078:word:3,1078,3,挺,4,5,,挺,,,false,false,false
lp:1078:word:4,1078,4,遗憾,5,7,,遗憾,,,false,false,false
lp:1079:word:0,1079,0,再说,0,2,,再说,,,false,false,false
lp:1079:word:1,1079,1,他,2,3,lpw_8b7b91e000,他,pronoun,false,true,true,true
lp:1079:word:2,1079,2,也,3,4,lpw_658605835b,也,function,false,false,true,true
lp:1079:word:3,1079,3,已经,4,6,lpw_8ee12e2310,已经,other,false,false,false,false
lp:1079:word:4,1079,4,有点,6,8,lpw_29506aa712,有点,other,false,false,false,true
lp:1079:word:5,1079,5,腻烦,8,10,,腻烦,,,false,false,false
lp:1079:word:6,1079,6,了,10,11,lpw_b2dd27e84f,了,function,false,true,true,true
lp:1080:word:0,1080,0,我在,1,3,lpw_33f40475f8,我在,other,false,false,false,false
lp:1080:word:1,1080,1,这儿,3,5,lpw_19a29e87c9,这儿,other,false,false,true,true
lp:1080:word:2,1080,2,没什么,5,8,,没什么,,,false,false,false
lp:1080:word:3,1080,3,事,8,9,lpw_1d9ed56951,事,other,false,false,true,true
lp:1080:word:4,1080,4,好,9,10,lpw_f867f34178,好,other,false,false,true,true
lp:1080:word:5,1080,5,做了,10,12,,做了,,,false,false,false
lp:1081:word:0,1081,0,他,0,1,lpw_8b7b91e000,他,pronoun,false,true,true,true
lp:1081:word:1,1081,1,对,1,2,lpw_74570c7270,对,function,false,true,true,true
lp:1081:word:2,1081,2,国王,2,4,lpw_38e917f021,国王,narrative_character,true,false,false,false
lp:1081:word:3,1081,3,说,4,5,lpw_ccca744613,说,speech,false,true,true,true
lp:1082:word:0,1082,0,我要,1,3,lpw_30bc5c7b4c,我要,other,false,false,false,false
lp:1082:word:1,1082,1,走了,3,5,lpw_25eba59465,走了,other,false,false,false,false
lp:1083:word:0,1083,0,别,1,2,,别,,,false,false,false
lp:1083:word:1,1083,1,走,2,3,lpw_f66de6c4cd,走,physical_action,false,false,false,false
lp:1084:word:0,1084,0,国王,0,2,lpw_38e917f021,国王,narrative_character,true,false,false,false
lp:1084:word:1,1084,1,回答,2,4,lpw_f3f5126487,回答,speech,false,false,true,true
lp:1084:word:2,1084,2,说,4,5,lpw_ccca744613,说,speech,false,true,true,true
lp:1085:word:0,1085,0,他,0,1,lpw_8b7b91e000,他,pronoun,false,true,true,true
lp:1085:word:1,1085,1,有了,1,3,,有了,,,false,false,false
lp:1085:word:2,1085,2,一个,3,5,lpw_e1dbc1c99f,一个,function|time_quantity,false,true,true,true
lp:1085:word:3,1085,3,臣民,5,7,,臣民,,,false,false,false
lp:1086:word:0,1086,0,正,0,1,lpw_d657ee1d4a,正,other,true,false,false,false
lp:1086:word:1,1086,1,骄傲,1,3,,骄傲,,,false,false,false
lp:1086:word:2,1086,2,着,3,4,lpw_9e5bf0d2d9,着,function,false,true,true,true
lp:1086:word:3,1086,3,呢,4,5,lpw_02811cec0b,呢,function|interrogative,false,true,true,true
lp:1087:word:0,1087,0,别,1,2,,别,,,false,false,false
lp:1087:word:1,1087,1,走,2,3,lpw_f66de6c4cd,走,physical_action,false,false,false,false
lp:1088:word:0,1088,0,我,0,1,lpw_b70bb4acc0,我,pronoun,false,true,true,true
lp:1088:word:1,1088,1,任命,1,3,,任命,,,false,false,false
lp:1088:word:2,1088,2,你,3,4,lpw_a0c7716669,你,pronoun,false,true,true,true
lp:1088:word:3,1088,3,当,4,5,lpw_142d843e71,当,other,false,false,false,false
lp:1088:word:4,1088,4,大臣,5,7,,大臣,,,false,false,false
lp:1089:word:0,1089,0,什么,1,3,lpw_c1b52e0e64,什么,pronoun|interrogative,false,true,true,true
lp:1089:word:1,1089,1,大臣,3,5,,大臣,,,false,false,false
lp:1090:word:0,1090,0,这个,1,3,lpw_979e2bc35b,这个,function,false,false,true,true
lp:1090:word:1,1090,1,司法,9,11,,司法,,,false,false,false
lp:1090:word:2,1090,2,大臣,11,13,,大臣,,,false,false,false
lp:1091:word:0,1091,0,可是,1,3,lpw_38ca4a9c76,可是,function,false,false,true,true
lp:1091:word:1,1091,1,这儿,3,5,lpw_19a29e87c9,这儿,other,false,false,true,true
lp:1091:word:2,1091,2,没有,5,7,lpw_f127804b92,没有,negation_modality,false,false,true,true
lp:1091:word:3,1091,3,人,7,8,lpw_50f5d65d57,人,other,false,true,true,true
lp:1091:word:4,1091,4,要,8,9,lpw_975f35218e,要,negation_modality,false,false,true,true
lp:1091:word:5,1091,5,审判,9,11,,审判,,,false,false,false
lp:1091:word:6,1091,6,呀,11,12,lpw_03fe6b38e7,呀,function,false,false,false,true
lp:1092:word:0,1092,0,那,1,2,lpw_5a2362a202,那,pronoun,false,true,true,true
lp:1092:word:1,1092,1,可,2,3,lpw_8b9cefa38e,可,other,false,false,true,true
lp:1092:word:2,1092,2,说不定,3,6,lpw_63e84e56ed,说不定,other,false,false,false,false
lp:1093:word:0,1093,0,国王,0,2,lpw_38e917f021,国王,narrative_character,true,false,false,false
lp:1093:word:1,1093,1,对,2,3,lpw_74570c7270,对,function,false,true,true,true
lp:1093:word:2,1093,2,他,3,4,lpw_8b7b91e000,他,pronoun,false,true,true,true
lp:1093:word:3,1093,3,说,4,5,lpw_ccca744613,说,speech,false,true,true,true
lp:1094:word:0,1094,0,我还没,1,4,,我还没,,,false,false,false
lp:1094:word:1,1094,1,巡视,4,6,,巡视,,,false,false,false
lp:1094:word:2,1094,2,过,6,7,lpw_f777893480,过,other,false,false,true,true
lp:1094:word:3,1094,3,我,7,8,lpw_b70bb4acc0,我,pronoun,false,true,true,true
lp:1094:word:4,1094,4,的,8,9,lpw_8af2350cfd,的,function,false,true,true,true
lp:1094:word:5,1094,5,王国,9,11,,王国,,,false,false,false
lp:1095:word:0,1095,0,我,0,1,lpw_b70bb4acc0,我,pronoun,false,true,true,true
lp:1095:word:1,1095,1,太,1,2,lpw_e7ace7adf2,太,other,false,false,false,true
lp:1095:word:2,1095,2,老了,2,4,,老了,,,false,false,false
lp:1096:word:0,1096,0,我没,0,2,lpw_6af7322be2,我没,other,false,false,false,false
lp:1096:word:1,1096,1,地方,2,4,lpw_1462a7d853,地方,other,false,false,false,true
lp:1096:word:2,1096,2,放,4,5,,放,,,false,false,false
lp:1096:word:3,1096,3,马车,5,7,,马车,,,false,false,false
lp:1097:word:0,1097,0,走路,0,2,,走路,,,false,false,false
lp:1097:word:1,1097,1,又,2,3,lpw_e71ce5deab,又,function,false,true,true,true
lp:1097:word:2,1097,2,累,3,4,,累,,,false,false,false
lp:1097:word:3,1097,3,得慌,4,6,,得慌,,,false,false,false
lp:1098:word:0,1098,0,噢,1,2,,噢,,,false,false,false
lp:1099:word:0,1099,0,可是,0,2,lpw_38ca4a9c76,可是,function,false,false,true,true
lp:1099:word:1,1099,1,我,2,3,lpw_b70bb4acc0,我,pronoun,false,true,true,true
lp:1099:word:2,1099,2,已经,3,5,lpw_8ee12e2310,已经,other,false,false,false,false
lp:1099:word:3,1099,3,看,5,6,lpw_61f43315f9,看,perception,false,false,false,true
lp:1099:word:4,1099,4,过,6,7,lpw_f777893480,过,other,false,false,true,true
lp:1099:word:5,1099,5,了,7,8,lpw_b2dd27e84f,了,function,false,true,true,true
lp:1100:word:0,1100,0,小王子,0,3,lpw_87f2a033cf,小王子,narrative_character,false,true,true,true
lp:1100:word:1,1100,1,说,3,4,lpw_ccca744613,说,speech,false,true,true,true
lp:1100:word:2,1100,2,着,4,5,lpw_9e5bf0d2d9,着,function,false,true,true,true
lp:1101:word:0,1101,0,又,0,1,lpw_e71ce5deab,又,function,false,true,true,true
lp:1101:word:1,1101,1,朝,1,2,,朝,,,false,false,false
lp:1101:word:2,1101,2,这,2,3,lpw_d409ab2ab3,这,pronoun,false,true,true,true
lp:1101:word:3,1101,3,颗,3,4,lpw_09901d3de2,颗,other,false,false,false,false
lp:1101:word:4,1101,4,小行星,4,7,lpw_68cf5e71c2,小行星,place,true,false,false,false
lp:1101:word:5,1101,5,的,7,8,lpw_8af2350cfd,的,function,false,true,true,true
lp:1101:word:6,1101,6,另一边,8,11,,另一边,,,false,false,false
lp:1101:word:7,1101,7,瞥,11,12,,瞥,,,false,false,false
lp:1101:word:8,1101,8,了,12,13,lpw_b2dd27e84f,了,function,false,true,true,true
lp:1101:word:9,1101,9,一眼,13,15,,一眼,,,false,false,false
lp:1102:word:0,1102,0,那边,1,3,,那边,,,false,false,false
lp:1102:word:1,1102,1,也没有,3,6,,也没有,,,false,false,false
lp:1102:word:2,1102,2,一个,6,8,lpw_e1dbc1c99f,一个,function|time_quantity,false,true,true,true
lp:1102:word:3,1102,3,人,8,9,lpw_50f5d65d57,人,other,false,true,true,true
lp:1103:word:0,1103,0,那,1,2,lpw_5a2362a202,那,pronoun,false,true,true,true
lp:1103:word:1,1103,1,你,2,3,lpw_a0c7716669,你,pronoun,false,true,true,true
lp:1103:word:2,1103,2,就,3,4,lpw_2f9d9872e5,就,function,false,true,true,true
lp:1103:word:3,1103,3,审判,4,6,,审判,,,false,false,false
lp:1103:word:4,1103,4,你,6,7,lpw_a0c7716669,你,pronoun,false,true,true,true
lp:1103:word:5,1103,5,自己,7,9,lpw_fb43354d2a,自己,pronoun,false,false,true,true
lp:1104:word:0,1104,0,国王,0,2,lpw_38e917f021,国王,narrative_character,true,false,false,false
lp:1104:word:1,1104,1,回答,2,4,lpw_f3f5126487,回答,speech,false,false,true,true
lp:1104:word:2,1104,2,他,4,5,lpw_8b7b91e000,他,pronoun,false,true,true,true
lp:1104:word:3,1104,3,说,5,6,lpw_ccca744613,说,speech,false,true,true,true
lp:1105:word:0,1105,0,这,1,2,lpw_d409ab2ab3,这,pronoun,false,true,true,true
lp:1105:word:1,1105,1,是,2,3,lpw_b5141d3d19,是,function,false,true,true,true
lp:1105:word:2,1105,2,最,3,4,,最,,,false,false,false
lp:1105:word:3,1105,3,难,4,5,,难,,,false,false,false
lp:1105:word:4,1105,4,的,5,6,lpw_8af2350cfd,的,function,false,true,true,true
lp:1106:word:0,1106,0,审判,0,2,,审判,,,false,false,false
lp:1106:word:1,1106,1,自己,2,4,lpw_fb43354d2a,自己,pronoun,false,false,true,true
lp:1106:word:2,1106,2,要,4,5,lpw_975f35218e,要,negation_modality,false,false,true,true
lp:1106:word:3,1106,3,比,5,6,lpw_ab158a8483,比,other,false,false,false,false
lp:1106:word:4,1106,4,审判,6,8,,审判,,,false,false,false
lp:1106:word:5,1106,5,别人,8,10,,别人,,,false,false,false
lp:1106:word:6,1106,6,难得,10,12,,难得,,,false,false,false
lp:1106:word:7,1106,7,多,12,13,lpw_1940119f05,多,other,false,false,false,false
lp:1107:word:0,1107,0,要是,0,2,lpw_467b2562ed,要是,function,false,false,false,true
lp:1107:word:1,1107,1,你,2,3,lpw_a0c7716669,你,pronoun,false,true,true,true
lp:1107:word:2,1107,2,能,3,4,lpw_413c06bcef,能,other,false,false,false,false
lp:1107:word:3,1107,3,审判,4,6,,审判,,,false,false,false
lp:1107:word:4,1107,4,好,6,7,lpw_f867f34178,好,other,false,false,true,true
lp:1107:word:5,1107,5,自己,7,9,lpw_fb43354d2a,自己,pronoun,false,false,true,true
lp:1108:word:0,1108,0,你,0,1,lpw_a0c7716669,你,pronoun,false,true,true,true
lp:1108:word:1,1108,1,就是,1,3,lpw_88aa006eb3,就是,other,false,false,true,true
lp:1108:word:2,1108,2,个,3,4,lpw_3a116815bc,个,other,false,false,true,true
lp:1108:word:3,1108,3,真正,4,6,,真正,,,false,false,false
lp:1108:word:4,1108,4,的,6,7,lpw_8af2350cfd,的,function,false,true,true,true
lp:1108:word:5,1108,5,智者,7,9,,智者,,,false,false,false
lp:1109:word:0,1109,0,可,1,2,lpw_8b9cefa38e,可,other,false,false,true,true
lp:1109:word:1,1109,1,我,2,3,lpw_b70bb4acc0,我,pronoun,false,true,true,true
lp:1110:word:0,1110,0,小王子,0,3,lpw_87f2a033cf,小王子,narrative_character,false,true,true,true
lp:1110:word:1,1110,1,说,3,4,lpw_ccca744613,说,speech,false,true,true,true
lp:1111:word:0,1111,0,我在,1,3,lpw_33f40475f8,我在,other,false,false,false,false
lp:1111:word:1,1111,1,哪儿,3,5,lpw_1ca2298198,哪儿,interrogative,false,false,false,false
lp:1111:word:2,1111,2,都可以,5,8,,都可以,,,false,false,false
lp:1111:word:3,1111,3,自己,8,10,lpw_fb43354d2a,自己,pronoun,false,false,true,true
lp:1111:word:4,1111,4,审判,10,12,,审判,,,false,false,false
lp:1111:word:5,1111,5,自己,12,14,lpw_fb43354d2a,自己,pronoun,false,false,true,true
lp:1112:word:0,1112,0,我,0,1,lpw_b70bb4acc0,我,pronoun,false,true,true,true
lp:1112:word:1,1112,1,不必,1,3,,不必,,,false,false,false
lp:1112:word:2,1112,2,留在,3,5,,留在,,,false,false,false
lp:1112:word:3,1112,3,这儿,5,7,lpw_19a29e87c9,这儿,other,false,false,true,true
lp:1112:word:4,1112,4,呀,7,8,lpw_03fe6b38e7,呀,function,false,false,false,true
lp:1113:word:0,1113,0,呣,1,2,,呣,,,false,false,false
lp:1113:word:1,1113,1,呣,3,4,,呣,,,false,false,false
lp:1114:word:0,1114,0,国王,0,2,lpw_38e917f021,国王,narrative_character,true,false,false,false
lp:1114:word:1,1114,1,说,2,3,lpw_ccca744613,说,speech,false,true,true,true
lp:1115:word:0,1115,0,我想,1,3,lpw_42230da180,我想,other,false,false,false,false
lp:1115:word:1,1115,1,哪,3,4,,哪,,,false,false,false
lp:1116:word:0,1116,0,在,0,1,lpw_12404a0b63,在,function,false,true,true,true
lp:1116:word:1,1116,1,我,1,2,lpw_b70bb4acc0,我,pronoun,false,true,true,true
lp:1116:word:2,1116,2,的,2,3,lpw_8af2350cfd,的,function,false,true,true,true
lp:1116:word:3,1116,3,星球,3,5,lpw_62f2d6c1a1,星球,place,false,true,true,true
lp:1116:word:4,1116,4,上有,5,7,,上有,,,false,false,false
lp:1116:word:5,1116,5,只,7,8,lpw_409e2c3882,只,function,false,false,true,true
lp:1116:word:6,1116,6,老,8,9,,老,,,false,false,false
lp:1116:word:7,1116,7,耗子,9,11,,耗子,,,false,false,false
lp:1117:word:0,1117,0,夜里,0,2,lpw_41f8d30e7f,夜里,other,false,false,false,false
lp:1117:word:1,1117,1,我,2,3,lpw_b70bb4acc0,我,pronoun,false,true,true,true
lp:1117:word:2,1117,2,听见,3,5,,听见,,,false,false,false
lp:1117:word:3,1117,3,它,5,6,lpw_7e9260e925,它,pronoun,false,true,true,true
lp:1117:word:4,1117,4,的,6,7,lpw_8af2350cfd,的,function,false,true,true,true
lp:1117:word:5,1117,5,声音,7,9,lpw_473400815c,声音,other,false,false,false,false
lp:1118:word:0,1118,0,你,0,1,lpw_a0c7716669,你,pronoun,false,true,true,true
lp:1118:word:1,1118,1,可以,1,3,lpw_0ef5c86fab,可以,negation_modality,false,false,false,true
lp:1118:word:2,1118,2,审判,3,5,,审判,,,false,false,false
lp:1118:word:3,1118,3,这,5,6,lpw_d409ab2ab3,这,pronoun,false,true,true,true
lp:1118:word:4,1118,4,只,6,7,lpw_409e2c3882,只,function,false,false,true,true
lp:1118:word:5,1118,5,老,7,8,,老,,,false,false,false
lp:1118:word:6,1118,6,耗子,8,10,,耗子,,,false,false,false
lp:1119:word:0,1119,0,你,0,1,lpw_a0c7716669,你,pronoun,false,true,true,true
lp:1119:word:1,1119,1,可以,1,3,lpw_0ef5c86fab,可以,negation_modality,false,false,false,true
lp:1119:word:2,1119,2,不时,3,5,,不时,,,false,false,false
lp:1119:word:3,1119,3,判,5,6,,判,,,false,false,false
lp:1119:word:4,1119,4,它,6,7,lpw_7e9260e925,它,pronoun,false,true,true,true
lp:1119:word:5,1119,5,死刑,7,9,,死刑,,,false,false,false
lp:1120:word:0,1120,0,这样,0,2,lpw_b7fc681861,这样,other,false,false,true,true
lp:1120:word:1,1120,1,啊,2,3,lpw_7c2c50fbaf,啊,function,false,false,false,false
lp:1121:word:0,1121,0,它,0,1,lpw_7e9260e925,它,pronoun,false,true,true,true
lp:1121:word:1,1121,1,的,1,2,lpw_8af2350cfd,的,function,false,true,true,true
lp:1121:word:2,1121,2,生命,2,4,,生命,,,false,false,false
lp:1121:word:3,1121,3,就,4,5,lpw_2f9d9872e5,就,function,false,true,true,true
lp:1121:word:4,1121,4,取决,5,7,,取决,,,false,false,false
lp:1121:word:5,1121,5,于,7,8,,于,,,false,false,false
lp:1121:word:6,1121,6,你,8,9,lpw_a0c7716669,你,pronoun,false,true,true,true
lp:1121:word:7,1121,7,的,9,10,lpw_8af2350cfd,的,function,false,true,true,true
lp:1121:word:8,1121,8,判决,10,12,,判决,,,false,false,false
lp:1121:word:9,1121,9,了,12,13,lpw_b2dd27e84f,了,function,false,true,true,true
lp:1122:word:0,1122,0,不过,0,2,lpw_72113362c6,不过,function,false,false,false,true
lp:1123:word:0,1123,0,这,0,1,lpw_d409ab2ab3,这,pronoun,false,true,true,true
lp:1123:word:1,1123,1,只,1,2,lpw_409e2c3882,只,function,false,false,true,true
lp:1123:word:2,1123,2,耗子,2,4,,耗子,,,false,false,false
lp:1123:word:3,1123,3,你,4,5,lpw_a0c7716669,你,pronoun,false,true,true,true
lp:1123:word:4,1123,4,得,5,6,lpw_71b1ed1114,得,function,false,false,true,true
lp:1123:word:5,1123,5,悠,6,7,,悠,,,false,false,false
lp:1123:word:6,1123,6,着,7,8,lpw_9e5bf0d2d9,着,function,false,true,true,true
lp:1123:word:7,1123,7,点儿,8,10,,点儿,,,false,false,false
lp:1123:word:8,1123,8,用,10,11,lpw_04e45efb3b,用,other,false,false,false,true
lp:1124:word:0,1124,0,每次,0,2,,每次,,,false,false,false
lp:1124:word:1,1124,1,判决,2,4,,判决,,,false,false,false
lp:1124:word:2,1124,2,后,4,5,,后,,,false,false,false
lp:1124:word:3,1124,3,都,5,6,lpw_7eabb36ba1,都,function,false,false,true,true
lp:1124:word:4,1124,4,得,6,7,lpw_71b1ed1114,得,function,false,false,true,true
lp:1124:word:5,1124,5,赦免,7,9,,赦免,,,false,false,false
lp:1124:word:6,1124,6,它,9,10,lpw_7e9260e925,它,pronoun,false,true,true,true
lp:1125:word:0,1125,0,因为,0,2,lpw_795cfc96d4,因为,function,false,false,true,true
lp:1125:word:1,1125,1,只有,2,4,lpw_ba8bd7c8c9,只有,other,false,false,false,false
lp:1125:word:2,1125,2,这么,4,6,lpw_7677ca84c6,这么,other,false,false,false,true
lp:1125:word:3,1125,3,一只,6,8,lpw_216a478784,一只,time_quantity,false,false,false,false
lp:1125:word:4,1125,4,耗子,8,10,,耗子,,,false,false,false
lp:1126:word:0,1126,0,可,1,2,lpw_8b9cefa38e,可,other,false,false,true,true
lp:1126:word:1,1126,1,我,2,3,lpw_b70bb4acc0,我,pronoun,false,true,true,true
lp:1127:word:0,1127,0,小王子,0,3,lpw_87f2a033cf,小王子,narrative_character,false,true,true,true
lp:1127:word:1,1127,1,回答,3,5,lpw_f3f5126487,回答,speech,false,false,true,true
lp:1127:word:2,1127,2,说,5,6,lpw_ccca744613,说,speech,false,true,true,true
lp:1128:word:0,1128,0,我不,1,3,lpw_3e63e3d08e,我不,other,false,false,false,false
lp:1128:word:1,1128,1,喜欢,3,5,lpw_653b04330b,喜欢,emotion_social,false,false,false,false
lp:1128:word:2,1128,2,判,5,6,,判,,,false,false,false
lp:1128:word:3,1128,3,死刑,6,8,,死刑,,,false,false,false
lp:1129:word:0,1129,0,我想,0,2,lpw_42230da180,我想,other,false,false,false,false
lp:1129:word:1,1129,1,我还,2,4,,我还,,,false,false,false
lp:1129:word:2,1129,2,得,4,5,lpw_71b1ed1114,得,function,false,false,true,true
lp:1129:word:3,1129,3,走,5,6,lpw_f66de6c4cd,走,physical_action,false,false,false,false
lp:1130:word:0,1130,0,不行,1,3,,不行,,,false,false,false
lp:1131:word:0,1131,0,国王,0,2,lpw_38e917f021,国王,narrative_character,true,false,false,false
lp:1131:word:1,1131,1,说,2,3,lpw_ccca744613,说,speech,false,true,true,true
lp:1132:word:0,1132,0,整装,0,2,,整装,,,false,false,false
lp:1132:word:1,1132,1,待发,2,4,,待发,,,false,false,false
lp:1132:word:2,1132,2,的,4,5,lpw_8af2350cfd,的,function,false,true,true,true
lp:1132:word:3,1132,3,小王子,5,8,lpw_87f2a033cf,小王子,narrative_character,false,true,true,true
lp:1132:word:4,1132,4,不想,8,10,,不想,,,false,false,false
lp:1132:word:5,1132,5,让,10,11,lpw_ad37574404,让,other,false,true,true,true
lp:1132:word:6,1132,6,老,11,12,,老,,,false,false,false
lp:1132:word:7,1132,7,国王,12,14,lpw_38e917f021,国王,narrative_character,true,false,false,false
lp:1132:word:8,1132,8,难过,14,16,,难过,,,false,false,false
lp:1133:word:0,1133,0,陛下,1,3,,陛下,,,false,false,false
lp:1133:word:1,1133,1,如果,3,5,lpw_7ca71b72d7,如果,function,false,false,false,false
lp:1133:word:2,1133,2,想,5,6,lpw_df0d251938,想,cognition,false,false,false,true
lp:1133:word:3,1133,3,让,6,7,lpw_ad37574404,让,other,false,true,true,true
lp:1133:word:4,1133,4,命令,7,9,lpw_928f87d450,命令,speech,true,false,false,false
lp:1133:word:5,1133,5,立刻,9,11,,立刻,,,false,false,false
lp:1133:word:6,1133,6,得到,11,13,,得到,,,false,false,false
lp:1133:word:7,1133,7,服从,13,15,,服从,,,false,false,false
lp:1134:word:0,1134,0,那就,0,2,,那就,,,false,false,false
lp:1134:word:1,1134,1,不妨,2,4,,不妨,,,false,false,false
lp:1134:word:2,1134,2,下,4,5,lpw_13c12b064b,下,function,false,false,false,false
lp:1134:word:3,1134,3,一道,5,7,,一道,,,false,false,false
lp:1134:word:4,1134,4,合情合理,7,11,,合情合理,,,false,false,false
lp:1134:word:5,1134,5,的,11,12,lpw_8af2350cfd,的,function,false,true,true,true
lp:1134:word:6,1134,6,命令,12,14,lpw_928f87d450,命令,speech,true,false,false,false
lp:1135:word:0,1135,0,比如,0,2,,比如,,,false,false,false
lp:1135:word:1,1135,1,说,2,3,lpw_ccca744613,说,speech,false,true,true,true
lp:1136:word:0,1136,0,陛下,0,2,,陛下,,,false,false,false
lp:1136:word:1,1136,1,可以,2,4,lpw_0ef5c86fab,可以,negation_modality,false,false,false,true
lp:1136:word:2,1136,2,命令,4,6,lpw_928f87d450,命令,speech,true,false,false,false
lp:1136:word:3,1136,3,我在,6,8,lpw_33f40475f8,我在,other,false,false,false,false
lp:1136:word:4,1136,4,一,8,9,lpw_51a75f4634,一,other,false,false,true,true
lp:1136:word:5,1136,5,分钟,9,11,lpw_bd957bc497,分钟,time_quantity,false,false,false,false
lp:1136:word:6,1136,6,内,11,12,,内,,,false,false,false
lp:1136:word:7,1136,7,离开,12,14,,离开,,,false,false,false
lp:1136:word:8,1136,8,此地,14,16,,此地,,,false,false,false
lp:1137:word:0,1137,0,我,0,1,lpw_b70bb4acc0,我,pronoun,false,true,true,true
lp:1137:word:1,1137,1,觉得,1,3,lpw_78c82d9f41,觉得,cognition,false,false,false,true
lp:1137:word:2,1137,2,条件,3,5,,条件,,,false,false,false
lp:1137:word:3,1137,3,已经,5,7,lpw_8ee12e2310,已经,other,false,false,false,false
lp:1137:word:4,1137,4,成熟,7,9,,成熟,,,false,false,false
lp:1138:word:0,1138,0,国王,0,2,lpw_38e917f021,国王,narrative_character,true,false,false,false
lp:1138:word:1,1138,1,一声不吭,2,6,,一声不吭,,,false,false,false
lp:1139:word:0,1139,0,小王子,0,3,lpw_87f2a033cf,小王子,narrative_character,false,true,true,true
lp:1139:word:1,1139,1,起先,3,5,,起先,,,false,false,false
lp:1139:word:2,1139,2,有点,5,7,lpw_29506aa712,有点,other,false,false,false,true
lp:1139:word:3,1139,3,犹豫,7,9,,犹豫,,,false,false,false
lp:1140:word:0,1140,0,而后,0,2,,而后,,,false,false,false
lp:1140:word:1,1140,1,叹,2,3,,叹,,,false,false,false
lp:1140:word:2,1140,2,了,3,4,lpw_b2dd27e84f,了,function,false,true,true,true
lp:1140:word:3,1140,3,口气,4,6,,口气,,,false,false,false
lp:1141:word:0,1141,0,就,0,1,lpw_2f9d9872e5,就,function,false,true,true,true
lp:1141:word:1,1141,1,起程,1,3,,起程,,,false,false,false
lp:1141:word:2,1141,2,了,3,4,lpw_b2dd27e84f,了,function,false,true,true,true
lp:1142:word:0,1142,0,我,1,2,lpw_b70bb4acc0,我,pronoun,false,true,true,true
lp:1142:word:1,1142,1,任命,2,4,,任命,,,false,false,false
lp:1142:word:2,1142,2,你,4,5,lpw_a0c7716669,你,pronoun,false,true,true,true
lp:1142:word:3,1142,3,当,5,6,lpw_142d843e71,当,other,false,false,false,false
lp:1142:word:4,1142,4,我,6,7,lpw_b70bb4acc0,我,pronoun,false,true,true,true
lp:1142:word:5,1142,5,的,7,8,lpw_8af2350cfd,的,function,false,true,true,true
lp:1142:word:6,1142,6,大使,8,10,,大使,,,false,false,false
lp:1143:word:0,1143,0,这时,0,2,,这时,,,false,false,false
lp:1143:word:1,1143,1,国王,2,4,lpw_38e917f021,国王,narrative_character,true,false,false,false
lp:1143:word:2,1143,2,赶紧,4,6,,赶紧,,,false,false,false
lp:1143:word:3,1143,3,喊,6,7,,喊,,,false,false,false
lp:1143:word:4,1143,4,道,7,8,lpw_00a9d5bd97,道,other,false,false,false,false
lp:1144:word:0,1144,0,他,0,1,lpw_8b7b91e000,他,pronoun,false,true,true,true
lp:1144:word:1,1144,1,的,1,2,lpw_8af2350cfd,的,function,false,true,true,true
lp:1144:word:2,1144,2,神态,2,4,,神态,,,false,false,false
lp:1144:word:3,1144,3,威严,4,6,,威严,,,false,false,false
lp:1144:word:4,1144,4,极了,6,8,,极了,,,false,false,false
lp:1145:word:0,1145,0,这些,1,3,lpw_7a590a22cd,这些,function,false,false,false,true
lp:1145:word:1,1145,1,大人,3,5,lpw_44dd6014a5,大人,narrative_character,false,false,false,true
lp:1145:word:2,1145,2,真,5,6,lpw_827d018e1b,真,other,false,false,false,false
lp:1145:word:3,1145,3,奇怪,6,8,,奇怪,,,false,false,false
lp:1146:word:0,1146,0,小王子,0,3,lpw_87f2a033cf,小王子,narrative_character,false,true,true,true
lp:1146:word:1,1146,1,在,3,4,lpw_12404a0b63,在,function,false,true,true,true
lp:1146:word:2,1146,2,旅途,4,6,,旅途,,,false,false,false
lp:1146:word:3,1146,3,中,6,7,lpw_a567bdaa11,中,other,false,false,false,false
lp:1146:word:4,1146,4,自言自语,7,11,,自言自语,,,false,false,false
lp:1146:word:5,1146,5,地,11,12,lpw_bdbd41e490,地,function,false,true,true,true
lp:1146:word:6,1146,6,说,12,13,lpw_ccca744613,说,speech,false,true,true,true
lp:1148:word:0,1148,0,第二,0,2,,第二,,,false,false,false
lp:1148:word:1,1148,1,颗,2,3,lpw_09901d3de2,颗,other,false,false,false,false
lp:1148:word:2,1148,2,行星,3,5,lpw_19956b104c,行星,other,false,false,false,false
lp:1148:word:3,1148,3,上,5,6,lpw_db5ba671d2,上,function,false,true,true,true
lp:1148:word:4,1148,4,住,6,7,lpw_cbba0a98ab,住,other,false,false,false,false
lp:1148:word:5,1148,5,着,7,8,lpw_9e5bf0d2d9,着,function,false,true,true,true
lp:1148:word:6,1148,6,一个,8,10,lpw_e1dbc1c99f,一个,function|time_quantity,false,true,true,true
lp:1148:word:7,1148,7,爱,10,11,lpw_bafe3b2ee7,爱,emotion_social,false,false,false,false
lp:1148:word:8,1148,8,虚荣的人,11,15,lpw_577fd55103,虚荣的人,narrative_character,true,false,false,false
lp:1149:word:0,1149,0,哈哈,1,3,,哈哈,,,false,false,false
lp:1150:word:0,1150,0,有,0,1,lpw_90ce0f66f0,有,other,false,true,true,true
lp:1150:word:1,1150,1,个,1,2,lpw_3a116815bc,个,other,false,false,true,true
lp:1150:word:2,1150,2,崇拜,2,4,,崇拜,,,false,false,false
lp:1150:word:3,1150,3,者,4,5,,者,,,false,false,false
lp:1150:word:4,1150,4,来看,5,7,,来看,,,false,false,false
lp:1150:word:5,1150,5,我,7,8,lpw_b70bb4acc0,我,pronoun,false,true,true,true
lp:1150:word:6,1150,6,了,8,9,lpw_b2dd27e84f,了,function,false,true,true,true
lp:1151:word:0,1151,0,这个,0,2,lpw_979e2bc35b,这个,function,false,false,true,true
lp:1151:word:1,1151,1,爱,2,3,lpw_bafe3b2ee7,爱,emotion_social,false,false,false,false
lp:1151:word:2,1151,2,虚荣的人,3,7,lpw_577fd55103,虚荣的人,narrative_character,true,false,false,false
lp:1151:word:3,1151,3,刚,7,8,,刚,,,false,false,false
lp:1151:word:4,1151,4,看见,8,10,lpw_7205426737,看见,perception,false,false,false,true
lp:1151:word:5,1151,5,小王子,10,13,lpw_87f2a033cf,小王子,narrative_character,false,true,true,true
lp:1152:word:0,1152,0,大,0,1,lpw_7d4ca7f48e,大,other,false,false,false,false
lp:1152:word:1,1152,1,老远,1,3,,老远,,,false,false,false
lp:1152:word:2,1152,2,就,3,4,lpw_2f9d9872e5,就,function,false,true,true,true
lp:1152:word:3,1152,3,喊了,4,6,,喊了,,,false,false,false
lp:1152:word:4,1152,4,起来,6,8,lpw_b8a694b2df,起来,other,false,false,false,true
lp:1153:word:0,1153,0,因为,0,2,lpw_795cfc96d4,因为,function,false,false,true,true
lp:1154:word:0,1154,0,在,0,1,lpw_12404a0b63,在,function,false,true,true,true
lp:1154:word:1,1154,1,爱,1,2,lpw_bafe3b2ee7,爱,emotion_social,false,false,false,false
lp:1154:word:2,1154,2,虚荣的人,2,6,lpw_577fd55103,虚荣的人,narrative_character,true,false,false,false
lp:1154:word:3,1154,3,眼,6,7,,眼,,,false,false,false
lp:1154:word:4,1154,4,里,7,8,lpw_79f43de6e3,里,function,false,false,true,true
lp:1155:word:0,1155,0,别人,0,2,,别人,,,false,false,false
lp:1155:word:1,1155,1,都是,2,4,lpw_ef4e15ff45,都是,other,false,false,false,false
lp:1155:word:2,1155,2,他们,4,6,lpw_10518f8f0a,他们,pronoun,false,true,true,true
lp:1155:word:3,1155,3,的,6,7,lpw_8af2350cfd,的,function,false,true,true,true
lp:1155:word:4,1155,4,崇拜,7,9,,崇拜,,,false,false,false
lp:1155:word:5,1155,5,者,9,10,,者,,,false,false,false
lp:1156:word:0,1156,0,您好,1,3,,您好,,,false,false,false
lp:1157:word:0,1157,0,小王子,0,3,lpw_87f2a033cf,小王子,narrative_character,false,true,true,true
lp:1157:word:1,1157,1,说,3,4,lpw_ccca744613,说,speech,false,true,true,true
lp:1158:word:0,1158,0,您,1,2,lpw_9bbfbbc76f,您,pronoun,true,false,false,false
lp:1158:word:1,1158,1,这,2,3,lpw_d409ab2ab3,这,pronoun,false,true,true,true
lp:1158:word:2,1158,2,顶,3,4,,顶,,,false,false,false
lp:1158:word:3,1158,3,帽子,4,6,,帽子,,,false,false,false
lp:1158:word:4,1158,4,挺,6,7,,挺,,,false,false,false
lp:1158:word:5,1158,5,有趣,7,9,,有趣,,,false,false,false
lp:1158:word:6,1158,6,的,9,10,lpw_8af2350cfd,的,function,false,true,true,true
lp:1159:word:0,1159,0,这,1,2,lpw_d409ab2ab3,这,pronoun,false,true,true,true
lp:1159:word:1,1159,1,是用,2,4,,是用,,,false,false,false
lp:1159:word:2,1159,2,来,4,5,lpw_6d8229118c,来,physical_action,false,true,true,true
lp:1159:word:3,1159,3,致意,5,7,,致意,,,false,false,false
lp:1159:word:4,1159,4,的,7,8,lpw_8af2350cfd,的,function,false,true,true,true
lp:1160:word:0,1160,0,爱,0,1,lpw_bafe3b2ee7,爱,emotion_social,false,false,false,false
lp:1160:word:1,1160,1,虚荣的人,1,5,lpw_577fd55103,虚荣的人,narrative_character,true,false,false,false
lp:1160:word:2,1160,2,回答,5,7,lpw_f3f5126487,回答,speech,false,false,true,true
lp:1160:word:3,1160,3,说,7,8,lpw_ccca744613,说,speech,false,true,true,true
lp:1161:word:0,1161,0,人家,1,3,,人家,,,false,false,false
lp:1161:word:1,1161,1,向,3,4,lpw_a2f77db0e9,向,other,false,false,false,false
lp:1161:word:2,1161,2,我,4,5,lpw_b70bb4acc0,我,pronoun,false,true,true,true
lp:1161:word:3,1161,3,欢呼,5,7,,欢呼,,,false,false,false
lp:1161:word:4,1161,4,时,7,8,lpw_7d58b6422c,时,other,false,false,false,false
lp:1162:word:0,1162,0,我,0,1,lpw_b70bb4acc0,我,pronoun,false,true,true,true
lp:1162:word:1,1162,1,就用,1,3,,就用,,,false,false,false
lp:1162:word:2,1162,2,帽子,3,5,,帽子,,,false,false,false
lp:1162:word:3,1162,3,向,5,6,lpw_a2f77db0e9,向,other,false,false,false,false
lp:1162:word:4,1162,4,他们,6,8,lpw_10518f8f0a,他们,pronoun,false,true,true,true
lp:1162:word:5,1162,5,致意,8,10,,致意,,,false,false,false
lp:1163:word:0,1163,0,可惜,0,2,,可惜,,,false,false,false
lp:1163:word:1,1163,1,啊,2,3,lpw_7c2c50fbaf,啊,function,false,false,false,false
lp:1164:word:0,1164,0,一直,0,2,,一直,,,false,false,false
lp:1164:word:1,1164,1,没,2,3,lpw_279e8b3573,没,negation_modality,false,false,true,true
lp:1164:word:2,1164,2,人,3,4,lpw_50f5d65d57,人,other,false,true,true,true
lp:1164:word:3,1164,3,经过,4,6,,经过,,,false,false,false
lp:1164:word:4,1164,4,这儿,6,8,lpw_19a29e87c9,这儿,other,false,false,true,true
lp:1165:word:0,1165,0,是,1,2,lpw_b5141d3d19,是,function,false,true,true,true
lp:1165:word:1,1165,1,吗,2,3,lpw_5ac1612110,吗,function|interrogative,false,false,false,true
lp:1166:word:0,1166,0,小王子,0,3,lpw_87f2a033cf,小王子,narrative_character,false,true,true,true
lp:1166:word:1,1166,1,说,3,4,lpw_ccca744613,说,speech,false,true,true,true
lp:1167:word:0,1167,0,他,0,1,lpw_8b7b91e000,他,pronoun,false,true,true,true
lp:1167:word:1,1167,1,没,1,2,lpw_279e8b3573,没,negation_modality,false,false,true,true
lp:1167:word:2,1167,2,明白,2,4,lpw_8e37cd5f7f,明白,cognition,false,false,false,false
lp:1167:word:3,1167,3,那,4,5,lpw_5a2362a202,那,pronoun,false,true,true,true
lp:1167:word:4,1167,4,人的,5,7,,人的,,,false,false,false
lp:1167:word:5,1167,5,意思,7,9,lpw_65eb352d08,意思,other,true,false,false,false
lp:1168:word:0,1168,0,你,1,2,lpw_a0c7716669,你,pronoun,false,true,true,true
lp:1168:word:1,1168,1,用,2,3,lpw_04e45efb3b,用,other,false,false,false,true
lp:1168:word:2,1168,2,一只,3,5,lpw_216a478784,一只,time_quantity,false,false,false,false
lp:1168:word:3,1168,3,手,5,6,,手,,,false,false,false
lp:1168:word:4,1168,4,去,6,7,lpw_99ae21ea6c,去,physical_action,false,false,true,true
lp:1168:word:5,1168,5,拍,7,8,,拍,,,false,false,false
lp:1168:word:6,1168,6,另一,8,10,,另一,,,false,false,false
lp:1168:word:7,1168,7,只,10,11,lpw_409e2c3882,只,function,false,false,true,true
lp:1168:word:8,1168,8,手,11,12,,手,,,false,false,false
lp:1169:word:0,1169,0,于是,0,2,lpw_3617c85a66,于是,other,false,false,false,false
lp:1169:word:1,1169,1,爱,2,3,lpw_bafe3b2ee7,爱,emotion_social,false,false,false,false
lp:1169:word:2,1169,2,虚荣的人,3,7,lpw_577fd55103,虚荣的人,narrative_character,true,false,false,false
lp:1169:word:3,1169,3,这样,7,9,lpw_b7fc681861,这样,other,false,false,true,true
lp:1169:word:4,1169,4,教,9,10,,教,,,false,false,false
lp:1169:word:5,1169,5,他,10,11,lpw_8b7b91e000,他,pronoun,false,true,true,true
lp:1170:word:0,1170,0,小王子,0,3,lpw_87f2a033cf,小王子,narrative_character,false,true,true,true
lp:1170:word:1,1170,1,就,3,4,lpw_2f9d9872e5,就,function,false,true,true,true
lp:1170:word:2,1170,2,拍起,4,6,,拍起,,,false,false,false
lp:1170:word:3,1170,3,巴掌,6,8,,巴掌,,,false,false,false
lp:1170:word:4,1170,4,来,8,9,lpw_6d8229118c,来,physical_action,false,true,true,true
lp:1170:word:5,1170,5,了,9,10,lpw_b2dd27e84f,了,function,false,true,true,true
lp:1171:word:0,1171,0,爱,0,1,lpw_bafe3b2ee7,爱,emotion_social,false,false,false,false
lp:1171:word:1,1171,1,虚荣的人,1,5,lpw_577fd55103,虚荣的人,narrative_character,true,false,false,false
lp:1171:word:2,1171,2,抬起,5,7,,抬起,,,false,false,false
lp:1171:word:3,1171,3,帽子,7,9,,帽子,,,false,false,false
lp:1172:word:0,1172,0,谦逊,0,2,,谦逊,,,false,false,false
lp:1172:word:1,1172,1,地,2,3,lpw_bdbd41e490,地,function,false,true,true,true
lp:1172:word:2,1172,2,致意,3,5,,致意,,,false,false,false
lp:1173:word:0,1173,0,这,1,2,lpw_d409ab2ab3,这,pronoun,false,true,true,true
lp:1173:word:1,1173,1,比,2,3,lpw_ab158a8483,比,other,false,false,false,false
lp:1173:word:2,1173,2,访问,3,5,,访问,,,false,false,false
lp:1173:word:3,1173,3,那个,5,7,lpw_fa6e73c549,那个,function,false,false,false,false
lp:1173:word:4,1173,4,国王,7,9,lpw_38e917f021,国王,narrative_character,true,false,false,false
lp:1173:word:5,1173,5,好玩,9,11,,好玩,,,false,false,false
lp:1173:word:6,1173,6,多,11,12,lpw_1940119f05,多,other,false,false,false,false
lp:1173:word:7,1173,7,了,12,13,lpw_b2dd27e84f,了,function,false,true,true,true
lp:1174:word:0,1174,0,小王子,0,3,lpw_87f2a033cf,小王子,narrative_character,false,true,true,true
lp:1174:word:1,1174,1,心想,3,5,,心想,,,false,false,false
lp:1175:word:0,1175,0,他,0,1,lpw_8b7b91e000,他,pronoun,false,true,true,true
lp:1175:word:1,1175,1,又,1,2,lpw_e71ce5deab,又,function,false,true,true,true
lp:1175:word:2,1175,2,拍起,2,4,,拍起,,,false,false,false
lp:1175:word:3,1175,3,巴掌,4,6,,巴掌,,,false,false,false
lp:1175:word:4,1175,4,来,6,7,lpw_6d8229118c,来,physical_action,false,true,true,true
lp:1175:word:5,1175,5,了,7,8,lpw_b2dd27e84f,了,function,false,true,true,true
lp:1176:word:0,1176,0,爱,0,1,lpw_bafe3b2ee7,爱,emotion_social,false,false,false,false
lp:1176:word:1,1176,1,虚荣的人,1,5,lpw_577fd55103,虚荣的人,narrative_character,true,false,false,false
lp:1176:word:2,1176,2,就,5,6,lpw_2f9d9872e5,就,function,false,true,true,true
lp:1176:word:3,1176,3,又,6,7,lpw_e71ce5deab,又,function,false,true,true,true
lp:1176:word:4,1176,4,抬起,7,9,,抬起,,,false,false,false
lp:1176:word:5,1176,5,帽子,9,11,,帽子,,,false,false,false
lp:1176:word:6,1176,6,致意,11,13,,致意,,,false,false,false
lp:1177:word:0,1177,0,这样,0,2,lpw_b7fc681861,这样,other,false,false,true,true
lp:1177:word:1,1177,1,玩了,2,4,,玩了,,,false,false,false
lp:1177:word:2,1177,2,五,4,5,lpw_c9b87f516a,五,other,true,false,false,false
lp:1177:word:3,1177,3,分钟,5,7,lpw_bd957bc497,分钟,time_quantity,false,false,false,false
lp:1178:word:0,1178,0,小王子,0,3,lpw_87f2a033cf,小王子,narrative_character,false,true,true,true
lp:1178:word:1,1178,1,觉得,3,5,lpw_78c82d9f41,觉得,cognition,false,false,false,true
lp:1178:word:2,1178,2,太,5,6,lpw_e7ace7adf2,太,other,false,false,false,true
lp:1178:word:3,1178,3,单调,6,8,,单调,,,false,false,false
lp:1179:word:0,1179,0,他,0,1,lpw_8b7b91e000,他,pronoun,false,true,true,true
lp:1179:word:1,1179,1,都,1,2,lpw_7eabb36ba1,都,function,false,false,true,true
lp:1179:word:2,1179,2,玩,2,3,,玩,,,false,false,false
lp:1179:word:3,1179,3,累了,3,5,,累了,,,false,false,false
lp:1180:word:0,1180,0,要,1,2,lpw_975f35218e,要,negation_modality,false,false,true,true
lp:1180:word:1,1180,1,想,2,3,lpw_df0d251938,想,cognition,false,false,false,true
lp:1180:word:2,1180,2,叫,3,4,,叫,,,false,false,false
lp:1180:word:3,1180,3,这,4,5,lpw_d409ab2ab3,这,pronoun,false,true,true,true
lp:1180:word:4,1180,4,顶,5,6,,顶,,,false,false,false
lp:1180:word:5,1180,5,帽子,6,8,,帽子,,,false,false,false
lp:1180:word:6,1180,6,掉,8,9,,掉,,,false,false,false
lp:1180:word:7,1180,7,下来,9,11,,下来,,,false,false,false
lp:1181:word:0,1181,0,该,0,1,,该,,,false,false,false
lp:1181:word:1,1181,1,怎么,1,3,lpw_5ee8091a38,怎么,interrogative,false,false,false,false
lp:1181:word:2,1181,2,做,3,4,lpw_94f5404441,做,other,false,false,false,false
lp:1181:word:3,1181,3,呢,4,5,lpw_02811cec0b,呢,function|interrogative,false,true,true,true
lp:1182:word:0,1182,0,可是,0,2,lpw_38ca4a9c76,可是,function,false,false,true,true
lp:1182:word:1,1182,1,爱,2,3,lpw_bafe3b2ee7,爱,emotion_social,false,false,false,false
lp:1182:word:2,1182,2,虚荣的人,3,7,lpw_577fd55103,虚荣的人,narrative_character,true,false,false,false
lp:1182:word:3,1182,3,没,7,8,lpw_279e8b3573,没,negation_modality,false,false,true,true
lp:1182:word:4,1182,4,听见,8,10,,听见,,,false,false,false
lp:1182:word:5,1182,5,他,10,11,lpw_8b7b91e000,他,pronoun,false,true,true,true
lp:1182:word:6,1182,6,的话,11,13,lpw_9b952dd4e3,的话,other,false,false,false,false
lp:1183:word:0,1183,0,爱,0,1,lpw_bafe3b2ee7,爱,emotion_social,false,false,false,false
lp:1183:word:1,1183,1,虚荣的人,1,5,lpw_577fd55103,虚荣的人,narrative_character,true,false,false,false
lp:1183:word:2,1183,2,只,5,6,lpw_409e2c3882,只,function,false,false,true,true
lp:1183:word:3,1183,3,听得见,6,9,,听得见,,,false,false,false
lp:1183:word:4,1183,4,颂扬,9,11,,颂扬,,,false,false,false
lp:1183:word:5,1183,5,的话,11,13,lpw_9b952dd4e3,的话,other,false,false,false,false
lp:1184:word:0,1184,0,你,1,2,lpw_a0c7716669,你,pronoun,false,true,true,true
lp:1184:word:1,1184,1,真的,2,4,,真的,,,false,false,false
lp:1184:word:2,1184,2,很,4,5,lpw_f2b91797ea,很,other,false,true,true,true
lp:1184:word:3,1184,3,崇拜,5,7,,崇拜,,,false,false,false
lp:1184:word:4,1184,4,我吗,7,9,,我吗,,,false,false,false
lp:1185:word:0,1185,0,他,0,1,lpw_8b7b91e000,他,pronoun,false,true,true,true
lp:1185:word:1,1185,1,问,1,2,lpw_4628c0e06f,问,speech,false,false,true,true
lp:1185:word:2,1185,2,小王子,2,5,lpw_87f2a033cf,小王子,narrative_character,false,true,true,true
lp:1186:word:0,1186,0,崇拜,1,3,,崇拜,,,false,false,false
lp:1186:word:1,1186,1,是,3,4,lpw_b5141d3d19,是,function,false,true,true,true
lp:1186:word:2,1186,2,什么,4,6,lpw_c1b52e0e64,什么,pronoun|interrogative,false,true,true,true
lp:1186:word:3,1186,3,意思,6,8,lpw_65eb352d08,意思,other,true,false,false,false
lp:1187:word:0,1187,0,崇拜,1,3,,崇拜,,,false,false,false
lp:1187:word:1,1187,1,的,3,4,lpw_8af2350cfd,的,function,false,true,true,true
lp:1187:word:2,1187,2,意思,4,6,lpw_65eb352d08,意思,other,true,false,false,false
lp:1187:word:3,1187,3,就是,6,8,lpw_88aa006eb3,就是,other,false,false,true,true
lp:1188:word:0,1188,0,承认,0,2,,承认,,,false,false,false
lp:1188:word:1,1188,1,我是,2,4,lpw_06ba27715e,我是,other,false,false,false,false
lp:1188:word:2,1188,2,这个,4,6,lpw_979e2bc35b,这个,function,false,false,true,true
lp:1188:word:3,1188,3,星球,6,8,lpw_62f2d6c1a1,星球,place,false,true,true,true
lp:1188:word:4,1188,4,上,8,9,lpw_db5ba671d2,上,function,false,true,true,true
lp:1188:word:5,1188,5,最,9,10,,最,,,false,false,false
lp:1188:word:6,1188,6,英俊,10,12,,英俊,,,false,false,false
lp:1189:word:0,1189,0,最,0,1,,最,,,false,false,false
lp:1189:word:1,1189,1,摩登,1,3,,摩登,,,false,false,false
lp:1189:word:2,1189,2,最,4,5,,最,,,false,false,false
lp:1189:word:3,1189,3,富有,5,7,,富有,,,false,false,false
lp:1189:word:4,1189,4,最有,8,10,,最有,,,false,false,false
lp:1189:word:5,1189,5,学问,10,12,,学问,,,false,false,false
lp:1189:word:6,1189,6,的,12,13,lpw_8af2350cfd,的,function,false,true,true,true
lp:1189:word:7,1189,7,人,13,14,lpw_50f5d65d57,人,other,false,true,true,true
lp:1190:word:0,1190,0,可是,1,3,lpw_38ca4a9c76,可是,function,false,false,true,true
lp:1190:word:1,1190,1,这个,3,5,lpw_979e2bc35b,这个,function,false,false,true,true
lp:1190:word:2,1190,2,星球,5,7,lpw_62f2d6c1a1,星球,place,false,true,true,true
lp:1190:word:3,1190,3,上,7,8,lpw_db5ba671d2,上,function,false,true,true,true
lp:1190:word:4,1190,4,只有,8,10,lpw_ba8bd7c8c9,只有,other,false,false,false,false
lp:1190:word:5,1190,5,你,10,11,lpw_a0c7716669,你,pronoun,false,true,true,true
lp:1190:word:6,1190,6,一个,11,13,lpw_e1dbc1c99f,一个,function|time_quantity,false,true,true,true
lp:1190:word:7,1190,7,人,13,14,lpw_50f5d65d57,人,other,false,true,true,true
lp:1190:word:8,1190,8,呀,14,15,lpw_03fe6b38e7,呀,function,false,false,false,true
lp:1191:word:0,1191,0,帮,1,2,,帮,,,false,false,false
lp:1191:word:1,1191,1,帮忙,2,4,,帮忙,,,false,false,false
lp:1192:word:0,1192,0,你,0,1,lpw_a0c7716669,你,pronoun,false,true,true,true
lp:1192:word:1,1192,1,只管,1,3,,只管,,,false,false,false
lp:1192:word:2,1192,2,崇拜,3,5,,崇拜,,,false,false,false
lp:1192:word:3,1192,3,我,5,6,lpw_b70bb4acc0,我,pronoun,false,true,true,true
lp:1192:word:4,1192,4,就是,6,8,lpw_88aa006eb3,就是,other,false,false,true,true
lp:1192:word:5,1192,5,了,8,9,lpw_b2dd27e84f,了,function,false,true,true,true
lp:1193:word:0,1193,0,我,1,2,lpw_b70bb4acc0,我,pronoun,false,true,true,true
lp:1193:word:1,1193,1,崇拜,2,4,,崇拜,,,false,false,false
lp:1193:word:2,1193,2,你,4,5,lpw_a0c7716669,你,pronoun,false,true,true,true
lp:1194:word:0,1194,0,小王子,0,3,lpw_87f2a033cf,小王子,narrative_character,false,true,true,true
lp:1194:word:1,1194,1,说,3,4,lpw_ccca744613,说,speech,false,true,true,true
lp:1194:word:2,1194,2,着,4,5,lpw_9e5bf0d2d9,着,function,false,true,true,true
lp:1195:word:0,1195,0,微微,0,2,,微微,,,false,false,false
lp:1195:word:1,1195,1,耸了耸肩,2,6,,耸了耸肩,,,false,false,false
lp:1195:word:2,1195,2,膀,6,7,,膀,,,false,false,false
lp:1196:word:0,1196,0,可是,1,3,lpw_38ca4a9c76,可是,function,false,false,true,true
lp:1196:word:1,1196,1,你要,3,5,lpw_642b100e13,你要,other,false,false,false,false
lp:1196:word:2,1196,2,这个,5,7,lpw_979e2bc35b,这个,function,false,false,true,true
lp:1196:word:3,1196,3,干什么,7,10,,干什么,,,false,false,false
lp:1196:word:4,1196,4,呢,10,11,lpw_02811cec0b,呢,function|interrogative,false,true,true,true
lp:1197:word:0,1197,0,说,0,1,lpw_ccca744613,说,speech,false,true,true,true
lp:1197:word:1,1197,1,着,1,2,lpw_9e5bf0d2d9,着,function,false,true,true,true
lp:1198:word:0,1198,0,小王子,0,3,lpw_87f2a033cf,小王子,narrative_character,false,true,true,true
lp:1198:word:1,1198,1,就,3,4,lpw_2f9d9872e5,就,function,false,true,true,true
lp:1198:word:2,1198,2,走开,4,6,,走开,,,false,false,false
lp:1198:word:3,1198,3,了,6,7,lpw_b2dd27e84f,了,function,false,true,true,true
lp:1199:word:0,1199,0,这些,1,3,lpw_7a590a22cd,这些,function,false,false,false,true
lp:1199:word:1,1199,1,大人,3,5,lpw_44dd6014a5,大人,narrative_character,false,false,false,true
lp:1199:word:2,1199,2,真的,5,7,,真的,,,false,false,false
lp:1199:word:3,1199,3,很,7,8,lpw_f2b91797ea,很,other,false,true,true,true
lp:1199:word:4,1199,4,怪,8,9,,怪,,,false,false,false
lp:1199:word:5,1199,5,哟,9,10,,哟,,,false,false,false
lp:1200:word:0,1200,0,一路上,0,3,,一路上,,,false,false,false
lp:1201:word:0,1201,0,他,0,1,lpw_8b7b91e000,他,pronoun,false,true,true,true
lp:1201:word:1,1201,1,这么,1,3,lpw_7677ca84c6,这么,other,false,false,false,true
lp:1201:word:2,1201,2,对,3,4,lpw_74570c7270,对,function,false,true,true,true
lp:1201:word:3,1201,3,自己,4,6,lpw_fb43354d2a,自己,pronoun,false,false,true,true
lp:1201:word:4,1201,4,说,6,7,lpw_ccca744613,说,speech,false,true,true,true
lp:1201:word:5,1201,5,了,7,8,lpw_b2dd27e84f,了,function,false,true,true,true
lp:1201:word:6,1201,6,一句,8,10,,一句,,,false,false,false
lp:1203:word:0,1203,0,下,0,1,lpw_13c12b064b,下,function,false,false,false,false
lp:1203:word:1,1203,1,一颗,1,3,lpw_9a18d5dc38,一颗,time_quantity,false,false,false,false
lp:1203:word:2,1203,2,行星,3,5,lpw_19956b104c,行星,other,false,false,false,false
lp:1203:word:3,1203,3,上,5,6,lpw_db5ba671d2,上,function,false,true,true,true
lp:1203:word:4,1203,4,住,6,7,lpw_cbba0a98ab,住,other,false,false,false,false
lp:1203:word:5,1203,5,着,7,8,lpw_9e5bf0d2d9,着,function,false,true,true,true
lp:1203:word:6,1203,6,一个,8,10,lpw_e1dbc1c99f,一个,function|time_quantity,false,true,true,true
lp:1203:word:7,1203,7,酒鬼,10,12,lpw_1c31582177,酒鬼,narrative_character,true,false,false,false
lp:1204:word:0,1204,0,这次,0,2,,这次,,,false,false,false
lp:1204:word:1,1204,1,访问,2,4,,访问,,,false,false,false
lp:1204:word:2,1204,2,时间,4,6,lpw_8b6ff49851,时间,time_quantity,false,false,false,false
lp:1204:word:3,1204,3,很短,6,8,,很短,,,false,false,false
lp:1205:word:0,1205,0,却,0,1,lpw_da153c5b45,却,other,false,false,false,false
lp:1205:word:1,1205,1,使,1,2,lpw_22c95798a9,使,other,false,false,false,false
lp:1205:word:2,1205,2,小王子,2,5,lpw_87f2a033cf,小王子,narrative_character,false,true,true,true
lp:1205:word:3,1205,3,陷入,5,7,,陷入,,,false,false,false
lp:1205:word:4,1205,4,了,7,8,lpw_b2dd27e84f,了,function,false,true,true,true
lp:1205:word:5,1205,5,深深,8,10,,深深,,,false,false,false
lp:1205:word:6,1205,6,的,10,11,lpw_8af2350cfd,的,function,false,true,true,true
lp:1205:word:7,1205,7,怅,11,12,,怅,,,false,false,false
lp:1205:word:8,1205,8,惘,12,13,,惘,,,false,false,false
lp:1205:word:9,1205,9,之中,13,15,,之中,,,false,false,false
lp:1206:word:0,1206,0,他,0,1,lpw_8b7b91e000,他,pronoun,false,true,true,true
lp:1206:word:1,1206,1,看见,1,3,lpw_7205426737,看见,perception,false,false,false,true
lp:1206:word:2,1206,2,那个,3,5,lpw_fa6e73c549,那个,function,false,false,false,false
lp:1206:word:3,1206,3,酒鬼,5,7,lpw_1c31582177,酒鬼,narrative_character,true,false,false,false
lp:1206:word:4,1206,4,静静,7,9,,静静,,,false,false,false
lp:1206:word:5,1206,5,地,9,10,lpw_bdbd41e490,地,function,false,true,true,true
lp:1206:word:6,1206,6,坐在,10,12,,坐在,,,false,false,false
lp:1206:word:7,1206,7,桌,12,13,,桌,,,false,false,false
lp:1206:word:8,1206,8,前,13,14,,前,,,false,false,false
lp:1207:word:0,1207,0,面前,0,2,,面前,,,false,false,false
lp:1207:word:1,1207,1,有,2,3,lpw_90ce0f66f0,有,other,false,true,true,true
lp:1207:word:2,1207,2,一堆,3,5,,一堆,,,false,false,false
lp:1207:word:3,1207,3,空,5,6,,空,,,false,false,false
lp:1207:word:4,1207,4,酒瓶,6,8,,酒瓶,,,false,false,false
lp:1207:word:5,1207,5,和,8,9,lpw_3d7114281f,和,function,false,false,true,true
lp:1207:word:6,1207,6,一堆,9,11,,一堆,,,false,false,false
lp:1207:word:7,1207,7,装得,11,13,,装得,,,false,false,false
lp:1207:word:8,1207,8,满,13,14,lpw_abc511ca95,满,other,false,false,false,false
lp:1207:word:9,1207,9,满,14,15,lpw_abc511ca95,满,other,false,false,false,false
lp:1207:word:10,1207,10,的,15,16,lpw_8af2350cfd,的,function,false,true,true,true
lp:1207:word:11,1207,11,酒瓶,16,18,,酒瓶,,,false,false,false
lp:1208:word:0,1208,0,他,0,1,lpw_8b7b91e000,他,pronoun,false,true,true,true
lp:1208:word:1,1208,1,就问,1,3,,就问,,,false,false,false
lp:1209:word:0,1209,0,你在,1,3,,你在,,,false,false,false
lp:1209:word:1,1209,1,那儿,3,5,lpw_b4444021ad,那儿,other,false,false,false,false
lp:1209:word:2,1209,2,干什么,5,8,,干什么,,,false,false,false
lp:1209:word:3,1209,3,呢,8,9,lpw_02811cec0b,呢,function|interrogative,false,true,true,true
lp:1210:word:0,1210,0,我,1,2,lpw_b70bb4acc0,我,pronoun,false,true,true,true
lp:1210:word:1,1210,1,喝酒,2,4,,喝酒,,,false,false,false
lp:1211:word:0,1211,0,酒鬼,0,2,lpw_1c31582177,酒鬼,narrative_character,true,false,false,false
lp:1211:word:1,1211,1,神情,2,4,,神情,,,false,false,false
lp:1211:word:2,1211,2,悲伤,4,6,,悲伤,,,false,false,false
lp:1211:word:3,1211,3,地,6,7,lpw_bdbd41e490,地,function,false,true,true,true
lp:1211:word:4,1211,4,回答,7,9,lpw_f3f5126487,回答,speech,false,false,true,true
lp:1212:word:0,1212,0,你,1,2,lpw_a0c7716669,你,pronoun,false,true,true,true
lp:1212:word:1,1212,1,为什么,2,5,lpw_1b919bb478,为什么,interrogative,false,false,false,false
lp:1212:word:2,1212,2,要,5,6,lpw_975f35218e,要,negation_modality,false,false,true,true
lp:1212:word:3,1212,3,喝酒,6,8,,喝酒,,,false,false,false
lp:1212:word:4,1212,4,呢,8,9,lpw_02811cec0b,呢,function|interrogative,false,true,true,true
lp:1213:word:0,1213,0,小王子,0,3,lpw_87f2a033cf,小王子,narrative_character,false,true,true,true
lp:1213:word:1,1213,1,问,3,4,lpw_4628c0e06f,问,speech,false,false,true,true
lp:1214:word:0,1214,0,为了,1,3,lpw_2ed64c1d92,为了,other,false,false,false,false
lp:1214:word:1,1214,1,忘记,3,5,,忘记,,,false,false,false
lp:1215:word:0,1215,0,酒鬼,0,2,lpw_1c31582177,酒鬼,narrative_character,true,false,false,false
lp:1215:word:1,1215,1,回答,2,4,lpw_f3f5126487,回答,speech,false,false,true,true
lp:1216:word:0,1216,0,忘记,1,3,,忘记,,,false,false,false
lp:1216:word:1,1216,1,什么,3,5,lpw_c1b52e0e64,什么,pronoun|interrogative,false,true,true,true
lp:1217:word:0,1217,0,小王子,0,3,lpw_87f2a033cf,小王子,narrative_character,false,true,true,true
lp:1217:word:1,1217,1,已经,3,5,lpw_8ee12e2310,已经,other,false,false,false,false
lp:1217:word:2,1217,2,有些,5,7,,有些,,,false,false,false
lp:1217:word:3,1217,3,同情,7,9,,同情,,,false,false,false
lp:1217:word:4,1217,4,他,9,10,lpw_8b7b91e000,他,pronoun,false,true,true,true
lp:1217:word:5,1217,5,了,10,11,lpw_b2dd27e84f,了,function,false,true,true,true
lp:1218:word:0,1218,0,忘记,1,3,,忘记,,,false,false,false
lp:1218:word:1,1218,1,我,3,4,lpw_b70bb4acc0,我,pronoun,false,true,true,true
lp:1218:word:2,1218,2,的,4,5,lpw_8af2350cfd,的,function,false,true,true,true
lp:1218:word:3,1218,3,羞愧,5,7,,羞愧,,,false,false,false
lp:1219:word:0,1219,0,酒鬼,0,2,lpw_1c31582177,酒鬼,narrative_character,true,false,false,false
lp:1219:word:1,1219,1,垂下,2,4,,垂下,,,false,false,false
lp:1219:word:2,1219,2,脑袋,4,6,,脑袋,,,false,false,false
lp:1219:word:3,1219,3,坦白说,6,9,,坦白说,,,false,false,false
lp:1220:word:0,1220,0,为什么,1,4,lpw_1b919bb478,为什么,interrogative,false,false,false,false
lp:1220:word:1,1220,1,感到,4,6,lpw_15c2457566,感到,perception,false,false,false,true
lp:1220:word:2,1220,2,羞愧,6,8,,羞愧,,,false,false,false
lp:1221:word:0,1221,0,小王子,0,3,lpw_87f2a033cf,小王子,narrative_character,false,true,true,true
lp:1221:word:1,1221,1,又,3,4,lpw_e71ce5deab,又,function,false,true,true,true
lp:1221:word:2,1221,2,问,4,5,lpw_4628c0e06f,问,speech,false,false,true,true
lp:1222:word:0,1222,0,他想,0,2,,他想,,,false,false,false
lp:1222:word:1,1222,1,帮助,2,4,,帮助,,,false,false,false
lp:1222:word:2,1222,2,这个,4,6,lpw_979e2bc35b,这个,function,false,false,true,true
lp:1222:word:3,1222,3,人,6,7,lpw_50f5d65d57,人,other,false,true,true,true
lp:1223:word:0,1223,0,为,1,2,,为,,,false,false,false
lp:1223:word:1,1223,1,喝酒,2,4,,喝酒,,,false,false,false
lp:1223:word:2,1223,2,感到,4,6,lpw_15c2457566,感到,perception,false,false,false,true
lp:1223:word:3,1223,3,羞愧,6,8,,羞愧,,,false,false,false
lp:1224:word:0,1224,0,酒鬼,0,2,lpw_1c31582177,酒鬼,narrative_character,true,false,false,false
lp:1224:word:1,1224,1,说,2,3,lpw_ccca744613,说,speech,false,true,true,true
lp:1224:word:2,1224,2,完,3,4,,完,,,false,false,false
lp:1224:word:3,1224,3,这,4,5,lpw_d409ab2ab3,这,pronoun,false,true,true,true
lp:1224:word:4,1224,4,句,5,6,,句,,,false,false,false
lp:1224:word:5,1224,5,话,6,7,lpw_036f781126,话,other,false,false,false,false
lp:1225:word:0,1225,0,就,0,1,lpw_2f9d9872e5,就,function,false,true,true,true
lp:1225:word:1,1225,1,再也不,1,4,,再也不,,,false,false,false
lp:1225:word:2,1225,2,开口,4,6,,开口,,,false,false,false
lp:1225:word:3,1225,3,了,6,7,lpw_b2dd27e84f,了,function,false,true,true,true
lp:1226:word:0,1226,0,小王子,0,3,lpw_87f2a033cf,小王子,narrative_character,false,true,true,true
lp:1226:word:1,1226,1,茫然,3,5,,茫然,,,false,false,false
lp:1226:word:2,1226,2,不解,5,7,,不解,,,false,false,false
lp:1226:word:3,1226,3,地,7,8,lpw_bdbd41e490,地,function,false,true,true,true
lp:1226:word:4,1226,4,走了,8,10,lpw_25eba59465,走了,other,false,false,false,false
lp:1227:word:0,1227,0,这些,1,3,lpw_7a590a22cd,这些,function,false,false,false,true
lp:1227:word:1,1227,1,大人,3,5,lpw_44dd6014a5,大人,narrative_character,false,false,false,true
lp:1227:word:2,1227,2,真的,5,7,,真的,,,false,false,false
lp:1227:word:3,1227,3,很,7,8,lpw_f2b91797ea,很,other,false,true,true,true
lp:1227:word:4,1227,4,怪,8,9,,怪,,,false,false,false
lp:1227:word:5,1227,5,很,9,10,lpw_f2b91797ea,很,other,false,true,true,true
lp:1227:word:6,1227,6,怪,10,11,,怪,,,false,false,false
lp:1228:word:0,1228,0,一路上,0,3,,一路上,,,false,false,false
lp:1229:word:0,1229,0,他,0,1,lpw_8b7b91e000,他,pronoun,false,true,true,true
lp:1229:word:1,1229,1,自言自语,1,5,,自言自语,,,false,false,false
lp:1229:word:2,1229,2,地,5,6,lpw_bdbd41e490,地,function,false,true,true,true
lp:1229:word:3,1229,3,说,6,7,lpw_ccca744613,说,speech,false,true,true,true
lp:1231:word:0,1231,0,第,0,1,,第,,,false,false,false
lp:1231:word:1,1231,1,四颗,1,3,,四颗,,,false,false,false
lp:1231:word:2,1231,2,行星,3,5,lpw_19956b104c,行星,other,false,false,false,false
lp:1231:word:3,1231,3,是,5,6,lpw_b5141d3d19,是,function,false,true,true,true
lp:1231:word:4,1231,4,个,6,7,lpw_3a116815bc,个,other,false,false,true,true
lp:1231:word:5,1231,5,商人,7,9,lpw_3f1784ce8b,商人,narrative_character,false,false,false,false
lp:1231:word:6,1231,6,的,9,10,lpw_8af2350cfd,的,function,false,true,true,true
lp:1231:word:7,1231,7,星球,10,12,lpw_62f2d6c1a1,星球,place,false,true,true,true
lp:1232:word:0,1232,0,这个,0,2,lpw_979e2bc35b,这个,function,false,false,true,true
lp:1232:word:1,1232,1,人,2,3,lpw_50f5d65d57,人,other,false,true,true,true
lp:1232:word:2,1232,2,实在,3,5,,实在,,,false,false,false
lp:1232:word:3,1232,3,太,5,6,lpw_e7ace7adf2,太,other,false,false,false,true
lp:1232:word:4,1232,4,忙碌,6,8,,忙碌,,,false,false,false
lp:1232:word:5,1232,5,了,8,9,lpw_b2dd27e84f,了,function,false,true,true,true
lp:1233:word:0,1233,0,看见,0,2,lpw_7205426737,看见,perception,false,false,false,true
lp:1233:word:1,1233,1,小王子,2,5,lpw_87f2a033cf,小王子,narrative_character,false,true,true,true
lp:1233:word:2,1233,2,来,5,6,lpw_6d8229118c,来,physical_action,false,true,true,true
lp:1234:word:0,1234,0,连,0,1,,连,,,false,false,false
lp:1234:word:1,1234,1,头,1,2,,头,,,false,false,false
lp:1234:word:2,1234,2,也没,2,4,,也没,,,false,false,false
lp:1234:word:3,1234,3,抬,4,5,,抬,,,false,false,false
lp:1234:word:4,1234,4,一下,5,7,,一下,,,false,false,false
lp:1235:word:0,1235,0,您好,1,3,,您好,,,false,false,false
lp:1236:word:0,1236,0,小王子,0,3,lpw_87f2a033cf,小王子,narrative_character,false,true,true,true
lp:1236:word:1,1236,1,对,3,4,lpw_74570c7270,对,function,false,true,true,true
lp:1236:word:2,1236,2,他,4,5,lpw_8b7b91e000,他,pronoun,false,true,true,true
lp:1236:word:3,1236,3,说,5,6,lpw_ccca744613,说,speech,false,true,true,true
lp:1237:word:0,1237,0,您,1,2,lpw_9bbfbbc76f,您,pronoun,true,false,false,false
lp:1237:word:1,1237,1,的,2,3,lpw_8af2350cfd,的,function,false,true,true,true
lp:1237:word:2,1237,2,烟,3,4,,烟,,,false,false,false
lp:1237:word:3,1237,3,卷,4,5,,卷,,,false,false,false
lp:1237:word:4,1237,4,灭,5,6,,灭,,,false,false,false
lp:1237:word:5,1237,5,了,6,7,lpw_b2dd27e84f,了,function,false,true,true,true
lp:1238:word:0,1238,0,三,1,2,lpw_a4c3313deb,三,other,false,false,false,false
lp:1238:word:1,1238,1,加,2,3,,加,,,false,false,false
lp:1238:word:2,1238,2,二,3,4,,二,,,false,false,false
lp:1238:word:3,1238,3,等于,4,6,,等于,,,false,false,false
lp:1238:word:4,1238,4,五,6,7,lpw_c9b87f516a,五,other,true,false,false,false
lp:1239:word:0,1239,0,五加,0,2,,五加,,,false,false,false
lp:1239:word:1,1239,1,七,2,3,,七,,,false,false,false
lp:1239:word:2,1239,2,等于,3,5,,等于,,,false,false,false
lp:1239:word:3,1239,3,十二,5,7,,十二,,,false,false,false
lp:1240:word:0,1240,0,十二,0,2,,十二,,,false,false,false
lp:1240:word:1,1240,1,加,2,3,,加,,,false,false,false
lp:1240:word:2,1240,2,三,3,4,lpw_a4c3313deb,三,other,false,false,false,false
lp:1240:word:3,1240,3,等于,4,6,,等于,,,false,false,false
lp:1240:word:4,1240,4,十五,6,8,,十五,,,false,false,false
lp:1241:word:0,1241,0,你好,0,2,,你好,,,false,false,false
lp:1242:word:0,1242,0,十五,0,2,,十五,,,false,false,false
lp:1242:word:1,1242,1,加,2,3,,加,,,false,false,false
lp:1242:word:2,1242,2,七,3,4,,七,,,false,false,false
lp:1242:word:3,1242,3,等于,4,6,,等于,,,false,false,false
lp:1242:word:4,1242,4,二十,6,8,,二十,,,false,false,false
lp:1242:word:5,1242,5,二,8,9,,二,,,false,false,false
lp:1243:word:0,1243,0,二十,0,2,,二十,,,false,false,false
lp:1243:word:1,1243,1,二,2,3,,二,,,false,false,false
lp:1243:word:2,1243,2,加,3,4,,加,,,false,false,false
lp:1243:word:3,1243,3,六,4,5,,六,,,false,false,false
lp:1243:word:4,1243,4,是,5,6,lpw_b5141d3d19,是,function,false,true,true,true
lp:1243:word:5,1243,5,二,6,7,,二,,,false,false,false
lp:1243:word:6,1243,6,十八,7,9,,十八,,,false,false,false
lp:1244:word:0,1244,0,没,0,1,lpw_279e8b3573,没,negation_modality,false,false,true,true
lp:1244:word:1,1244,1,时间,1,3,lpw_8b6ff49851,时间,time_quantity,false,false,false,false
lp:1244:word:2,1244,2,再去,3,5,,再去,,,false,false,false
lp:1244:word:3,1244,3,点,5,6,lpw_08dddeac13,点,other,false,false,false,false
lp:1244:word:4,1244,4,着,6,7,lpw_9e5bf0d2d9,着,function,false,true,true,true
lp:1244:word:5,1244,5,它,7,8,lpw_7e9260e925,它,pronoun,false,true,true,true
lp:1245:word:0,1245,0,二,0,1,,二,,,false,false,false
lp:1245:word:1,1245,1,十六,1,3,,十六,,,false,false,false
lp:1245:word:2,1245,2,加,3,4,,加,,,false,false,false
lp:1245:word:3,1245,3,五,4,5,lpw_c9b87f516a,五,other,true,false,false,false
lp:1245:word:4,1245,4,三十,6,8,,三十,,,false,false,false
lp:1245:word:5,1245,5,一,8,9,lpw_51a75f4634,一,other,false,false,true,true
lp:1246:word:0,1246,0,嚯,0,1,,嚯,,,false,false,false
lp:1247:word:0,1247,0,一共,0,2,,一共,,,false,false,false
lp:1247:word:1,1247,1,是,2,3,lpw_b5141d3d19,是,function,false,true,true,true
lp:1247:word:2,1247,2,五,3,4,lpw_c9b87f516a,五,other,true,false,false,false
lp:1247:word:3,1247,3,亿,4,5,lpw_395ae225e5,亿,other,false,false,false,false
lp:1247:word:4,1247,4,一百,5,7,,一百,,,false,false,false
lp:1247:word:5,1247,5,六,7,8,,六,,,false,false,false
lp:1247:word:6,1247,6,十二,8,10,,十二,,,false,false,false
lp:1247:word:7,1247,7,万,10,11,,万,,,false,false,false
lp:1247:word:8,1247,8,二千,11,13,,二千,,,false,false,false
lp:1247:word:9,1247,9,七百,13,15,,七百,,,false,false,false
lp:1247:word:10,1247,10,三十,15,17,,三十,,,false,false,false
lp:1247:word:11,1247,11,一,17,18,lpw_51a75f4634,一,other,false,false,true,true
lp:1248:word:0,1248,0,五,1,2,lpw_c9b87f516a,五,other,true,false,false,false
lp:1248:word:1,1248,1,亿,2,3,lpw_395ae225e5,亿,other,false,false,false,false
lp:1248:word:2,1248,2,什么,3,5,lpw_c1b52e0e64,什么,pronoun|interrogative,false,true,true,true
lp:1248:word:3,1248,3,呀,5,6,lpw_03fe6b38e7,呀,function,false,false,false,true
lp:1249:word:0,1249,0,呣,1,2,,呣,,,false,false,false
lp:1249:word:1,1249,1,你,3,4,lpw_a0c7716669,你,pronoun,false,true,true,true
lp:1249:word:2,1249,2,还,4,5,lpw_1bc709b8bf,还,other,false,false,false,true
lp:1249:word:3,1249,3,在,5,6,lpw_12404a0b63,在,function,false,true,true,true
lp:1249:word:4,1249,4,这儿,6,8,lpw_19a29e87c9,这儿,other,false,false,true,true
lp:1250:word:0,1250,0,五,0,1,lpw_c9b87f516a,五,other,true,false,false,false
lp:1250:word:1,1250,1,亿,1,2,lpw_395ae225e5,亿,other,false,false,false,false
lp:1250:word:2,1250,2,一,2,3,lpw_51a75f4634,一,other,false,false,true,true
lp:1250:word:3,1250,3,百万,3,5,,百万,,,false,false,false
lp:1251:word:0,1251,0,我也不,0,3,,我也不,,,false,false,false
lp:1251:word:1,1251,1,知道,3,5,lpw_d7b6472b11,知道,cognition,false,false,true,true
lp:1251:word:2,1251,2,是,5,6,lpw_b5141d3d19,是,function,false,true,true,true
lp:1251:word:3,1251,3,什么,6,8,lpw_c1b52e0e64,什么,pronoun|interrogative,false,true,true,true
lp:1252:word:0,1252,0,我,0,1,lpw_b70bb4acc0,我,pronoun,false,true,true,true
lp:1252:word:1,1252,1,的,1,2,lpw_8af2350cfd,的,function,false,true,true,true
lp:1252:word:2,1252,2,工作,2,4,,工作,,,false,false,false
lp:1252:word:3,1252,3,太多,4,6,,太多,,,false,false,false
lp:1252:word:4,1252,4,了,6,7,lpw_b2dd27e84f,了,function,false,true,true,true
lp:1253:word:0,1253,0,我,0,1,lpw_b70bb4acc0,我,pronoun,false,true,true,true
lp:1253:word:1,1253,1,做的,1,3,,做的,,,false,false,false
lp:1253:word:2,1253,2,都是,3,5,lpw_ef4e15ff45,都是,other,false,false,false,false
lp:1253:word:3,1253,3,正,5,6,lpw_d657ee1d4a,正,other,true,false,false,false
lp:1253:word:4,1253,4,事,6,7,lpw_1d9ed56951,事,other,false,false,true,true
lp:1254:word:0,1254,0,我,0,1,lpw_b70bb4acc0,我,pronoun,false,true,true,true
lp:1254:word:1,1254,1,没有,1,3,lpw_f127804b92,没有,negation_modality,false,false,true,true
lp:1254:word:2,1254,2,工夫,3,5,,工夫,,,false,false,false
lp:1254:word:3,1254,3,闲,5,6,,闲,,,false,false,false
lp:1254:word:4,1254,4,聊,6,7,,聊,,,false,false,false
lp:1255:word:0,1255,0,二,0,1,,二,,,false,false,false
lp:1255:word:1,1255,1,加,1,2,,加,,,false,false,false
lp:1255:word:2,1255,2,五,2,3,lpw_c9b87f516a,五,other,true,false,false,false
lp:1255:word:3,1255,3,等于,3,5,,等于,,,false,false,false
lp:1255:word:4,1255,4,七,5,6,,七,,,false,false,false
lp:1256:word:0,1256,0,五,1,2,lpw_c9b87f516a,五,other,true,false,false,false
lp:1256:word:1,1256,1,亿,2,3,lpw_395ae225e5,亿,other,false,false,false,false
lp:1256:word:2,1256,2,一,3,4,lpw_51a75f4634,一,other,false,false,true,true
lp:1256:word:3,1256,3,百万,4,6,,百万,,,false,false,false
lp:1256:word:4,1256,4,什么,6,8,lpw_c1b52e0e64,什么,pronoun|interrogative,false,true,true,true
lp:1257:word:0,1257,0,小王子,0,3,lpw_87f2a033cf,小王子,narrative_character,false,true,true,true
lp:1257:word:1,1257,1,又,3,4,lpw_e71ce5deab,又,function,false,true,true,true
lp:1257:word:2,1257,2,问,4,5,lpw_4628c0e06f,问,speech,false,false,true,true
lp:1257:word:3,1257,3,一遍,5,7,,一遍,,,false,false,false
lp:1258:word:0,1258,0,他,0,1,lpw_8b7b91e000,他,pronoun,false,true,true,true
lp:1258:word:1,1258,1,向来是,1,4,,向来是,,,false,false,false
lp:1258:word:2,1258,2,不提,4,6,,不提,,,false,false,false
lp:1258:word:3,1258,3,问题,6,8,lpw_33a8618cb6,问题,other,false,false,false,false
lp:1258:word:4,1258,4,则,8,9,,则,,,false,false,false
lp:1258:word:5,1258,5,罢,9,10,,罢,,,false,false,false
lp:1259:word:0,1259,0,提了,0,2,,提了,,,false,false,false
lp:1259:word:1,1259,1,就,2,3,lpw_2f9d9872e5,就,function,false,true,true,true
lp:1259:word:2,1259,2,决,3,4,,决,,,false,false,false
lp:1259:word:3,1259,3,不放过,4,7,,不放过,,,false,false,false
lp:1260:word:0,1260,0,商人,0,2,lpw_3f1784ce8b,商人,narrative_character,false,false,false,false
lp:1260:word:1,1260,1,抬起,2,4,,抬起,,,false,false,false
lp:1260:word:2,1260,2,头,4,5,,头,,,false,false,false
lp:1260:word:3,1260,3,来,5,6,lpw_6d8229118c,来,physical_action,false,true,true,true
lp:1261:word:0,1261,0,我在,1,3,lpw_33f40475f8,我在,other,false,false,false,false
lp:1261:word:1,1261,1,这个,3,5,lpw_979e2bc35b,这个,function,false,false,true,true
lp:1261:word:2,1261,2,星球,5,7,lpw_62f2d6c1a1,星球,place,false,true,true,true
lp:1261:word:3,1261,3,上,7,8,lpw_db5ba671d2,上,function,false,true,true,true
lp:1261:word:4,1261,4,住,8,9,lpw_cbba0a98ab,住,other,false,false,false,false
lp:1261:word:5,1261,5,了,9,10,lpw_b2dd27e84f,了,function,false,true,true,true
lp:1261:word:6,1261,6,五十,10,12,,五十,,,false,false,false
lp:1261:word:7,1261,7,四,12,13,lpw_754a9d5828,四,other,false,false,false,false
lp:1261:word:8,1261,8,个,13,14,lpw_3a116815bc,个,other,false,false,true,true
lp:1261:word:9,1261,9,年头,14,16,,年头,,,false,false,false
lp:1262:word:0,1262,0,只被,0,2,,只被,,,false,false,false
lp:1262:word:1,1262,1,打搅,2,4,,打搅,,,false,false,false
lp:1262:word:2,1262,2,过,4,5,lpw_f777893480,过,other,false,false,true,true
lp:1262:word:3,1262,3,三次,5,7,,三次,,,false,false,false
lp:1263:word:0,1263,0,第一次,0,3,,第一次,,,false,false,false
lp:1263:word:1,1263,1,是,3,4,lpw_b5141d3d19,是,function,false,true,true,true
lp:1263:word:2,1263,2,二十,4,6,,二十,,,false,false,false
lp:1263:word:3,1263,3,二年,6,8,,二年,,,false,false,false
lp:1263:word:4,1263,4,以前,8,10,lpw_aa98317793,以前,other,false,false,false,false
lp:1264:word:0,1264,0,有,0,1,lpw_90ce0f66f0,有,other,false,true,true,true
lp:1264:word:1,1264,1,只,1,2,lpw_409e2c3882,只,function,false,false,true,true
lp:1264:word:2,1264,2,不知,2,4,,不知,,,false,false,false
lp:1264:word:3,1264,3,从,4,5,lpw_2719a8ea30,从,function,false,false,false,true
lp:1264:word:4,1264,4,哪儿,5,7,lpw_1ca2298198,哪儿,interrogative,false,false,false,false
lp:1264:word:5,1264,5,跑,7,8,,跑,,,false,false,false
lp:1264:word:6,1264,6,来,8,9,lpw_6d8229118c,来,physical_action,false,true,true,true
lp:1264:word:7,1264,7,的,9,10,lpw_8af2350cfd,的,function,false,true,true,true
lp:1264:word:8,1264,8,金龟子,10,13,,金龟子,,,false,false,false
lp:1265:word:0,1265,0,弄出,0,2,,弄出,,,false,false,false
lp:1265:word:1,1265,1,一片,2,4,,一片,,,false,false,false
lp:1265:word:2,1265,2,可怕,4,6,,可怕,,,false,false,false
lp:1265:word:3,1265,3,的,6,7,lpw_8af2350cfd,的,function,false,true,true,true
lp:1265:word:4,1265,4,声音,7,9,lpw_473400815c,声音,other,false,false,false,false
lp:1266:word:0,1266,0,害得,0,2,,害得,,,false,false,false
lp:1266:word:1,1266,1,我在,2,4,lpw_33f40475f8,我在,other,false,false,false,false
lp:1266:word:2,1266,2,一,4,5,lpw_51a75f4634,一,other,false,false,true,true
lp:1266:word:3,1266,3,笔,5,6,,笔,,,false,false,false
lp:1266:word:4,1266,4,账目,6,8,,账目,,,false,false,false
lp:1266:word:5,1266,5,里,8,9,lpw_79f43de6e3,里,function,false,false,true,true
lp:1266:word:6,1266,6,出了,9,11,,出了,,,false,false,false
lp:1266:word:7,1266,7,四,11,12,lpw_754a9d5828,四,other,false,false,false,false
lp:1266:word:8,1266,8,个,12,13,lpw_3a116815bc,个,other,false,false,true,true
lp:1266:word:9,1266,9,差错,13,15,,差错,,,false,false,false
lp:1267:word:0,1267,0,第二次,0,3,,第二次,,,false,false,false
lp:1267:word:1,1267,1,是,3,4,lpw_b5141d3d19,是,function,false,true,true,true
lp:1267:word:2,1267,2,十一,4,6,,十一,,,false,false,false
lp:1267:word:3,1267,3,年前,6,8,,年前,,,false,false,false
lp:1268:word:0,1268,0,我,0,1,lpw_b70bb4acc0,我,pronoun,false,true,true,true
lp:1268:word:1,1268,1,风湿,1,3,,风湿,,,false,false,false
lp:1268:word:2,1268,2,病,3,4,,病,,,false,false,false
lp:1268:word:3,1268,3,发作,4,6,,发作,,,false,false,false
lp:1269:word:0,1269,0,我,0,1,lpw_b70bb4acc0,我,pronoun,false,true,true,true
lp:1269:word:1,1269,1,平时,1,3,,平时,,,false,false,false
lp:1269:word:2,1269,2,缺乏,3,5,,缺乏,,,false,false,false
lp:1269:word:3,1269,3,锻炼,5,7,,锻炼,,,false,false,false
lp:1270:word:0,1270,0,我没,0,2,lpw_6af7322be2,我没,other,false,false,false,false
lp:1270:word:1,1270,1,工夫,2,4,,工夫,,,false,false,false
lp:1270:word:2,1270,2,去,4,5,lpw_99ae21ea6c,去,physical_action,false,false,true,true
lp:1270:word:3,1270,3,闲,5,6,,闲,,,false,false,false
lp:1270:word:4,1270,4,逛,6,7,,逛,,,false,false,false
lp:1271:word:0,1271,0,我是,0,2,lpw_06ba27715e,我是,other,false,false,false,false
lp:1271:word:1,1271,1,干,2,3,lpw_9ee0280bc4,干,other,false,false,false,false
lp:1271:word:2,1271,2,正,3,4,lpw_d657ee1d4a,正,other,true,false,false,false
lp:1271:word:3,1271,3,事,4,5,lpw_1d9ed56951,事,other,false,false,true,true
lp:1271:word:4,1271,4,的,5,6,lpw_8af2350cfd,的,function,false,true,true,true
lp:1271:word:5,1271,5,人,6,7,lpw_50f5d65d57,人,other,false,true,true,true
lp:1272:word:0,1272,0,第三次,0,3,,第三次,,,false,false,false
lp:1272:word:1,1272,1,就是,9,11,lpw_88aa006eb3,就是,other,false,false,true,true
lp:1272:word:2,1272,2,这次,11,13,,这次,,,false,false,false
lp:1273:word:0,1273,0,所以,0,2,lpw_a2f7e42081,所以,function,false,false,false,false
lp:1273:word:1,1273,1,我,2,3,lpw_b70bb4acc0,我,pronoun,false,true,true,true
lp:1273:word:2,1273,2,刚才,3,5,,刚才,,,false,false,false
lp:1273:word:3,1273,3,说,5,6,lpw_ccca744613,说,speech,false,true,true,true
lp:1273:word:4,1273,4,了,6,7,lpw_b2dd27e84f,了,function,false,true,true,true
lp:1274:word:0,1274,0,五,0,1,lpw_c9b87f516a,五,other,true,false,false,false
lp:1274:word:1,1274,1,亿,1,2,lpw_395ae225e5,亿,other,false,false,false,false
lp:1274:word:2,1274,2,一,2,3,lpw_51a75f4634,一,other,false,false,true,true
lp:1274:word:3,1274,3,百万,3,5,,百万,,,false,false,false
lp:1275:word:0,1275,0,五,1,2,lpw_c9b87f516a,五,other,true,false,false,false
lp:1275:word:1,1275,1,亿,2,3,lpw_395ae225e5,亿,other,false,false,false,false
lp:1275:word:2,1275,2,一,3,4,lpw_51a75f4634,一,other,false,false,true,true
lp:1275:word:3,1275,3,百万,4,6,,百万,,,false,false,false
lp:1275:word:4,1275,4,什么,6,8,lpw_c1b52e0e64,什么,pronoun|interrogative,false,true,true,true
lp:1276:word:0,1276,0,商人,0,2,lpw_3f1784ce8b,商人,narrative_character,false,false,false,false
lp:1276:word:1,1276,1,明白,2,4,lpw_8e37cd5f7f,明白,cognition,false,false,false,false
lp:1276:word:2,1276,2,他是,4,6,,他是,,,false,false,false
lp:1276:word:3,1276,3,甭,6,7,,甭,,,false,false,false
lp:1276:word:4,1276,4,想,7,8,lpw_df0d251938,想,cognition,false,false,false,true
lp:1276:word:5,1276,5,太平,8,10,,太平,,,false,false,false
lp:1276:word:6,1276,6,了,10,11,lpw_b2dd27e84f,了,function,false,true,true,true
lp:1277:word:0,1277,0,五,1,2,lpw_c9b87f516a,五,other,true,false,false,false
lp:1277:word:1,1277,1,亿,2,3,lpw_395ae225e5,亿,other,false,false,false,false
lp:1277:word:2,1277,2,一百,3,5,,一百,,,false,false,false
lp:1277:word:3,1277,3,万个,5,7,,万个,,,false,false,false
lp:1277:word:4,1277,4,小,7,8,lpw_6a7339bb75,小,other,false,false,true,true
lp:1277:word:5,1277,5,东西,8,10,lpw_b181350186,东西,other,false,false,false,true
lp:1278:word:0,1278,0,有,0,1,lpw_90ce0f66f0,有,other,false,true,true,true
lp:1278:word:1,1278,1,时候,1,3,lpw_5484678be4,时候,other,false,false,false,false
lp:1278:word:2,1278,2,在,3,4,lpw_12404a0b63,在,function,false,true,true,true
lp:1278:word:3,1278,3,天空,4,6,,天空,,,false,false,false
lp:1278:word:4,1278,4,里,6,7,lpw_79f43de6e3,里,function,false,false,true,true
lp:1278:word:5,1278,5,看得见,7,10,,看得见,,,false,false,false
lp:1278:word:6,1278,6,它们,10,12,lpw_c40b3d2880,它们,pronoun,false,false,true,true
lp:1279:word:0,1279,0,苍蝇,1,3,,苍蝇,,,false,false,false
lp:1280:word:0,1280,0,不对,1,3,,不对,,,false,false,false
lp:1281:word:0,1281,0,是,0,1,lpw_b5141d3d19,是,function,false,true,true,true
lp:1281:word:1,1281,1,闪闪,1,3,,闪闪,,,false,false,false
lp:1281:word:2,1281,2,发亮,3,5,,发亮,,,false,false,false
lp:1281:word:3,1281,3,的,5,6,lpw_8af2350cfd,的,function,false,true,true,true
lp:1281:word:4,1281,4,小,6,7,lpw_6a7339bb75,小,other,false,false,true,true
lp:1281:word:5,1281,5,东西,7,9,lpw_b181350186,东西,other,false,false,false,true
lp:1282:word:0,1282,0,蜜蜂,1,3,,蜜蜂,,,false,false,false
lp:1283:word:0,1283,0,不对,1,3,,不对,,,false,false,false
lp:1284:word:0,1284,0,是,0,1,lpw_b5141d3d19,是,function,false,true,true,true
lp:1284:word:1,1284,1,些,1,2,lpw_af76fed85c,些,other,false,false,false,false
lp:1284:word:2,1284,2,金色,2,4,,金色,,,false,false,false
lp:1284:word:3,1284,3,的,4,5,lpw_8af2350cfd,的,function,false,true,true,true
lp:1284:word:4,1284,4,小,5,6,lpw_6a7339bb75,小,other,false,false,true,true
lp:1284:word:5,1284,5,东西,6,8,lpw_b181350186,东西,other,false,false,false,true
lp:1285:word:0,1285,0,无,0,1,,无,,,false,false,false
lp:1285:word:1,1285,1,所,1,2,,所,,,false,false,false
lp:1285:word:2,1285,2,事事,2,4,,事事,,,false,false,false
lp:1285:word:3,1285,3,的,4,5,lpw_8af2350cfd,的,function,false,true,true,true
lp:1285:word:4,1285,4,人望,5,7,,人望,,,false,false,false
lp:1285:word:5,1285,5,着,7,8,lpw_9e5bf0d2d9,着,function,false,true,true,true
lp:1285:word:6,1285,6,它们,8,10,lpw_c40b3d2880,它们,pronoun,false,false,true,true
lp:1285:word:7,1285,7,会,10,11,lpw_5ba1e3c0eb,会,negation_modality,false,true,true,true
lp:1285:word:8,1285,8,胡思乱想,11,15,,胡思乱想,,,false,false,false
lp:1286:word:0,1286,0,可,0,1,lpw_8b9cefa38e,可,other,false,false,true,true
lp:1286:word:1,1286,1,我是,1,3,lpw_06ba27715e,我是,other,false,false,false,false
lp:1286:word:2,1286,2,干,3,4,lpw_9ee0280bc4,干,other,false,false,false,false
lp:1286:word:3,1286,3,正,4,5,lpw_d657ee1d4a,正,other,true,false,false,false
lp:1286:word:4,1286,4,事,5,6,lpw_1d9ed56951,事,other,false,false,true,true
lp:1286:word:5,1286,5,的,6,7,lpw_8af2350cfd,的,function,false,true,true,true
lp:1286:word:6,1286,6,人,7,8,lpw_50f5d65d57,人,other,false,true,true,true
lp:1287:word:0,1287,0,我没,0,2,lpw_6af7322be2,我没,other,false,false,false,false
lp:1287:word:1,1287,1,工夫,2,4,,工夫,,,false,false,false
lp:1287:word:2,1287,2,去,4,5,lpw_99ae21ea6c,去,physical_action,false,false,true,true
lp:1287:word:3,1287,3,胡思乱想,5,9,,胡思乱想,,,false,false,false
lp:1288:word:0,1288,0,噢,1,2,,噢,,,false,false,false
lp:1288:word:1,1288,1,是,3,4,lpw_b5141d3d19,是,function,false,true,true,true
lp:1288:word:2,1288,2,星星,4,6,lpw_6a9fec7faf,星星,concrete_entity,false,true,true,true
lp:1289:word:0,1289,0,对,1,2,lpw_74570c7270,对,function,false,true,true,true
lp:1289:word:1,1289,1,啦,2,3,,啦,,,false,false,false
lp:1289:word:2,1289,2,星星,4,6,lpw_6a9fec7faf,星星,concrete_entity,false,true,true,true
lp:1290:word:0,1290,0,你,1,2,lpw_a0c7716669,你,pronoun,false,true,true,true
lp:1290:word:1,1290,1,拿,2,3,,拿,,,false,false,false
lp:1290:word:2,1290,2,这,3,4,lpw_d409ab2ab3,这,pronoun,false,true,true,true
lp:1290:word:3,1290,3,五,4,5,lpw_c9b87f516a,五,other,true,false,false,false
lp:1290:word:4,1290,4,亿,5,6,lpw_395ae225e5,亿,other,false,false,false,false
lp:1290:word:5,1290,5,颗,6,7,lpw_09901d3de2,颗,other,false,false,false,false
lp:1290:word:6,1290,6,星星,7,9,lpw_6a9fec7faf,星星,concrete_entity,false,true,true,true
lp:1290:word:7,1290,7,做,9,10,lpw_94f5404441,做,other,false,false,false,false
lp:1290:word:8,1290,8,什么,10,12,lpw_c1b52e0e64,什么,pronoun|interrogative,false,true,true,true
lp:1290:word:9,1290,9,呢,12,13,lpw_02811cec0b,呢,function|interrogative,false,true,true,true
lp:1291:word:0,1291,0,五,1,2,lpw_c9b87f516a,五,other,true,false,false,false
lp:1291:word:1,1291,1,亿,2,3,lpw_395ae225e5,亿,other,false,false,false,false
lp:1291:word:2,1291,2,一百,3,5,,一百,,,false,false,false
lp:1291:word:3,1291,3,六,5,6,,六,,,false,false,false
lp:1291:word:4,1291,4,十二,6,8,,十二,,,false,false,false
lp:1291:word:5,1291,5,万,8,9,,万,,,false,false,false
lp:1291:word:6,1291,6,二千,9,11,,二千,,,false,false,false
lp:1291:word:7,1291,7,七百,11,13,,七百,,,false,false,false
lp:1291:word:8,1291,8,三十,13,15,,三十,,,false,false,false
lp:1291:word:9,1291,9,一颗,15,17,lpw_9a18d5dc38,一颗,time_quantity,false,false,false,false
lp:1292:word:0,1292,0,我是,0,2,lpw_06ba27715e,我是,other,false,false,false,false
lp:1292:word:1,1292,1,个,2,3,lpw_3a116815bc,个,other,false,false,true,true
lp:1292:word:2,1292,2,认真,3,5,,认真,,,false,false,false
lp:1292:word:3,1292,3,的,5,6,lpw_8af2350cfd,的,function,false,true,true,true
lp:1292:word:4,1292,4,人,6,7,lpw_50f5d65d57,人,other,false,true,true,true
lp:1293:word:0,1293,0,我,0,1,lpw_b70bb4acc0,我,pronoun,false,true,true,true
lp:1293:word:1,1293,1,讲究,1,3,,讲究,,,false,false,false
lp:1293:word:2,1293,2,精确,3,5,,精确,,,false,false,false
lp:1294:word:0,1294,0,那,1,2,lpw_5a2362a202,那,pronoun,false,true,true,true
lp:1294:word:1,1294,1,你,2,3,lpw_a0c7716669,你,pronoun,false,true,true,true
lp:1294:word:2,1294,2,拿,3,4,,拿,,,false,false,false
lp:1294:word:3,1294,3,这些,4,6,lpw_7a590a22cd,这些,function,false,false,false,true
lp:1294:word:4,1294,4,星星,6,8,lpw_6a9fec7faf,星星,concrete_entity,false,true,true,true
lp:1294:word:5,1294,5,来,8,9,lpw_6d8229118c,来,physical_action,false,true,true,true
lp:1294:word:6,1294,6,做,9,10,lpw_94f5404441,做,other,false,false,false,false
lp:1294:word:7,1294,7,什么,10,12,lpw_c1b52e0e64,什么,pronoun|interrogative,false,true,true,true
lp:1294:word:8,1294,8,呢,12,13,lpw_02811cec0b,呢,function|interrogative,false,true,true,true
lp:1295:word:0,1295,0,我,1,2,lpw_b70bb4acc0,我,pronoun,false,true,true,true
lp:1295:word:1,1295,1,拿,2,3,,拿,,,false,false,false
lp:1295:word:2,1295,2,它们,3,5,lpw_c40b3d2880,它们,pronoun,false,false,true,true
lp:1295:word:3,1295,3,做,5,6,lpw_94f5404441,做,other,false,false,false,false
lp:1295:word:4,1295,4,什么,6,8,lpw_c1b52e0e64,什么,pronoun|interrogative,false,true,true,true
lp:1296:word:0,1296,0,是,1,2,lpw_b5141d3d19,是,function,false,true,true,true
lp:1296:word:1,1296,1,啊,2,3,lpw_7c2c50fbaf,啊,function,false,false,false,false
lp:1297:word:0,1297,0,不做,1,3,,不做,,,false,false,false
lp:1297:word:1,1297,1,什么,3,5,lpw_c1b52e0e64,什么,pronoun|interrogative,false,true,true,true
lp:1298:word:0,1298,0,我,0,1,lpw_b70bb4acc0,我,pronoun,false,true,true,true
lp:1298:word:1,1298,1,占有,1,3,,占有,,,false,false,false
lp:1298:word:2,1298,2,它们,3,5,lpw_c40b3d2880,它们,pronoun,false,false,true,true
lp:1299:word:0,1299,0,你,1,2,lpw_a0c7716669,你,pronoun,false,true,true,true
lp:1299:word:1,1299,1,占有,2,4,,占有,,,false,false,false
lp:1299:word:2,1299,2,这些,4,6,lpw_7a590a22cd,这些,function,false,false,false,true
lp:1299:word:3,1299,3,星星,6,8,lpw_6a9fec7faf,星星,concrete_entity,false,true,true,true
lp:1300:word:0,1300,0,对,1,2,lpw_74570c7270,对,function,false,true,true,true
lp:1301:word:0,1301,0,可,1,2,lpw_8b9cefa38e,可,other,false,false,true,true
lp:1301:word:1,1301,1,我,2,3,lpw_b70bb4acc0,我,pronoun,false,true,true,true
lp:1301:word:2,1301,2,已经,3,5,lpw_8ee12e2310,已经,other,false,false,false,false
lp:1301:word:3,1301,3,见到,5,7,,见到,,,false,false,false
lp:1301:word:4,1301,4,有,7,8,lpw_90ce0f66f0,有,other,false,true,true,true
lp:1301:word:5,1301,5,个,8,9,lpw_3a116815bc,个,other,false,false,true,true
lp:1301:word:6,1301,6,国王,9,11,lpw_38e917f021,国王,narrative_character,true,false,false,false
lp:1302:word:0,1302,0,他,0,1,lpw_8b7b91e000,他,pronoun,false,true,true,true
lp:1303:word:0,1303,0,国王,1,3,lpw_38e917f021,国王,narrative_character,true,false,false,false
lp:1303:word:1,1303,1,并不,3,5,lpw_5b693ea232,并不,other,false,false,false,false
lp:1303:word:2,1303,2,占有,5,7,,占有,,,false,false,false
lp:1304:word:0,1304,0,他们,0,2,lpw_10518f8f0a,他们,pronoun,false,true,true,true
lp:1304:word:1,1304,1,只是,2,4,,只是,,,false,false,false
lp:1304:word:2,1304,2,统治,5,7,,统治,,,false,false,false
lp:1305:word:0,1305,0,这,0,1,lpw_d409ab2ab3,这,pronoun,false,true,true,true
lp:1305:word:1,1305,1,完全,1,3,,完全,,,false,false,false
lp:1305:word:2,1305,2,是,3,4,lpw_b5141d3d19,是,function,false,true,true,true
lp:1305:word:3,1305,3,两码,4,6,,两码,,,false,false,false
lp:1305:word:4,1305,4,事,6,7,lpw_1d9ed56951,事,other,false,false,true,true
lp:1306:word:0,1306,0,占有,1,3,,占有,,,false,false,false
lp:1306:word:1,1306,1,这些,3,5,lpw_7a590a22cd,这些,function,false,false,false,true
lp:1306:word:2,1306,2,星星,5,7,lpw_6a9fec7faf,星星,concrete_entity,false,true,true,true
lp:1306:word:3,1306,3,对,7,8,lpw_74570c7270,对,function,false,true,true,true
lp:1306:word:4,1306,4,你有,8,10,,你有,,,false,false,false
lp:1306:word:5,1306,5,什么,10,12,lpw_c1b52e0e64,什么,pronoun|interrogative,false,true,true,true
lp:1306:word:6,1306,6,用,12,13,lpw_04e45efb3b,用,other,false,false,false,true
lp:1306:word:7,1306,7,呢,13,14,lpw_02811cec0b,呢,function|interrogative,false,true,true,true
lp:1307:word:0,1307,0,可以,1,3,lpw_0ef5c86fab,可以,negation_modality,false,false,false,true
lp:1307:word:1,1307,1,使,3,4,lpw_22c95798a9,使,other,false,false,false,false
lp:1307:word:2,1307,2,我,4,5,lpw_b70bb4acc0,我,pronoun,false,true,true,true
lp:1307:word:3,1307,3,富有,5,7,,富有,,,false,false,false
lp:1308:word:0,1308,0,富有,1,3,,富有,,,false,false,false
lp:1308:word:1,1308,1,对,3,4,lpw_74570c7270,对,function,false,true,true,true
lp:1308:word:2,1308,2,你有,4,6,,你有,,,false,false,false
lp:1308:word:3,1308,3,什么,6,8,lpw_c1b52e0e64,什么,pronoun|interrogative,false,true,true,true
lp:1308:word:4,1308,4,用,8,9,lpw_04e45efb3b,用,other,false,false,false,true
lp:1308:word:5,1308,5,呢,9,10,lpw_02811cec0b,呢,function|interrogative,false,true,true,true
lp:1309:word:0,1309,0,可以,1,3,lpw_0ef5c86fab,可以,negation_modality,false,false,false,true
lp:1309:word:1,1309,1,去,3,4,lpw_99ae21ea6c,去,physical_action,false,false,true,true
lp:1309:word:2,1309,2,买,4,5,,买,,,false,false,false
lp:1309:word:3,1309,3,其他,5,7,,其他,,,false,false,false
lp:1309:word:4,1309,4,的,7,8,lpw_8af2350cfd,的,function,false,true,true,true
lp:1309:word:5,1309,5,星星,8,10,lpw_6a9fec7faf,星星,concrete_entity,false,true,true,true
lp:1310:word:0,1310,0,只要有,1,4,,只要有,,,false,false,false
lp:1310:word:1,1310,1,人,4,5,lpw_50f5d65d57,人,other,false,true,true,true
lp:1310:word:2,1310,2,发现,5,7,lpw_10493d06b9,发现,perception,false,false,false,false
lp:1310:word:3,1310,3,了,7,8,lpw_b2dd27e84f,了,function,false,true,true,true
lp:1310:word:4,1310,4,这样,8,10,lpw_b7fc681861,这样,other,false,false,true,true
lp:1310:word:5,1310,5,的,10,11,lpw_8af2350cfd,的,function,false,true,true,true
lp:1310:word:6,1310,6,星星,11,13,lpw_6a9fec7faf,星星,concrete_entity,false,true,true,true
lp:1311:word:0,1311,0,这个,1,3,lpw_979e2bc35b,这个,function,false,false,true,true
lp:1311:word:1,1311,1,人,3,4,lpw_50f5d65d57,人,other,false,true,true,true
lp:1312:word:0,1312,0,小王子,0,3,lpw_87f2a033cf,小王子,narrative_character,false,true,true,true
lp:1312:word:1,1312,1,暗自,3,5,,暗自,,,false,false,false
lp:1312:word:2,1312,2,思忖,5,7,,思忖,,,false,false,false
lp:1313:word:0,1313,0,想,1,2,lpw_df0d251938,想,cognition,false,false,false,true
lp:1313:word:1,1313,1,问题,2,4,lpw_33a8618cb6,问题,other,false,false,false,false
lp:1313:word:2,1313,2,有点,4,6,lpw_29506aa712,有点,other,false,false,false,true
lp:1313:word:3,1313,3,像,6,7,lpw_cf8cedd58b,像,other,false,false,false,true
lp:1313:word:4,1313,4,那个,7,9,lpw_fa6e73c549,那个,function,false,false,false,false
lp:1313:word:5,1313,5,酒鬼,9,11,lpw_1c31582177,酒鬼,narrative_character,true,false,false,false
lp:1314:word:0,1314,0,话,0,1,lpw_036f781126,话,other,false,false,false,false
lp:1314:word:1,1314,1,虽,1,2,,虽,,,false,false,false
lp:1314:word:2,1314,2,这么,2,4,lpw_7677ca84c6,这么,other,false,false,false,true
lp:1314:word:3,1314,3,说,4,5,lpw_ccca744613,说,speech,false,true,true,true
lp:1315:word:0,1315,0,他,0,1,lpw_8b7b91e000,他,pronoun,false,true,true,true
lp:1315:word:1,1315,1,还是,1,3,lpw_dfaa7d6f73,还是,other,false,false,false,false
lp:1315:word:2,1315,2,接着,3,5,lpw_58ed4c69fb,接着,other,false,false,false,false
lp:1315:word:3,1315,3,提,5,6,,提,,,false,false,false
lp:1315:word:4,1315,4,问题,6,8,lpw_33a8618cb6,问题,other,false,false,false,false
lp:1316:word:0,1316,0,一个,1,3,lpw_e1dbc1c99f,一个,function|time_quantity,false,true,true,true
lp:1316:word:1,1316,1,人,3,4,lpw_50f5d65d57,人,other,false,true,true,true
lp:1316:word:2,1316,2,怎么,4,6,lpw_5ee8091a38,怎么,interrogative,false,false,false,false
lp:1316:word:3,1316,3,能够,6,8,,能够,,,false,false,false
lp:1316:word:4,1316,4,占有,8,10,,占有,,,false,false,false
lp:1316:word:5,1316,5,这些,10,12,lpw_7a590a22cd,这些,function,false,false,false,true
lp:1316:word:6,1316,6,星星,12,14,lpw_6a9fec7faf,星星,concrete_entity,false,true,true,true
lp:1316:word:7,1316,7,呢,14,15,lpw_02811cec0b,呢,function|interrogative,false,true,true,true
lp:1317:word:0,1317,0,它们,1,3,lpw_c40b3d2880,它们,pronoun,false,false,true,true
lp:1317:word:1,1317,1,属于,3,5,,属于,,,false,false,false
lp:1317:word:2,1317,2,谁,5,6,lpw_056b9c6262,谁,pronoun|interrogative,false,false,false,false
lp:1317:word:3,1317,3,了,6,7,lpw_b2dd27e84f,了,function,false,true,true,true
lp:1318:word:0,1318,0,商人,0,2,lpw_3f1784ce8b,商人,narrative_character,false,false,false,false
lp:1318:word:1,1318,1,没好气,2,5,,没好气,,,false,false,false
lp:1318:word:2,1318,2,地,5,6,lpw_bdbd41e490,地,function,false,true,true,true
lp:1318:word:3,1318,3,顶了,6,8,,顶了,,,false,false,false
lp:1318:word:4,1318,4,他,8,9,lpw_8b7b91e000,他,pronoun,false,true,true,true
lp:1318:word:5,1318,5,一句,9,11,,一句,,,false,false,false
lp:1319:word:0,1319,0,我不,1,3,lpw_3e63e3d08e,我不,other,false,false,false,false
lp:1319:word:1,1319,1,知道,3,5,lpw_d7b6472b11,知道,cognition,false,false,true,true
lp:1320:word:0,1320,0,谁,0,1,lpw_056b9c6262,谁,pronoun|interrogative,false,false,false,false
lp:1320:word:1,1320,1,也不,1,3,lpw_941252022a,也不,other,false,false,false,false
lp:1320:word:2,1320,2,属于,3,5,,属于,,,false,false,false
lp:1321:word:0,1321,0,那么,1,3,lpw_a61f02e145,那么,function,false,false,false,true
lp:1321:word:1,1321,1,它们,3,5,lpw_c40b3d2880,它们,pronoun,false,false,true,true
lp:1321:word:2,1321,2,就,5,6,lpw_2f9d9872e5,就,function,false,true,true,true
lp:1321:word:3,1321,3,属于,6,8,,属于,,,false,false,false
lp:1321:word:4,1321,4,我,8,9,lpw_b70bb4acc0,我,pronoun,false,true,true,true
lp:1322:word:0,1322,0,因为,0,2,lpw_795cfc96d4,因为,function,false,false,true,true
lp:1322:word:1,1322,1,是,2,3,lpw_b5141d3d19,是,function,false,true,true,true
lp:1322:word:2,1322,2,我,3,4,lpw_b70bb4acc0,我,pronoun,false,true,true,true
lp:1322:word:3,1322,3,第,4,5,,第,,,false,false,false
lp:1322:word:4,1322,4,一个,5,7,lpw_e1dbc1c99f,一个,function|time_quantity,false,true,true,true
lp:1322:word:5,1322,5,想到,7,9,,想到,,,false,false,false
lp:1322:word:6,1322,6,这,9,10,lpw_d409ab2ab3,这,pronoun,false,true,true,true
lp:1322:word:7,1322,7,件,10,11,,件,,,false,false,false
lp:1322:word:8,1322,8,事,11,12,lpw_1d9ed56951,事,other,false,false,true,true
lp:1322:word:9,1322,9,的,12,13,lpw_8af2350cfd,的,function,false,true,true,true
lp:1323:word:0,1323,0,这,1,2,lpw_d409ab2ab3,这,pronoun,false,true,true,true
lp:1323:word:1,1323,1,就,2,3,lpw_2f9d9872e5,就,function,false,true,true,true
lp:1323:word:2,1323,2,够,3,4,,够,,,false,false,false
lp:1323:word:3,1323,3,了,4,5,lpw_b2dd27e84f,了,function,false,true,true,true
lp:1324:word:0,1324,0,当然,1,3,lpw_0002e2d87f,当然,other,false,false,false,false
lp:1325:word:0,1325,0,当,0,1,lpw_142d843e71,当,other,false,false,false,false
lp:1325:word:1,1325,1,你,1,2,lpw_a0c7716669,你,pronoun,false,true,true,true
lp:1325:word:2,1325,2,发现,2,4,lpw_10493d06b9,发现,perception,false,false,false,false
lp:1325:word:3,1325,3,一颗,4,6,lpw_9a18d5dc38,一颗,time_quantity,false,false,false,false
lp:1325:word:4,1325,4,不,6,7,lpw_b02dfe2160,不,negation_modality,false,false,true,true
lp:1325:word:5,1325,5,属于,7,9,,属于,,,false,false,false
lp:1325:word:6,1325,6,任何人,9,12,,任何人,,,false,false,false
lp:1325:word:7,1325,7,的,12,13,lpw_8af2350cfd,的,function,false,true,true,true
lp:1325:word:8,1325,8,钻石,13,15,,钻石,,,false,false,false
lp:1326:word:0,1326,0,它,0,1,lpw_7e9260e925,它,pronoun,false,true,true,true
lp:1326:word:1,1326,1,就,1,2,lpw_2f9d9872e5,就,function,false,true,true,true
lp:1326:word:2,1326,2,属于,2,4,,属于,,,false,false,false
lp:1326:word:3,1326,3,你,4,5,lpw_a0c7716669,你,pronoun,false,true,true,true
lp:1327:word:0,1327,0,当,0,1,lpw_142d843e71,当,other,false,false,false,false
lp:1327:word:1,1327,1,你,1,2,lpw_a0c7716669,你,pronoun,false,true,true,true
lp:1327:word:2,1327,2,发现,2,4,lpw_10493d06b9,发现,perception,false,false,false,false
lp:1327:word:3,1327,3,一个,4,6,lpw_e1dbc1c99f,一个,function|time_quantity,false,true,true,true
lp:1327:word:4,1327,4,不,6,7,lpw_b02dfe2160,不,negation_modality,false,false,true,true
lp:1327:word:5,1327,5,属于,7,9,,属于,,,false,false,false
lp:1327:word:6,1327,6,任何人,9,12,,任何人,,,false,false,false
lp:1327:word:7,1327,7,的,12,13,lpw_8af2350cfd,的,function,false,true,true,true
lp:1327:word:8,1327,8,岛屿,13,15,,岛屿,,,false,false,false
lp:1328:word:0,1328,0,它,0,1,lpw_7e9260e925,它,pronoun,false,true,true,true
lp:1328:word:1,1328,1,就,1,2,lpw_2f9d9872e5,就,function,false,true,true,true
lp:1328:word:2,1328,2,属于,2,4,,属于,,,false,false,false
lp:1328:word:3,1328,3,你,4,5,lpw_a0c7716669,你,pronoun,false,true,true,true
lp:1329:word:0,1329,0,当,0,1,lpw_142d843e71,当,other,false,false,false,false
lp:1329:word:1,1329,1,你,1,2,lpw_a0c7716669,你,pronoun,false,true,true,true
lp:1329:word:2,1329,2,最先,2,4,,最先,,,false,false,false
lp:1329:word:3,1329,3,想出,4,6,,想出,,,false,false,false
lp:1329:word:4,1329,4,一个,6,8,lpw_e1dbc1c99f,一个,function|time_quantity,false,true,true,true
lp:1329:word:5,1329,5,主意,8,10,,主意,,,false,false,false
lp:1330:word:0,1330,0,你,0,1,lpw_a0c7716669,你,pronoun,false,true,true,true
lp:1330:word:1,1330,1,去,1,2,lpw_99ae21ea6c,去,physical_action,false,false,true,true
lp:1330:word:2,1330,2,申请,2,4,,申请,,,false,false,false
lp:1330:word:3,1330,3,发明,4,6,,发明,,,false,false,false
lp:1330:word:4,1330,4,专利,6,8,,专利,,,false,false,false
lp:1331:word:0,1331,0,它,0,1,lpw_7e9260e925,它,pronoun,false,true,true,true
lp:1331:word:1,1331,1,就,1,2,lpw_2f9d9872e5,就,function,false,true,true,true
lp:1331:word:2,1331,2,属于,2,4,,属于,,,false,false,false
lp:1331:word:3,1331,3,你,4,5,lpw_a0c7716669,你,pronoun,false,true,true,true
lp:1332:word:0,1332,0,现在,0,2,lpw_43584f37c1,现在,other,false,false,false,false
lp:1332:word:1,1332,1,我,2,3,lpw_b70bb4acc0,我,pronoun,false,true,true,true
lp:1332:word:2,1332,2,占有,3,5,,占有,,,false,false,false
lp:1332:word:3,1332,3,了,5,6,lpw_b2dd27e84f,了,function,false,true,true,true
lp:1332:word:4,1332,4,这些,6,8,lpw_7a590a22cd,这些,function,false,false,false,true
lp:1332:word:5,1332,5,星星,8,10,lpw_6a9fec7faf,星星,concrete_entity,false,true,true,true
lp:1333:word:0,1333,0,因为,0,2,lpw_795cfc96d4,因为,function,false,false,true,true
lp:1333:word:1,1333,1,在,2,3,lpw_12404a0b63,在,function,false,true,true,true
lp:1333:word:2,1333,2,我,3,4,lpw_b70bb4acc0,我,pronoun,false,true,true,true
lp:1333:word:3,1333,3,以前,4,6,lpw_aa98317793,以前,other,false,false,false,false
lp:1333:word:4,1333,4,没有,6,8,lpw_f127804b92,没有,negation_modality,false,false,true,true
lp:1333:word:5,1333,5,人,8,9,lpw_50f5d65d57,人,other,false,true,true,true
lp:1333:word:6,1333,6,想到,9,11,,想到,,,false,false,false
lp:1333:word:7,1333,7,过,11,12,lpw_f777893480,过,other,false,false,true,true
lp:1333:word:8,1333,8,占有,12,14,,占有,,,false,false,false
lp:1333:word:9,1333,9,它们,14,16,lpw_c40b3d2880,它们,pronoun,false,false,true,true
lp:1334:word:0,1334,0,这,1,2,lpw_d409ab2ab3,这,pronoun,false,true,true,true
lp:1334:word:1,1334,1,倒,2,3,,倒,,,false,false,false
lp:1334:word:2,1334,2,也是,3,5,lpw_256c0476ed,也是,other,false,false,false,false
lp:1335:word:0,1335,0,小王子,0,3,lpw_87f2a033cf,小王子,narrative_character,false,true,true,true
lp:1335:word:1,1335,1,说,3,4,lpw_ccca744613,说,speech,false,true,true,true
lp:1336:word:0,1336,0,可,1,2,lpw_8b9cefa38e,可,other,false,false,true,true
lp:1336:word:1,1336,1,你,2,3,lpw_a0c7716669,你,pronoun,false,true,true,true
lp:1336:word:2,1336,2,拿,3,4,,拿,,,false,false,false
lp:1336:word:3,1336,3,它们,4,6,lpw_c40b3d2880,它们,pronoun,false,false,true,true
lp:1336:word:4,1336,4,来,6,7,lpw_6d8229118c,来,physical_action,false,true,true,true
lp:1336:word:5,1336,5,做,7,8,lpw_94f5404441,做,other,false,false,false,false
lp:1336:word:6,1336,6,什么,8,10,lpw_c1b52e0e64,什么,pronoun|interrogative,false,true,true,true
lp:1336:word:7,1336,7,呢,10,11,lpw_02811cec0b,呢,function|interrogative,false,true,true,true
lp:1337:word:0,1337,0,我,1,2,lpw_b70bb4acc0,我,pronoun,false,true,true,true
lp:1337:word:1,1337,1,经营,2,4,,经营,,,false,false,false
lp:1337:word:2,1337,2,它们,4,6,lpw_c40b3d2880,它们,pronoun,false,false,true,true
lp:1338:word:0,1338,0,我,0,1,lpw_b70bb4acc0,我,pronoun,false,true,true,true
lp:1338:word:1,1338,1,一遍,1,3,,一遍,,,false,false,false
lp:1338:word:2,1338,2,又一,3,5,,又一,,,false,false,false
lp:1338:word:3,1338,3,遍地,5,7,,遍地,,,false,false,false
lp:1338:word:4,1338,4,计算,7,9,,计算,,,false,false,false
lp:1338:word:5,1338,5,它们,9,11,lpw_c40b3d2880,它们,pronoun,false,false,true,true
lp:1338:word:6,1338,6,的,11,12,lpw_8af2350cfd,的,function,false,true,true,true
lp:1338:word:7,1338,7,数目,12,14,,数目,,,false,false,false
lp:1339:word:0,1339,0,商人,0,2,lpw_3f1784ce8b,商人,narrative_character,false,false,false,false
lp:1339:word:1,1339,1,说,2,3,lpw_ccca744613,说,speech,false,true,true,true
lp:1340:word:0,1340,0,这,1,2,lpw_d409ab2ab3,这,pronoun,false,true,true,true
lp:1340:word:1,1340,1,并不,2,4,lpw_5b693ea232,并不,other,false,false,false,false
lp:1340:word:2,1340,2,容易,4,6,,容易,,,false,false,false
lp:1341:word:0,1341,0,可,0,1,lpw_8b9cefa38e,可,other,false,false,true,true
lp:1341:word:1,1341,1,我是,1,3,lpw_06ba27715e,我是,other,false,false,false,false
lp:1341:word:2,1341,2,个,3,4,lpw_3a116815bc,个,other,false,false,true,true
lp:1341:word:3,1341,3,干,4,5,lpw_9ee0280bc4,干,other,false,false,false,false
lp:1341:word:4,1341,4,正,5,6,lpw_d657ee1d4a,正,other,true,false,false,false
lp:1341:word:5,1341,5,事,6,7,lpw_1d9ed56951,事,other,false,false,true,true
lp:1341:word:6,1341,6,的,7,8,lpw_8af2350cfd,的,function,false,true,true,true
lp:1341:word:7,1341,7,人,8,9,lpw_50f5d65d57,人,other,false,true,true,true
lp:1342:word:0,1342,0,小王子,0,3,lpw_87f2a033cf,小王子,narrative_character,false,true,true,true
lp:1342:word:1,1342,1,还是,3,5,lpw_dfaa7d6f73,还是,other,false,false,false,false
lp:1342:word:2,1342,2,不,5,6,lpw_b02dfe2160,不,negation_modality,false,false,true,true
lp:1342:word:3,1342,3,满意,6,8,,满意,,,false,false,false
lp:1343:word:0,1343,0,我,1,2,lpw_b70bb4acc0,我,pronoun,false,true,true,true
lp:1343:word:1,1343,1,呀,2,3,lpw_03fe6b38e7,呀,function,false,false,false,true
lp:1344:word:0,1344,0,如果,0,2,lpw_7ca71b72d7,如果,function,false,false,false,false
lp:1344:word:1,1344,1,我有,2,4,lpw_59cbe38d1c,我有,other,false,false,false,false
lp:1344:word:2,1344,2,一块,4,6,,一块,,,false,false,false
lp:1344:word:3,1344,3,方,6,7,,方,,,false,false,false
lp:1344:word:4,1344,4,围巾,7,9,,围巾,,,false,false,false
lp:1345:word:0,1345,0,我,0,1,lpw_b70bb4acc0,我,pronoun,false,true,true,true
lp:1345:word:1,1345,1,可以,1,3,lpw_0ef5c86fab,可以,negation_modality,false,false,false,true
lp:1345:word:2,1345,2,把,3,4,lpw_2442748e41,把,function,false,false,true,true
lp:1345:word:3,1345,3,它,4,5,lpw_7e9260e925,它,pronoun,false,true,true,true
lp:1345:word:4,1345,4,围,5,6,,围,,,false,false,false
lp:1345:word:5,1345,5,在,6,7,lpw_12404a0b63,在,function,false,true,true,true
lp:1345:word:6,1345,6,脖子,7,9,,脖子,,,false,false,false
lp:1345:word:7,1345,7,上,9,10,lpw_db5ba671d2,上,function,false,true,true,true
lp:1345:word:8,1345,8,带走,10,12,,带走,,,false,false,false
lp:1345:word:9,1345,9,它,12,13,lpw_7e9260e925,它,pronoun,false,true,true,true
lp:1346:word:0,1346,0,如果,0,2,lpw_7ca71b72d7,如果,function,false,false,false,false
lp:1346:word:1,1346,1,我有,2,4,lpw_59cbe38d1c,我有,other,false,false,false,false
lp:1346:word:2,1346,2,一朵,4,6,lpw_aebd6fbbd2,一朵,other,false,false,false,true
lp:1346:word:3,1346,3,花儿,6,8,lpw_059ab0f707,花,narrative_character|concrete_entity,false,true,true,true
lp:1347:word:0,1347,0,我,0,1,lpw_b70bb4acc0,我,pronoun,false,true,true,true
lp:1347:word:1,1347,1,可以,1,3,lpw_0ef5c86fab,可以,negation_modality,false,false,false,true
lp:1347:word:2,1347,2,摘下,3,5,,摘下,,,false,false,false
lp:1347:word:3,1347,3,这,5,6,lpw_d409ab2ab3,这,pronoun,false,true,true,true
lp:1347:word:4,1347,4,朵,6,7,lpw_0da9a35a4b,朵,other,false,false,false,false
lp:1347:word:5,1347,5,花儿,7,9,lpw_059ab0f707,花,narrative_character|concrete_entity,false,true,true,true
lp:1347:word:6,1347,6,带走,9,11,,带走,,,false,false,false
lp:1347:word:7,1347,7,它,11,12,lpw_7e9260e925,它,pronoun,false,true,true,true
lp:1348:word:0,1348,0,可是,0,2,lpw_38ca4a9c76,可是,function,false,false,true,true
lp:1348:word:1,1348,1,你,2,3,lpw_a0c7716669,你,pronoun,false,true,true,true
lp:1348:word:2,1348,2,没法,3,5,,没法,,,false,false,false
lp:1348:word:3,1348,3,摘下,5,7,,摘下,,,false,false,false
lp:1348:word:4,1348,4,这些,7,9,lpw_7a590a22cd,这些,function,false,false,false,true
lp:1348:word:5,1348,5,星星,9,11,lpw_6a9fec7faf,星星,concrete_entity,false,true,true,true
lp:1348:word:6,1348,6,呀,11,12,lpw_03fe6b38e7,呀,function,false,false,false,true
lp:1349:word:0,1349,0,没错,1,3,,没错,,,false,false,false
lp:1350:word:0,1350,0,但是,0,2,lpw_8cb1f721c8,但是,other,false,false,false,false
lp:1350:word:1,1350,1,我,2,3,lpw_b70bb4acc0,我,pronoun,false,true,true,true
lp:1350:word:2,1350,2,可以,3,5,lpw_0ef5c86fab,可以,negation_modality,false,false,false,true
lp:1350:word:3,1350,3,把,5,6,lpw_2442748e41,把,function,false,false,true,true
lp:1350:word:4,1350,4,它们,6,8,lpw_c40b3d2880,它们,pronoun,false,false,true,true
lp:1350:word:5,1350,5,存入,8,10,,存入,,,false,false,false
lp:1350:word:6,1350,6,银行,10,12,,银行,,,false,false,false
lp:1351:word:0,1351,0,这,1,2,lpw_d409ab2ab3,这,pronoun,false,true,true,true
lp:1351:word:1,1351,1,是,2,3,lpw_b5141d3d19,是,function,false,true,true,true
lp:1351:word:2,1351,2,什么,3,5,lpw_c1b52e0e64,什么,pronoun|interrogative,false,true,true,true
lp:1351:word:3,1351,3,意思,5,7,lpw_65eb352d08,意思,other,true,false,false,false
lp:1352:word:0,1352,0,这,1,2,lpw_d409ab2ab3,这,pronoun,false,true,true,true
lp:1352:word:1,1352,1,就是,2,4,lpw_88aa006eb3,就是,other,false,false,true,true
lp:1352:word:2,1352,2,说,4,5,lpw_ccca744613,说,speech,false,true,true,true
lp:1353:word:0,1353,0,我把,0,2,lpw_5ebf3d1bfd,我把,other,false,false,false,false
lp:1353:word:1,1353,1,我,2,3,lpw_b70bb4acc0,我,pronoun,false,true,true,true
lp:1353:word:2,1353,2,的,3,4,lpw_8af2350cfd,的,function,false,true,true,true
lp:1353:word:3,1353,3,星星,4,6,lpw_6a9fec7faf,星星,concrete_entity,false,true,true,true
lp:1353:word:4,1353,4,的,6,7,lpw_8af2350cfd,的,function,false,true,true,true
lp:1353:word:5,1353,5,总数,7,9,,总数,,,false,false,false
lp:1353:word:6,1353,6,写在,9,11,,写在,,,false,false,false
lp:1353:word:7,1353,7,一张,11,13,lpw_dc50d5e51e,一张,other,true,false,false,false
lp:1353:word:8,1353,8,小,13,14,lpw_6a7339bb75,小,other,false,false,true,true
lp:1353:word:9,1353,9,纸,14,15,,纸,,,false,false,false
lp:1353:word:10,1353,10,片上,15,17,,片上,,,false,false,false
lp:1354:word:0,1354,0,然后,0,2,lpw_ca4f5ee82e,然后,other,false,false,false,false
lp:1354:word:1,1354,1,我把,2,4,lpw_5ebf3d1bfd,我把,other,false,false,false,false
lp:1354:word:2,1354,2,这,4,5,lpw_d409ab2ab3,这,pronoun,false,true,true,true
lp:1354:word:3,1354,3,张,5,6,,张,,,false,false,false
lp:1354:word:4,1354,4,小,6,7,lpw_6a7339bb75,小,other,false,false,true,true
lp:1354:word:5,1354,5,纸,7,8,,纸,,,false,false,false
lp:1354:word:6,1354,6,片,8,9,,片,,,false,false,false
lp:1354:word:7,1354,7,放进,9,11,,放进,,,false,false,false
lp:1354:word:8,1354,8,一个,11,13,lpw_e1dbc1c99f,一个,function|time_quantity,false,true,true,true
lp:1354:word:9,1354,9,抽屉,13,15,,抽屉,,,false,false,false
lp:1354:word:10,1354,10,锁好,15,17,,锁好,,,false,false,false
lp:1355:word:0,1355,0,就,1,2,lpw_2f9d9872e5,就,function,false,true,true,true
lp:1355:word:1,1355,1,这些,2,4,lpw_7a590a22cd,这些,function,false,false,false,true
lp:1356:word:0,1356,0,这,1,2,lpw_d409ab2ab3,这,pronoun,false,true,true,true
lp:1356:word:1,1356,1,就,2,3,lpw_2f9d9872e5,就,function,false,true,true,true
lp:1356:word:2,1356,2,够,3,4,,够,,,false,false,false
lp:1356:word:3,1356,3,了,4,5,lpw_b2dd27e84f,了,function,false,true,true,true
lp:1357:word:0,1357,0,真,1,2,lpw_827d018e1b,真,other,false,false,false,false
lp:1357:word:1,1357,1,有趣,2,4,,有趣,,,false,false,false
lp:1358:word:0,1358,0,小王子,0,3,lpw_87f2a033cf,小王子,narrative_character,false,true,true,true
lp:1358:word:1,1358,1,心想,3,5,,心想,,,false,false,false
lp:1359:word:0,1359,0,倒,1,2,,倒,,,false,false,false
lp:1359:word:1,1359,1,挺有,2,4,,挺有,,,false,false,false
lp:1359:word:2,1359,2,诗意,4,6,,诗意,,,false,false,false
lp:1359:word:3,1359,3,的,6,7,lpw_8af2350cfd,的,function,false,true,true,true
lp:1360:word:0,1360,0,可,0,1,lpw_8b9cefa38e,可,other,false,false,true,true
lp:1360:word:1,1360,1,这,1,2,lpw_d409ab2ab3,这,pronoun,false,true,true,true
lp:1360:word:2,1360,2,算不上,2,5,,算不上,,,false,false,false
lp:1360:word:3,1360,3,什么,5,7,lpw_c1b52e0e64,什么,pronoun|interrogative,false,true,true,true
lp:1360:word:4,1360,4,正,7,8,lpw_d657ee1d4a,正,other,true,false,false,false
lp:1360:word:5,1360,5,事,8,9,lpw_1d9ed56951,事,other,false,false,true,true
lp:1360:word:6,1360,6,呀,9,10,lpw_03fe6b38e7,呀,function,false,false,false,true
lp:1361:word:0,1361,0,小王子,0,3,lpw_87f2a033cf,小王子,narrative_character,false,true,true,true
lp:1361:word:1,1361,1,对,3,4,lpw_74570c7270,对,function,false,true,true,true
lp:1361:word:2,1361,2,正,4,5,lpw_d657ee1d4a,正,other,true,false,false,false
lp:1361:word:3,1361,3,事,5,6,lpw_1d9ed56951,事,other,false,false,true,true
lp:1361:word:4,1361,4,的,6,7,lpw_8af2350cfd,的,function,false,true,true,true
lp:1361:word:5,1361,5,看法,7,9,,看法,,,false,false,false
lp:1362:word:0,1362,0,跟,0,1,lpw_383a53d95c,跟,function,false,false,false,true
lp:1362:word:1,1362,1,大人,1,3,lpw_44dd6014a5,大人,narrative_character,false,false,false,true
lp:1362:word:2,1362,2,对,3,4,lpw_74570c7270,对,function,false,true,true,true
lp:1362:word:3,1362,3,正,4,5,lpw_d657ee1d4a,正,other,true,false,false,false
lp:1362:word:4,1362,4,事,5,6,lpw_1d9ed56951,事,other,false,false,true,true
lp:1362:word:5,1362,5,的,6,7,lpw_8af2350cfd,的,function,false,true,true,true
lp:1362:word:6,1362,6,看法,7,9,,看法,,,false,false,false
lp:1362:word:7,1362,7,很不,9,11,,很不,,,false,false,false
lp:1362:word:8,1362,8,相同,11,13,,相同,,,false,false,false
lp:1363:word:0,1363,0,我有,1,3,lpw_59cbe38d1c,我有,other,false,false,false,false
lp:1363:word:1,1363,1,一朵,3,5,lpw_aebd6fbbd2,一朵,other,false,false,false,true
lp:1363:word:2,1363,2,花儿,5,7,lpw_059ab0f707,花,narrative_character|concrete_entity,false,true,true,true
lp:1364:word:0,1364,0,他,0,1,lpw_8b7b91e000,他,pronoun,false,true,true,true
lp:1364:word:1,1364,1,又,1,2,lpw_e71ce5deab,又,function,false,true,true,true
lp:1364:word:2,1364,2,说道,2,4,,说道,,,false,false,false
lp:1365:word:0,1365,0,我,1,2,lpw_b70bb4acc0,我,pronoun,false,true,true,true
lp:1365:word:1,1365,1,每天,2,4,,每天,,,false,false,false
lp:1365:word:2,1365,2,都,4,5,lpw_7eabb36ba1,都,function,false,false,true,true
lp:1365:word:3,1365,3,给,5,6,lpw_6e55fb9d8a,给,other,false,true,true,true
lp:1365:word:4,1365,4,她,6,7,lpw_2ab425e0c6,她,pronoun,false,true,true,true
lp:1365:word:5,1365,5,浇水,7,9,,浇水,,,false,false,false
lp:1366:word:0,1366,0,我有,0,2,lpw_59cbe38d1c,我有,other,false,false,false,false
lp:1366:word:1,1366,1,三,2,3,lpw_a4c3313deb,三,other,false,false,false,false
lp:1366:word:2,1366,2,座,3,4,lpw_001d9c64f7,座,other,true,false,false,false
lp:1366:word:3,1366,3,火山,4,6,lpw_dc749837f4,火山,place|concrete_entity,true,false,false,false
lp:1367:word:0,1367,0,我,0,1,lpw_b70bb4acc0,我,pronoun,false,true,true,true
lp:1367:word:1,1367,1,每星期,1,4,,每星期,,,false,false,false
lp:1367:word:2,1367,2,都,4,5,lpw_7eabb36ba1,都,function,false,false,true,true
lp:1367:word:3,1367,3,把,5,6,lpw_2442748e41,把,function,false,false,true,true
lp:1367:word:4,1367,4,它们,6,8,lpw_c40b3d2880,它们,pronoun,false,false,true,true
lp:1367:word:5,1367,5,疏通,8,10,,疏通,,,false,false,false
lp:1367:word:6,1367,6,一遍,10,12,,一遍,,,false,false,false
lp:1368:word:0,1368,0,那,0,1,lpw_5a2362a202,那,pronoun,false,true,true,true
lp:1368:word:1,1368,1,座,1,2,lpw_001d9c64f7,座,other,true,false,false,false
lp:1368:word:2,1368,2,死,2,3,,死,,,false,false,false
lp:1368:word:3,1368,3,火山,3,5,lpw_dc749837f4,火山,place|concrete_entity,true,false,false,false
lp:1368:word:4,1368,4,我也,5,7,,我也,,,false,false,false
lp:1368:word:5,1368,5,疏通,7,9,,疏通,,,false,false,false
lp:1369:word:0,1369,0,因为,0,2,lpw_795cfc96d4,因为,function,false,false,true,true
lp:1369:word:1,1369,1,谁,2,3,lpw_056b9c6262,谁,pronoun|interrogative,false,false,false,false
lp:1369:word:2,1369,2,也,3,4,lpw_658605835b,也,function,false,false,true,true
lp:1369:word:3,1369,3,说,4,5,lpw_ccca744613,说,speech,false,true,true,true
lp:1369:word:4,1369,4,不准,5,7,,不准,,,false,false,false
lp:1369:word:5,1369,5,它,7,8,lpw_7e9260e925,它,pronoun,false,true,true,true
lp:1369:word:6,1369,6,还,8,9,lpw_1bc709b8bf,还,other,false,false,false,true
lp:1369:word:7,1369,7,会不会,9,12,,会不会,,,false,false,false
lp:1369:word:8,1369,8,喷发,12,14,,喷发,,,false,false,false
lp:1370:word:0,1370,0,我,0,1,lpw_b70bb4acc0,我,pronoun,false,true,true,true
lp:1370:word:1,1370,1,占有,1,3,,占有,,,false,false,false
lp:1370:word:2,1370,2,它们,3,5,lpw_c40b3d2880,它们,pronoun,false,false,true,true
lp:1371:word:0,1371,0,对,0,1,lpw_74570c7270,对,function,false,true,true,true
lp:1371:word:1,1371,1,火山,1,3,lpw_dc749837f4,火山,place|concrete_entity,true,false,false,false
lp:1371:word:2,1371,2,有,3,4,lpw_90ce0f66f0,有,other,false,true,true,true
lp:1371:word:3,1371,3,好处,4,6,,好处,,,false,false,false
lp:1372:word:0,1372,0,对,0,1,lpw_74570c7270,对,function,false,true,true,true
lp:1372:word:1,1372,1,花儿,1,3,lpw_059ab0f707,花,narrative_character|concrete_entity,false,true,true,true
lp:1372:word:2,1372,2,也有,3,5,,也有,,,false,false,false
lp:1372:word:3,1372,3,好处,5,7,,好处,,,false,false,false
lp:1373:word:0,1373,0,可是,0,2,lpw_38ca4a9c76,可是,function,false,false,true,true
lp:1373:word:1,1373,1,你,2,3,lpw_a0c7716669,你,pronoun,false,true,true,true
lp:1373:word:2,1373,2,占有,3,5,,占有,,,false,false,false
lp:1373:word:3,1373,3,星星,5,7,lpw_6a9fec7faf,星星,concrete_entity,false,true,true,true
lp:1374:word:0,1374,0,对,0,1,lpw_74570c7270,对,function,false,true,true,true
lp:1374:word:1,1374,1,它们,1,3,lpw_c40b3d2880,它们,pronoun,false,false,true,true
lp:1374:word:2,1374,2,没有,3,5,lpw_f127804b92,没有,negation_modality,false,false,true,true
lp:1374:word:3,1374,3,好处,5,7,,好处,,,false,false,false
lp:1375:word:0,1375,0,商人,0,2,lpw_3f1784ce8b,商人,narrative_character,false,false,false,false
lp:1375:word:1,1375,1,张口,2,4,,张口,,,false,false,false
lp:1375:word:2,1375,2,结舌,4,6,,结舌,,,false,false,false
lp:1376:word:0,1376,0,无,0,1,,无,,,false,false,false
lp:1376:word:1,1376,1,言,1,2,,言,,,false,false,false
lp:1376:word:2,1376,2,以,2,3,,以,,,false,false,false
lp:1376:word:3,1376,3,对,3,4,lpw_74570c7270,对,function,false,true,true,true
lp:1377:word:0,1377,0,小王子,0,3,lpw_87f2a033cf,小王子,narrative_character,false,true,true,true
lp:1377:word:1,1377,1,就,3,4,lpw_2f9d9872e5,就,function,false,true,true,true
lp:1377:word:2,1377,2,走了,4,6,lpw_25eba59465,走了,other,false,false,false,false
lp:1378:word:0,1378,0,这些,1,3,lpw_7a590a22cd,这些,function,false,false,false,true
lp:1378:word:1,1378,1,大人,3,5,lpw_44dd6014a5,大人,narrative_character,false,false,false,true
lp:1378:word:2,1378,2,真的,5,7,,真的,,,false,false,false
lp:1378:word:3,1378,3,好,7,8,lpw_f867f34178,好,other,false,false,true,true
lp:1378:word:4,1378,4,古怪,8,10,,古怪,,,false,false,false
lp:1379:word:0,1379,0,一路上,0,3,,一路上,,,false,false,false
lp:1380:word:0,1380,0,他,0,1,lpw_8b7b91e000,他,pronoun,false,true,true,true
lp:1380:word:1,1380,1,只是,1,3,,只是,,,false,false,false
lp:1380:word:2,1380,2,自言自语,3,7,,自言自语,,,false,false,false
lp:1380:word:3,1380,3,说,7,8,lpw_ccca744613,说,speech,false,true,true,true
lp:1380:word:4,1380,4,了,8,9,lpw_b2dd27e84f,了,function,false,true,true,true
lp:1380:word:5,1380,5,这么,9,11,lpw_7677ca84c6,这么,other,false,false,false,true
lp:1380:word:6,1380,6,一句,11,13,,一句,,,false,false,false
lp:1382:word:0,1382,0,第,0,1,,第,,,false,false,false
lp:1382:word:1,1382,1,五颗,1,3,,五颗,,,false,false,false
lp:1382:word:2,1382,2,行星,3,5,lpw_19956b104c,行星,other,false,false,false,false
lp:1382:word:3,1382,3,非常,5,7,lpw_2ccec3b419,非常,other,false,false,false,false
lp:1382:word:4,1382,4,奇怪,7,9,,奇怪,,,false,false,false
lp:1383:word:0,1383,0,这,0,1,lpw_d409ab2ab3,这,pronoun,false,true,true,true
lp:1383:word:1,1383,1,是,1,2,lpw_b5141d3d19,是,function,false,true,true,true
lp:1383:word:2,1383,2,最小,2,4,,最小,,,false,false,false
lp:1383:word:3,1383,3,的,4,5,lpw_8af2350cfd,的,function,false,true,true,true
lp:1383:word:4,1383,4,一颗,5,7,lpw_9a18d5dc38,一颗,time_quantity,false,false,false,false
lp:1384:word:0,1384,0,上面,0,2,,上面,,,false,false,false
lp:1384:word:1,1384,1,刚好,2,4,,刚好,,,false,false,false
lp:1384:word:2,1384,2,只能,4,6,,只能,,,false,false,false
lp:1384:word:3,1384,3,容,6,7,,容,,,false,false,false
lp:1384:word:4,1384,4,得,7,8,lpw_71b1ed1114,得,function,false,false,true,true
lp:1384:word:5,1384,5,下,8,9,lpw_13c12b064b,下,function,false,false,false,false
lp:1384:word:6,1384,6,一盏,9,11,,一盏,,,false,false,false
lp:1384:word:7,1384,7,路灯,11,13,lpw_64f62e9803,路灯,other,true,false,false,false
lp:1384:word:8,1384,8,和,13,14,lpw_3d7114281f,和,function,false,false,true,true
lp:1384:word:9,1384,9,一个,14,16,lpw_e1dbc1c99f,一个,function|time_quantity,false,true,true,true
lp:1384:word:10,1384,10,点灯人,16,19,lpw_dd18ed3fb2,点灯人,narrative_character,true,false,false,false
lp:1385:word:0,1385,0,小王子,0,3,lpw_87f2a033cf,小王子,narrative_character,false,true,true,true
lp:1385:word:1,1385,1,好生,3,5,,好生,,,false,false,false
lp:1385:word:2,1385,2,纳闷,5,7,,纳闷,,,false,false,false
lp:1386:word:0,1386,0,在,0,1,lpw_12404a0b63,在,function,false,true,true,true
lp:1386:word:1,1386,1,天空,1,3,,天空,,,false,false,false
lp:1386:word:2,1386,2,的,3,4,lpw_8af2350cfd,的,function,false,true,true,true
lp:1386:word:3,1386,3,一个,4,6,lpw_e1dbc1c99f,一个,function|time_quantity,false,true,true,true
lp:1386:word:4,1386,4,角落,6,8,,角落,,,false,false,false
lp:1387:word:0,1387,0,在,0,1,lpw_12404a0b63,在,function,false,true,true,true
lp:1387:word:1,1387,1,一个,1,3,lpw_e1dbc1c99f,一个,function|time_quantity,false,true,true,true
lp:1387:word:2,1387,2,既,3,4,,既,,,false,false,false
lp:1387:word:3,1387,3,没有,4,6,lpw_f127804b92,没有,negation_modality,false,false,true,true
lp:1387:word:4,1387,4,房子,6,8,,房子,,,false,false,false
lp:1387:word:5,1387,5,也没有,8,11,,也没有,,,false,false,false
lp:1387:word:6,1387,6,居民,11,13,,居民,,,false,false,false
lp:1387:word:7,1387,7,的,13,14,lpw_8af2350cfd,的,function,false,true,true,true
lp:1387:word:8,1387,8,行星,14,16,lpw_19956b104c,行星,other,false,false,false,false
lp:1387:word:9,1387,9,上,16,17,lpw_db5ba671d2,上,function,false,true,true,true
lp:1388:word:0,1388,0,要,0,1,lpw_975f35218e,要,negation_modality,false,false,true,true
lp:1388:word:1,1388,1,一盏,1,3,,一盏,,,false,false,false
lp:1388:word:2,1388,2,路灯,3,5,lpw_64f62e9803,路灯,other,true,false,false,false
lp:1388:word:3,1388,3,和,5,6,lpw_3d7114281f,和,function,false,false,true,true
lp:1388:word:4,1388,4,一个,6,8,lpw_e1dbc1c99f,一个,function|time_quantity,false,true,true,true
lp:1388:word:5,1388,5,点灯人,8,11,lpw_dd18ed3fb2,点灯人,narrative_character,true,false,false,false
lp:1389:word:0,1389,0,又能,0,2,,又能,,,false,false,false
lp:1389:word:1,1389,1,有,2,3,lpw_90ce0f66f0,有,other,false,true,true,true
lp:1389:word:2,1389,2,什么,3,5,lpw_c1b52e0e64,什么,pronoun|interrogative,false,true,true,true
lp:1389:word:3,1389,3,用,5,6,lpw_04e45efb3b,用,other,false,false,false,true
lp:1389:word:4,1389,4,呢,6,7,lpw_02811cec0b,呢,function|interrogative,false,true,true,true
lp:1390:word:0,1390,0,不过,0,2,lpw_72113362c6,不过,function,false,false,false,true
lp:1390:word:1,1390,1,他,2,3,lpw_8b7b91e000,他,pronoun,false,true,true,true
lp:1390:word:2,1390,2,还是,3,5,lpw_dfaa7d6f73,还是,other,false,false,false,false
lp:1390:word:3,1390,3,对,5,6,lpw_74570c7270,对,function,false,true,true,true
lp:1390:word:4,1390,4,自己,6,8,lpw_fb43354d2a,自己,pronoun,false,false,true,true
lp:1390:word:5,1390,5,说,8,9,lpw_ccca744613,说,speech,false,true,true,true
lp:1391:word:0,1391,0,很可能,1,4,,很可能,,,false,false,false
lp:1391:word:1,1391,1,这个,4,6,lpw_979e2bc35b,这个,function,false,false,true,true
lp:1391:word:2,1391,2,人,6,7,lpw_50f5d65d57,人,other,false,true,true,true
lp:1391:word:3,1391,3,是,7,8,lpw_b5141d3d19,是,function,false,true,true,true
lp:1391:word:4,1391,4,有点,8,10,lpw_29506aa712,有点,other,false,false,false,true
lp:1391:word:5,1391,5,不正常,10,13,,不正常,,,false,false,false
lp:1392:word:0,1392,0,但是,0,2,lpw_8cb1f721c8,但是,other,false,false,false,false
lp:1392:word:1,1392,1,跟,2,3,lpw_383a53d95c,跟,function,false,false,false,true
lp:1392:word:2,1392,2,那个,3,5,lpw_fa6e73c549,那个,function,false,false,false,false
lp:1392:word:3,1392,3,国王,5,7,lpw_38e917f021,国王,narrative_character,true,false,false,false
lp:1393:word:0,1393,0,那个,0,2,lpw_fa6e73c549,那个,function,false,false,false,false
lp:1393:word:1,1393,1,爱,2,3,lpw_bafe3b2ee7,爱,emotion_social,false,false,false,false
lp:1393:word:2,1393,2,虚荣的人,3,7,lpw_577fd55103,虚荣的人,narrative_character,true,false,false,false
lp:1394:word:0,1394,0,那个,0,2,lpw_fa6e73c549,那个,function,false,false,false,false
lp:1394:word:1,1394,1,商人,2,4,lpw_3f1784ce8b,商人,narrative_character,false,false,false,false
lp:1394:word:2,1394,2,和,4,5,lpw_3d7114281f,和,function,false,false,true,true
lp:1394:word:3,1394,3,那个,5,7,lpw_fa6e73c549,那个,function,false,false,false,false
lp:1394:word:4,1394,4,酒鬼,7,9,lpw_1c31582177,酒鬼,narrative_character,true,false,false,false
lp:1394:word:5,1394,5,比起来,9,12,,比起来,,,false,false,false
lp:1395:word:0,1395,0,他,0,1,lpw_8b7b91e000,他,pronoun,false,true,true,true
lp:1395:word:1,1395,1,还是,1,3,lpw_dfaa7d6f73,还是,other,false,false,false,false
lp:1395:word:2,1395,2,要,3,4,lpw_975f35218e,要,negation_modality,false,false,true,true
lp:1395:word:3,1395,3,比,4,5,lpw_ab158a8483,比,other,false,false,false,false
lp:1395:word:4,1395,4,他们,5,7,lpw_10518f8f0a,他们,pronoun,false,true,true,true
lp:1395:word:5,1395,5,正常,7,9,,正常,,,false,false,false
lp:1395:word:6,1395,6,些,9,10,lpw_af76fed85c,些,other,false,false,false,false
lp:1396:word:0,1396,0,至少,0,2,,至少,,,false,false,false
lp:1396:word:1,1396,1,他,2,3,lpw_8b7b91e000,他,pronoun,false,true,true,true
lp:1396:word:2,1396,2,的,3,4,lpw_8af2350cfd,的,function,false,true,true,true
lp:1396:word:3,1396,3,工作,4,6,,工作,,,false,false,false
lp:1396:word:4,1396,4,还有,6,8,lpw_83eec76b39,还有,other,false,false,false,false
lp:1396:word:5,1396,5,意义,8,10,,意义,,,false,false,false
lp:1397:word:0,1397,0,他,0,1,lpw_8b7b91e000,他,pronoun,false,true,true,true
lp:1397:word:1,1397,1,点亮,1,3,,点亮,,,false,false,false
lp:1397:word:2,1397,2,路灯,3,5,lpw_64f62e9803,路灯,other,true,false,false,false
lp:1398:word:0,1398,0,就好,0,2,,就好,,,false,false,false
lp:1398:word:1,1398,1,比,2,3,lpw_ab158a8483,比,other,false,false,false,false
lp:1398:word:2,1398,2,唤醒,3,5,,唤醒,,,false,false,false
lp:1398:word:3,1398,3,了,5,6,lpw_b2dd27e84f,了,function,false,true,true,true
lp:1398:word:4,1398,4,另,6,7,,另,,,false,false,false
lp:1398:word:5,1398,5,一个,7,9,lpw_e1dbc1c99f,一个,function|time_quantity,false,true,true,true
lp:1398:word:6,1398,6,太阳,9,11,,太阳,,,false,false,false
lp:1398:word:7,1398,7,或者,11,13,,或者,,,false,false,false
lp:1398:word:8,1398,8,一朵,13,15,lpw_aebd6fbbd2,一朵,other,false,false,false,true
lp:1398:word:9,1398,9,花儿,15,17,lpw_059ab0f707,花,narrative_character|concrete_entity,false,true,true,true
lp:1399:word:0,1399,0,他,0,1,lpw_8b7b91e000,他,pronoun,false,true,true,true
lp:1399:word:1,1399,1,熄灭,1,3,,熄灭,,,false,false,false
lp:1399:word:2,1399,2,路灯,3,5,lpw_64f62e9803,路灯,other,true,false,false,false
lp:1400:word:0,1400,0,就好,0,2,,就好,,,false,false,false
lp:1400:word:1,1400,1,比,2,3,lpw_ab158a8483,比,other,false,false,false,false
lp:1400:word:2,1400,2,让,3,4,lpw_ad37574404,让,other,false,true,true,true
lp:1400:word:3,1400,3,这,4,5,lpw_d409ab2ab3,这,pronoun,false,true,true,true
lp:1400:word:4,1400,4,朵,5,6,lpw_0da9a35a4b,朵,other,false,false,false,false
lp:1400:word:5,1400,5,花儿,6,8,lpw_059ab0f707,花,narrative_character|concrete_entity,false,true,true,true
lp:1400:word:6,1400,6,或,8,9,,或,,,false,false,false
lp:1400:word:7,1400,7,这个,9,11,lpw_979e2bc35b,这个,function,false,false,true,true
lp:1400:word:8,1400,8,太阳,11,13,,太阳,,,false,false,false
lp:1400:word:9,1400,9,睡觉,13,15,,睡觉,,,false,false,false
lp:1400:word:10,1400,10,了,15,16,lpw_b2dd27e84f,了,function,false,true,true,true
lp:1401:word:0,1401,0,这,0,1,lpw_d409ab2ab3,这,pronoun,false,true,true,true
lp:1401:word:1,1401,1,是,1,2,lpw_b5141d3d19,是,function,false,true,true,true
lp:1401:word:2,1401,2,件,2,3,,件,,,false,false,false
lp:1401:word:3,1401,3,很美,3,5,,很美,,,false,false,false
lp:1401:word:4,1401,4,的,5,6,lpw_8af2350cfd,的,function,false,true,true,true
lp:1401:word:5,1401,5,事情,6,8,lpw_e66d9fac19,事情,other,false,false,false,false
lp:1402:word:0,1402,0,既然,0,2,,既然,,,false,false,false
lp:1402:word:1,1402,1,很美,2,4,,很美,,,false,false,false
lp:1403:word:0,1403,0,自然,0,2,,自然,,,false,false,false
lp:1403:word:1,1403,1,就有,2,4,,就有,,,false,false,false
lp:1403:word:2,1403,2,用,4,5,lpw_04e45efb3b,用,other,false,false,false,true
lp:1403:word:3,1403,3,啰,5,6,,啰,,,false,false,false
lp:1404:word:0,1404,0,他,0,1,lpw_8b7b91e000,他,pronoun,false,true,true,true
lp:1404:word:1,1404,1,一,1,2,lpw_51a75f4634,一,other,false,false,true,true
lp:1404:word:2,1404,2,到,2,3,lpw_b56f36b529,到,other,false,false,false,false
lp:1404:word:3,1404,3,这个,3,5,lpw_979e2bc35b,这个,function,false,false,true,true
lp:1404:word:4,1404,4,星球,5,7,lpw_62f2d6c1a1,星球,place,false,true,true,true
lp:1405:word:0,1405,0,就,0,1,lpw_2f9d9872e5,就,function,false,true,true,true
lp:1405:word:1,1405,1,很,1,2,lpw_f2b91797ea,很,other,false,true,true,true
lp:1405:word:2,1405,2,尊敬,2,4,,尊敬,,,false,false,false
lp:1405:word:3,1405,3,地,4,5,lpw_bdbd41e490,地,function,false,true,true,true
lp:1405:word:4,1405,4,向,5,6,lpw_a2f77db0e9,向,other,false,false,false,false
lp:1405:word:5,1405,5,点灯人,6,9,lpw_dd18ed3fb2,点灯人,narrative_character,true,false,false,false
lp:1405:word:6,1405,6,打招呼,9,12,,打招呼,,,false,false,false
lp:1406:word:0,1406,0,早上,1,3,,早上,,,false,false,false
lp:1406:word:1,1406,1,好,3,4,lpw_f867f34178,好,other,false,false,true,true
lp:1407:word:0,1407,0,你,0,1,lpw_a0c7716669,你,pronoun,false,true,true,true
lp:1407:word:1,1407,1,刚才,1,3,,刚才,,,false,false,false
lp:1407:word:2,1407,2,为什么,3,6,lpw_1b919bb478,为什么,interrogative,false,false,false,false
lp:1407:word:3,1407,3,把,6,7,lpw_2442748e41,把,function,false,false,true,true
lp:1407:word:4,1407,4,路灯,7,9,lpw_64f62e9803,路灯,other,true,false,false,false
lp:1407:word:5,1407,5,熄掉,9,11,,熄掉,,,false,false,false
lp:1407:word:6,1407,6,呢,11,12,lpw_02811cec0b,呢,function|interrogative,false,true,true,true
lp:1408:word:0,1408,0,这,1,2,lpw_d409ab2ab3,这,pronoun,false,true,true,true
lp:1408:word:1,1408,1,是,2,3,lpw_b5141d3d19,是,function,false,true,true,true
lp:1408:word:2,1408,2,规定,3,5,,规定,,,false,false,false
lp:1409:word:0,1409,0,点灯人,0,3,lpw_dd18ed3fb2,点灯人,narrative_character,true,false,false,false
lp:1409:word:1,1409,1,回答,3,5,lpw_f3f5126487,回答,speech,false,false,true,true
lp:1409:word:2,1409,2,说,5,6,lpw_ccca744613,说,speech,false,true,true,true
lp:1410:word:0,1410,0,早上,1,3,,早上,,,false,false,false
lp:1410:word:1,1410,1,好,3,4,lpw_f867f34178,好,other,false,false,true,true
lp:1411:word:0,1411,0,什么,1,3,lpw_c1b52e0e64,什么,pronoun|interrogative,false,true,true,true
lp:1411:word:1,1411,1,规定,3,5,,规定,,,false,false,false
lp:1412:word:0,1412,0,熄灭,1,3,,熄灭,,,false,false,false
lp:1412:word:1,1412,1,路灯,3,5,lpw_64f62e9803,路灯,other,true,false,false,false
lp:1412:word:2,1412,2,呗,5,6,,呗,,,false,false,false
lp:1413:word:0,1413,0,晚上,0,2,lpw_a9b1124b34,晚上,time_quantity,false,false,false,false
lp:1413:word:1,1413,1,好,2,3,lpw_f867f34178,好,other,false,false,true,true
lp:1414:word:0,1414,0,说,0,1,lpw_ccca744613,说,speech,false,true,true,true
lp:1414:word:1,1414,1,着,1,2,lpw_9e5bf0d2d9,着,function,false,true,true,true
lp:1414:word:2,1414,2,他,2,3,lpw_8b7b91e000,他,pronoun,false,true,true,true
lp:1414:word:3,1414,3,又,3,4,lpw_e71ce5deab,又,function,false,true,true,true
lp:1414:word:4,1414,4,点亮,4,6,,点亮,,,false,false,false
lp:1414:word:5,1414,5,了,6,7,lpw_b2dd27e84f,了,function,false,true,true,true
lp:1414:word:6,1414,6,路灯,7,9,lpw_64f62e9803,路灯,other,true,false,false,false
lp:1415:word:0,1415,0,那,1,2,lpw_5a2362a202,那,pronoun,false,true,true,true
lp:1415:word:1,1415,1,你,2,3,lpw_a0c7716669,你,pronoun,false,true,true,true
lp:1415:word:2,1415,2,刚才,3,5,,刚才,,,false,false,false
lp:1415:word:3,1415,3,为什么,5,8,lpw_1b919bb478,为什么,interrogative,false,false,false,false
lp:1415:word:4,1415,4,又,8,9,lpw_e71ce5deab,又,function,false,true,true,true
lp:1415:word:5,1415,5,点亮,9,11,,点亮,,,false,false,false
lp:1415:word:6,1415,6,路灯,11,13,lpw_64f62e9803,路灯,other,true,false,false,false
lp:1415:word:7,1415,7,呢,13,14,lpw_02811cec0b,呢,function|interrogative,false,true,true,true
lp:1416:word:0,1416,0,这,1,2,lpw_d409ab2ab3,这,pronoun,false,true,true,true
lp:1416:word:1,1416,1,是,2,3,lpw_b5141d3d19,是,function,false,true,true,true
lp:1416:word:2,1416,2,规定,3,5,,规定,,,false,false,false
lp:1417:word:0,1417,0,点灯人,0,3,lpw_dd18ed3fb2,点灯人,narrative_character,true,false,false,false
lp:1417:word:1,1417,1,回答,3,5,lpw_f3f5126487,回答,speech,false,false,true,true
lp:1417:word:2,1417,2,说,5,6,lpw_ccca744613,说,speech,false,true,true,true
lp:1418:word:0,1418,0,我,1,2,lpw_b70bb4acc0,我,pronoun,false,true,true,true
lp:1418:word:1,1418,1,弄,2,3,,弄,,,false,false,false
lp:1418:word:2,1418,2,不懂,3,5,,不懂,,,false,false,false
lp:1419:word:0,1419,0,小王子,0,3,lpw_87f2a033cf,小王子,narrative_character,false,true,true,true
lp:1419:word:1,1419,1,说,3,4,lpw_ccca744613,说,speech,false,true,true,true
lp:1420:word:0,1420,0,没什么,1,4,,没什么,,,false,false,false
lp:1420:word:1,1420,1,要,4,5,lpw_975f35218e,要,negation_modality,false,false,true,true
lp:1420:word:2,1420,2,弄懂,5,7,,弄懂,,,false,false,false
lp:1420:word:3,1420,3,的,7,8,lpw_8af2350cfd,的,function,false,true,true,true
lp:1421:word:0,1421,0,点灯人,0,3,lpw_dd18ed3fb2,点灯人,narrative_character,true,false,false,false
lp:1421:word:1,1421,1,说,3,4,lpw_ccca744613,说,speech,false,true,true,true
lp:1422:word:0,1422,0,规定,1,3,,规定,,,false,false,false
lp:1422:word:1,1422,1,就是,3,5,lpw_88aa006eb3,就是,other,false,false,true,true
lp:1422:word:2,1422,2,规定,5,7,,规定,,,false,false,false
lp:1423:word:0,1423,0,早上,0,2,,早上,,,false,false,false
lp:1423:word:1,1423,1,好,2,3,lpw_f867f34178,好,other,false,false,true,true
lp:1424:word:0,1424,0,说,0,1,lpw_ccca744613,说,speech,false,true,true,true
lp:1424:word:1,1424,1,着,1,2,lpw_9e5bf0d2d9,着,function,false,true,true,true
lp:1424:word:2,1424,2,他,2,3,lpw_8b7b91e000,他,pronoun,false,true,true,true
lp:1424:word:3,1424,3,熄灭,3,5,,熄灭,,,false,false,false
lp:1424:word:4,1424,4,了,5,6,lpw_b2dd27e84f,了,function,false,true,true,true
lp:1424:word:5,1424,5,路灯,6,8,lpw_64f62e9803,路灯,other,true,false,false,false
lp:1425:word:0,1425,0,然后,0,2,lpw_ca4f5ee82e,然后,other,false,false,false,false
lp:1425:word:1,1425,1,他用,2,4,,他用,,,false,false,false
lp:1425:word:2,1425,2,一块,4,6,,一块,,,false,false,false
lp:1425:word:3,1425,3,有,6,7,lpw_90ce0f66f0,有,other,false,true,true,true
lp:1425:word:4,1425,4,红,7,8,,红,,,false,false,false
lp:1425:word:5,1425,5,方,8,9,,方,,,false,false,false
lp:1425:word:6,1425,6,格,9,10,,格,,,false,false,false
lp:1425:word:7,1425,7,的,10,11,lpw_8af2350cfd,的,function,false,true,true,true
lp:1425:word:8,1425,8,手帕,11,13,,手帕,,,false,false,false
lp:1425:word:9,1425,9,擦,13,14,,擦,,,false,false,false
lp:1425:word:10,1425,10,了,14,15,lpw_b2dd27e84f,了,function,false,true,true,true
lp:1425:word:11,1425,11,擦,15,16,,擦,,,false,false,false
lp:1425:word:12,1425,12,额头,16,18,,额头,,,false,false,false
lp:1426:word:0,1426,0,我,1,2,lpw_b70bb4acc0,我,pronoun,false,true,true,true
lp:1426:word:1,1426,1,干,2,3,lpw_9ee0280bc4,干,other,false,false,false,false
lp:1426:word:2,1426,2,的是,3,5,lpw_5e1dc2a833,的是,other,false,false,false,false
lp:1426:word:3,1426,3,件,5,6,,件,,,false,false,false
lp:1426:word:4,1426,4,非常,6,8,lpw_2ccec3b419,非常,other,false,false,false,false
lp:1426:word:5,1426,5,累人,8,10,,累人,,,false,false,false
lp:1426:word:6,1426,6,的,10,11,lpw_8af2350cfd,的,function,false,true,true,true
lp:1426:word:7,1426,7,差,11,12,,差,,,false,false,false
lp:1426:word:8,1426,8,事,12,13,lpw_1d9ed56951,事,other,false,false,true,true
lp:1427:word:0,1427,0,以前,0,2,lpw_aa98317793,以前,other,false,false,false,false
lp:1427:word:1,1427,1,还,2,3,lpw_1bc709b8bf,还,other,false,false,false,true
lp:1427:word:2,1427,2,说得,3,5,,说得,,,false,false,false
lp:1427:word:3,1427,3,过去,5,7,,过去,,,false,false,false
lp:1428:word:0,1428,0,我,0,1,lpw_b70bb4acc0,我,pronoun,false,true,true,true
lp:1428:word:1,1428,1,早晨,1,3,,早晨,,,false,false,false
lp:1428:word:2,1428,2,熄灯,3,5,,熄灯,,,false,false,false
lp:1429:word:0,1429,0,晚上,0,2,lpw_a9b1124b34,晚上,time_quantity,false,false,false,false
lp:1429:word:1,1429,1,点灯,2,4,,点灯,,,false,false,false
lp:1430:word:0,1430,0,白天,0,2,,白天,,,false,false,false
lp:1430:word:1,1430,1,我有,2,4,lpw_59cbe38d1c,我有,other,false,false,false,false
lp:1430:word:2,1430,2,时间,4,6,lpw_8b6ff49851,时间,time_quantity,false,false,false,false
lp:1430:word:3,1430,3,休息,6,8,,休息,,,false,false,false
lp:1431:word:0,1431,0,夜里,0,2,lpw_41f8d30e7f,夜里,other,false,false,false,false
lp:1431:word:1,1431,1,也有,2,4,,也有,,,false,false,false
lp:1431:word:2,1431,2,时间,4,6,lpw_8b6ff49851,时间,time_quantity,false,false,false,false
lp:1431:word:3,1431,3,睡觉,6,8,,睡觉,,,false,false,false
lp:1432:word:0,1432,0,那么,1,3,lpw_a61f02e145,那么,function,false,false,false,true
lp:1433:word:0,1433,0,后来,0,2,,后来,,,false,false,false
lp:1433:word:1,1433,1,规定,2,4,,规定,,,false,false,false
lp:1433:word:2,1433,2,改变,4,6,,改变,,,false,false,false
lp:1433:word:3,1433,3,了,6,7,lpw_b2dd27e84f,了,function,false,true,true,true
lp:1434:word:0,1434,0,规定,1,3,,规定,,,false,false,false
lp:1434:word:1,1434,1,没有,3,5,lpw_f127804b92,没有,negation_modality,false,false,true,true
lp:1434:word:2,1434,2,改变,5,7,,改变,,,false,false,false
lp:1435:word:0,1435,0,点灯人,0,3,lpw_dd18ed3fb2,点灯人,narrative_character,true,false,false,false
lp:1435:word:1,1435,1,说,3,4,lpw_ccca744613,说,speech,false,true,true,true
lp:1436:word:0,1436,0,惨,1,2,,惨,,,false,false,false
lp:1436:word:1,1436,1,就,2,3,lpw_2f9d9872e5,就,function,false,true,true,true
lp:1436:word:2,1436,2,惨,3,4,,惨,,,false,false,false
lp:1436:word:3,1436,3,在,4,5,lpw_12404a0b63,在,function,false,true,true,true
lp:1436:word:4,1436,4,这儿,5,7,lpw_19a29e87c9,这儿,other,false,false,true,true
lp:1437:word:0,1437,0,这,0,1,lpw_d409ab2ab3,这,pronoun,false,true,true,true
lp:1437:word:1,1437,1,颗,1,2,lpw_09901d3de2,颗,other,false,false,false,false
lp:1437:word:2,1437,2,行星,2,4,lpw_19956b104c,行星,other,false,false,false,false
lp:1437:word:3,1437,3,一年,4,6,,一年,,,false,false,false
lp:1437:word:4,1437,4,比,6,7,lpw_ab158a8483,比,other,false,false,false,false
lp:1437:word:5,1437,5,一年,7,9,,一年,,,false,false,false
lp:1437:word:6,1437,6,转,9,10,lpw_9482d0359c,转,other,true,false,false,false
lp:1437:word:7,1437,7,得,10,11,lpw_71b1ed1114,得,function,false,false,true,true
lp:1437:word:8,1437,8,快,11,12,,快,,,false,false,false
lp:1438:word:0,1438,0,可,0,1,lpw_8b9cefa38e,可,other,false,false,true,true
lp:1438:word:1,1438,1,规定,1,3,,规定,,,false,false,false
lp:1438:word:2,1438,2,却,3,4,lpw_da153c5b45,却,other,false,false,false,false
lp:1438:word:3,1438,3,没变,4,6,,没变,,,false,false,false
lp:1439:word:0,1439,0,结果,1,3,,结果,,,false,false,false
lp:1439:word:1,1439,1,呢,3,4,lpw_02811cec0b,呢,function|interrogative,false,true,true,true
lp:1440:word:0,1440,0,小王子,0,3,lpw_87f2a033cf,小王子,narrative_character,false,true,true,true
lp:1440:word:1,1440,1,说,3,4,lpw_ccca744613,说,speech,false,true,true,true
lp:1441:word:0,1441,0,结果,1,3,,结果,,,false,false,false
lp:1441:word:1,1441,1,现在,3,5,lpw_43584f37c1,现在,other,false,false,false,false
lp:1441:word:2,1441,2,每,5,6,,每,,,false,false,false
lp:1441:word:3,1441,3,分钟,6,8,lpw_bd957bc497,分钟,time_quantity,false,false,false,false
lp:1441:word:4,1441,4,转,8,9,lpw_9482d0359c,转,other,true,false,false,false
lp:1441:word:5,1441,5,一圈,9,11,,一圈,,,false,false,false
lp:1442:word:0,1442,0,我,0,1,lpw_b70bb4acc0,我,pronoun,false,true,true,true
lp:1442:word:1,1442,1,连,1,2,,连,,,false,false,false
lp:1442:word:2,1442,2,一秒钟,2,5,,一秒钟,,,false,false,false
lp:1442:word:3,1442,3,的,5,6,lpw_8af2350cfd,的,function,false,true,true,true
lp:1442:word:4,1442,4,休息,6,8,,休息,,,false,false,false
lp:1442:word:5,1442,5,时间,8,10,lpw_8b6ff49851,时间,time_quantity,false,false,false,false
lp:1442:word:6,1442,6,都没有,10,13,,都没有,,,false,false,false
lp:1443:word:0,1443,0,我,0,1,lpw_b70bb4acc0,我,pronoun,false,true,true,true
lp:1443:word:1,1443,1,每,1,2,,每,,,false,false,false
lp:1443:word:2,1443,2,分钟,2,4,lpw_bd957bc497,分钟,time_quantity,false,false,false,false
lp:1443:word:3,1443,3,就要,4,6,,就要,,,false,false,false
lp:1443:word:4,1443,4,点,6,7,lpw_08dddeac13,点,other,false,false,false,false
lp:1443:word:5,1443,5,一次,7,9,,一次,,,false,false,false
lp:1443:word:6,1443,6,灯,9,10,,灯,,,false,false,false
lp:1444:word:0,1444,0,熄,0,1,,熄,,,false,false,false
lp:1444:word:1,1444,1,一次,1,3,,一次,,,false,false,false
lp:1444:word:2,1444,2,灯,3,4,,灯,,,false,false,false
lp:1445:word:0,1445,0,这,1,2,lpw_d409ab2ab3,这,pronoun,false,true,true,true
lp:1445:word:1,1445,1,可,2,3,lpw_8b9cefa38e,可,other,false,false,true,true
lp:1445:word:2,1445,2,真,3,4,lpw_827d018e1b,真,other,false,false,false,false
lp:1445:word:3,1445,3,有趣,4,6,,有趣,,,false,false,false
lp:1446:word:0,1446,0,你,0,1,lpw_a0c7716669,你,pronoun,false,true,true,true
lp:1446:word:1,1446,1,这儿,1,3,lpw_19a29e87c9,这儿,other,false,false,true,true
lp:1446:word:2,1446,2,一天,3,5,lpw_5448481f38,一天,time_quantity,false,false,false,false
lp:1446:word:3,1446,3,只有,5,7,lpw_ba8bd7c8c9,只有,other,false,false,false,false
lp:1446:word:4,1446,4,一,7,8,lpw_51a75f4634,一,other,false,false,true,true
lp:1446:word:5,1446,5,分钟,8,10,lpw_bd957bc497,分钟,time_quantity,false,false,false,false
lp:1447:word:0,1447,0,一点,1,3,lpw_148b16e603,一点,other,false,false,false,false
lp:1447:word:1,1447,1,也不,3,5,lpw_941252022a,也不,other,false,false,false,false
lp:1447:word:2,1447,2,有趣,5,7,,有趣,,,false,false,false
lp:1448:word:0,1448,0,点灯人,0,3,lpw_dd18ed3fb2,点灯人,narrative_character,true,false,false,false
lp:1448:word:1,1448,1,说,3,4,lpw_ccca744613,说,speech,false,true,true,true
lp:1449:word:0,1449,0,我们,1,3,lpw_bcacb40df8,我们,pronoun,false,false,false,false
lp:1449:word:1,1449,1,说,3,4,lpw_ccca744613,说,speech,false,true,true,true
lp:1449:word:2,1449,2,着,4,5,lpw_9e5bf0d2d9,着,function,false,true,true,true
lp:1449:word:3,1449,3,话,5,6,lpw_036f781126,话,other,false,false,false,false
lp:1450:word:0,1450,0,就,0,1,lpw_2f9d9872e5,就,function,false,true,true,true
lp:1450:word:1,1450,1,已经,1,3,lpw_8ee12e2310,已经,other,false,false,false,false
lp:1450:word:2,1450,2,一个,3,5,lpw_e1dbc1c99f,一个,function|time_quantity,false,true,true,true
lp:1450:word:3,1450,3,月,5,6,,月,,,false,false,false
lp:1450:word:4,1450,4,过去,6,8,,过去,,,false,false,false
lp:1450:word:5,1450,5,了,8,9,lpw_b2dd27e84f,了,function,false,true,true,true
lp:1451:word:0,1451,0,一个,1,3,lpw_e1dbc1c99f,一个,function|time_quantity,false,true,true,true
lp:1451:word:1,1451,1,月,3,4,,月,,,false,false,false
lp:1452:word:0,1452,0,对,1,2,lpw_74570c7270,对,function,false,true,true,true
lp:1452:word:1,1452,1,三十,3,5,,三十,,,false,false,false
lp:1452:word:2,1452,2,分钟,5,7,lpw_bd957bc497,分钟,time_quantity,false,false,false,false
lp:1453:word:0,1453,0,三十,0,2,,三十,,,false,false,false
lp:1453:word:1,1453,1,天,2,3,lpw_49da61ceee,天,other,false,false,false,true
lp:1453:word:2,1453,2,晚上,4,6,lpw_a9b1124b34,晚上,time_quantity,false,false,false,false
lp:1453:word:3,1453,3,好,6,7,lpw_f867f34178,好,other,false,false,true,true
lp:1454:word:0,1454,0,说,0,1,lpw_ccca744613,说,speech,false,true,true,true
lp:1454:word:1,1454,1,着,1,2,lpw_9e5bf0d2d9,着,function,false,true,true,true
lp:1454:word:2,1454,2,他,2,3,lpw_8b7b91e000,他,pronoun,false,true,true,true
lp:1454:word:3,1454,3,点亮,3,5,,点亮,,,false,false,false
lp:1454:word:4,1454,4,了,5,6,lpw_b2dd27e84f,了,function,false,true,true,true
lp:1454:word:5,1454,5,路灯,6,8,lpw_64f62e9803,路灯,other,true,false,false,false
lp:1455:word:0,1455,0,小王子,0,3,lpw_87f2a033cf,小王子,narrative_character,false,true,true,true
lp:1455:word:1,1455,1,瞧,3,4,,瞧,,,false,false,false
lp:1455:word:2,1455,2,着,4,5,lpw_9e5bf0d2d9,着,function,false,true,true,true
lp:1455:word:3,1455,3,他,5,6,lpw_8b7b91e000,他,pronoun,false,true,true,true
lp:1456:word:0,1456,0,心里,0,2,,心里,,,false,false,false
lp:1456:word:1,1456,1,喜欢,2,4,lpw_653b04330b,喜欢,emotion_social,false,false,false,false
lp:1456:word:2,1456,2,上了,4,6,,上了,,,false,false,false
lp:1456:word:3,1456,3,这个,6,8,lpw_979e2bc35b,这个,function,false,false,true,true
lp:1456:word:4,1456,4,忠于,8,10,,忠于,,,false,false,false
lp:1456:word:5,1456,5,职,10,11,,职,,,false,false,false
lp:1456:word:6,1456,6,守,11,12,,守,,,false,false,false
lp:1456:word:7,1456,7,的,12,13,lpw_8af2350cfd,的,function,false,true,true,true
lp:1456:word:8,1456,8,点灯人,13,16,lpw_dd18ed3fb2,点灯人,narrative_character,true,false,false,false
lp:1457:word:0,1457,0,他,0,1,lpw_8b7b91e000,他,pronoun,false,true,true,true
lp:1457:word:1,1457,1,想起,1,3,,想起,,,false,false,false
lp:1457:word:2,1457,2,了,3,4,lpw_b2dd27e84f,了,function,false,true,true,true
lp:1457:word:3,1457,3,自己,4,6,lpw_fb43354d2a,自己,pronoun,false,false,true,true
lp:1457:word:4,1457,4,以前,6,8,lpw_aa98317793,以前,other,false,false,false,false
lp:1457:word:5,1457,5,的,8,9,lpw_8af2350cfd,的,function,false,true,true,true
lp:1457:word:6,1457,6,挪,9,10,,挪,,,false,false,false
lp:1457:word:7,1457,7,椅子,10,12,,椅子,,,false,false,false
lp:1457:word:8,1457,8,看,12,13,lpw_61f43315f9,看,perception,false,false,false,true
lp:1457:word:9,1457,9,日,13,14,lpw_85217f7aff,日,other,false,false,false,false
lp:1457:word:10,1457,10,落,14,15,lpw_e9ce9aefa3,落,other,false,false,false,false
lp:1458:word:0,1458,0,他,0,1,lpw_8b7b91e000,他,pronoun,false,true,true,true
lp:1458:word:1,1458,1,挺,1,2,,挺,,,false,false,false
lp:1458:word:2,1458,2,想,2,3,lpw_df0d251938,想,cognition,false,false,false,true
lp:1458:word:3,1458,3,帮助,3,5,,帮助,,,false,false,false
lp:1458:word:4,1458,4,这个,5,7,lpw_979e2bc35b,这个,function,false,false,true,true
lp:1458:word:5,1458,5,朋友,7,9,lpw_677aad1a0e,朋友,emotion_social,false,false,false,true
lp:1459:word:0,1459,0,你,1,2,lpw_a0c7716669,你,pronoun,false,true,true,true
lp:1459:word:1,1459,1,知道,2,4,lpw_d7b6472b11,知道,cognition,false,false,true,true
lp:1460:word:0,1460,0,我有,0,2,lpw_59cbe38d1c,我有,other,false,false,false,false
lp:1460:word:1,1460,1,一个,2,4,lpw_e1dbc1c99f,一个,function|time_quantity,false,true,true,true
lp:1460:word:2,1460,2,办法,4,6,,办法,,,false,false,false
lp:1461:word:0,1461,0,好,0,1,lpw_f867f34178,好,other,false,false,true,true
lp:1461:word:1,1461,1,让,1,2,lpw_ad37574404,让,other,false,true,true,true
lp:1461:word:2,1461,2,你想,2,4,,你想,,,false,false,false
lp:1461:word:3,1461,3,休息,4,6,,休息,,,false,false,false
lp:1461:word:4,1461,4,就,6,7,lpw_2f9d9872e5,就,function,false,true,true,true
lp:1461:word:5,1461,5,能,7,8,lpw_413c06bcef,能,other,false,false,false,false
lp:1461:word:6,1461,6,休息,8,10,,休息,,,false,false,false
lp:1462:word:0,1462,0,我,0,1,lpw_b70bb4acc0,我,pronoun,false,true,true,true
lp:1462:word:1,1462,1,干,1,2,lpw_9ee0280bc4,干,other,false,false,false,false
lp:1462:word:2,1462,2,的是,2,4,lpw_5e1dc2a833,的是,other,false,false,false,false
lp:1462:word:3,1462,3,桩,4,5,,桩,,,false,false,false
lp:1462:word:4,1462,4,非常,5,7,lpw_2ccec3b419,非常,other,false,false,false,false
lp:1462:word:5,1462,5,累人,7,9,,累人,,,false,false,false
lp:1462:word:6,1462,6,的,9,10,lpw_8af2350cfd,的,function,false,true,true,true
lp:1462:word:7,1462,7,差,10,11,,差,,,false,false,false
lp:1462:word:8,1462,8,事,11,12,lpw_1d9ed56951,事,other,false,false,true,true
lp:1462:word:9,1462,9,我,13,14,lpw_b70bb4acc0,我,pronoun,false,true,true,true
lp:1462:word:10,1462,10,一直,14,16,,一直,,,false,false,false
lp:1462:word:11,1462,11,想,16,17,lpw_df0d251938,想,cognition,false,false,false,true
lp:1462:word:12,1462,12,休息,17,19,,休息,,,false,false,false
lp:1463:word:0,1463,0,点灯人,0,3,lpw_dd18ed3fb2,点灯人,narrative_character,true,false,false,false
lp:1463:word:1,1463,1,说,3,4,lpw_ccca744613,说,speech,false,true,true,true
lp:1464:word:0,1464,0,因为,0,2,lpw_795cfc96d4,因为,function,false,false,true,true
lp:1465:word:0,1465,0,一个,0,2,lpw_e1dbc1c99f,一个,function|time_quantity,false,true,true,true
lp:1465:word:1,1465,1,人,2,3,lpw_50f5d65d57,人,other,false,true,true,true
lp:1465:word:2,1465,2,可以,3,5,lpw_0ef5c86fab,可以,negation_modality,false,false,false,true
lp:1465:word:3,1465,3,同时,5,7,,同时,,,false,false,false
lp:1465:word:4,1465,4,是,7,8,lpw_b5141d3d19,是,function,false,true,true,true
lp:1465:word:5,1465,5,忠于,8,10,,忠于,,,false,false,false
lp:1465:word:6,1465,6,职,10,11,,职,,,false,false,false
lp:1465:word:7,1465,7,守,11,12,,守,,,false,false,false
lp:1465:word:8,1465,8,的,12,13,lpw_8af2350cfd,的,function,false,true,true,true
lp:1466:word:0,1466,0,又是,0,2,,又是,,,false,false,false
lp:1466:word:1,1466,1,生,2,3,,生,,,false,false,false
lp:1466:word:2,1466,2,性,3,4,,性,,,false,false,false
lp:1466:word:3,1466,3,疏,4,5,,疏,,,false,false,false
lp:1466:word:4,1466,4,懒,5,6,,懒,,,false,false,false
lp:1466:word:5,1466,5,的,6,7,lpw_8af2350cfd,的,function,false,true,true,true
lp:1467:word:0,1467,0,小王子,0,3,lpw_87f2a033cf,小王子,narrative_character,false,true,true,true
lp:1467:word:1,1467,1,接着,3,5,lpw_58ed4c69fb,接着,other,false,false,false,false
lp:1467:word:2,1467,2,说,5,6,lpw_ccca744613,说,speech,false,true,true,true
lp:1468:word:0,1468,0,你,1,2,lpw_a0c7716669,你,pronoun,false,true,true,true
lp:1468:word:1,1468,1,的,2,3,lpw_8af2350cfd,的,function,false,true,true,true
lp:1468:word:2,1468,2,星球,3,5,lpw_62f2d6c1a1,星球,place,false,true,true,true
lp:1468:word:3,1468,3,小,5,6,lpw_6a7339bb75,小,other,false,false,true,true
lp:1468:word:4,1468,4,得很,6,8,,得很,,,false,false,false
lp:1469:word:0,1469,0,你,0,1,lpw_a0c7716669,你,pronoun,false,true,true,true
lp:1469:word:1,1469,1,走,1,2,lpw_f66de6c4cd,走,physical_action,false,false,false,false
lp:1469:word:2,1469,2,三步,2,4,,三步,,,false,false,false
lp:1469:word:3,1469,3,就,4,5,lpw_2f9d9872e5,就,function,false,true,true,true
lp:1469:word:4,1469,4,绕,5,6,,绕,,,false,false,false
lp:1469:word:5,1469,5,了,6,7,lpw_b2dd27e84f,了,function,false,true,true,true
lp:1469:word:6,1469,6,一圈,7,9,,一圈,,,false,false,false
lp:1470:word:0,1470,0,所以,0,2,lpw_a2f7e42081,所以,function,false,false,false,false
lp:1470:word:1,1470,1,你,2,3,lpw_a0c7716669,你,pronoun,false,true,true,true
lp:1470:word:2,1470,2,只要,3,5,,只要,,,false,false,false
lp:1470:word:3,1470,3,走得慢,5,8,,走得慢,,,false,false,false
lp:1470:word:4,1470,4,一些,8,10,,一些,,,false,false,false
lp:1471:word:0,1471,0,就,0,1,lpw_2f9d9872e5,就,function,false,true,true,true
lp:1471:word:1,1471,1,可以,1,3,lpw_0ef5c86fab,可以,negation_modality,false,false,false,true
lp:1471:word:2,1471,2,一直,3,5,,一直,,,false,false,false
lp:1471:word:3,1471,3,待,5,6,,待,,,false,false,false
lp:1471:word:4,1471,4,在,6,7,lpw_12404a0b63,在,function,false,true,true,true
lp:1471:word:5,1471,5,阳光,7,9,,阳光,,,false,false,false
lp:1471:word:6,1471,6,下,9,10,lpw_13c12b064b,下,function,false,false,false,false
lp:1472:word:0,1472,0,你要,0,2,lpw_642b100e13,你要,other,false,false,false,false
lp:1472:word:1,1472,1,想,2,3,lpw_df0d251938,想,cognition,false,false,false,true
lp:1472:word:2,1472,2,休息,3,5,,休息,,,false,false,false
lp:1472:word:3,1472,3,了,5,6,lpw_b2dd27e84f,了,function,false,true,true,true
lp:1473:word:0,1473,0,就,0,1,lpw_2f9d9872e5,就,function,false,true,true,true
lp:1473:word:1,1473,1,往前走,1,4,,往前走,,,false,false,false
lp:1474:word:0,1474,0,你要,0,2,lpw_642b100e13,你要,other,false,false,false,false
lp:1474:word:1,1474,1,白天,2,4,,白天,,,false,false,false
lp:1474:word:2,1474,2,有,4,5,lpw_90ce0f66f0,有,other,false,true,true,true
lp:1474:word:3,1474,3,多,5,6,lpw_1940119f05,多,other,false,false,false,false
lp:1474:word:4,1474,4,长,6,7,lpw_597ae23d84,长,other,false,false,false,false
lp:1475:word:0,1475,0,它,0,1,lpw_7e9260e925,它,pronoun,false,true,true,true
lp:1475:word:1,1475,1,就有,1,3,,就有,,,false,false,false
lp:1475:word:2,1475,2,多,3,4,lpw_1940119f05,多,other,false,false,false,false
lp:1475:word:3,1475,3,长,4,5,lpw_597ae23d84,长,other,false,false,false,false
lp:1476:word:0,1476,0,这,1,2,lpw_d409ab2ab3,这,pronoun,false,true,true,true
lp:1476:word:1,1476,1,办法,2,4,,办法,,,false,false,false
lp:1476:word:2,1476,2,帮,4,5,,帮,,,false,false,false
lp:1476:word:3,1476,3,不了,5,7,,不了,,,false,false,false
lp:1476:word:4,1476,4,我,7,8,lpw_b70bb4acc0,我,pronoun,false,true,true,true
lp:1476:word:5,1476,5,多少,8,10,,多少,,,false,false,false
lp:1476:word:6,1476,6,忙,10,11,,忙,,,false,false,false
lp:1477:word:0,1477,0,点灯人,0,3,lpw_dd18ed3fb2,点灯人,narrative_character,true,false,false,false
lp:1477:word:1,1477,1,说,3,4,lpw_ccca744613,说,speech,false,true,true,true
lp:1478:word:0,1478,0,我,1,2,lpw_b70bb4acc0,我,pronoun,false,true,true,true
lp:1478:word:1,1478,1,这,2,3,lpw_d409ab2ab3,这,pronoun,false,true,true,true
lp:1478:word:2,1478,2,人,3,4,lpw_50f5d65d57,人,other,false,true,true,true
lp:1479:word:0,1479,0,平生,0,2,,平生,,,false,false,false
lp:1479:word:1,1479,1,就,2,3,lpw_2f9d9872e5,就,function,false,true,true,true
lp:1479:word:2,1479,2,喜欢,3,5,lpw_653b04330b,喜欢,emotion_social,false,false,false,false
lp:1479:word:3,1479,3,睡觉,5,7,,睡觉,,,false,false,false
lp:1480:word:0,1480,0,真不,1,3,,真不,,,false,false,false
lp:1480:word:1,1480,1,走运,3,5,,走运,,,false,false,false
lp:1481:word:0,1481,0,小王子,0,3,lpw_87f2a033cf,小王子,narrative_character,false,true,true,true
lp:1481:word:1,1481,1,说,3,4,lpw_ccca744613,说,speech,false,true,true,true
lp:1482:word:0,1482,0,真不,1,3,,真不,,,false,false,false
lp:1482:word:1,1482,1,走运,3,5,,走运,,,false,false,false
lp:1483:word:0,1483,0,点灯人,0,3,lpw_dd18ed3fb2,点灯人,narrative_character,true,false,false,false
lp:1483:word:1,1483,1,说,3,4,lpw_ccca744613,说,speech,false,true,true,true
lp:1484:word:0,1484,0,早上,1,3,,早上,,,false,false,false
lp:1484:word:1,1484,1,好,3,4,lpw_f867f34178,好,other,false,false,true,true
lp:1485:word:0,1485,0,说,0,1,lpw_ccca744613,说,speech,false,true,true,true
lp:1485:word:1,1485,1,着,1,2,lpw_9e5bf0d2d9,着,function,false,true,true,true
lp:1485:word:2,1485,2,他,2,3,lpw_8b7b91e000,他,pronoun,false,true,true,true
lp:1485:word:3,1485,3,熄灭,3,5,,熄灭,,,false,false,false
lp:1485:word:4,1485,4,了,5,6,lpw_b2dd27e84f,了,function,false,true,true,true
lp:1485:word:5,1485,5,路灯,6,8,lpw_64f62e9803,路灯,other,true,false,false,false
lp:1486:word:0,1486,0,这个,1,3,lpw_979e2bc35b,这个,function,false,false,true,true
lp:1486:word:1,1486,1,人,3,4,lpw_50f5d65d57,人,other,false,true,true,true
lp:1486:word:2,1486,2,呀,4,5,lpw_03fe6b38e7,呀,function,false,false,false,true
lp:1487:word:0,1487,0,小王子,0,3,lpw_87f2a033cf,小王子,narrative_character,false,true,true,true
lp:1487:word:1,1487,1,一边,3,5,,一边,,,false,false,false
lp:1487:word:2,1487,2,继续,5,7,,继续,,,false,false,false
lp:1487:word:3,1487,3,他,7,8,lpw_8b7b91e000,他,pronoun,false,true,true,true
lp:1487:word:4,1487,4,的,8,9,lpw_8af2350cfd,的,function,false,true,true,true
lp:1487:word:5,1487,5,旅途,9,11,,旅途,,,false,false,false
lp:1488:word:0,1488,0,一边,0,2,,一边,,,false,false,false
lp:1488:word:1,1488,1,在,2,3,lpw_12404a0b63,在,function,false,true,true,true
lp:1488:word:2,1488,2,想,3,4,lpw_df0d251938,想,cognition,false,false,false,true
lp:1489:word:0,1489,0,国王,1,3,lpw_38e917f021,国王,narrative_character,true,false,false,false
lp:1489:word:1,1489,1,也好,3,5,,也好,,,false,false,false
lp:1490:word:0,1490,0,爱,0,1,lpw_bafe3b2ee7,爱,emotion_social,false,false,false,false
lp:1490:word:1,1490,1,虚荣的人,1,5,lpw_577fd55103,虚荣的人,narrative_character,true,false,false,false
lp:1490:word:2,1490,2,也好,5,7,,也好,,,false,false,false
lp:1491:word:0,1491,0,酒鬼,0,2,lpw_1c31582177,酒鬼,narrative_character,true,false,false,false
lp:1491:word:1,1491,1,也好,2,4,,也好,,,false,false,false
lp:1491:word:2,1491,2,商人,5,7,lpw_3f1784ce8b,商人,narrative_character,false,false,false,false
lp:1491:word:3,1491,3,也好,7,9,,也好,,,false,false,false
lp:1492:word:0,1492,0,他们,0,2,lpw_10518f8f0a,他们,pronoun,false,true,true,true
lp:1492:word:1,1492,1,都会,2,4,,都会,,,false,false,false
lp:1492:word:2,1492,2,瞧不起,4,7,,瞧不起,,,false,false,false
lp:1492:word:3,1492,3,这个,7,9,lpw_979e2bc35b,这个,function,false,false,true,true
lp:1492:word:4,1492,4,人,9,10,lpw_50f5d65d57,人,other,false,true,true,true
lp:1493:word:0,1493,0,可是,0,2,lpw_38ca4a9c76,可是,function,false,false,true,true
lp:1494:word:0,1494,0,就,0,1,lpw_2f9d9872e5,就,function,false,true,true,true
lp:1494:word:1,1494,1,只有,1,3,lpw_ba8bd7c8c9,只有,other,false,false,false,false
lp:1494:word:2,1494,2,他,3,4,lpw_8b7b91e000,他,pronoun,false,true,true,true
lp:1494:word:3,1494,3,没,4,5,lpw_279e8b3573,没,negation_modality,false,false,true,true
lp:1494:word:4,1494,4,让,5,6,lpw_ad37574404,让,other,false,true,true,true
lp:1494:word:5,1494,5,我,6,7,lpw_b70bb4acc0,我,pronoun,false,true,true,true
lp:1494:word:6,1494,6,感到,7,9,lpw_15c2457566,感到,perception,false,false,false,true
lp:1494:word:7,1494,7,可笑,9,11,,可笑,,,false,false,false
lp:1495:word:0,1495,0,也许,0,2,,也许,,,false,false,false
lp:1496:word:0,1496,0,这,0,1,lpw_d409ab2ab3,这,pronoun,false,true,true,true
lp:1496:word:1,1496,1,是,1,2,lpw_b5141d3d19,是,function,false,true,true,true
lp:1496:word:2,1496,2,因为,2,4,lpw_795cfc96d4,因为,function,false,false,true,true
lp:1496:word:3,1496,3,他,4,5,lpw_8b7b91e000,他,pronoun,false,true,true,true
lp:1496:word:4,1496,4,关心,5,7,,关心,,,false,false,false
lp:1496:word:5,1496,5,的是,7,9,lpw_5e1dc2a833,的是,other,false,false,false,false
lp:1496:word:6,1496,6,别的,9,11,lpw_3966c0d55d,别的,other,false,false,false,false
lp:1496:word:7,1496,7,事情,11,13,lpw_e66d9fac19,事情,other,false,false,false,false
lp:1497:word:0,1497,0,而不是,0,3,,而不是,,,false,false,false
lp:1497:word:1,1497,1,自己,3,5,lpw_fb43354d2a,自己,pronoun,false,false,true,true
lp:1498:word:0,1498,0,他,0,1,lpw_8b7b91e000,他,pronoun,false,true,true,true
lp:1498:word:1,1498,1,惋惜,1,3,,惋惜,,,false,false,false
lp:1498:word:2,1498,2,地,3,4,lpw_bdbd41e490,地,function,false,true,true,true
lp:1498:word:3,1498,3,叹,4,5,,叹,,,false,false,false
lp:1498:word:4,1498,4,了,5,6,lpw_b2dd27e84f,了,function,false,true,true,true
lp:1498:word:5,1498,5,口气,6,8,,口气,,,false,false,false
lp:1499:word:0,1499,0,又,0,1,lpw_e71ce5deab,又,function,false,true,true,true
lp:1499:word:1,1499,1,自言自语,1,5,,自言自语,,,false,false,false
lp:1500:word:0,1500,0,只有,1,3,lpw_ba8bd7c8c9,只有,other,false,false,false,false
lp:1500:word:1,1500,1,这个,3,5,lpw_979e2bc35b,这个,function,false,false,true,true
lp:1500:word:2,1500,2,人,5,6,lpw_50f5d65d57,人,other,false,true,true,true
lp:1500:word:3,1500,3,我,6,7,lpw_b70bb4acc0,我,pronoun,false,true,true,true
lp:1500:word:4,1500,4,可以,7,9,lpw_0ef5c86fab,可以,negation_modality,false,false,false,true
lp:1500:word:5,1500,5,跟,9,10,lpw_383a53d95c,跟,function,false,false,false,true
lp:1500:word:6,1500,6,他,10,11,lpw_8b7b91e000,他,pronoun,false,true,true,true
lp:1500:word:7,1500,7,交,11,12,,交,,,false,false,false
lp:1500:word:8,1500,8,朋友,12,14,lpw_677aad1a0e,朋友,emotion_social,false,false,false,true
lp:1501:word:0,1501,0,可是,0,2,lpw_38ca4a9c76,可是,function,false,false,true,true
lp:1501:word:1,1501,1,他,2,3,lpw_8b7b91e000,他,pronoun,false,true,true,true
lp:1501:word:2,1501,2,的,3,4,lpw_8af2350cfd,的,function,false,true,true,true
lp:1501:word:3,1501,3,星球,4,6,lpw_62f2d6c1a1,星球,place,false,true,true,true
lp:1501:word:4,1501,4,实在,6,8,,实在,,,false,false,false
lp:1501:word:5,1501,5,太,8,9,lpw_e7ace7adf2,太,other,false,false,false,true
lp:1501:word:6,1501,6,小,9,10,lpw_6a7339bb75,小,other,false,false,true,true
lp:1501:word:7,1501,7,了,10,11,lpw_b2dd27e84f,了,function,false,true,true,true
lp:1502:word:0,1502,0,两,0,1,lpw_83385d2eda,两,other,false,false,false,false
lp:1502:word:1,1502,1,个人,1,3,,个人,,,false,false,false
lp:1502:word:2,1502,2,挤,3,4,,挤,,,false,false,false
lp:1502:word:3,1502,3,不,4,5,lpw_b02dfe2160,不,negation_modality,false,false,true,true
lp:1502:word:4,1502,4,下,5,6,lpw_13c12b064b,下,function,false,false,false,false
lp:1503:word:0,1503,0,小王子,0,3,lpw_87f2a033cf,小王子,narrative_character,false,true,true,true
lp:1503:word:1,1503,1,不敢,3,5,,不敢,,,false,false,false
lp:1503:word:2,1503,2,承认,5,7,,承认,,,false,false,false
lp:1503:word:3,1503,3,的是,7,9,lpw_5e1dc2a833,的是,other,false,false,false,false
lp:1504:word:0,1504,0,他,0,1,lpw_8b7b91e000,他,pronoun,false,true,true,true
lp:1504:word:1,1504,1,留恋,1,3,,留恋,,,false,false,false
lp:1504:word:2,1504,2,这,3,4,lpw_d409ab2ab3,这,pronoun,false,true,true,true
lp:1504:word:3,1504,3,颗,4,5,lpw_09901d3de2,颗,other,false,false,false,false
lp:1504:word:4,1504,4,受,5,6,,受,,,false,false,false
lp:1504:word:5,1504,5,上,6,7,lpw_db5ba671d2,上,function,false,true,true,true
lp:1504:word:6,1504,6,苍,7,8,,苍,,,false,false,false
lp:1504:word:7,1504,7,眷顾,8,10,,眷顾,,,false,false,false
lp:1504:word:8,1504,8,的,10,11,lpw_8af2350cfd,的,function,false,true,true,true
lp:1504:word:9,1504,9,星球,11,13,lpw_62f2d6c1a1,星球,place,false,true,true,true
lp:1505:word:0,1505,0,是,0,1,lpw_b5141d3d19,是,function,false,true,true,true
lp:1505:word:1,1505,1,因为,1,3,lpw_795cfc96d4,因为,function,false,false,true,true
lp:1505:word:2,1505,2,每,3,4,,每,,,false,false,false
lp:1505:word:3,1505,3,二十四,4,7,,二十四,,,false,false,false
lp:1505:word:4,1505,4,小时,7,9,,小时,,,false,false,false
lp:1505:word:5,1505,5,就有,9,11,,就有,,,false,false,false
lp:1505:word:6,1505,6,一千,11,13,,一千,,,false,false,false
lp:1505:word:7,1505,7,四百,13,15,,四百,,,false,false,false
lp:1505:word:8,1505,8,四十,15,17,,四十,,,false,false,false
lp:1505:word:9,1505,9,次,17,18,,次,,,false,false,false
lp:1505:word:10,1505,10,日,18,19,lpw_85217f7aff,日,other,false,false,false,false
lp:1505:word:11,1505,11,落,19,20,lpw_e9ce9aefa3,落,other,false,false,false,false
lp:1507:word:0,1507,0,第,0,1,,第,,,false,false,false
lp:1507:word:1,1507,1,六颗,1,3,,六颗,,,false,false,false
lp:1507:word:2,1507,2,行星,3,5,lpw_19956b104c,行星,other,false,false,false,false
lp:1507:word:3,1507,3,是,5,6,lpw_b5141d3d19,是,function,false,true,true,true
lp:1507:word:4,1507,4,一颗,6,8,lpw_9a18d5dc38,一颗,time_quantity,false,false,false,false
lp:1507:word:5,1507,5,大,8,9,lpw_7d4ca7f48e,大,other,false,false,false,false
lp:1507:word:6,1507,6,十倍,9,11,,十倍,,,false,false,false
lp:1507:word:7,1507,7,的,11,12,lpw_8af2350cfd,的,function,false,true,true,true
lp:1507:word:8,1507,8,行星,12,14,lpw_19956b104c,行星,other,false,false,false,false
lp:1508:word:0,1508,0,上面,0,2,,上面,,,false,false,false
lp:1508:word:1,1508,1,住,2,3,lpw_cbba0a98ab,住,other,false,false,false,false
lp:1508:word:2,1508,2,着,3,4,lpw_9e5bf0d2d9,着,function,false,true,true,true
lp:1508:word:3,1508,3,一个,4,6,lpw_e1dbc1c99f,一个,function|time_quantity,false,true,true,true
lp:1508:word:4,1508,4,老先生,6,9,,老先生,,,false,false,false
lp:1509:word:0,1509,0,他在,0,2,,他在,,,false,false,false
lp:1509:word:1,1509,1,写,2,3,,写,,,false,false,false
lp:1509:word:2,1509,2,一本,3,5,,一本,,,false,false,false
lp:1509:word:3,1509,3,本,5,6,,本,,,false,false,false
lp:1509:word:4,1509,4,大部,6,8,,大部,,,false,false,false
lp:1509:word:5,1509,5,头,8,9,,头,,,false,false,false
lp:1509:word:6,1509,6,的,9,10,lpw_8af2350cfd,的,function,false,true,true,true
lp:1509:word:7,1509,7,著作,10,12,,著作,,,false,false,false
lp:1510:word:0,1510,0,瞧,1,2,,瞧,,,false,false,false
lp:1511:word:0,1511,0,来,0,1,lpw_6d8229118c,来,physical_action,false,true,true,true
lp:1511:word:1,1511,1,了,1,2,lpw_b2dd27e84f,了,function,false,true,true,true
lp:1511:word:2,1511,2,一位,2,4,,一位,,,false,false,false
lp:1511:word:3,1511,3,探险,4,6,lpw_e8635424ab,探险,other,true,false,false,false
lp:1511:word:4,1511,4,家,6,7,lpw_c8ae97be80,家,other,true,false,false,false
lp:1512:word:0,1512,0,他,0,1,lpw_8b7b91e000,他,pronoun,false,true,true,true
lp:1512:word:1,1512,1,一,1,2,lpw_51a75f4634,一,other,false,false,true,true
lp:1512:word:2,1512,2,看见,2,4,lpw_7205426737,看见,perception,false,false,false,true
lp:1512:word:3,1512,3,小王子,4,7,lpw_87f2a033cf,小王子,narrative_character,false,true,true,true
lp:1513:word:0,1513,0,就,0,1,lpw_2f9d9872e5,就,function,false,true,true,true
lp:1513:word:1,1513,1,喊,1,2,,喊,,,false,false,false
lp:1513:word:2,1513,2,道,2,3,lpw_00a9d5bd97,道,other,false,false,false,false
lp:1514:word:0,1514,0,小王子,0,3,lpw_87f2a033cf,小王子,narrative_character,false,true,true,true
lp:1514:word:1,1514,1,坐在,3,5,,坐在,,,false,false,false
lp:1514:word:2,1514,2,桌,5,6,,桌,,,false,false,false
lp:1514:word:3,1514,3,边,6,7,,边,,,false,false,false
lp:1515:word:0,1515,0,喘,0,1,,喘,,,false,false,false
lp:1515:word:1,1515,1,了,1,2,lpw_b2dd27e84f,了,function,false,true,true,true
lp:1515:word:2,1515,2,喘气,2,4,,喘气,,,false,false,false
lp:1516:word:0,1516,0,他,0,1,lpw_8b7b91e000,他,pronoun,false,true,true,true
lp:1516:word:1,1516,1,刚,1,2,,刚,,,false,false,false
lp:1516:word:2,1516,2,走了,2,4,lpw_25eba59465,走了,other,false,false,false,false
lp:1516:word:3,1516,3,那么,4,6,lpw_a61f02e145,那么,function,false,false,false,true
lp:1516:word:4,1516,4,多,6,7,lpw_1940119f05,多,other,false,false,false,false
lp:1516:word:5,1516,5,路,7,8,,路,,,false,false,false
lp:1517:word:0,1517,0,你,1,2,lpw_a0c7716669,你,pronoun,false,true,true,true
lp:1517:word:1,1517,1,从,2,3,lpw_2719a8ea30,从,function,false,false,false,true
lp:1517:word:2,1517,2,哪儿,3,5,lpw_1ca2298198,哪儿,interrogative,false,false,false,false
lp:1517:word:3,1517,3,来,5,6,lpw_6d8229118c,来,physical_action,false,true,true,true
lp:1517:word:4,1517,4,啊,6,7,lpw_7c2c50fbaf,啊,function,false,false,false,false
lp:1518:word:0,1518,0,老先生,0,3,,老先生,,,false,false,false
lp:1518:word:1,1518,1,问,3,4,lpw_4628c0e06f,问,speech,false,false,true,true
lp:1518:word:2,1518,2,他,4,5,lpw_8b7b91e000,他,pronoun,false,true,true,true
lp:1519:word:0,1519,0,这,1,2,lpw_d409ab2ab3,这,pronoun,false,true,true,true
lp:1519:word:1,1519,1,一大,2,4,,一大,,,false,false,false
lp:1519:word:2,1519,2,本,4,5,,本,,,false,false,false
lp:1519:word:3,1519,3,是,5,6,lpw_b5141d3d19,是,function,false,true,true,true
lp:1519:word:4,1519,4,什么,6,8,lpw_c1b52e0e64,什么,pronoun|interrogative,false,true,true,true
lp:1519:word:5,1519,5,书,8,9,lpw_1be968f125,书,other,false,false,false,false
lp:1520:word:0,1520,0,小王子,0,3,lpw_87f2a033cf,小王子,narrative_character,false,true,true,true
lp:1520:word:1,1520,1,说,3,4,lpw_ccca744613,说,speech,false,true,true,true
lp:1521:word:0,1521,0,您,1,2,lpw_9bbfbbc76f,您,pronoun,true,false,false,false
lp:1521:word:1,1521,1,在,2,3,lpw_12404a0b63,在,function,false,true,true,true
lp:1521:word:2,1521,2,这儿,3,5,lpw_19a29e87c9,这儿,other,false,false,true,true
lp:1521:word:3,1521,3,干什么,5,8,,干什么,,,false,false,false
lp:1521:word:4,1521,4,呢,8,9,lpw_02811cec0b,呢,function|interrogative,false,true,true,true
lp:1522:word:0,1522,0,我是,1,3,lpw_06ba27715e,我是,other,false,false,false,false
lp:1522:word:1,1522,1,地理学家,3,7,lpw_443053caf3,地理学家,narrative_character,true,false,false,false
lp:1523:word:0,1523,0,老先生,0,3,,老先生,,,false,false,false
lp:1523:word:1,1523,1,说,3,4,lpw_ccca744613,说,speech,false,true,true,true
lp:1524:word:0,1524,0,什么,1,3,lpw_c1b52e0e64,什么,pronoun|interrogative,false,true,true,true
lp:1524:word:1,1524,1,叫,3,4,,叫,,,false,false,false
lp:1524:word:2,1524,2,地理学家,4,8,lpw_443053caf3,地理学家,narrative_character,true,false,false,false
lp:1525:word:0,1525,0,地理学家,1,5,lpw_443053caf3,地理学家,narrative_character,true,false,false,false
lp:1525:word:1,1525,1,是,5,6,lpw_b5141d3d19,是,function,false,true,true,true
lp:1525:word:2,1525,2,个,6,7,lpw_3a116815bc,个,other,false,false,true,true
lp:1525:word:3,1525,3,学者,7,9,,学者,,,false,false,false
lp:1526:word:0,1526,0,他,0,1,lpw_8b7b91e000,他,pronoun,false,true,true,true
lp:1526:word:1,1526,1,知道,1,3,lpw_d7b6472b11,知道,cognition,false,false,true,true
lp:1526:word:2,1526,2,哪儿,3,5,lpw_1ca2298198,哪儿,interrogative,false,false,false,false
lp:1526:word:3,1526,3,有,5,6,lpw_90ce0f66f0,有,other,false,true,true,true
lp:1526:word:4,1526,4,海洋,6,8,,海洋,,,false,false,false
lp:1527:word:0,1527,0,有,0,1,lpw_90ce0f66f0,有,other,false,true,true,true
lp:1527:word:1,1527,1,河流,1,3,,河流,,,false,false,false
lp:1527:word:2,1527,2,有,4,5,lpw_90ce0f66f0,有,other,false,true,true,true
lp:1527:word:3,1527,3,城市,5,7,,城市,,,false,false,false
lp:1528:word:0,1528,0,有,0,1,lpw_90ce0f66f0,有,other,false,true,true,true
lp:1528:word:1,1528,1,山脉,1,3,,山脉,,,false,false,false
lp:1528:word:2,1528,2,和,3,4,lpw_3d7114281f,和,function,false,false,true,true
lp:1528:word:3,1528,3,沙漠,4,6,lpw_4fbf406572,沙漠,place,false,false,false,true
lp:1529:word:0,1529,0,这,1,2,lpw_d409ab2ab3,这,pronoun,false,true,true,true
lp:1529:word:1,1529,1,挺,2,3,,挺,,,false,false,false
lp:1529:word:2,1529,2,有趣,3,5,,有趣,,,false,false,false
lp:1530:word:0,1530,0,小王子,0,3,lpw_87f2a033cf,小王子,narrative_character,false,true,true,true
lp:1530:word:1,1530,1,说,3,4,lpw_ccca744613,说,speech,false,true,true,true
lp:1531:word:0,1531,0,啊,1,2,lpw_7c2c50fbaf,啊,function,false,false,false,false
lp:1532:word:0,1532,0,这,0,1,lpw_d409ab2ab3,这,pronoun,false,true,true,true
lp:1532:word:1,1532,1,才是,1,3,,才是,,,false,false,false
lp:1532:word:2,1532,2,真正,3,5,,真正,,,false,false,false
lp:1532:word:3,1532,3,的,5,6,lpw_8af2350cfd,的,function,false,true,true,true
lp:1532:word:4,1532,4,职业,6,8,,职业,,,false,false,false
lp:1533:word:0,1533,0,说,0,1,lpw_ccca744613,说,speech,false,true,true,true
lp:1533:word:1,1533,1,着,1,2,lpw_9e5bf0d2d9,着,function,false,true,true,true
lp:1533:word:2,1533,2,他,2,3,lpw_8b7b91e000,他,pronoun,false,true,true,true
lp:1533:word:3,1533,3,朝,3,4,,朝,,,false,false,false
lp:1533:word:4,1533,4,地理学家,4,8,lpw_443053caf3,地理学家,narrative_character,true,false,false,false
lp:1533:word:5,1533,5,的,8,9,lpw_8af2350cfd,的,function,false,true,true,true
lp:1533:word:6,1533,6,星球,9,11,lpw_62f2d6c1a1,星球,place,false,true,true,true
lp:1533:word:7,1533,7,四周,11,13,,四周,,,false,false,false
lp:1533:word:8,1533,8,望,13,14,lpw_260bd80462,望,other,false,false,false,false
lp:1533:word:9,1533,9,了,14,15,lpw_b2dd27e84f,了,function,false,true,true,true
lp:1533:word:10,1533,10,一眼,15,17,,一眼,,,false,false,false
lp:1534:word:0,1534,0,他,0,1,lpw_8b7b91e000,他,pronoun,false,true,true,true
lp:1534:word:1,1534,1,还从,1,3,,还从,,,false,false,false
lp:1534:word:2,1534,2,没,3,4,lpw_279e8b3573,没,negation_modality,false,false,true,true
lp:1534:word:3,1534,3,见过,4,6,,见过,,,false,false,false
lp:1534:word:4,1534,4,这么,6,8,lpw_7677ca84c6,这么,other,false,false,false,true
lp:1534:word:5,1534,5,雄伟,8,10,,雄伟,,,false,false,false
lp:1534:word:6,1534,6,壮丽,10,12,,壮丽,,,false,false,false
lp:1534:word:7,1534,7,的,12,13,lpw_8af2350cfd,的,function,false,true,true,true
lp:1534:word:8,1534,8,星球,13,15,lpw_62f2d6c1a1,星球,place,false,true,true,true
lp:1534:word:9,1534,9,哩,15,16,,哩,,,false,false,false
lp:1535:word:0,1535,0,您,1,2,lpw_9bbfbbc76f,您,pronoun,true,false,false,false
lp:1535:word:1,1535,1,的,2,3,lpw_8af2350cfd,的,function,false,true,true,true
lp:1535:word:2,1535,2,星球,3,5,lpw_62f2d6c1a1,星球,place,false,true,true,true
lp:1535:word:3,1535,3,真美,5,7,,真美,,,false,false,false
lp:1536:word:0,1536,0,它,0,1,lpw_7e9260e925,它,pronoun,false,true,true,true
lp:1536:word:1,1536,1,有,1,2,lpw_90ce0f66f0,有,other,false,true,true,true
lp:1536:word:2,1536,2,海洋,2,4,,海洋,,,false,false,false
lp:1536:word:3,1536,3,吗,4,5,lpw_5ac1612110,吗,function|interrogative,false,false,false,true
lp:1537:word:0,1537,0,这,1,2,lpw_d409ab2ab3,这,pronoun,false,true,true,true
lp:1537:word:1,1537,1,我,2,3,lpw_b70bb4acc0,我,pronoun,false,true,true,true
lp:1537:word:2,1537,2,没法,3,5,,没法,,,false,false,false
lp:1537:word:3,1537,3,知道,5,7,lpw_d7b6472b11,知道,cognition,false,false,true,true
lp:1538:word:0,1538,0,地理学家,0,4,lpw_443053caf3,地理学家,narrative_character,true,false,false,false
lp:1538:word:1,1538,1,说,4,5,lpw_ccca744613,说,speech,false,true,true,true
lp:1539:word:0,1539,0,哦,1,2,,哦,,,false,false,false
lp:1540:word:0,1540,0,小王子,0,3,lpw_87f2a033cf,小王子,narrative_character,false,true,true,true
lp:1540:word:1,1540,1,有点,3,5,lpw_29506aa712,有点,other,false,false,false,true
lp:1540:word:2,1540,2,失望,5,7,,失望,,,false,false,false
lp:1541:word:0,1541,0,那么,1,3,lpw_a61f02e145,那么,function,false,false,false,true
lp:1541:word:1,1541,1,山脉,3,5,,山脉,,,false,false,false
lp:1541:word:2,1541,2,呢,5,6,lpw_02811cec0b,呢,function|interrogative,false,true,true,true
lp:1542:word:0,1542,0,这,1,2,lpw_d409ab2ab3,这,pronoun,false,true,true,true
lp:1542:word:1,1542,1,我,2,3,lpw_b70bb4acc0,我,pronoun,false,true,true,true
lp:1542:word:2,1542,2,没法,3,5,,没法,,,false,false,false
lp:1542:word:3,1542,3,知道,5,7,lpw_d7b6472b11,知道,cognition,false,false,true,true
lp:1543:word:0,1543,0,地理学家,0,4,lpw_443053caf3,地理学家,narrative_character,true,false,false,false
lp:1543:word:1,1543,1,说,4,5,lpw_ccca744613,说,speech,false,true,true,true
lp:1544:word:0,1544,0,城市,1,3,,城市,,,false,false,false
lp:1544:word:1,1544,1,河流,4,6,,河流,,,false,false,false
lp:1544:word:2,1544,2,和,6,7,lpw_3d7114281f,和,function,false,false,true,true
lp:1544:word:3,1544,3,沙漠,7,9,lpw_4fbf406572,沙漠,place,false,false,false,true
lp:1544:word:4,1544,4,呢,9,10,lpw_02811cec0b,呢,function|interrogative,false,true,true,true
lp:1545:word:0,1545,0,这,1,2,lpw_d409ab2ab3,这,pronoun,false,true,true,true
lp:1545:word:1,1545,1,我也没,2,5,,我也没,,,false,false,false
lp:1545:word:2,1545,2,法,5,6,,法,,,false,false,false
lp:1545:word:3,1545,3,知道,6,8,lpw_d7b6472b11,知道,cognition,false,false,true,true
lp:1546:word:0,1546,0,地理学家,0,4,lpw_443053caf3,地理学家,narrative_character,true,false,false,false
lp:1546:word:1,1546,1,说,4,5,lpw_ccca744613,说,speech,false,true,true,true
lp:1547:word:0,1547,0,可,1,2,lpw_8b9cefa38e,可,other,false,false,true,true
lp:1547:word:1,1547,1,您,2,3,lpw_9bbfbbc76f,您,pronoun,true,false,false,false
lp:1547:word:2,1547,2,是,3,4,lpw_b5141d3d19,是,function,false,true,true,true
lp:1547:word:3,1547,3,地理学家,4,8,lpw_443053caf3,地理学家,narrative_character,true,false,false,false
lp:1547:word:4,1547,4,呀,8,9,lpw_03fe6b38e7,呀,function,false,false,false,true
lp:1548:word:0,1548,0,一点,1,3,lpw_148b16e603,一点,other,false,false,false,false
lp:1548:word:1,1548,1,不错,3,5,,不错,,,false,false,false
lp:1549:word:0,1549,0,地理学家,0,4,lpw_443053caf3,地理学家,narrative_character,true,false,false,false
lp:1549:word:1,1549,1,说,4,5,lpw_ccca744613,说,speech,false,true,true,true
lp:1550:word:0,1550,0,但,1,2,lpw_1f863793c6,但,other,false,false,false,false
lp:1550:word:1,1550,1,我不是,2,5,,我不是,,,false,false,false
lp:1550:word:2,1550,2,探险,5,7,lpw_e8635424ab,探险,other,true,false,false,false
lp:1550:word:3,1550,3,家,7,8,lpw_c8ae97be80,家,other,true,false,false,false
lp:1551:word:0,1551,0,我,0,1,lpw_b70bb4acc0,我,pronoun,false,true,true,true
lp:1551:word:1,1551,1,这里,1,3,,这里,,,false,false,false
lp:1551:word:2,1551,2,一个,3,5,lpw_e1dbc1c99f,一个,function|time_quantity,false,true,true,true
lp:1551:word:3,1551,3,探险,5,7,lpw_e8635424ab,探险,other,true,false,false,false
lp:1551:word:4,1551,4,家,7,8,lpw_c8ae97be80,家,other,true,false,false,false
lp:1551:word:5,1551,5,也没有,8,11,,也没有,,,false,false,false
lp:1552:word:0,1552,0,地理学家,0,4,lpw_443053caf3,地理学家,narrative_character,true,false,false,false
lp:1552:word:1,1552,1,是,4,5,lpw_b5141d3d19,是,function,false,true,true,true
lp:1552:word:2,1552,2,不出去,5,8,,不出去,,,false,false,false
lp:1552:word:3,1552,3,探测,8,10,,探测,,,false,false,false
lp:1552:word:4,1552,4,城,10,11,,城,,,false,false,false
lp:1553:word:0,1553,0,市,0,1,,市,,,false,false,false
lp:1553:word:1,1553,1,河流,2,4,,河流,,,false,false,false
lp:1553:word:2,1553,2,山脉,5,7,,山脉,,,false,false,false
lp:1553:word:3,1553,3,海洋,8,10,,海洋,,,false,false,false
lp:1553:word:4,1553,4,和,10,11,lpw_3d7114281f,和,function,false,false,true,true
lp:1553:word:5,1553,5,沙漠,11,13,lpw_4fbf406572,沙漠,place,false,false,false,true
lp:1553:word:6,1553,6,的,13,14,lpw_8af2350cfd,的,function,false,true,true,true
lp:1554:word:0,1554,0,地理学家,0,4,lpw_443053caf3,地理学家,narrative_character,true,false,false,false
lp:1554:word:1,1554,1,非常,4,6,lpw_2ccec3b419,非常,other,false,false,false,false
lp:1554:word:2,1554,2,重要,6,8,lpw_a8cd9642aa,重要,other,false,false,false,false
lp:1555:word:0,1555,0,他,0,1,lpw_8b7b91e000,他,pronoun,false,true,true,true
lp:1555:word:1,1555,1,不能,1,3,,不能,,,false,false,false
lp:1555:word:2,1555,2,到处,3,5,,到处,,,false,false,false
lp:1555:word:3,1555,3,闲,5,6,,闲,,,false,false,false
lp:1555:word:4,1555,4,逛,6,7,,逛,,,false,false,false
lp:1556:word:0,1556,0,他,0,1,lpw_8b7b91e000,他,pronoun,false,true,true,true
lp:1556:word:1,1556,1,从不,1,3,,从不,,,false,false,false
lp:1556:word:2,1556,2,离开,3,5,,离开,,,false,false,false
lp:1556:word:3,1556,3,自己,5,7,lpw_fb43354d2a,自己,pronoun,false,false,true,true
lp:1556:word:4,1556,4,的,7,8,lpw_8af2350cfd,的,function,false,true,true,true
lp:1556:word:5,1556,5,书房,8,10,,书房,,,false,false,false
lp:1557:word:0,1557,0,不过,0,2,lpw_72113362c6,不过,function,false,false,false,true
lp:1557:word:1,1557,1,他,2,3,lpw_8b7b91e000,他,pronoun,false,true,true,true
lp:1557:word:2,1557,2,会,3,4,lpw_5ba1e3c0eb,会,negation_modality,false,true,true,true
lp:1557:word:3,1557,3,在,4,5,lpw_12404a0b63,在,function,false,true,true,true
lp:1557:word:4,1557,4,那里,5,7,,那里,,,false,false,false
lp:1557:word:5,1557,5,接见,7,9,,接见,,,false,false,false
lp:1557:word:6,1557,6,探险,9,11,lpw_e8635424ab,探险,other,true,false,false,false
lp:1557:word:7,1557,7,家,11,12,lpw_c8ae97be80,家,other,true,false,false,false
lp:1558:word:0,1558,0,他,0,1,lpw_8b7b91e000,他,pronoun,false,true,true,true
lp:1558:word:1,1558,1,向,1,2,lpw_a2f77db0e9,向,other,false,false,false,false
lp:1558:word:2,1558,2,他们,2,4,lpw_10518f8f0a,他们,pronoun,false,true,true,true
lp:1558:word:3,1558,3,提问,4,6,,提问,,,false,false,false
lp:1559:word:0,1559,0,把,0,1,lpw_2442748e41,把,function,false,false,true,true
lp:1559:word:1,1559,1,他们,1,3,lpw_10518f8f0a,他们,pronoun,false,true,true,true
lp:1559:word:2,1559,2,的,3,4,lpw_8af2350cfd,的,function,false,true,true,true
lp:1559:word:3,1559,3,旅行,4,6,,旅行,,,false,false,false
lp:1559:word:4,1559,4,回忆,6,8,,回忆,,,false,false,false
lp:1559:word:5,1559,5,记下来,8,11,,记下来,,,false,false,false
lp:1560:word:0,1560,0,要是,0,2,lpw_467b2562ed,要是,function,false,false,false,true
lp:1560:word:1,1560,1,他,2,3,lpw_8b7b91e000,他,pronoun,false,true,true,true
lp:1560:word:2,1560,2,觉得,3,5,lpw_78c82d9f41,觉得,cognition,false,false,false,true
lp:1560:word:3,1560,3,他们,5,7,lpw_10518f8f0a,他们,pronoun,false,true,true,true
lp:1560:word:4,1560,4,中间,7,9,,中间,,,false,false,false
lp:1560:word:5,1560,5,哪个,9,11,,哪个,,,false,false,false
lp:1560:word:6,1560,6,人的,11,13,,人的,,,false,false,false
lp:1560:word:7,1560,7,回忆,13,15,,回忆,,,false,false,false
lp:1560:word:8,1560,8,有意思,15,18,,有意思,,,false,false,false
lp:1561:word:0,1561,0,他,0,1,lpw_8b7b91e000,他,pronoun,false,true,true,true
lp:1561:word:1,1561,1,就,1,2,lpw_2f9d9872e5,就,function,false,true,true,true
lp:1561:word:2,1561,2,会,2,3,lpw_5ba1e3c0eb,会,negation_modality,false,true,true,true
lp:1561:word:3,1561,3,让,3,4,lpw_ad37574404,让,other,false,true,true,true
lp:1561:word:4,1561,4,人,4,5,lpw_50f5d65d57,人,other,false,true,true,true
lp:1561:word:5,1561,5,对,5,6,lpw_74570c7270,对,function,false,true,true,true
lp:1561:word:6,1561,6,这个,6,8,lpw_979e2bc35b,这个,function,false,false,true,true
lp:1561:word:7,1561,7,探险,8,10,lpw_e8635424ab,探险,other,true,false,false,false
lp:1561:word:8,1561,8,家,10,11,lpw_c8ae97be80,家,other,true,false,false,false
lp:1561:word:9,1561,9,的,11,12,lpw_8af2350cfd,的,function,false,true,true,true
lp:1561:word:10,1561,10,品行,12,14,,品行,,,false,false,false
lp:1561:word:11,1561,11,作,14,15,lpw_7ff9df9923,作,other,false,false,false,false
lp:1561:word:12,1561,12,一番,15,17,,一番,,,false,false,false
lp:1561:word:13,1561,13,调查,17,19,,调查,,,false,false,false
lp:1562:word:0,1562,0,这,1,2,lpw_d409ab2ab3,这,pronoun,false,true,true,true
lp:1562:word:1,1562,1,是,2,3,lpw_b5141d3d19,是,function,false,true,true,true
lp:1562:word:2,1562,2,为什么,3,6,lpw_1b919bb478,为什么,interrogative,false,false,false,false
lp:1563:word:0,1563,0,因为,1,3,lpw_795cfc96d4,因为,function,false,false,true,true
lp:1563:word:1,1563,1,一个,3,5,lpw_e1dbc1c99f,一个,function|time_quantity,false,true,true,true
lp:1563:word:2,1563,2,说谎,5,7,,说谎,,,false,false,false
lp:1563:word:3,1563,3,的,7,8,lpw_8af2350cfd,的,function,false,true,true,true
lp:1563:word:4,1563,4,探险,8,10,lpw_e8635424ab,探险,other,true,false,false,false
lp:1563:word:5,1563,5,家,10,11,lpw_c8ae97be80,家,other,true,false,false,false
lp:1564:word:0,1564,0,会,0,1,lpw_5ba1e3c0eb,会,negation_modality,false,true,true,true
lp:1564:word:1,1564,1,给,1,2,lpw_6e55fb9d8a,给,other,false,true,true,true
lp:1564:word:2,1564,2,地理,2,4,,地理,,,false,false,false
lp:1564:word:3,1564,3,书,4,5,lpw_1be968f125,书,other,false,false,false,false
lp:1564:word:4,1564,4,带来,5,7,,带来,,,false,false,false
lp:1564:word:5,1564,5,灾难,7,9,,灾难,,,false,false,false
lp:1564:word:6,1564,6,性的,9,11,,性的,,,false,false,false
lp:1564:word:7,1564,7,后果,11,13,,后果,,,false,false,false
lp:1565:word:0,1565,0,一个,0,2,lpw_e1dbc1c99f,一个,function|time_quantity,false,true,true,true
lp:1565:word:1,1565,1,贪杯,2,4,,贪杯,,,false,false,false
lp:1565:word:2,1565,2,的,4,5,lpw_8af2350cfd,的,function,false,true,true,true
lp:1565:word:3,1565,3,探险,5,7,lpw_e8635424ab,探险,other,true,false,false,false
lp:1565:word:4,1565,4,家,7,8,lpw_c8ae97be80,家,other,true,false,false,false
lp:1565:word:5,1565,5,也是,8,10,lpw_256c0476ed,也是,other,false,false,false,false
lp:1565:word:6,1565,6,如此,10,12,,如此,,,false,false,false
lp:1566:word:0,1566,0,这,1,2,lpw_d409ab2ab3,这,pronoun,false,true,true,true
lp:1566:word:1,1566,1,是,2,3,lpw_b5141d3d19,是,function,false,true,true,true
lp:1566:word:2,1566,2,为什么,3,6,lpw_1b919bb478,为什么,interrogative,false,false,false,false
lp:1567:word:0,1567,0,小王子,0,3,lpw_87f2a033cf,小王子,narrative_character,false,true,true,true
lp:1567:word:1,1567,1,问,3,4,lpw_4628c0e06f,问,speech,false,false,true,true
lp:1568:word:0,1568,0,因为,1,3,lpw_795cfc96d4,因为,function,false,false,true,true
lp:1568:word:1,1568,1,酒鬼,3,5,lpw_1c31582177,酒鬼,narrative_character,true,false,false,false
lp:1568:word:2,1568,2,会,5,6,lpw_5ba1e3c0eb,会,negation_modality,false,true,true,true
lp:1568:word:3,1568,3,把,6,7,lpw_2442748e41,把,function,false,false,true,true
lp:1568:word:4,1568,4,一样,7,9,lpw_9dc5c0158d,一样,other,false,false,false,true
lp:1568:word:5,1568,5,东西,9,11,lpw_b181350186,东西,other,false,false,false,true
lp:1568:word:6,1568,6,看成,11,13,,看成,,,false,false,false
lp:1568:word:7,1568,7,两,13,14,lpw_83385d2eda,两,other,false,false,false,false
lp:1568:word:8,1568,8,样,14,15,,样,,,false,false,false
lp:1568:word:9,1568,9,东西,15,17,lpw_b181350186,东西,other,false,false,false,true
lp:1569:word:0,1569,0,这样,0,2,lpw_b7fc681861,这样,other,false,false,true,true
lp:1569:word:1,1569,1,一,2,3,lpw_51a75f4634,一,other,false,false,true,true
lp:1569:word:2,1569,2,来,3,4,lpw_6d8229118c,来,physical_action,false,true,true,true
lp:1570:word:0,1570,0,地理学家,0,4,lpw_443053caf3,地理学家,narrative_character,true,false,false,false
lp:1570:word:1,1570,1,就,4,5,lpw_2f9d9872e5,就,function,false,true,true,true
lp:1570:word:2,1570,2,会,5,6,lpw_5ba1e3c0eb,会,negation_modality,false,true,true,true
lp:1570:word:3,1570,3,把,6,7,lpw_2442748e41,把,function,false,false,true,true
lp:1570:word:4,1570,4,明明,7,9,,明明,,,false,false,false
lp:1570:word:5,1570,5,只有,9,11,lpw_ba8bd7c8c9,只有,other,false,false,false,false
lp:1570:word:6,1570,6,一,11,12,lpw_51a75f4634,一,other,false,false,true,true
lp:1571:word:0,1571,0,座,0,1,lpw_001d9c64f7,座,other,true,false,false,false
lp:1571:word:1,1571,1,山,1,2,,山,,,false,false,false
lp:1571:word:2,1571,2,的,2,3,lpw_8af2350cfd,的,function,false,true,true,true
lp:1571:word:3,1571,3,地方,3,5,lpw_1462a7d853,地方,other,false,false,false,true
lp:1571:word:4,1571,4,写成,5,7,,写成,,,false,false,false
lp:1571:word:5,1571,5,有,7,8,lpw_90ce0f66f0,有,other,false,true,true,true
lp:1571:word:6,1571,6,两,8,9,lpw_83385d2eda,两,other,false,false,false,false
lp:1571:word:7,1571,7,座,9,10,lpw_001d9c64f7,座,other,true,false,false,false
lp:1571:word:8,1571,8,山,10,11,,山,,,false,false,false
lp:1571:word:9,1571,9,了,11,12,lpw_b2dd27e84f,了,function,false,true,true,true
lp:1572:word:0,1572,0,我,1,2,lpw_b70bb4acc0,我,pronoun,false,true,true,true
lp:1572:word:1,1572,1,认识,2,4,,认识,,,false,false,false
lp:1572:word:2,1572,2,一个,4,6,lpw_e1dbc1c99f,一个,function|time_quantity,false,true,true,true
lp:1572:word:3,1572,3,人,6,7,lpw_50f5d65d57,人,other,false,true,true,true
lp:1573:word:0,1573,0,小王子,0,3,lpw_87f2a033cf,小王子,narrative_character,false,true,true,true
lp:1573:word:1,1573,1,说,3,4,lpw_ccca744613,说,speech,false,true,true,true
lp:1574:word:0,1574,0,他,1,2,lpw_8b7b91e000,他,pronoun,false,true,true,true
lp:1574:word:1,1574,1,当,2,3,lpw_142d843e71,当,other,false,false,false,false
lp:1574:word:2,1574,2,探险,3,5,lpw_e8635424ab,探险,other,true,false,false,false
lp:1574:word:3,1574,3,家,5,6,lpw_c8ae97be80,家,other,true,false,false,false
lp:1574:word:4,1574,4,就不,6,8,,就不,,,false,false,false
lp:1574:word:5,1574,5,行,8,9,,行,,,false,false,false
lp:1575:word:0,1575,0,这,1,2,lpw_d409ab2ab3,这,pronoun,false,true,true,true
lp:1575:word:1,1575,1,有,2,3,lpw_90ce0f66f0,有,other,false,true,true,true
lp:1575:word:2,1575,2,可能,3,5,,可能,,,false,false,false
lp:1575:word:3,1575,3,所以,6,8,lpw_a2f7e42081,所以,function,false,false,false,false
lp:1576:word:0,1576,0,要,0,1,lpw_975f35218e,要,negation_modality,false,false,true,true
lp:1576:word:1,1576,1,等到,1,3,,等到,,,false,false,false
lp:1576:word:2,1576,2,了解,3,5,,了解,,,false,false,false
lp:1576:word:3,1576,3,探险,5,7,lpw_e8635424ab,探险,other,true,false,false,false
lp:1576:word:4,1576,4,家,7,8,lpw_c8ae97be80,家,other,true,false,false,false
lp:1576:word:5,1576,5,品行,8,10,,品行,,,false,false,false
lp:1576:word:6,1576,6,良好,10,12,,良好,,,false,false,false
lp:1576:word:7,1576,7,以后,12,14,lpw_e6ad7a1dbc,以后,other,false,false,false,false
lp:1577:word:0,1577,0,才对,0,2,,才对,,,false,false,false
lp:1577:word:1,1577,1,他,2,3,lpw_8b7b91e000,他,pronoun,false,true,true,true
lp:1577:word:2,1577,2,的,3,4,lpw_8af2350cfd,的,function,false,true,true,true
lp:1577:word:3,1577,3,发现,4,6,lpw_10493d06b9,发现,perception,false,false,false,false
lp:1577:word:4,1577,4,进行,6,8,,进行,,,false,false,false
lp:1577:word:5,1577,5,调查,8,10,,调查,,,false,false,false
lp:1578:word:0,1578,0,去,1,2,lpw_99ae21ea6c,去,physical_action,false,false,true,true
lp:1578:word:1,1578,1,看一下,2,5,,看一下,,,false,false,false
lp:1579:word:0,1579,0,不,1,2,lpw_b02dfe2160,不,negation_modality,false,false,true,true
lp:1579:word:1,1579,1,这,3,4,lpw_d409ab2ab3,这,pronoun,false,true,true,true
lp:1579:word:2,1579,2,太,4,5,lpw_e7ace7adf2,太,other,false,false,false,true
lp:1579:word:3,1579,3,复杂,5,7,,复杂,,,false,false,false
lp:1579:word:4,1579,4,了,7,8,lpw_b2dd27e84f,了,function,false,true,true,true
lp:1580:word:0,1580,0,地理学家,0,4,lpw_443053caf3,地理学家,narrative_character,true,false,false,false
lp:1580:word:1,1580,1,只,4,5,lpw_409e2c3882,只,function,false,false,true,true
lp:1580:word:2,1580,2,要求,5,7,,要求,,,false,false,false
lp:1580:word:3,1580,3,探险,7,9,lpw_e8635424ab,探险,other,true,false,false,false
lp:1580:word:4,1580,4,家,9,10,lpw_c8ae97be80,家,other,true,false,false,false
lp:1580:word:5,1580,5,提供,10,12,,提供,,,false,false,false
lp:1580:word:6,1580,6,物,12,13,,物,,,false,false,false
lp:1580:word:7,1580,7,证,13,14,,证,,,false,false,false
lp:1581:word:0,1581,0,比如,0,2,,比如,,,false,false,false
lp:1581:word:1,1581,1,说,2,3,lpw_ccca744613,说,speech,false,true,true,true
lp:1582:word:0,1582,0,他,0,1,lpw_8b7b91e000,他,pronoun,false,true,true,true
lp:1582:word:1,1582,1,发现,1,3,lpw_10493d06b9,发现,perception,false,false,false,false
lp:1582:word:2,1582,2,了,3,4,lpw_b2dd27e84f,了,function,false,true,true,true
lp:1582:word:3,1582,3,一座,4,6,lpw_e2d5460909,一座,other,false,false,false,false
lp:1582:word:4,1582,4,大山,6,8,,大山,,,false,false,false
lp:1583:word:0,1583,0,地理学家,0,4,lpw_443053caf3,地理学家,narrative_character,true,false,false,false
lp:1583:word:1,1583,1,就,4,5,lpw_2f9d9872e5,就,function,false,true,true,true
lp:1583:word:2,1583,2,要求,5,7,,要求,,,false,false,false
lp:1583:word:3,1583,3,他,7,8,lpw_8b7b91e000,他,pronoun,false,true,true,true
lp:1583:word:4,1583,4,带,8,9,,带,,,false,false,false
lp:1583:word:5,1583,5,一块,9,11,,一块,,,false,false,false
lp:1583:word:6,1583,6,大,11,12,lpw_7d4ca7f48e,大,other,false,false,false,false
lp:1583:word:7,1583,7,石头,12,14,,石头,,,false,false,false
lp:1583:word:8,1583,8,来,14,15,lpw_6d8229118c,来,physical_action,false,true,true,true
lp:1584:word:0,1584,0,地理学家,0,4,lpw_443053caf3,地理学家,narrative_character,true,false,false,false
lp:1584:word:1,1584,1,忽然,4,6,,忽然,,,false,false,false
lp:1584:word:2,1584,2,激动,6,8,,激动,,,false,false,false
lp:1584:word:3,1584,3,起来,8,10,lpw_b8a694b2df,起来,other,false,false,false,true
lp:1585:word:0,1585,0,嗨,1,2,,嗨,,,false,false,false
lp:1586:word:0,1586,0,你是,0,2,,你是,,,false,false,false
lp:1586:word:1,1586,1,大,2,3,lpw_7d4ca7f48e,大,other,false,false,false,false
lp:1586:word:2,1586,2,老远,3,5,,老远,,,false,false,false
lp:1586:word:3,1586,3,来,5,6,lpw_6d8229118c,来,physical_action,false,true,true,true
lp:1586:word:4,1586,4,的,6,7,lpw_8af2350cfd,的,function,false,true,true,true
lp:1587:word:0,1587,0,你是,0,2,,你是,,,false,false,false
lp:1587:word:1,1587,1,探险,2,4,lpw_e8635424ab,探险,other,true,false,false,false
lp:1587:word:2,1587,2,家,4,5,lpw_c8ae97be80,家,other,true,false,false,false
lp:1588:word:0,1588,0,你,0,1,lpw_a0c7716669,你,pronoun,false,true,true,true
lp:1588:word:1,1588,1,给,1,2,lpw_6e55fb9d8a,给,other,false,true,true,true
lp:1588:word:2,1588,2,我,2,3,lpw_b70bb4acc0,我,pronoun,false,true,true,true
lp:1588:word:3,1588,3,说,3,4,lpw_ccca744613,说,speech,false,true,true,true
lp:1588:word:4,1588,4,说,4,5,lpw_ccca744613,说,speech,false,true,true,true
lp:1588:word:5,1588,5,你,5,6,lpw_a0c7716669,你,pronoun,false,true,true,true
lp:1588:word:6,1588,6,的,6,7,lpw_8af2350cfd,的,function,false,true,true,true
lp:1588:word:7,1588,7,星球,7,9,lpw_62f2d6c1a1,星球,place,false,true,true,true
lp:1589:word:0,1589,0,说,0,1,lpw_ccca744613,说,speech,false,true,true,true
lp:1589:word:1,1589,1,着,1,2,lpw_9e5bf0d2d9,着,function,false,true,true,true
lp:1590:word:0,1590,0,地理学家,0,4,lpw_443053caf3,地理学家,narrative_character,true,false,false,false
lp:1590:word:1,1590,1,打开,4,6,,打开,,,false,false,false
lp:1590:word:2,1590,2,笔记,6,8,,笔记,,,false,false,false
lp:1590:word:3,1590,3,本,8,9,,本,,,false,false,false
lp:1591:word:0,1591,0,削,0,1,,削,,,false,false,false
lp:1591:word:1,1591,1,了,1,2,lpw_b2dd27e84f,了,function,false,true,true,true
lp:1591:word:2,1591,2,支,2,3,,支,,,false,false,false
lp:1591:word:3,1591,3,铅笔,3,5,,铅笔,,,false,false,false
lp:1592:word:0,1592,0,地理学家,0,4,lpw_443053caf3,地理学家,narrative_character,true,false,false,false
lp:1592:word:1,1592,1,一,4,5,lpw_51a75f4634,一,other,false,false,true,true
lp:1592:word:2,1592,2,开始,5,7,,开始,,,false,false,false
lp:1592:word:3,1592,3,只用,7,9,,只用,,,false,false,false
lp:1592:word:4,1592,4,铅笔,9,11,,铅笔,,,false,false,false
lp:1592:word:5,1592,5,记,11,12,,记,,,false,false,false
lp:1592:word:6,1592,6,下,12,13,lpw_13c12b064b,下,function,false,false,false,false
lp:1592:word:7,1592,7,探险,13,15,lpw_e8635424ab,探险,other,true,false,false,false
lp:1592:word:8,1592,8,家,15,16,lpw_c8ae97be80,家,other,true,false,false,false
lp:1592:word:9,1592,9,讲,16,17,,讲,,,false,false,false
lp:1592:word:10,1592,10,的话,17,19,lpw_9b952dd4e3,的话,other,false,false,false,false
lp:1593:word:0,1593,0,要,0,1,lpw_975f35218e,要,negation_modality,false,false,true,true
lp:1593:word:1,1593,1,等到,1,3,,等到,,,false,false,false
lp:1593:word:2,1593,2,这个,3,5,lpw_979e2bc35b,这个,function,false,false,true,true
lp:1593:word:3,1593,3,探险,5,7,lpw_e8635424ab,探险,other,true,false,false,false
lp:1593:word:4,1593,4,家,7,8,lpw_c8ae97be80,家,other,true,false,false,false
lp:1593:word:5,1593,5,提供,8,10,,提供,,,false,false,false
lp:1593:word:6,1593,6,物,10,11,,物,,,false,false,false
lp:1593:word:7,1593,7,证,11,12,,证,,,false,false,false
lp:1593:word:8,1593,8,以后,12,14,lpw_e6ad7a1dbc,以后,other,false,false,false,false
lp:1594:word:0,1594,0,才,0,1,,才,,,false,false,false
lp:1594:word:1,1594,1,换用,1,3,,换用,,,false,false,false
lp:1594:word:2,1594,2,钢笔,3,5,,钢笔,,,false,false,false
lp:1594:word:3,1594,3,来,5,6,lpw_6d8229118c,来,physical_action,false,true,true,true
lp:1594:word:4,1594,4,记录,6,8,,记录,,,false,false,false
lp:1595:word:0,1595,0,怎么,1,3,lpw_5ee8091a38,怎么,interrogative,false,false,false,false
lp:1595:word:1,1595,1,样,3,4,,样,,,false,false,false
lp:1596:word:0,1596,0,地理学家,0,4,lpw_443053caf3,地理学家,narrative_character,true,false,false,false
lp:1596:word:1,1596,1,问,4,5,lpw_4628c0e06f,问,speech,false,false,true,true
lp:1597:word:0,1597,0,哦,1,2,,哦,,,false,false,false
lp:1597:word:1,1597,1,我,3,4,lpw_b70bb4acc0,我,pronoun,false,true,true,true
lp:1597:word:2,1597,2,那儿,4,6,lpw_b4444021ad,那儿,other,false,false,false,false
lp:1598:word:0,1598,0,小王子,0,3,lpw_87f2a033cf,小王子,narrative_character,false,true,true,true
lp:1598:word:1,1598,1,说,3,4,lpw_ccca744613,说,speech,false,true,true,true
lp:1599:word:0,1599,0,并不,1,3,lpw_5b693ea232,并不,other,false,false,false,false
lp:1599:word:1,1599,1,很,3,4,lpw_f2b91797ea,很,other,false,true,true,true
lp:1599:word:2,1599,2,有趣,4,6,,有趣,,,false,false,false
lp:1600:word:0,1600,0,那是,0,2,,那是,,,false,false,false
lp:1600:word:1,1600,1,颗,2,3,lpw_09901d3de2,颗,other,false,false,false,false
lp:1600:word:2,1600,2,很小,3,5,,很小,,,false,false,false
lp:1600:word:3,1600,3,的,5,6,lpw_8af2350cfd,的,function,false,true,true,true
lp:1600:word:4,1600,4,星球,6,8,lpw_62f2d6c1a1,星球,place,false,true,true,true
lp:1601:word:0,1601,0,我有,0,2,lpw_59cbe38d1c,我有,other,false,false,false,false
lp:1601:word:1,1601,1,三,2,3,lpw_a4c3313deb,三,other,false,false,false,false
lp:1601:word:2,1601,2,座,3,4,lpw_001d9c64f7,座,other,true,false,false,false
lp:1601:word:3,1601,3,火山,4,6,lpw_dc749837f4,火山,place|concrete_entity,true,false,false,false
lp:1602:word:0,1602,0,两,0,1,lpw_83385d2eda,两,other,false,false,false,false
lp:1602:word:1,1602,1,座,1,2,lpw_001d9c64f7,座,other,true,false,false,false
lp:1602:word:2,1602,2,活,2,3,,活,,,false,false,false
lp:1602:word:3,1602,3,火山,3,5,lpw_dc749837f4,火山,place|concrete_entity,true,false,false,false
lp:1603:word:0,1603,0,一座,0,2,lpw_e2d5460909,一座,other,false,false,false,false
lp:1603:word:1,1603,1,死,2,3,,死,,,false,false,false
lp:1603:word:2,1603,2,火山,3,5,lpw_dc749837f4,火山,place|concrete_entity,true,false,false,false
lp:1604:word:0,1604,0,不过,0,2,lpw_72113362c6,不过,function,false,false,false,true
lp:1604:word:1,1604,1,这,2,3,lpw_d409ab2ab3,这,pronoun,false,true,true,true
lp:1604:word:2,1604,2,也,3,4,lpw_658605835b,也,function,false,false,true,true
lp:1604:word:3,1604,3,说不定,4,7,lpw_63e84e56ed,说不定,other,false,false,false,false
lp:1605:word:0,1605,0,这,1,2,lpw_d409ab2ab3,这,pronoun,false,true,true,true
lp:1605:word:1,1605,1,可,2,3,lpw_8b9cefa38e,可,other,false,false,true,true
lp:1605:word:2,1605,2,说不定,3,6,lpw_63e84e56ed,说不定,other,false,false,false,false
lp:1606:word:0,1606,0,地理学家,0,4,lpw_443053caf3,地理学家,narrative_character,true,false,false,false
lp:1606:word:1,1606,1,说,4,5,lpw_ccca744613,说,speech,false,true,true,true
lp:1607:word:0,1607,0,我,1,2,lpw_b70bb4acc0,我,pronoun,false,true,true,true
lp:1607:word:1,1607,1,还有,2,4,lpw_83eec76b39,还有,other,false,false,false,false
lp:1607:word:2,1607,2,一朵,4,6,lpw_aebd6fbbd2,一朵,other,false,false,false,true
lp:1607:word:3,1607,3,花儿,6,8,lpw_059ab0f707,花,narrative_character|concrete_entity,false,true,true,true
lp:1608:word:0,1608,0,花儿,1,3,lpw_059ab0f707,花,narrative_character|concrete_entity,false,true,true,true
lp:1608:word:1,1608,1,我们,3,5,lpw_bcacb40df8,我们,pronoun,false,false,false,false
lp:1608:word:2,1608,2,是不,5,7,,是不,,,false,false,false
lp:1608:word:3,1608,3,记下来,7,10,,记下来,,,false,false,false
lp:1608:word:4,1608,4,的,10,11,lpw_8af2350cfd,的,function,false,true,true,true
lp:1609:word:0,1609,0,地理学家,0,4,lpw_443053caf3,地理学家,narrative_character,true,false,false,false
lp:1609:word:1,1609,1,说,4,5,lpw_ccca744613,说,speech,false,true,true,true
lp:1610:word:0,1610,0,这,1,2,lpw_d409ab2ab3,这,pronoun,false,true,true,true
lp:1610:word:1,1610,1,是,2,3,lpw_b5141d3d19,是,function,false,true,true,true
lp:1610:word:2,1610,2,为什么,3,6,lpw_1b919bb478,为什么,interrogative,false,false,false,false
lp:1611:word:0,1611,0,花儿,0,2,lpw_059ab0f707,花,narrative_character|concrete_entity,false,true,true,true
lp:1611:word:1,1611,1,是,2,3,lpw_b5141d3d19,是,function,false,true,true,true
lp:1611:word:2,1611,2,最美,3,5,,最美,,,false,false,false
lp:1611:word:3,1611,3,的,5,6,lpw_8af2350cfd,的,function,false,true,true,true
lp:1611:word:4,1611,4,呀,6,7,lpw_03fe6b38e7,呀,function,false,false,false,true
lp:1612:word:0,1612,0,因为,1,3,lpw_795cfc96d4,因为,function,false,false,true,true
lp:1612:word:1,1612,1,花,3,4,,花,,,false,false,false
lp:1612:word:2,1612,2,是,4,5,lpw_b5141d3d19,是,function,false,true,true,true
lp:1612:word:3,1612,3,转,5,6,lpw_9482d0359c,转,other,true,false,false,false
lp:1612:word:4,1612,4,瞬,6,7,,瞬,,,false,false,false
lp:1612:word:5,1612,5,即,7,8,,即,,,false,false,false
lp:1612:word:6,1612,6,逝,8,9,,逝,,,false,false,false
lp:1612:word:7,1612,7,的,9,10,lpw_8af2350cfd,的,function,false,true,true,true
lp:1613:word:0,1613,0,什么,1,3,lpw_c1b52e0e64,什么,pronoun|interrogative,false,true,true,true
lp:1613:word:1,1613,1,叫,3,4,,叫,,,false,false,false
lp:1613:word:2,1613,2,转,5,6,lpw_9482d0359c,转,other,true,false,false,false
lp:1613:word:3,1613,3,瞬,6,7,,瞬,,,false,false,false
lp:1613:word:4,1613,4,即,7,8,,即,,,false,false,false
lp:1613:word:5,1613,5,逝,8,9,,逝,,,false,false,false
lp:1614:word:0,1614,0,呢,0,1,lpw_02811cec0b,呢,function|interrogative,false,true,true,true
lp:1615:word:0,1615,0,地理,1,3,,地理,,,false,false,false
lp:1615:word:1,1615,1,书,3,4,lpw_1be968f125,书,other,false,false,false,false
lp:1616:word:0,1616,0,地理学家,0,4,lpw_443053caf3,地理学家,narrative_character,true,false,false,false
lp:1616:word:1,1616,1,说,4,5,lpw_ccca744613,说,speech,false,true,true,true
lp:1617:word:0,1617,0,是,1,2,lpw_b5141d3d19,是,function,false,true,true,true
lp:1617:word:1,1617,1,所有,2,4,lpw_ae99f297e9,所有,other,false,false,false,false
lp:1617:word:2,1617,2,的,4,5,lpw_8af2350cfd,的,function,false,true,true,true
lp:1617:word:3,1617,3,书,5,6,lpw_1be968f125,书,other,false,false,false,false
lp:1617:word:4,1617,4,中间,6,8,,中间,,,false,false,false
lp:1617:word:5,1617,5,最,8,9,,最,,,false,false,false
lp:1617:word:6,1617,6,宝贵,9,11,,宝贵,,,false,false,false
lp:1617:word:7,1617,7,的,11,12,lpw_8af2350cfd,的,function,false,true,true,true
lp:1618:word:0,1618,0,地理,0,2,,地理,,,false,false,false
lp:1618:word:1,1618,1,书,2,3,lpw_1be968f125,书,other,false,false,false,false
lp:1618:word:2,1618,2,永远,3,5,,永远,,,false,false,false
lp:1618:word:3,1618,3,不会,5,7,lpw_c7ae73a94d,不会,negation_modality,false,false,false,false
lp:1618:word:4,1618,4,过时,7,9,,过时,,,false,false,false
lp:1619:word:0,1619,0,山脉,0,2,,山脉,,,false,false,false
lp:1619:word:1,1619,1,移位,2,4,,移位,,,false,false,false
lp:1619:word:2,1619,2,的,4,5,lpw_8af2350cfd,的,function,false,true,true,true
lp:1619:word:3,1619,3,情形,5,7,,情形,,,false,false,false
lp:1619:word:4,1619,4,是,7,8,lpw_b5141d3d19,是,function,false,true,true,true
lp:1619:word:5,1619,5,极其,8,10,,极其,,,false,false,false
lp:1619:word:6,1619,6,罕见,10,12,,罕见,,,false,false,false
lp:1619:word:7,1619,7,的,12,13,lpw_8af2350cfd,的,function,false,true,true,true
lp:1620:word:0,1620,0,海洋,0,2,,海洋,,,false,false,false
lp:1620:word:1,1620,1,干涸,2,4,,干涸,,,false,false,false
lp:1620:word:2,1620,2,的,4,5,lpw_8af2350cfd,的,function,false,true,true,true
lp:1620:word:3,1620,3,情形,5,7,,情形,,,false,false,false
lp:1620:word:4,1620,4,也是,7,9,lpw_256c0476ed,也是,other,false,false,false,false
lp:1620:word:5,1620,5,极其,9,11,,极其,,,false,false,false
lp:1620:word:6,1620,6,罕见,11,13,,罕见,,,false,false,false
lp:1620:word:7,1620,7,的,13,14,lpw_8af2350cfd,的,function,false,true,true,true
lp:1621:word:0,1621,0,我们,0,2,lpw_bcacb40df8,我们,pronoun,false,false,false,false
lp:1621:word:1,1621,1,写的,2,4,,写的,,,false,false,false
lp:1621:word:2,1621,2,都是,4,6,lpw_ef4e15ff45,都是,other,false,false,false,false
lp:1621:word:3,1621,3,永恒,6,8,,永恒,,,false,false,false
lp:1621:word:4,1621,4,的,8,9,lpw_8af2350cfd,的,function,false,true,true,true
lp:1621:word:5,1621,5,事物,9,11,,事物,,,false,false,false
lp:1622:word:0,1622,0,可是,1,3,lpw_38ca4a9c76,可是,function,false,false,true,true
lp:1622:word:1,1622,1,死,3,4,,死,,,false,false,false
lp:1622:word:2,1622,2,火山,4,6,lpw_dc749837f4,火山,place|concrete_entity,true,false,false,false
lp:1622:word:3,1622,3,说不定,6,9,lpw_63e84e56ed,说不定,other,false,false,false,false
lp:1622:word:4,1622,4,也,9,10,lpw_658605835b,也,function,false,false,true,true
lp:1622:word:5,1622,5,会,10,11,lpw_5ba1e3c0eb,会,negation_modality,false,true,true,true
lp:1622:word:6,1622,6,醒来,11,13,,醒来,,,false,false,false
lp:1623:word:0,1623,0,小王子,0,3,lpw_87f2a033cf,小王子,narrative_character,false,true,true,true
lp:1623:word:1,1623,1,插,3,4,,插,,,false,false,false
lp:1623:word:2,1623,2,话说,4,6,,话说,,,false,false,false
lp:1624:word:0,1624,0,什么,1,3,lpw_c1b52e0e64,什么,pronoun|interrogative,false,true,true,true
lp:1624:word:1,1624,1,叫,3,4,,叫,,,false,false,false
lp:1624:word:2,1624,2,转,5,6,lpw_9482d0359c,转,other,true,false,false,false
lp:1624:word:3,1624,3,瞬,6,7,,瞬,,,false,false,false
lp:1624:word:4,1624,4,即,7,8,,即,,,false,false,false
lp:1624:word:5,1624,5,逝,8,9,,逝,,,false,false,false
lp:1625:word:0,1625,0,呢,0,1,lpw_02811cec0b,呢,function|interrogative,false,true,true,true
lp:1626:word:0,1626,0,火山,1,3,lpw_dc749837f4,火山,place|concrete_entity,true,false,false,false
lp:1626:word:1,1626,1,睡,3,4,,睡,,,false,false,false
lp:1626:word:2,1626,2,也好,4,6,,也好,,,false,false,false
lp:1627:word:0,1627,0,醒,0,1,,醒,,,false,false,false
lp:1627:word:1,1627,1,也好,1,3,,也好,,,false,false,false
lp:1628:word:0,1628,0,对,0,1,lpw_74570c7270,对,function,false,true,true,true
lp:1628:word:1,1628,1,我们,1,3,lpw_bcacb40df8,我们,pronoun,false,false,false,false
lp:1628:word:2,1628,2,地理学家,3,7,lpw_443053caf3,地理学家,narrative_character,true,false,false,false
lp:1628:word:3,1628,3,来说,7,9,lpw_a0cc5593ee,来说,other,false,false,false,true
lp:1628:word:4,1628,4,是,9,10,lpw_b5141d3d19,是,function,false,true,true,true
lp:1628:word:5,1628,5,一码,10,12,,一码,,,false,false,false
lp:1628:word:6,1628,6,事,12,13,lpw_1d9ed56951,事,other,false,false,true,true
lp:1629:word:0,1629,0,地理学家,0,4,lpw_443053caf3,地理学家,narrative_character,true,false,false,false
lp:1629:word:1,1629,1,说,4,5,lpw_ccca744613,说,speech,false,true,true,true
lp:1630:word:0,1630,0,我们,1,3,lpw_bcacb40df8,我们,pronoun,false,false,false,false
lp:1630:word:1,1630,1,关心,3,5,,关心,,,false,false,false
lp:1630:word:2,1630,2,的是,5,7,lpw_5e1dc2a833,的是,other,false,false,false,false
lp:1630:word:3,1630,3,山,7,8,,山,,,false,false,false
lp:1631:word:0,1631,0,山,0,1,,山,,,false,false,false
lp:1631:word:1,1631,1,是,1,2,lpw_b5141d3d19,是,function,false,true,true,true
lp:1631:word:2,1631,2,一成,2,4,,一成,,,false,false,false
lp:1631:word:3,1631,3,不变,4,6,,不变,,,false,false,false
lp:1631:word:4,1631,4,的,6,7,lpw_8af2350cfd,的,function,false,true,true,true
lp:1632:word:0,1632,0,可是,1,3,lpw_38ca4a9c76,可是,function,false,false,true,true
lp:1633:word:0,1633,0,什么,0,2,lpw_c1b52e0e64,什么,pronoun|interrogative,false,true,true,true
lp:1633:word:1,1633,1,叫,2,3,,叫,,,false,false,false
lp:1633:word:2,1633,2,转,4,5,lpw_9482d0359c,转,other,true,false,false,false
lp:1633:word:3,1633,3,瞬,5,6,,瞬,,,false,false,false
lp:1633:word:4,1633,4,即,6,7,,即,,,false,false,false
lp:1633:word:5,1633,5,逝,7,8,,逝,,,false,false,false
lp:1634:word:0,1634,0,呢,0,1,lpw_02811cec0b,呢,function|interrogative,false,true,true,true
lp:1635:word:0,1635,0,小王子,0,3,lpw_87f2a033cf,小王子,narrative_character,false,true,true,true
lp:1635:word:1,1635,1,追问,3,5,,追问,,,false,false,false
lp:1635:word:2,1635,2,道,5,6,lpw_00a9d5bd97,道,other,false,false,false,false
lp:1636:word:0,1636,0,他,0,1,lpw_8b7b91e000,他,pronoun,false,true,true,true
lp:1636:word:1,1636,1,向来,1,3,,向来,,,false,false,false
lp:1636:word:2,1636,2,提了,3,5,,提了,,,false,false,false
lp:1636:word:3,1636,3,问题,5,7,lpw_33a8618cb6,问题,other,false,false,false,false
lp:1636:word:4,1636,4,就,7,8,lpw_2f9d9872e5,就,function,false,true,true,true
lp:1636:word:5,1636,5,不肯,8,10,,不肯,,,false,false,false
lp:1636:word:6,1636,6,放,10,11,,放,,,false,false,false
lp:1636:word:7,1636,7,过,11,12,lpw_f777893480,过,other,false,false,true,true
lp:1637:word:0,1637,0,意思,1,3,lpw_65eb352d08,意思,other,true,false,false,false
lp:1637:word:1,1637,1,就是,3,5,lpw_88aa006eb3,就是,other,false,false,true,true
lp:1637:word:2,1637,2,随时,6,8,,随时,,,false,false,false
lp:1637:word:3,1637,3,有,8,9,lpw_90ce0f66f0,有,other,false,true,true,true
lp:1637:word:4,1637,4,消逝,9,11,,消逝,,,false,false,false
lp:1637:word:5,1637,5,的,11,12,lpw_8af2350cfd,的,function,false,true,true,true
lp:1637:word:6,1637,6,危险,12,14,,危险,,,false,false,false
lp:1638:word:0,1638,0,我,1,2,lpw_b70bb4acc0,我,pronoun,false,true,true,true
lp:1638:word:1,1638,1,的,2,3,lpw_8af2350cfd,的,function,false,true,true,true
lp:1638:word:2,1638,2,花儿,3,5,lpw_059ab0f707,花,narrative_character|concrete_entity,false,true,true,true
lp:1638:word:3,1638,3,随时,5,7,,随时,,,false,false,false
lp:1638:word:4,1638,4,有,7,8,lpw_90ce0f66f0,有,other,false,true,true,true
lp:1638:word:5,1638,5,消逝,8,10,,消逝,,,false,false,false
lp:1638:word:6,1638,6,的,10,11,lpw_8af2350cfd,的,function,false,true,true,true
lp:1638:word:7,1638,7,危险,11,13,,危险,,,false,false,false
lp:1638:word:8,1638,8,吗,13,14,lpw_5ac1612110,吗,function|interrogative,false,false,false,true
lp:1639:word:0,1639,0,当然,1,3,lpw_0002e2d87f,当然,other,false,false,false,false
lp:1640:word:0,1640,0,我,1,2,lpw_b70bb4acc0,我,pronoun,false,true,true,true
lp:1640:word:1,1640,1,的,2,3,lpw_8af2350cfd,的,function,false,true,true,true
lp:1640:word:2,1640,2,花儿,3,5,lpw_059ab0f707,花,narrative_character|concrete_entity,false,true,true,true
lp:1640:word:3,1640,3,是,5,6,lpw_b5141d3d19,是,function,false,true,true,true
lp:1640:word:4,1640,4,转,6,7,lpw_9482d0359c,转,other,true,false,false,false
lp:1640:word:5,1640,5,瞬,7,8,,瞬,,,false,false,false
lp:1640:word:6,1640,6,即,8,9,,即,,,false,false,false
lp:1640:word:7,1640,7,逝,9,10,,逝,,,false,false,false
lp:1640:word:8,1640,8,的,10,11,lpw_8af2350cfd,的,function,false,true,true,true
lp:1641:word:0,1641,0,小王子,0,3,lpw_87f2a033cf,小王子,narrative_character,false,true,true,true
lp:1641:word:1,1641,1,想,3,4,lpw_df0d251938,想,cognition,false,false,false,true
lp:1641:word:2,1641,2,道,4,5,lpw_00a9d5bd97,道,other,false,false,false,false
lp:1642:word:0,1642,0,她,1,2,lpw_2ab425e0c6,她,pronoun,false,true,true,true
lp:1642:word:1,1642,1,只有,2,4,lpw_ba8bd7c8c9,只有,other,false,false,false,false
lp:1642:word:2,1642,2,四,4,5,lpw_754a9d5828,四,other,false,false,false,false
lp:1642:word:3,1642,3,根,5,6,,根,,,false,false,false
lp:1642:word:4,1642,4,刺,6,7,lpw_b2ddecd32a,刺,other,false,false,false,false
lp:1642:word:5,1642,5,可以,7,9,lpw_0ef5c86fab,可以,negation_modality,false,false,false,true
lp:1642:word:6,1642,6,自卫,9,11,,自卫,,,false,false,false
lp:1643:word:0,1643,0,可以,0,2,lpw_0ef5c86fab,可以,negation_modality,false,false,false,true
lp:1643:word:1,1643,1,用,2,3,lpw_04e45efb3b,用,other,false,false,false,true
lp:1643:word:2,1643,2,来,3,4,lpw_6d8229118c,来,physical_action,false,true,true,true
lp:1643:word:3,1643,3,抵御,4,6,,抵御,,,false,false,false
lp:1643:word:4,1643,4,这个,6,8,lpw_979e2bc35b,这个,function,false,false,true,true
lp:1643:word:5,1643,5,世界,8,10,,世界,,,false,false,false
lp:1644:word:0,1644,0,而,0,1,lpw_08e2725ce1,而,function,false,false,false,true
lp:1644:word:1,1644,1,我,1,2,lpw_b70bb4acc0,我,pronoun,false,true,true,true
lp:1644:word:2,1644,2,却,2,3,lpw_da153c5b45,却,other,false,false,false,false
lp:1644:word:3,1644,3,丢下,3,5,,丢下,,,false,false,false
lp:1644:word:4,1644,4,她,5,6,lpw_2ab425e0c6,她,pronoun,false,true,true,true
lp:1644:word:5,1644,5,孤零零,6,9,,孤零零,,,false,false,false
lp:1644:word:6,1644,6,地,9,10,lpw_bdbd41e490,地,function,false,true,true,true
lp:1644:word:7,1644,7,在,10,11,lpw_12404a0b63,在,function,false,true,true,true
lp:1644:word:8,1644,8,那儿,11,13,lpw_b4444021ad,那儿,other,false,false,false,false
lp:1645:word:0,1645,0,想到,0,2,,想到,,,false,false,false
lp:1645:word:1,1645,1,这儿,2,4,lpw_19a29e87c9,这儿,other,false,false,true,true
lp:1646:word:0,1646,0,他,0,1,lpw_8b7b91e000,他,pronoun,false,true,true,true
lp:1646:word:1,1646,1,不由得,1,4,,不由得,,,false,false,false
lp:1646:word:2,1646,2,感到,4,6,lpw_15c2457566,感到,perception,false,false,false,true
lp:1646:word:3,1646,3,了,6,7,lpw_b2dd27e84f,了,function,false,true,true,true
lp:1646:word:4,1646,4,后悔,7,9,,后悔,,,false,false,false
lp:1647:word:0,1647,0,不过,0,2,lpw_72113362c6,不过,function,false,false,false,true
lp:1647:word:1,1647,1,他,2,3,lpw_8b7b91e000,他,pronoun,false,true,true,true
lp:1647:word:2,1647,2,马上,3,5,,马上,,,false,false,false
lp:1647:word:3,1647,3,又,5,6,lpw_e71ce5deab,又,function,false,true,true,true
lp:1647:word:4,1647,4,振作起来,6,10,,振作起来,,,false,false,false
lp:1648:word:0,1648,0,依,1,2,,依,,,false,false,false
lp:1648:word:1,1648,1,您,2,3,lpw_9bbfbbc76f,您,pronoun,true,false,false,false
lp:1648:word:2,1648,2,看,3,4,lpw_61f43315f9,看,perception,false,false,false,true
lp:1649:word:0,1649,0,我,0,1,lpw_b70bb4acc0,我,pronoun,false,true,true,true
lp:1649:word:1,1649,1,再去,1,3,,再去,,,false,false,false
lp:1649:word:2,1649,2,哪儿,3,5,lpw_1ca2298198,哪儿,interrogative,false,false,false,false
lp:1649:word:3,1649,3,访问,5,7,,访问,,,false,false,false
lp:1649:word:4,1649,4,好,7,8,lpw_f867f34178,好,other,false,false,true,true
lp:1649:word:5,1649,5,呢,8,9,lpw_02811cec0b,呢,function|interrogative,false,true,true,true
lp:1650:word:0,1650,0,他,0,1,lpw_8b7b91e000,他,pronoun,false,true,true,true
lp:1650:word:1,1650,1,问,1,2,lpw_4628c0e06f,问,speech,false,false,true,true
lp:1651:word:0,1651,0,地球,1,3,lpw_eeef861b87,地球,place,false,false,false,true
lp:1651:word:1,1651,1,吧,3,4,lpw_bad8b6c7ae,吧,function,false,false,false,true
lp:1652:word:0,1652,0,地理学家,0,4,lpw_443053caf3,地理学家,narrative_character,true,false,false,false
lp:1652:word:1,1652,1,回答,4,6,lpw_f3f5126487,回答,speech,false,false,true,true
lp:1652:word:2,1652,2,说,6,7,lpw_ccca744613,说,speech,false,true,true,true
lp:1653:word:0,1653,0,它,1,2,lpw_7e9260e925,它,pronoun,false,true,true,true
lp:1653:word:1,1653,1,的,2,3,lpw_8af2350cfd,的,function,false,true,true,true
lp:1653:word:2,1653,2,名气,3,5,,名气,,,false,false,false
lp:1653:word:3,1653,3,挺,5,6,,挺,,,false,false,false
lp:1653:word:4,1653,4,响,6,7,,响,,,false,false,false
lp:1654:word:0,1654,0,于是,0,2,lpw_3617c85a66,于是,other,false,false,false,false
lp:1654:word:1,1654,1,小王子,2,5,lpw_87f2a033cf,小王子,narrative_character,false,true,true,true
lp:1654:word:2,1654,2,走了,5,7,lpw_25eba59465,走了,other,false,false,false,false
lp:1655:word:0,1655,0,一边,0,2,,一边,,,false,false,false
lp:1655:word:1,1655,1,走,2,3,lpw_f66de6c4cd,走,physical_action,false,false,false,false
lp:1655:word:2,1655,2,一边,3,5,,一边,,,false,false,false
lp:1655:word:3,1655,3,想,5,6,lpw_df0d251938,想,cognition,false,false,false,true
lp:1655:word:4,1655,4,着,6,7,lpw_9e5bf0d2d9,着,function,false,true,true,true
lp:1655:word:5,1655,5,他,7,8,lpw_8b7b91e000,他,pronoun,false,true,true,true
lp:1655:word:6,1655,6,的,8,9,lpw_8af2350cfd,的,function,false,true,true,true
lp:1655:word:7,1655,7,花儿,9,11,lpw_059ab0f707,花,narrative_character|concrete_entity,false,true,true,true
lp:1657:word:0,1657,0,所以,0,2,lpw_a2f7e42081,所以,function,false,false,false,false
lp:1658:word:0,1658,0,第七,0,2,,第七,,,false,false,false
lp:1658:word:1,1658,1,颗,2,3,lpw_09901d3de2,颗,other,false,false,false,false
lp:1658:word:2,1658,2,行星,3,5,lpw_19956b104c,行星,other,false,false,false,false
lp:1658:word:3,1658,3,就是,5,7,lpw_88aa006eb3,就是,other,false,false,true,true
lp:1658:word:4,1658,4,地球,7,9,lpw_eeef861b87,地球,place,false,false,false,true
lp:1658:word:5,1658,5,了,9,10,lpw_b2dd27e84f,了,function,false,true,true,true
lp:1659:word:0,1659,0,地球,0,2,lpw_eeef861b87,地球,place,false,false,false,true
lp:1659:word:1,1659,1,可不是,2,5,lpw_b30391caa1,可不是,other,false,false,false,false
lp:1659:word:2,1659,2,普,5,6,,普,,,false,false,false
lp:1659:word:3,1659,3,普通,6,8,,普通,,,false,false,false
lp:1659:word:4,1659,4,通,8,9,,通,,,false,false,false
lp:1659:word:5,1659,5,的,9,10,lpw_8af2350cfd,的,function,false,true,true,true
lp:1659:word:6,1659,6,行星,10,12,lpw_19956b104c,行星,other,false,false,false,false
lp:1660:word:0,1660,0,它,0,1,lpw_7e9260e925,它,pronoun,false,true,true,true
lp:1660:word:1,1660,1,上面,1,3,,上面,,,false,false,false
lp:1660:word:2,1660,2,有一,3,5,,有一,,,false,false,false
lp:1660:word:3,1660,3,百十,5,7,,百十,,,false,false,false
lp:1660:word:4,1660,4,一个,7,9,lpw_e1dbc1c99f,一个,function|time_quantity,false,true,true,true
lp:1660:word:5,1660,5,国王,9,11,lpw_38e917f021,国王,narrative_character,true,false,false,false
lp:1660:word:6,1660,6,当然,12,14,lpw_0002e2d87f,当然,other,false,false,false,false
lp:1661:word:0,1661,0,黑人,0,2,,黑人,,,false,false,false
lp:1661:word:1,1661,1,国王,2,4,lpw_38e917f021,国王,narrative_character,true,false,false,false
lp:1661:word:2,1661,2,也,4,5,lpw_658605835b,也,function,false,false,true,true
lp:1661:word:3,1661,3,包括,5,7,,包括,,,false,false,false
lp:1661:word:4,1661,4,在内,7,9,,在内,,,false,false,false
lp:1662:word:0,1662,0,七千,0,2,,七千,,,false,false,false
lp:1662:word:1,1662,1,万个,2,4,,万个,,,false,false,false
lp:1662:word:2,1662,2,地理学家,4,8,lpw_443053caf3,地理学家,narrative_character,true,false,false,false
lp:1663:word:0,1663,0,九,0,1,,九,,,false,false,false
lp:1663:word:1,1663,1,十万个,1,4,,十万个,,,false,false,false
lp:1663:word:2,1663,2,商人,4,6,lpw_3f1784ce8b,商人,narrative_character,false,false,false,false
lp:1664:word:0,1664,0,七百,0,2,,七百,,,false,false,false
lp:1664:word:1,1664,1,五,2,3,lpw_c9b87f516a,五,other,true,false,false,false
lp:1664:word:2,1664,2,十万个,3,6,,十万个,,,false,false,false
lp:1664:word:3,1664,3,酒鬼,6,8,lpw_1c31582177,酒鬼,narrative_character,true,false,false,false
lp:1665:word:0,1665,0,三,0,1,lpw_a4c3313deb,三,other,false,false,false,false
lp:1665:word:1,1665,1,亿,1,2,lpw_395ae225e5,亿,other,false,false,false,false
lp:1665:word:2,1665,2,一千,2,4,,一千,,,false,false,false
lp:1665:word:3,1665,3,一百个,4,7,,一百个,,,false,false,false
lp:1665:word:4,1665,4,爱,7,8,lpw_bafe3b2ee7,爱,emotion_social,false,false,false,false
lp:1665:word:5,1665,5,虚荣的人,8,12,lpw_577fd55103,虚荣的人,narrative_character,true,false,false,false
lp:1666:word:0,1666,0,总共,0,2,,总共,,,false,false,false
lp:1666:word:1,1666,1,大约有,2,5,,大约有,,,false,false,false
lp:1666:word:2,1666,2,二十,5,7,,二十,,,false,false,false
lp:1666:word:3,1666,3,亿,7,8,lpw_395ae225e5,亿,other,false,false,false,false
lp:1666:word:4,1666,4,个,8,9,lpw_3a116815bc,个,other,false,false,true,true
lp:1666:word:5,1666,5,大人,9,11,lpw_44dd6014a5,大人,narrative_character,false,false,false,true
lp:1667:word:0,1667,0,为了,0,2,lpw_2ed64c1d92,为了,other,false,false,false,false
lp:1667:word:1,1667,1,让,2,3,lpw_ad37574404,让,other,false,true,true,true
lp:1667:word:2,1667,2,你们,3,5,lpw_8a5d477bda,你们,pronoun,false,false,true,true
lp:1667:word:3,1667,3,对,5,6,lpw_74570c7270,对,function,false,true,true,true
lp:1667:word:4,1667,4,地球,6,8,lpw_eeef861b87,地球,place,false,false,false,true
lp:1667:word:5,1667,5,的,8,9,lpw_8af2350cfd,的,function,false,true,true,true
lp:1667:word:6,1667,6,大小,9,11,,大小,,,false,false,false
lp:1667:word:7,1667,7,有,11,12,lpw_90ce0f66f0,有,other,false,true,true,true
lp:1667:word:8,1667,8,个,12,13,lpw_3a116815bc,个,other,false,false,true,true
lp:1667:word:9,1667,9,概念,13,15,,概念,,,false,false,false
lp:1668:word:0,1668,0,我,0,1,lpw_b70bb4acc0,我,pronoun,false,true,true,true
lp:1668:word:1,1668,1,就,1,2,lpw_2f9d9872e5,就,function,false,true,true,true
lp:1668:word:2,1668,2,这么,2,4,lpw_7677ca84c6,这么,other,false,false,false,true
lp:1668:word:3,1668,3,对,4,5,lpw_74570c7270,对,function,false,true,true,true
lp:1668:word:4,1668,4,你们,5,7,lpw_8a5d477bda,你们,pronoun,false,false,true,true
lp:1668:word:5,1668,5,说,7,8,lpw_ccca744613,说,speech,false,true,true,true
lp:1668:word:6,1668,6,吧,8,9,lpw_bad8b6c7ae,吧,function,false,false,false,true
lp:1669:word:0,1669,0,在,0,1,lpw_12404a0b63,在,function,false,true,true,true
lp:1669:word:1,1669,1,发明,1,3,,发明,,,false,false,false
lp:1669:word:2,1669,2,电,3,4,,电,,,false,false,false
lp:1669:word:3,1669,3,以前,4,6,lpw_aa98317793,以前,other,false,false,false,false
lp:1670:word:0,1670,0,地球,0,2,lpw_eeef861b87,地球,place,false,false,false,true
lp:1670:word:1,1670,1,的,2,3,lpw_8af2350cfd,的,function,false,true,true,true
lp:1670:word:2,1670,2,六,3,4,,六,,,false,false,false
lp:1670:word:3,1670,3,大洲,4,6,,大洲,,,false,false,false
lp:1670:word:4,1670,4,上,6,7,lpw_db5ba671d2,上,function,false,true,true,true
lp:1671:word:0,1671,0,需要,0,2,,需要,,,false,false,false
lp:1671:word:1,1671,1,维持,2,4,,维持,,,false,false,false
lp:1671:word:2,1671,2,一支,4,6,,一支,,,false,false,false
lp:1671:word:3,1671,3,四,6,7,lpw_754a9d5828,四,other,false,false,false,false
lp:1671:word:4,1671,4,十六,7,9,,十六,,,false,false,false
lp:1671:word:5,1671,5,万,9,10,,万,,,false,false,false
lp:1671:word:6,1671,6,二千,10,12,,二千,,,false,false,false
lp:1671:word:7,1671,7,五百,12,14,,五百,,,false,false,false
lp:1672:word:0,1672,0,十一,0,2,,十一,,,false,false,false
lp:1672:word:1,1672,1,人的,2,4,,人的,,,false,false,false
lp:1672:word:2,1672,2,浩浩荡荡,4,8,,浩浩荡荡,,,false,false,false
lp:1672:word:3,1672,3,的,8,9,lpw_8af2350cfd,的,function,false,true,true,true
lp:1672:word:4,1672,4,点灯人,9,12,lpw_dd18ed3fb2,点灯人,narrative_character,true,false,false,false
lp:1672:word:5,1672,5,大,12,13,lpw_7d4ca7f48e,大,other,false,false,false,false
lp:1672:word:6,1672,6,军,13,14,,军,,,false,false,false
lp:1673:word:0,1673,0,从,0,1,lpw_2719a8ea30,从,function,false,false,false,true
lp:1673:word:1,1673,1,稍远,1,3,,稍远,,,false,false,false
lp:1673:word:2,1673,2,些,3,4,lpw_af76fed85c,些,other,false,false,false,false
lp:1673:word:3,1673,3,的,4,5,lpw_8af2350cfd,的,function,false,true,true,true
lp:1673:word:4,1673,4,地方,5,7,lpw_1462a7d853,地方,other,false,false,false,true
lp:1673:word:5,1673,5,看去,7,9,,看去,,,false,false,false
lp:1674:word:0,1674,0,这,0,1,lpw_d409ab2ab3,这,pronoun,false,true,true,true
lp:1674:word:1,1674,1,是,1,2,lpw_b5141d3d19,是,function,false,true,true,true
lp:1674:word:2,1674,2,一幅,2,4,,一幅,,,false,false,false
lp:1674:word:3,1674,3,壮丽,4,6,,壮丽,,,false,false,false
lp:1674:word:4,1674,4,的,6,7,lpw_8af2350cfd,的,function,false,true,true,true
lp:1674:word:5,1674,5,景,7,8,,景,,,false,false,false
lp:1674:word:6,1674,6,观,8,9,,观,,,false,false,false
lp:1675:word:0,1675,0,这,0,1,lpw_d409ab2ab3,这,pronoun,false,true,true,true
lp:1675:word:1,1675,1,支,1,2,,支,,,false,false,false
lp:1675:word:2,1675,2,大,2,3,lpw_7d4ca7f48e,大,other,false,false,false,false
lp:1675:word:3,1675,3,军,3,4,,军,,,false,false,false
lp:1675:word:4,1675,4,行动,4,6,,行动,,,false,false,false
lp:1675:word:5,1675,5,起来,6,8,lpw_b8a694b2df,起来,other,false,false,false,true
lp:1676:word:0,1676,0,就像,0,2,lpw_3a1a30dbb2,就像,other,false,false,false,false
lp:1676:word:1,1676,1,在,2,3,lpw_12404a0b63,在,function,false,true,true,true
lp:1676:word:2,1676,2,歌,3,4,,歌,,,false,false,false
lp:1676:word:3,1676,3,剧院,4,6,,剧院,,,false,false,false
lp:1676:word:4,1676,4,里,6,7,lpw_79f43de6e3,里,function,false,false,true,true
lp:1676:word:5,1676,5,跳,7,8,,跳,,,false,false,false
lp:1676:word:6,1676,6,芭蕾舞,8,11,,芭蕾舞,,,false,false,false
lp:1676:word:7,1676,7,那样,11,13,,那样,,,false,false,false
lp:1676:word:8,1676,8,有,13,14,lpw_90ce0f66f0,有,other,false,true,true,true
lp:1676:word:9,1676,9,条,14,15,,条,,,false,false,false
lp:1676:word:10,1676,10,不,15,16,lpw_b02dfe2160,不,negation_modality,false,false,true,true
lp:1676:word:11,1676,11,紊,16,17,,紊,,,false,false,false
lp:1677:word:0,1677,0,最先,0,2,,最先,,,false,false,false
lp:1677:word:1,1677,1,上,2,3,lpw_db5ba671d2,上,function,false,true,true,true
lp:1677:word:2,1677,2,场,3,4,,场,,,false,false,false
lp:1677:word:3,1677,3,的是,4,6,lpw_5e1dc2a833,的是,other,false,false,false,false
lp:1677:word:4,1677,4,新西兰,6,9,,新西兰,,,false,false,false
lp:1677:word:5,1677,5,和,9,10,lpw_3d7114281f,和,function,false,false,true,true
lp:1677:word:6,1677,6,澳大利亚,10,14,,澳大利亚,,,false,false,false
lp:1677:word:7,1677,7,的,14,15,lpw_8af2350cfd,的,function,false,true,true,true
lp:1677:word:8,1677,8,点灯人,15,18,lpw_dd18ed3fb2,点灯人,narrative_character,true,false,false,false
lp:1678:word:0,1678,0,点,0,1,lpw_08dddeac13,点,other,false,false,false,false
lp:1678:word:1,1678,1,着,1,2,lpw_9e5bf0d2d9,着,function,false,true,true,true
lp:1678:word:2,1678,2,了,2,3,lpw_b2dd27e84f,了,function,false,true,true,true
lp:1678:word:3,1678,3,灯,3,4,,灯,,,false,false,false
lp:1679:word:0,1679,0,他们,0,2,lpw_10518f8f0a,他们,pronoun,false,true,true,true
lp:1679:word:1,1679,1,就,2,3,lpw_2f9d9872e5,就,function,false,true,true,true
lp:1679:word:2,1679,2,退下去,3,6,,退下去,,,false,false,false
lp:1679:word:3,1679,3,睡觉,6,8,,睡觉,,,false,false,false
lp:1680:word:0,1680,0,接着,0,2,lpw_58ed4c69fb,接着,other,false,false,false,false
lp:1680:word:1,1680,1,是,2,3,lpw_b5141d3d19,是,function,false,true,true,true
lp:1680:word:2,1680,2,中国,3,5,,中国,,,false,false,false
lp:1680:word:3,1680,3,和,5,6,lpw_3d7114281f,和,function,false,false,true,true
lp:1680:word:4,1680,4,西伯利亚,6,10,,西伯利亚,,,false,false,false
lp:1680:word:5,1680,5,的,10,11,lpw_8af2350cfd,的,function,false,true,true,true
lp:1680:word:6,1680,6,点灯人,11,14,lpw_dd18ed3fb2,点灯人,narrative_character,true,false,false,false
lp:1680:word:7,1680,7,上,14,15,lpw_db5ba671d2,上,function,false,true,true,true
lp:1680:word:8,1680,8,场,15,16,,场,,,false,false,false
lp:1681:word:0,1681,0,随后,0,2,,随后,,,false,false,false
lp:1681:word:1,1681,1,他们,2,4,lpw_10518f8f0a,他们,pronoun,false,true,true,true
lp:1681:word:2,1681,2,也,4,5,lpw_658605835b,也,function,false,false,true,true
lp:1681:word:3,1681,3,退到,5,7,,退到,,,false,false,false
lp:1681:word:4,1681,4,幕后,7,9,,幕后,,,false,false,false
lp:1682:word:0,1682,0,下面,0,2,,下面,,,false,false,false
lp:1682:word:1,1682,1,轮到,2,4,,轮到,,,false,false,false
lp:1682:word:2,1682,2,了,4,5,lpw_b2dd27e84f,了,function,false,true,true,true
lp:1682:word:3,1682,3,俄罗斯,5,8,,俄罗斯,,,false,false,false
lp:1682:word:4,1682,4,和,8,9,lpw_3d7114281f,和,function,false,false,true,true
lp:1682:word:5,1682,5,印度,9,11,,印度,,,false,false,false
lp:1682:word:6,1682,6,的,11,12,lpw_8af2350cfd,的,function,false,true,true,true
lp:1682:word:7,1682,7,点灯人,12,15,lpw_dd18ed3fb2,点灯人,narrative_character,true,false,false,false
lp:1683:word:0,1683,0,接下去,0,3,,接下去,,,false,false,false
lp:1683:word:1,1683,1,是,3,4,lpw_b5141d3d19,是,function,false,true,true,true
lp:1683:word:2,1683,2,非洲,4,6,,非洲,,,false,false,false
lp:1683:word:3,1683,3,和,6,7,lpw_3d7114281f,和,function,false,false,true,true
lp:1683:word:4,1683,4,欧洲,7,9,,欧洲,,,false,false,false
lp:1683:word:5,1683,5,的,9,10,lpw_8af2350cfd,的,function,false,true,true,true
lp:1684:word:0,1684,0,而后,0,2,,而后,,,false,false,false
lp:1684:word:1,1684,1,是,2,3,lpw_b5141d3d19,是,function,false,true,true,true
lp:1684:word:2,1684,2,南美,3,5,,南美,,,false,false,false
lp:1684:word:3,1684,3,的,5,6,lpw_8af2350cfd,的,function,false,true,true,true
lp:1685:word:0,1685,0,再,0,1,,再,,,false,false,false
lp:1685:word:1,1685,1,后来,1,3,,后来,,,false,false,false
lp:1685:word:2,1685,2,是,3,4,lpw_b5141d3d19,是,function,false,true,true,true
lp:1685:word:3,1685,3,北美,4,6,,北美,,,false,false,false
lp:1685:word:4,1685,4,的,6,7,lpw_8af2350cfd,的,function,false,true,true,true
lp:1686:word:0,1686,0,所有,0,2,lpw_ae99f297e9,所有,other,false,false,false,false
lp:1686:word:1,1686,1,这些,2,4,lpw_7a590a22cd,这些,function,false,false,false,true
lp:1686:word:2,1686,2,点灯人,4,7,lpw_dd18ed3fb2,点灯人,narrative_character,true,false,false,false
lp:1686:word:3,1686,3,从来,7,9,,从来,,,false,false,false
lp:1686:word:4,1686,4,不会,9,11,lpw_c7ae73a94d,不会,negation_modality,false,false,false,false
lp:1686:word:5,1686,5,搞,11,12,,搞,,,false,false,false
lp:1686:word:6,1686,6,乱,12,13,,乱,,,false,false,false
lp:1686:word:7,1686,7,上,13,14,lpw_db5ba671d2,上,function,false,true,true,true
lp:1686:word:8,1686,8,场,14,15,,场,,,false,false,false
lp:1686:word:9,1686,9,的,15,16,lpw_8af2350cfd,的,function,false,true,true,true
lp:1686:word:10,1686,10,次序,16,18,,次序,,,false,false,false
lp:1687:word:0,1687,0,这,0,1,lpw_d409ab2ab3,这,pronoun,false,true,true,true
lp:1687:word:1,1687,1,场面,1,3,,场面,,,false,false,false
lp:1687:word:2,1687,2,真是,3,5,,真是,,,false,false,false
lp:1687:word:3,1687,3,蔚为,5,7,,蔚为,,,false,false,false
lp:1687:word:4,1687,4,壮观,7,9,,壮观,,,false,false,false
lp:1688:word:0,1688,0,只有,0,2,lpw_ba8bd7c8c9,只有,other,false,false,false,false
lp:1688:word:1,1688,1,北极,2,4,,北极,,,false,false,false
lp:1688:word:2,1688,2,那儿,5,7,lpw_b4444021ad,那儿,other,false,false,false,false
lp:1688:word:3,1688,3,只有,7,9,lpw_ba8bd7c8c9,只有,other,false,false,false,false
lp:1688:word:4,1688,4,唯一,9,11,,唯一,,,false,false,false
lp:1688:word:5,1688,5,一盏,11,13,,一盏,,,false,false,false
lp:1688:word:6,1688,6,路灯,13,15,lpw_64f62e9803,路灯,other,true,false,false,false
lp:1688:word:7,1688,7,的,16,17,lpw_8af2350cfd,的,function,false,true,true,true
lp:1688:word:8,1688,8,点,17,18,lpw_08dddeac13,点,other,false,false,false,false
lp:1689:word:0,1689,0,灯,0,1,,灯,,,false,false,false
lp:1689:word:1,1689,1,人,1,2,lpw_50f5d65d57,人,other,false,true,true,true
lp:1689:word:2,1689,2,和,2,3,lpw_3d7114281f,和,function,false,false,true,true
lp:1689:word:3,1689,3,南极,3,5,,南极,,,false,false,false
lp:1689:word:4,1689,4,那儿,6,8,lpw_b4444021ad,那儿,other,false,false,false,false
lp:1689:word:5,1689,5,也,8,9,lpw_658605835b,也,function,false,false,true,true
lp:1689:word:6,1689,6,只有,9,11,lpw_ba8bd7c8c9,只有,other,false,false,false,false
lp:1689:word:7,1689,7,唯一,11,13,,唯一,,,false,false,false
lp:1689:word:8,1689,8,一盏,13,15,,一盏,,,false,false,false
lp:1689:word:9,1689,9,路灯,15,17,lpw_64f62e9803,路灯,other,true,false,false,false
lp:1689:word:10,1689,10,的,18,19,lpw_8af2350cfd,的,function,false,true,true,true
lp:1689:word:11,1689,11,那个,19,21,lpw_fa6e73c549,那个,function,false,false,false,false
lp:1689:word:12,1689,12,同行,21,23,,同行,,,false,false,false
lp:1690:word:0,1690,0,过,0,1,lpw_f777893480,过,other,false,false,true,true
lp:1690:word:1,1690,1,着,1,2,lpw_9e5bf0d2d9,着,function,false,true,true,true
lp:1690:word:2,1690,2,悠闲,2,4,,悠闲,,,false,false,false
lp:1690:word:3,1690,3,懒散,4,6,,懒散,,,false,false,false
lp:1690:word:4,1690,4,的,6,7,lpw_8af2350cfd,的,function,false,true,true,true
lp:1690:word:5,1690,5,生活,7,9,,生活,,,false,false,false
lp:1691:word:0,1691,0,他,0,1,lpw_8b7b91e000,他,pronoun,false,true,true,true
lp:1691:word:1,1691,1,俩,1,2,,俩,,,false,false,false
lp:1691:word:2,1691,2,一年,2,4,,一年,,,false,false,false
lp:1691:word:3,1691,3,干,4,5,lpw_9ee0280bc4,干,other,false,false,false,false
lp:1691:word:4,1691,4,两,5,6,lpw_83385d2eda,两,other,false,false,false,false
lp:1691:word:5,1691,5,回,6,7,,回,,,false,false,false
lp:1691:word:6,1691,6,活儿,7,9,,活儿,,,false,false,false
lp:1693:word:0,1693,0,一个,0,2,lpw_e1dbc1c99f,一个,function|time_quantity,false,true,true,true
lp:1693:word:1,1693,1,人,2,3,lpw_50f5d65d57,人,other,false,true,true,true
lp:1693:word:2,1693,2,如果,3,5,lpw_7ca71b72d7,如果,function,false,false,false,false
lp:1693:word:3,1693,3,想把,5,7,,想把,,,false,false,false
lp:1693:word:4,1693,4,话说,7,9,,话说,,,false,false,false
lp:1693:word:5,1693,5,得,9,10,lpw_71b1ed1114,得,function,false,false,true,true
lp:1693:word:6,1693,6,有趣,10,12,,有趣,,,false,false,false
lp:1693:word:7,1693,7,些,12,13,lpw_af76fed85c,些,other,false,false,false,false
lp:1694:word:0,1694,0,免不了,0,3,,免不了,,,false,false,false
lp:1694:word:1,1694,1,会,3,4,lpw_5ba1e3c0eb,会,negation_modality,false,true,true,true
lp:1694:word:2,1694,2,稍稍,4,6,,稍稍,,,false,false,false
lp:1694:word:3,1694,3,撒,6,7,,撒,,,false,false,false
lp:1694:word:4,1694,4,点,7,8,lpw_08dddeac13,点,other,false,false,false,false
lp:1694:word:5,1694,5,谎,8,9,,谎,,,false,false,false
lp:1695:word:0,1695,0,我,0,1,lpw_b70bb4acc0,我,pronoun,false,true,true,true
lp:1695:word:1,1695,1,给,1,2,lpw_6e55fb9d8a,给,other,false,true,true,true
lp:1695:word:2,1695,2,你们,2,4,lpw_8a5d477bda,你们,pronoun,false,false,true,true
lp:1695:word:3,1695,3,讲,4,5,,讲,,,false,false,false
lp:1695:word:4,1695,4,点灯人,5,8,lpw_dd18ed3fb2,点灯人,narrative_character,true,false,false,false
lp:1695:word:5,1695,5,大,8,9,lpw_7d4ca7f48e,大,other,false,false,false,false
lp:1695:word:6,1695,6,军,9,10,,军,,,false,false,false
lp:1695:word:7,1695,7,的,10,11,lpw_8af2350cfd,的,function,false,true,true,true
lp:1695:word:8,1695,8,那,11,12,lpw_5a2362a202,那,pronoun,false,true,true,true
lp:1695:word:9,1695,9,会,12,13,lpw_5ba1e3c0eb,会,negation_modality,false,true,true,true
lp:1695:word:10,1695,10,儿,13,14,lpw_1ed5efc3dc,儿,other,false,false,false,false
lp:1696:word:0,1696,0,就不是,0,3,,就不是,,,false,false,false
lp:1696:word:1,1696,1,很,3,4,lpw_f2b91797ea,很,other,false,true,true,true
lp:1696:word:2,1696,2,诚实,4,6,,诚实,,,false,false,false
lp:1697:word:0,1697,0,那些,0,2,lpw_abd258db99,那些,function,false,false,false,true
lp:1697:word:1,1697,1,不,2,3,lpw_b02dfe2160,不,negation_modality,false,false,true,true
lp:1697:word:2,1697,2,了解,3,5,,了解,,,false,false,false
lp:1697:word:3,1697,3,我们,5,7,lpw_bcacb40df8,我们,pronoun,false,false,false,false
lp:1697:word:4,1697,4,行星,7,9,lpw_19956b104c,行星,other,false,false,false,false
lp:1697:word:5,1697,5,的,9,10,lpw_8af2350cfd,的,function,false,true,true,true
lp:1697:word:6,1697,6,人,10,11,lpw_50f5d65d57,人,other,false,true,true,true
lp:1698:word:0,1698,0,听,0,1,lpw_1f2eb2608d,听,perception,false,false,false,false
lp:1698:word:1,1698,1,了,1,2,lpw_b2dd27e84f,了,function,false,true,true,true
lp:1698:word:2,1698,2,我,2,3,lpw_b70bb4acc0,我,pronoun,false,true,true,true
lp:1698:word:3,1698,3,讲的,3,5,,讲的,,,false,false,false
lp:1698:word:4,1698,4,故事,5,7,,故事,,,false,false,false
lp:1699:word:0,1699,0,可能,0,2,,可能,,,false,false,false
lp:1699:word:1,1699,1,会,2,3,lpw_5ba1e3c0eb,会,negation_modality,false,true,true,true
lp:1699:word:2,1699,2,造成,3,5,,造成,,,false,false,false
lp:1699:word:3,1699,3,一种,5,7,,一种,,,false,false,false
lp:1699:word:4,1699,4,错觉,7,9,,错觉,,,false,false,false
lp:1700:word:0,1700,0,其实,0,2,,其实,,,false,false,false
lp:1700:word:1,1700,1,人,2,3,lpw_50f5d65d57,人,other,false,true,true,true
lp:1700:word:2,1700,2,在,3,4,lpw_12404a0b63,在,function,false,true,true,true
lp:1700:word:3,1700,3,地球,4,6,lpw_eeef861b87,地球,place,false,false,false,true
lp:1700:word:4,1700,4,上,6,7,lpw_db5ba671d2,上,function,false,true,true,true
lp:1700:word:5,1700,5,只,7,8,lpw_409e2c3882,只,function,false,false,true,true
lp:1700:word:6,1700,6,占,8,9,,占,,,false,false,false
lp:1700:word:7,1700,7,一点,9,11,lpw_148b16e603,一点,other,false,false,false,false
lp:1700:word:8,1700,8,点,11,12,lpw_08dddeac13,点,other,false,false,false,false
lp:1700:word:9,1700,9,地方,12,14,lpw_1462a7d853,地方,other,false,false,false,true
lp:1701:word:0,1701,0,倘若,0,2,,倘若,,,false,false,false
lp:1701:word:1,1701,1,让,2,3,lpw_ad37574404,让,other,false,true,true,true
lp:1701:word:2,1701,2,地球,3,5,lpw_eeef861b87,地球,place,false,false,false,true
lp:1701:word:3,1701,3,上,5,6,lpw_db5ba671d2,上,function,false,true,true,true
lp:1701:word:4,1701,4,的,6,7,lpw_8af2350cfd,的,function,false,true,true,true
lp:1701:word:5,1701,5,二十,7,9,,二十,,,false,false,false
lp:1701:word:6,1701,6,亿,9,10,lpw_395ae225e5,亿,other,false,false,false,false
lp:1701:word:7,1701,7,居民,10,12,,居民,,,false,false,false
lp:1701:word:8,1701,8,全都,12,14,,全都,,,false,false,false
lp:1701:word:9,1701,9,挨个儿,14,17,,挨个儿,,,false,false,false
lp:1701:word:10,1701,10,站,17,18,,站,,,false,false,false
lp:1701:word:11,1701,11,着,18,19,lpw_9e5bf0d2d9,着,function,false,true,true,true
lp:1702:word:0,1702,0,就像,0,2,lpw_3a1a30dbb2,就像,other,false,false,false,false
lp:1702:word:1,1702,1,集会,2,4,,集会,,,false,false,false
lp:1702:word:2,1702,2,时,4,5,lpw_7d58b6422c,时,other,false,false,false,false
lp:1702:word:3,1702,3,那样,5,7,,那样,,,false,false,false
lp:1703:word:0,1703,0,那么,0,2,lpw_a61f02e145,那么,function,false,false,false,true
lp:1703:word:1,1703,1,二十,2,4,,二十,,,false,false,false
lp:1703:word:2,1703,2,海里,4,6,,海里,,,false,false,false
lp:1703:word:3,1703,3,长,6,7,lpw_597ae23d84,长,other,false,false,false,false
lp:1703:word:4,1703,4,二十,8,10,,二十,,,false,false,false
lp:1703:word:5,1703,5,海,10,11,,海,,,false,false,false
lp:1704:word:0,1704,0,里,0,1,lpw_79f43de6e3,里,function,false,false,true,true
lp:1704:word:1,1704,1,宽的,1,3,,宽的,,,false,false,false
lp:1704:word:2,1704,2,一个,3,5,lpw_e1dbc1c99f,一个,function|time_quantity,false,true,true,true
lp:1704:word:3,1704,3,广场,5,7,,广场,,,false,false,false
lp:1704:word:4,1704,4,就,7,8,lpw_2f9d9872e5,就,function,false,true,true,true
lp:1704:word:5,1704,5,容,8,9,,容,,,false,false,false
lp:1704:word:6,1704,6,得,9,10,lpw_71b1ed1114,得,function,false,false,true,true
lp:1704:word:7,1704,7,下,10,11,lpw_13c12b064b,下,function,false,false,false,false
lp:1704:word:8,1704,8,他们,11,13,lpw_10518f8f0a,他们,pronoun,false,true,true,true
lp:1705:word:0,1705,0,全,0,1,,全,,,false,false,false
lp:1705:word:1,1705,1,人类,1,3,,人类,,,false,false,false
lp:1705:word:2,1705,2,可以,3,5,lpw_0ef5c86fab,可以,negation_modality,false,false,false,true
lp:1705:word:3,1705,3,挤,5,6,,挤,,,false,false,false
lp:1705:word:4,1705,4,在,6,7,lpw_12404a0b63,在,function,false,true,true,true
lp:1705:word:5,1705,5,太平洋,7,10,,太平洋,,,false,false,false
lp:1705:word:6,1705,6,中,10,11,lpw_a567bdaa11,中,other,false,false,false,false
lp:1705:word:7,1705,7,最小,11,13,,最小,,,false,false,false
lp:1705:word:8,1705,8,的,13,14,lpw_8af2350cfd,的,function,false,true,true,true
lp:1705:word:9,1705,9,一个,14,16,lpw_e1dbc1c99f,一个,function|time_quantity,false,true,true,true
lp:1705:word:10,1705,10,岛屿,16,18,,岛屿,,,false,false,false
lp:1705:word:11,1705,11,上,18,19,lpw_db5ba671d2,上,function,false,true,true,true
lp:1706:word:0,1706,0,当然,0,2,lpw_0002e2d87f,当然,other,false,false,false,false
lp:1707:word:0,1707,0,大人,0,2,lpw_44dd6014a5,大人,narrative_character,false,false,false,true
lp:1707:word:1,1707,1,是,2,3,lpw_b5141d3d19,是,function,false,true,true,true
lp:1707:word:2,1707,2,不会,3,5,lpw_c7ae73a94d,不会,negation_modality,false,false,false,false
lp:1707:word:3,1707,3,相信,5,7,,相信,,,false,false,false
lp:1707:word:4,1707,4,你们,7,9,lpw_8a5d477bda,你们,pronoun,false,false,true,true
lp:1707:word:5,1707,5,的,9,10,lpw_8af2350cfd,的,function,false,true,true,true
lp:1708:word:0,1708,0,他们,0,2,lpw_10518f8f0a,他们,pronoun,false,true,true,true
lp:1708:word:1,1708,1,自,2,3,,自,,,false,false,false
lp:1708:word:2,1708,2,以为,3,5,,以为,,,false,false,false
lp:1708:word:3,1708,3,占了,5,7,,占了,,,false,false,false
lp:1708:word:4,1708,4,好多,7,9,,好多,,,false,false,false
lp:1708:word:5,1708,5,好多,9,11,,好多,,,false,false,false
lp:1708:word:6,1708,6,地方,11,13,lpw_1462a7d853,地方,other,false,false,false,true
lp:1709:word:0,1709,0,他们,0,2,lpw_10518f8f0a,他们,pronoun,false,true,true,true
lp:1709:word:1,1709,1,把,2,3,lpw_2442748e41,把,function,false,false,true,true
lp:1709:word:2,1709,2,自己,3,5,lpw_fb43354d2a,自己,pronoun,false,false,true,true
lp:1709:word:3,1709,3,看得,5,7,,看得,,,false,false,false
lp:1709:word:4,1709,4,跟,7,8,lpw_383a53d95c,跟,function,false,false,false,true
lp:1709:word:5,1709,5,猴面包树,8,12,lpw_1ec087a5d0,猴面包树,concrete_entity,true,false,false,false
lp:1709:word:6,1709,6,一样,12,14,lpw_9dc5c0158d,一样,other,false,false,false,true
lp:1709:word:7,1709,7,重要,14,16,lpw_a8cd9642aa,重要,other,false,false,false,false
lp:1710:word:0,1710,0,你们,0,2,lpw_8a5d477bda,你们,pronoun,false,false,true,true
lp:1710:word:1,1710,1,不妨,2,4,,不妨,,,false,false,false
lp:1710:word:2,1710,2,劝,4,5,,劝,,,false,false,false
lp:1710:word:3,1710,3,他们,5,7,lpw_10518f8f0a,他们,pronoun,false,true,true,true
lp:1710:word:4,1710,4,好好,7,9,,好好,,,false,false,false
lp:1710:word:5,1710,5,算,9,10,,算,,,false,false,false
lp:1710:word:6,1710,6,一,10,11,lpw_51a75f4634,一,other,false,false,true,true
lp:1710:word:7,1710,7,算,11,12,,算,,,false,false,false
lp:1711:word:0,1711,0,他们,0,2,lpw_10518f8f0a,他们,pronoun,false,true,true,true
lp:1711:word:1,1711,1,喜欢,2,4,lpw_653b04330b,喜欢,emotion_social,false,false,false,false
lp:1711:word:2,1711,2,数字,4,6,,数字,,,false,false,false
lp:1712:word:0,1712,0,说,0,1,lpw_ccca744613,说,speech,false,true,true,true
lp:1712:word:1,1712,1,到,1,2,lpw_b56f36b529,到,other,false,false,false,false
lp:1712:word:2,1712,2,计算,2,4,,计算,,,false,false,false
lp:1712:word:3,1712,3,就,4,5,lpw_2f9d9872e5,就,function,false,true,true,true
lp:1712:word:4,1712,4,来,5,6,lpw_6d8229118c,来,physical_action,false,true,true,true
lp:1712:word:5,1712,5,劲,6,7,,劲,,,false,false,false
lp:1713:word:0,1713,0,不过,0,2,lpw_72113362c6,不过,function,false,false,false,true
lp:1713:word:1,1713,1,你们,2,4,lpw_8a5d477bda,你们,pronoun,false,false,true,true
lp:1713:word:2,1713,2,可别,4,6,,可别,,,false,false,false
lp:1713:word:3,1713,3,浪费,6,8,,浪费,,,false,false,false
lp:1713:word:4,1713,4,时间,8,10,lpw_8b6ff49851,时间,time_quantity,false,false,false,false
lp:1714:word:0,1714,0,去,0,1,lpw_99ae21ea6c,去,physical_action,false,false,true,true
lp:1714:word:1,1714,1,做,1,2,lpw_94f5404441,做,other,false,false,false,false
lp:1714:word:2,1714,2,这种,2,4,,这种,,,false,false,false
lp:1714:word:3,1714,3,叫,4,5,,叫,,,false,false,false
lp:1714:word:4,1714,4,人,5,6,lpw_50f5d65d57,人,other,false,true,true,true
lp:1714:word:5,1714,5,厌烦,6,8,,厌烦,,,false,false,false
lp:1714:word:6,1714,6,的,8,9,lpw_8af2350cfd,的,function,false,true,true,true
lp:1714:word:7,1714,7,事情,9,11,lpw_e66d9fac19,事情,other,false,false,false,false
lp:1715:word:0,1715,0,根本,0,2,,根本,,,false,false,false
lp:1715:word:1,1715,1,不用,2,4,,不用,,,false,false,false
lp:1715:word:2,1715,2,去,4,5,lpw_99ae21ea6c,去,physical_action,false,false,true,true
lp:1715:word:3,1715,3,做,5,6,lpw_94f5404441,做,other,false,false,false,false
lp:1716:word:0,1716,0,你们,0,2,lpw_8a5d477bda,你们,pronoun,false,false,true,true
lp:1716:word:1,1716,1,相信,2,4,,相信,,,false,false,false
lp:1716:word:2,1716,2,我,4,5,lpw_b70bb4acc0,我,pronoun,false,true,true,true
lp:1716:word:3,1716,3,就,5,6,lpw_2f9d9872e5,就,function,false,true,true,true
lp:1716:word:4,1716,4,行,6,7,,行,,,false,false,false
lp:1716:word:5,1716,5,了,7,8,lpw_b2dd27e84f,了,function,false,true,true,true
lp:1717:word:0,1717,0,所以,0,2,lpw_a2f7e42081,所以,function,false,false,false,false
lp:1717:word:1,1717,1,小王子,2,5,lpw_87f2a033cf,小王子,narrative_character,false,true,true,true
lp:1717:word:2,1717,2,一,5,6,lpw_51a75f4634,一,other,false,false,true,true
lp:1717:word:3,1717,3,踏上,6,8,,踏上,,,false,false,false
lp:1717:word:4,1717,4,地球,8,10,lpw_eeef861b87,地球,place,false,false,false,true
lp:1718:word:0,1718,0,就,0,1,lpw_2f9d9872e5,就,function,false,true,true,true
lp:1718:word:1,1718,1,觉得,1,3,lpw_78c82d9f41,觉得,cognition,false,false,false,true
lp:1718:word:2,1718,2,奇怪,3,5,,奇怪,,,false,false,false
lp:1719:word:0,1719,0,怎么,0,2,lpw_5ee8091a38,怎么,interrogative,false,false,false,false
lp:1719:word:1,1719,1,一个,2,4,lpw_e1dbc1c99f,一个,function|time_quantity,false,true,true,true
lp:1719:word:2,1719,2,人,4,5,lpw_50f5d65d57,人,other,false,true,true,true
lp:1719:word:3,1719,3,也,5,6,lpw_658605835b,也,function,false,false,true,true
lp:1719:word:4,1719,4,看不见,6,9,lpw_f92f065aad,看不见,perception,false,false,false,false
lp:1719:word:5,1719,5,呢,9,10,lpw_02811cec0b,呢,function|interrogative,false,true,true,true
lp:1720:word:0,1720,0,他,0,1,lpw_8b7b91e000,他,pronoun,false,true,true,true
lp:1720:word:1,1720,1,正在,1,3,,正在,,,false,false,false
lp:1720:word:2,1720,2,担心,3,5,,担心,,,false,false,false
lp:1720:word:3,1720,3,是不是,5,8,,是不是,,,false,false,false
lp:1720:word:4,1720,4,来,8,9,lpw_6d8229118c,来,physical_action,false,true,true,true
lp:1720:word:5,1720,5,错,9,10,,错,,,false,false,false
lp:1720:word:6,1720,6,了,10,11,lpw_b2dd27e84f,了,function,false,true,true,true
lp:1720:word:7,1720,7,星球,11,13,lpw_62f2d6c1a1,星球,place,false,true,true,true
lp:1721:word:0,1721,0,忽然,0,2,,忽然,,,false,false,false
lp:1721:word:1,1721,1,看见,2,4,lpw_7205426737,看见,perception,false,false,false,true
lp:1721:word:2,1721,2,沙,4,5,,沙,,,false,false,false
lp:1721:word:3,1721,3,地上,5,7,,地上,,,false,false,false
lp:1721:word:4,1721,4,一个,7,9,lpw_e1dbc1c99f,一个,function|time_quantity,false,true,true,true
lp:1721:word:5,1721,5,月,9,10,,月,,,false,false,false
lp:1721:word:6,1721,6,白色,10,12,,白色,,,false,false,false
lp:1721:word:7,1721,7,的,12,13,lpw_8af2350cfd,的,function,false,true,true,true
lp:1721:word:8,1721,8,圆,13,14,,圆,,,false,false,false
lp:1721:word:9,1721,9,环,14,15,,环,,,false,false,false
lp:1721:word:10,1721,10,在,15,16,lpw_12404a0b63,在,function,false,true,true,true
lp:1721:word:11,1721,11,挪动,16,18,,挪动,,,false,false,false
lp:1722:word:0,1722,0,晚上,1,3,lpw_a9b1124b34,晚上,time_quantity,false,false,false,false
lp:1722:word:1,1722,1,好,3,4,lpw_f867f34178,好,other,false,false,true,true
lp:1723:word:0,1723,0,小王子,0,3,lpw_87f2a033cf,小王子,narrative_character,false,true,true,true
lp:1723:word:1,1723,1,没,3,4,lpw_279e8b3573,没,negation_modality,false,false,true,true
lp:1723:word:2,1723,2,把握,4,6,,把握,,,false,false,false
lp:1723:word:3,1723,3,地,6,7,lpw_bdbd41e490,地,function,false,true,true,true
lp:1723:word:4,1723,4,招呼,7,9,,招呼,,,false,false,false
lp:1723:word:5,1723,5,说,9,10,lpw_ccca744613,说,speech,false,true,true,true
lp:1724:word:0,1724,0,晚上,1,3,lpw_a9b1124b34,晚上,time_quantity,false,false,false,false
lp:1724:word:1,1724,1,好,3,4,lpw_f867f34178,好,other,false,false,true,true
lp:1725:word:0,1725,0,蛇,0,1,lpw_e49587b1da,蛇,narrative_character|concrete_entity,true,false,false,false
lp:1725:word:1,1725,1,说,1,2,lpw_ccca744613,说,speech,false,true,true,true
lp:1726:word:0,1726,0,我,1,2,lpw_b70bb4acc0,我,pronoun,false,true,true,true
lp:1726:word:1,1726,1,落在,2,4,,落在,,,false,false,false
lp:1726:word:2,1726,2,哪个,4,6,,哪个,,,false,false,false
lp:1726:word:3,1726,3,行星,6,8,lpw_19956b104c,行星,other,false,false,false,false
lp:1726:word:4,1726,4,上了,8,10,,上了,,,false,false,false
lp:1727:word:0,1727,0,小王子,0,3,lpw_87f2a033cf,小王子,narrative_character,false,true,true,true
lp:1727:word:1,1727,1,问,3,4,lpw_4628c0e06f,问,speech,false,false,true,true
lp:1728:word:0,1728,0,在,1,2,lpw_12404a0b63,在,function,false,true,true,true
lp:1728:word:1,1728,1,地球,2,4,lpw_eeef861b87,地球,place,false,false,false,true
lp:1728:word:2,1728,2,上,4,5,lpw_db5ba671d2,上,function,false,true,true,true
lp:1729:word:0,1729,0,这,0,1,lpw_d409ab2ab3,这,pronoun,false,true,true,true
lp:1729:word:1,1729,1,是,1,2,lpw_b5141d3d19,是,function,false,true,true,true
lp:1729:word:2,1729,2,非洲,2,4,,非洲,,,false,false,false
lp:1730:word:0,1730,0,蛇,0,1,lpw_e49587b1da,蛇,narrative_character|concrete_entity,true,false,false,false
lp:1730:word:1,1730,1,回答,1,3,lpw_f3f5126487,回答,speech,false,false,true,true
lp:1731:word:0,1731,0,噢,1,2,,噢,,,false,false,false
lp:1732:word:0,1732,0,难道,0,2,,难道,,,false,false,false
lp:1732:word:1,1732,1,地球,2,4,lpw_eeef861b87,地球,place,false,false,false,true
lp:1732:word:2,1732,2,上,4,5,lpw_db5ba671d2,上,function,false,true,true,true
lp:1732:word:3,1732,3,一个,5,7,lpw_e1dbc1c99f,一个,function|time_quantity,false,true,true,true
lp:1732:word:4,1732,4,人,7,8,lpw_50f5d65d57,人,other,false,true,true,true
lp:1732:word:5,1732,5,也没有,8,11,,也没有,,,false,false,false
lp:1732:word:6,1732,6,吗,11,12,lpw_5ac1612110,吗,function|interrogative,false,false,false,true
lp:1733:word:0,1733,0,这儿,1,3,lpw_19a29e87c9,这儿,other,false,false,true,true
lp:1733:word:1,1733,1,是,3,4,lpw_b5141d3d19,是,function,false,true,true,true
lp:1733:word:2,1733,2,沙漠,4,6,lpw_4fbf406572,沙漠,place,false,false,false,true
lp:1734:word:0,1734,0,在,0,1,lpw_12404a0b63,在,function,false,true,true,true
lp:1734:word:1,1734,1,沙漠,1,3,lpw_4fbf406572,沙漠,place,false,false,false,true
lp:1734:word:2,1734,2,上,3,4,lpw_db5ba671d2,上,function,false,true,true,true
lp:1734:word:3,1734,3,是,4,5,lpw_b5141d3d19,是,function,false,true,true,true
lp:1734:word:4,1734,4,一个,5,7,lpw_e1dbc1c99f,一个,function|time_quantity,false,true,true,true
lp:1734:word:5,1734,5,人,7,8,lpw_50f5d65d57,人,other,false,true,true,true
lp:1734:word:6,1734,6,也没有,8,11,,也没有,,,false,false,false
lp:1734:word:7,1734,7,的,11,12,lpw_8af2350cfd,的,function,false,true,true,true
lp:1735:word:0,1735,0,地球,0,2,lpw_eeef861b87,地球,place,false,false,false,true
lp:1735:word:1,1735,1,大,2,3,lpw_7d4ca7f48e,大,other,false,false,false,false
lp:1735:word:2,1735,2,着,3,4,lpw_9e5bf0d2d9,着,function,false,true,true,true
lp:1735:word:3,1735,3,呢,4,5,lpw_02811cec0b,呢,function|interrogative,false,true,true,true
lp:1736:word:0,1736,0,蛇,0,1,lpw_e49587b1da,蛇,narrative_character|concrete_entity,true,false,false,false
lp:1736:word:1,1736,1,说,1,2,lpw_ccca744613,说,speech,false,true,true,true
lp:1737:word:0,1737,0,小王子,0,3,lpw_87f2a033cf,小王子,narrative_character,false,true,true,true
lp:1737:word:1,1737,1,在,3,4,lpw_12404a0b63,在,function,false,true,true,true
lp:1737:word:2,1737,2,一块,4,6,,一块,,,false,false,false
lp:1737:word:3,1737,3,石头,6,8,,石头,,,false,false,false
lp:1737:word:4,1737,4,上,8,9,lpw_db5ba671d2,上,function,false,true,true,true
lp:1737:word:5,1737,5,坐下,9,11,,坐下,,,false,false,false
lp:1738:word:0,1738,0,抬头,0,2,,抬头,,,false,false,false
lp:1738:word:1,1738,1,望,2,3,lpw_260bd80462,望,other,false,false,false,false
lp:1738:word:2,1738,2,着,3,4,lpw_9e5bf0d2d9,着,function,false,true,true,true
lp:1738:word:3,1738,3,天空,4,6,,天空,,,false,false,false
lp:1739:word:0,1739,0,我在,1,3,lpw_33f40475f8,我在,other,false,false,false,false
lp:1739:word:1,1739,1,想,3,4,lpw_df0d251938,想,cognition,false,false,false,true
lp:1740:word:0,1740,0,他,0,1,lpw_8b7b91e000,他,pronoun,false,true,true,true
lp:1740:word:1,1740,1,说,1,2,lpw_ccca744613,说,speech,false,true,true,true
lp:1741:word:0,1741,0,这些,1,3,lpw_7a590a22cd,这些,function,false,false,false,true
lp:1741:word:1,1741,1,星星,3,5,lpw_6a9fec7faf,星星,concrete_entity,false,true,true,true
lp:1741:word:2,1741,2,闪闪,5,7,,闪闪,,,false,false,false
lp:1741:word:3,1741,3,发亮,7,9,,发亮,,,false,false,false
lp:1742:word:0,1742,0,大概是,0,3,,大概是,,,false,false,false
lp:1742:word:1,1742,1,要,3,4,lpw_975f35218e,要,negation_modality,false,false,true,true
lp:1742:word:2,1742,2,让,4,5,lpw_ad37574404,让,other,false,true,true,true
lp:1742:word:3,1742,3,每个人,5,8,,每个人,,,false,false,false
lp:1742:word:4,1742,4,总,8,9,,总,,,false,false,false
lp:1742:word:5,1742,5,有一,9,11,,有一,,,false,false,false
lp:1743:word:0,1743,0,天,0,1,lpw_49da61ceee,天,other,false,false,false,true
lp:1743:word:1,1743,1,能,1,2,lpw_413c06bcef,能,other,false,false,false,false
lp:1743:word:2,1743,2,找到,2,4,,找到,,,false,false,false
lp:1743:word:3,1743,3,自己,4,6,lpw_fb43354d2a,自己,pronoun,false,false,true,true
lp:1743:word:4,1743,4,的,6,7,lpw_8af2350cfd,的,function,false,true,true,true
lp:1743:word:5,1743,5,那颗,7,9,,那颗,,,false,false,false
lp:1743:word:6,1743,6,星星,9,11,lpw_6a9fec7faf,星星,concrete_entity,false,true,true,true
lp:1743:word:7,1743,7,吧,11,12,lpw_bad8b6c7ae,吧,function,false,false,false,true
lp:1744:word:0,1744,0,瞧,0,1,,瞧,,,false,false,false
lp:1744:word:1,1744,1,我,1,2,lpw_b70bb4acc0,我,pronoun,false,true,true,true
lp:1744:word:2,1744,2,的,2,3,lpw_8af2350cfd,的,function,false,true,true,true
lp:1744:word:3,1744,3,那颗,3,5,,那颗,,,false,false,false
lp:1744:word:4,1744,4,星星,5,7,lpw_6a9fec7faf,星星,concrete_entity,false,true,true,true
lp:1745:word:0,1745,0,它,0,1,lpw_7e9260e925,它,pronoun,false,true,true,true
lp:1745:word:1,1745,1,正好,1,3,,正好,,,false,false,false
lp:1745:word:2,1745,2,在,3,4,lpw_12404a0b63,在,function,false,true,true,true
lp:1745:word:3,1745,3,我们,4,6,lpw_bcacb40df8,我们,pronoun,false,false,false,false
lp:1745:word:4,1745,4,头顶上,6,9,,头顶上,,,false,false,false
lp:1746:word:0,1746,0,可是,0,2,lpw_38ca4a9c76,可是,function,false,false,true,true
lp:1746:word:1,1746,1,它,2,3,lpw_7e9260e925,它,pronoun,false,true,true,true
lp:1746:word:2,1746,2,离,3,4,,离,,,false,false,false
lp:1746:word:3,1746,3,得,4,5,lpw_71b1ed1114,得,function,false,false,true,true
lp:1746:word:4,1746,4,那么,5,7,lpw_a61f02e145,那么,function,false,false,false,true
lp:1746:word:5,1746,5,远,7,8,lpw_057c8f7842,远,other,false,false,false,false
lp:1747:word:0,1747,0,它,1,2,lpw_7e9260e925,它,pronoun,false,true,true,true
lp:1747:word:1,1747,1,很美,2,4,,很美,,,false,false,false
lp:1748:word:0,1748,0,蛇,0,1,lpw_e49587b1da,蛇,narrative_character|concrete_entity,true,false,false,false
lp:1748:word:1,1748,1,说,1,2,lpw_ccca744613,说,speech,false,true,true,true
lp:1749:word:0,1749,0,你,1,2,lpw_a0c7716669,你,pronoun,false,true,true,true
lp:1749:word:1,1749,1,到,2,3,lpw_b56f36b529,到,other,false,false,false,false
lp:1749:word:2,1749,2,这儿,3,5,lpw_19a29e87c9,这儿,other,false,false,true,true
lp:1749:word:3,1749,3,来,5,6,lpw_6d8229118c,来,physical_action,false,true,true,true
lp:1749:word:4,1749,4,干,6,7,lpw_9ee0280bc4,干,other,false,false,false,false
lp:1749:word:5,1749,5,吗,7,8,lpw_5ac1612110,吗,function|interrogative,false,false,false,true
lp:1750:word:0,1750,0,你,1,2,lpw_a0c7716669,你,pronoun,false,true,true,true
lp:1750:word:1,1750,1,真是,2,4,,真是,,,false,false,false
lp:1750:word:2,1750,2,种,4,5,,种,,,false,false,false
lp:1750:word:3,1750,3,奇怪,5,7,,奇怪,,,false,false,false
lp:1750:word:4,1750,4,的,7,8,lpw_8af2350cfd,的,function,false,true,true,true
lp:1750:word:5,1750,5,动物,8,10,,动物,,,false,false,false
lp:1751:word:0,1751,0,最后,0,2,,最后,,,false,false,false
lp:1751:word:1,1751,1,他,2,3,lpw_8b7b91e000,他,pronoun,false,true,true,true
lp:1751:word:2,1751,2,说,3,4,lpw_ccca744613,说,speech,false,true,true,true
lp:1752:word:0,1752,0,细,1,2,,细,,,false,false,false
lp:1752:word:1,1752,1,得,2,3,lpw_71b1ed1114,得,function,false,false,true,true
lp:1752:word:2,1752,2,像,3,4,lpw_cf8cedd58b,像,other,false,false,false,true
lp:1752:word:3,1752,3,根,4,5,,根,,,false,false,false
lp:1752:word:4,1752,4,手指,5,7,,手指,,,false,false,false
lp:1753:word:0,1753,0,我,1,2,lpw_b70bb4acc0,我,pronoun,false,true,true,true
lp:1753:word:1,1753,1,和,2,3,lpw_3d7114281f,和,function,false,false,true,true
lp:1753:word:2,1753,2,一朵,3,5,lpw_aebd6fbbd2,一朵,other,false,false,false,true
lp:1753:word:3,1753,3,花儿,5,7,lpw_059ab0f707,花,narrative_character|concrete_entity,false,true,true,true
lp:1753:word:4,1753,4,闹,7,8,,闹,,,false,false,false
lp:1753:word:5,1753,5,了,8,9,lpw_b2dd27e84f,了,function,false,true,true,true
lp:1753:word:6,1753,6,别扭,9,11,,别扭,,,false,false,false
lp:1754:word:0,1754,0,小王子,0,3,lpw_87f2a033cf,小王子,narrative_character,false,true,true,true
lp:1754:word:1,1754,1,说,3,4,lpw_ccca744613,说,speech,false,true,true,true
lp:1755:word:0,1755,0,噢,1,2,,噢,,,false,false,false
lp:1756:word:0,1756,0,蛇,0,1,lpw_e49587b1da,蛇,narrative_character|concrete_entity,true,false,false,false
lp:1756:word:1,1756,1,说,1,2,lpw_ccca744613,说,speech,false,true,true,true
lp:1757:word:0,1757,0,他,0,1,lpw_8b7b91e000,他,pronoun,false,true,true,true
lp:1757:word:1,1757,1,俩,1,2,,俩,,,false,false,false
lp:1757:word:2,1757,2,都,2,3,lpw_7eabb36ba1,都,function,false,false,true,true
lp:1757:word:3,1757,3,沉默,3,5,,沉默,,,false,false,false
lp:1757:word:4,1757,4,了,5,6,lpw_b2dd27e84f,了,function,false,true,true,true
lp:1758:word:0,1758,0,哪儿,1,3,lpw_1ca2298198,哪儿,interrogative,false,false,false,false
lp:1758:word:1,1758,1,见,3,4,,见,,,false,false,false
lp:1758:word:2,1758,2,得到,4,6,,得到,,,false,false,false
lp:1758:word:3,1758,3,人,6,7,lpw_50f5d65d57,人,other,false,true,true,true
lp:1758:word:4,1758,4,呢,7,8,lpw_02811cec0b,呢,function|interrogative,false,true,true,true
lp:1759:word:0,1759,0,小王子,0,3,lpw_87f2a033cf,小王子,narrative_character,false,true,true,true
lp:1759:word:1,1759,1,终于,3,5,,终于,,,false,false,false
lp:1759:word:2,1759,2,又,5,6,lpw_e71ce5deab,又,function,false,true,true,true
lp:1759:word:3,1759,3,开口,6,8,,开口,,,false,false,false
lp:1759:word:4,1759,4,了,8,9,lpw_b2dd27e84f,了,function,false,true,true,true
lp:1760:word:0,1760,0,在,1,2,lpw_12404a0b63,在,function,false,true,true,true
lp:1760:word:1,1760,1,沙漠,2,4,lpw_4fbf406572,沙漠,place,false,false,false,true
lp:1760:word:2,1760,2,里,4,5,lpw_79f43de6e3,里,function,false,false,true,true
lp:1760:word:3,1760,3,真,5,6,lpw_827d018e1b,真,other,false,false,false,false
lp:1760:word:4,1760,4,有点,6,8,lpw_29506aa712,有点,other,false,false,false,true
lp:1760:word:5,1760,5,孤独,8,10,,孤独,,,false,false,false
lp:1761:word:0,1761,0,在,1,2,lpw_12404a0b63,在,function,false,true,true,true
lp:1761:word:1,1761,1,人群,2,4,,人群,,,false,false,false
lp:1761:word:2,1761,2,中间,4,6,,中间,,,false,false,false
lp:1762:word:0,1762,0,你,0,1,lpw_a0c7716669,你,pronoun,false,true,true,true
lp:1762:word:1,1762,1,也,1,2,lpw_658605835b,也,function,false,false,true,true
lp:1762:word:2,1762,2,会,2,3,lpw_5ba1e3c0eb,会,negation_modality,false,true,true,true
lp:1762:word:3,1762,3,感到,3,5,lpw_15c2457566,感到,perception,false,false,false,true
lp:1762:word:4,1762,4,孤独,5,7,,孤独,,,false,false,false
lp:1763:word:0,1763,0,蛇,0,1,lpw_e49587b1da,蛇,narrative_character|concrete_entity,true,false,false,false
lp:1763:word:1,1763,1,说,1,2,lpw_ccca744613,说,speech,false,true,true,true
lp:1764:word:0,1764,0,小王子,0,3,lpw_87f2a033cf,小王子,narrative_character,false,true,true,true
lp:1764:word:1,1764,1,久久,3,5,,久久,,,false,false,false
lp:1764:word:2,1764,2,地,5,6,lpw_bdbd41e490,地,function,false,true,true,true
lp:1764:word:3,1764,3,注视着,6,9,,注视着,,,false,false,false
lp:1764:word:4,1764,4,蛇,9,10,lpw_e49587b1da,蛇,narrative_character|concrete_entity,true,false,false,false
lp:1765:word:0,1765,0,你,1,2,lpw_a0c7716669,你,pronoun,false,true,true,true
lp:1765:word:1,1765,1,真是,2,4,,真是,,,false,false,false
lp:1765:word:2,1765,2,种,4,5,,种,,,false,false,false
lp:1765:word:3,1765,3,奇怪,5,7,,奇怪,,,false,false,false
lp:1765:word:4,1765,4,的,7,8,lpw_8af2350cfd,的,function,false,true,true,true
lp:1765:word:5,1765,5,动物,8,10,,动物,,,false,false,false
lp:1766:word:0,1766,0,最后,0,2,,最后,,,false,false,false
lp:1766:word:1,1766,1,他,2,3,lpw_8b7b91e000,他,pronoun,false,true,true,true
lp:1766:word:2,1766,2,说,3,4,lpw_ccca744613,说,speech,false,true,true,true
lp:1767:word:0,1767,0,细,1,2,,细,,,false,false,false
lp:1767:word:1,1767,1,得,2,3,lpw_71b1ed1114,得,function,false,false,true,true
lp:1767:word:2,1767,2,像,3,4,lpw_cf8cedd58b,像,other,false,false,false,true
lp:1767:word:3,1767,3,根,4,5,,根,,,false,false,false
lp:1767:word:4,1767,4,手指,5,7,,手指,,,false,false,false
lp:1768:word:0,1768,0,可,1,2,lpw_8b9cefa38e,可,other,false,false,true,true
lp:1768:word:1,1768,1,我,2,3,lpw_b70bb4acc0,我,pronoun,false,true,true,true
lp:1768:word:2,1768,2,比,3,4,lpw_ab158a8483,比,other,false,false,false,false
lp:1768:word:3,1768,3,一个,4,6,lpw_e1dbc1c99f,一个,function|time_quantity,false,true,true,true
lp:1768:word:4,1768,4,国王,6,8,lpw_38e917f021,国王,narrative_character,true,false,false,false
lp:1768:word:5,1768,5,的,8,9,lpw_8af2350cfd,的,function,false,true,true,true
lp:1768:word:6,1768,6,手指,9,11,,手指,,,false,false,false
lp:1768:word:7,1768,7,还,11,12,lpw_1bc709b8bf,还,other,false,false,false,true
lp:1768:word:8,1768,8,厉害,12,14,,厉害,,,false,false,false
lp:1768:word:9,1768,9,呢,14,15,lpw_02811cec0b,呢,function|interrogative,false,true,true,true
lp:1769:word:0,1769,0,蛇,0,1,lpw_e49587b1da,蛇,narrative_character|concrete_entity,true,false,false,false
lp:1769:word:1,1769,1,说,1,2,lpw_ccca744613,说,speech,false,true,true,true
lp:1770:word:0,1770,0,小王子,0,3,lpw_87f2a033cf,小王子,narrative_character,false,true,true,true
lp:1770:word:1,1770,1,笑了,3,5,,笑了,,,false,false,false
lp:1771:word:0,1771,0,你,1,2,lpw_a0c7716669,你,pronoun,false,true,true,true
lp:1771:word:1,1771,1,厉害,2,4,,厉害,,,false,false,false
lp:1771:word:2,1771,2,不到,4,6,,不到,,,false,false,false
lp:1771:word:3,1771,3,哪儿,6,8,lpw_1ca2298198,哪儿,interrogative,false,false,false,false
lp:1771:word:4,1771,4,去,8,9,lpw_99ae21ea6c,去,physical_action,false,false,true,true
lp:1772:word:0,1772,0,你,0,1,lpw_a0c7716669,你,pronoun,false,true,true,true
lp:1772:word:1,1772,1,连,1,2,,连,,,false,false,false
lp:1772:word:2,1772,2,脚,2,3,,脚,,,false,false,false
lp:1772:word:3,1772,3,都没有,3,6,,都没有,,,false,false,false
lp:1773:word:0,1773,0,要,0,1,lpw_975f35218e,要,negation_modality,false,false,true,true
lp:1773:word:1,1773,1,出,1,2,,出,,,false,false,false
lp:1773:word:2,1773,2,远门,2,4,,远门,,,false,false,false
lp:1773:word:3,1773,3,你,4,5,lpw_a0c7716669,你,pronoun,false,true,true,true
lp:1773:word:4,1773,4,就不,5,7,,就不,,,false,false,false
lp:1773:word:5,1773,5,行,7,8,,行,,,false,false,false
lp:1773:word:6,1773,6,吧,8,9,lpw_bad8b6c7ae,吧,function,false,false,false,true
lp:1774:word:0,1774,0,我,1,2,lpw_b70bb4acc0,我,pronoun,false,true,true,true
lp:1774:word:1,1774,1,可以,2,4,lpw_0ef5c86fab,可以,negation_modality,false,false,false,true
lp:1774:word:2,1774,2,把,4,5,lpw_2442748e41,把,function,false,false,true,true
lp:1774:word:3,1774,3,你,5,6,lpw_a0c7716669,你,pronoun,false,true,true,true
lp:1774:word:4,1774,4,带到,6,8,,带到,,,false,false,false
lp:1774:word:5,1774,5,很,8,9,lpw_f2b91797ea,很,other,false,true,true,true
lp:1774:word:6,1774,6,远,9,10,lpw_057c8f7842,远,other,false,false,false,false
lp:1774:word:7,1774,7,很,10,11,lpw_f2b91797ea,很,other,false,true,true,true
lp:1774:word:8,1774,8,远,11,12,lpw_057c8f7842,远,other,false,false,false,false
lp:1774:word:9,1774,9,的,12,13,lpw_8af2350cfd,的,function,false,true,true,true
lp:1774:word:10,1774,10,地方,13,15,lpw_1462a7d853,地方,other,false,false,false,true
lp:1774:word:11,1774,11,去,15,16,lpw_99ae21ea6c,去,physical_action,false,false,true,true
lp:1775:word:0,1775,0,比,0,1,lpw_ab158a8483,比,other,false,false,false,false
lp:1775:word:1,1775,1,一艘船,1,4,,一艘船,,,false,false,false
lp:1775:word:2,1775,2,去,4,5,lpw_99ae21ea6c,去,physical_action,false,false,true,true
lp:1775:word:3,1775,3,的,5,6,lpw_8af2350cfd,的,function,false,true,true,true
lp:1775:word:4,1775,4,地方,6,8,lpw_1462a7d853,地方,other,false,false,false,true
lp:1775:word:5,1775,5,还,8,9,lpw_1bc709b8bf,还,other,false,false,false,true
lp:1775:word:6,1775,6,远,9,10,lpw_057c8f7842,远,other,false,false,false,false
lp:1776:word:0,1776,0,蛇,0,1,lpw_e49587b1da,蛇,narrative_character|concrete_entity,true,false,false,false
lp:1776:word:1,1776,1,说,1,2,lpw_ccca744613,说,speech,false,true,true,true
lp:1777:word:0,1777,0,它,0,1,lpw_7e9260e925,它,pronoun,false,true,true,true
lp:1777:word:1,1777,1,盘,1,2,,盘,,,false,false,false
lp:1777:word:2,1777,2,在,2,3,lpw_12404a0b63,在,function,false,true,true,true
lp:1777:word:3,1777,3,小王子,3,6,lpw_87f2a033cf,小王子,narrative_character,false,true,true,true
lp:1777:word:4,1777,4,的,6,7,lpw_8af2350cfd,的,function,false,true,true,true
lp:1777:word:5,1777,5,脚踝,7,9,,脚踝,,,false,false,false
lp:1777:word:6,1777,6,上,9,10,lpw_db5ba671d2,上,function,false,true,true,true
lp:1778:word:0,1778,0,像,0,1,lpw_cf8cedd58b,像,other,false,false,false,true
lp:1778:word:1,1778,1,一只,1,3,lpw_216a478784,一只,time_quantity,false,false,false,false
lp:1778:word:2,1778,2,金镯,3,5,,金镯,,,false,false,false
lp:1778:word:3,1778,3,子,5,6,,子,,,false,false,false
lp:1779:word:0,1779,0,凡是,1,3,,凡是,,,false,false,false
lp:1779:word:1,1779,1,我,3,4,lpw_b70bb4acc0,我,pronoun,false,true,true,true
lp:1779:word:2,1779,2,碰,4,5,,碰,,,false,false,false
lp:1779:word:3,1779,3,过的,5,7,,过的,,,false,false,false
lp:1779:word:4,1779,4,人,7,8,lpw_50f5d65d57,人,other,false,true,true,true
lp:1780:word:0,1780,0,我,0,1,lpw_b70bb4acc0,我,pronoun,false,true,true,true
lp:1780:word:1,1780,1,都,1,2,lpw_7eabb36ba1,都,function,false,false,true,true
lp:1780:word:2,1780,2,把,2,3,lpw_2442748e41,把,function,false,false,true,true
lp:1780:word:3,1780,3,他们,3,5,lpw_10518f8f0a,他们,pronoun,false,true,true,true
lp:1780:word:4,1780,4,送,5,6,,送,,,false,false,false
lp:1780:word:5,1780,5,回老家,6,9,,回老家,,,false,false,false
lp:1780:word:6,1780,6,去,9,10,lpw_99ae21ea6c,去,physical_action,false,false,true,true
lp:1781:word:0,1781,0,它,0,1,lpw_7e9260e925,它,pronoun,false,true,true,true
lp:1781:word:1,1781,1,又,1,2,lpw_e71ce5deab,又,function,false,true,true,true
lp:1781:word:2,1781,2,说,2,3,lpw_ccca744613,说,speech,false,true,true,true
lp:1782:word:0,1782,0,可,1,2,lpw_8b9cefa38e,可,other,false,false,true,true
lp:1782:word:1,1782,1,你,2,3,lpw_a0c7716669,你,pronoun,false,true,true,true
lp:1782:word:2,1782,2,这么,3,5,lpw_7677ca84c6,这么,other,false,false,false,true
lp:1782:word:3,1782,3,纯洁,5,7,,纯洁,,,false,false,false
lp:1783:word:0,1783,0,又是,0,2,,又是,,,false,false,false
lp:1783:word:1,1783,1,从,2,3,lpw_2719a8ea30,从,function,false,false,false,true
lp:1783:word:2,1783,2,一颗,3,5,lpw_9a18d5dc38,一颗,time_quantity,false,false,false,false
lp:1783:word:3,1783,3,星星,5,7,lpw_6a9fec7faf,星星,concrete_entity,false,true,true,true
lp:1783:word:4,1783,4,那儿,7,9,lpw_b4444021ad,那儿,other,false,false,false,false
lp:1783:word:5,1783,5,来,9,10,lpw_6d8229118c,来,physical_action,false,true,true,true
lp:1783:word:6,1783,6,的,10,11,lpw_8af2350cfd,的,function,false,true,true,true
lp:1784:word:0,1784,0,小王子,0,3,lpw_87f2a033cf,小王子,narrative_character,false,true,true,true
lp:1784:word:1,1784,1,没有,3,5,lpw_f127804b92,没有,negation_modality,false,false,true,true
lp:1784:word:2,1784,2,作,5,6,lpw_7ff9df9923,作,other,false,false,false,false
lp:1784:word:3,1784,3,声,6,7,lpw_693e132f27,声,other,false,false,false,true
lp:1785:word:0,1785,0,在,1,2,lpw_12404a0b63,在,function,false,true,true,true
lp:1785:word:1,1785,1,这个,2,4,lpw_979e2bc35b,这个,function,false,false,true,true
lp:1785:word:2,1785,2,花岗石,4,7,,花岗石,,,false,false,false
lp:1785:word:3,1785,3,的,7,8,lpw_8af2350cfd,的,function,false,true,true,true
lp:1785:word:4,1785,4,地球,8,10,lpw_eeef861b87,地球,place,false,false,false,true
lp:1785:word:5,1785,5,上,10,11,lpw_db5ba671d2,上,function,false,true,true,true
lp:1786:word:0,1786,0,你是,0,2,,你是,,,false,false,false
lp:1786:word:1,1786,1,这么,2,4,lpw_7677ca84c6,这么,other,false,false,false,true
lp:1786:word:2,1786,2,弱小,4,6,,弱小,,,false,false,false
lp:1787:word:0,1787,0,我,0,1,lpw_b70bb4acc0,我,pronoun,false,true,true,true
lp:1787:word:1,1787,1,很,1,2,lpw_f2b91797ea,很,other,false,true,true,true
lp:1787:word:2,1787,2,可怜,2,4,,可怜,,,false,false,false
lp:1787:word:3,1787,3,你,4,5,lpw_a0c7716669,你,pronoun,false,true,true,true
lp:1788:word:0,1788,0,哪,0,1,,哪,,,false,false,false
lp:1788:word:1,1788,1,天,1,2,lpw_49da61ceee,天,other,false,false,false,true
lp:1788:word:2,1788,2,你要,2,4,lpw_642b100e13,你要,other,false,false,false,false
lp:1788:word:3,1788,3,是,4,5,lpw_b5141d3d19,是,function,false,true,true,true
lp:1788:word:4,1788,4,想念,5,7,,想念,,,false,false,false
lp:1788:word:5,1788,5,你,7,8,lpw_a0c7716669,你,pronoun,false,true,true,true
lp:1788:word:6,1788,6,的,8,9,lpw_8af2350cfd,的,function,false,true,true,true
lp:1788:word:7,1788,7,星星,9,11,lpw_6a9fec7faf,星星,concrete_entity,false,true,true,true
lp:1788:word:8,1788,8,了,11,12,lpw_b2dd27e84f,了,function,false,true,true,true
lp:1789:word:0,1789,0,我,0,1,lpw_b70bb4acc0,我,pronoun,false,true,true,true
lp:1789:word:1,1789,1,可以,1,3,lpw_0ef5c86fab,可以,negation_modality,false,false,false,true
lp:1789:word:2,1789,2,帮助,3,5,,帮助,,,false,false,false
lp:1789:word:3,1789,3,你,5,6,lpw_a0c7716669,你,pronoun,false,true,true,true
lp:1790:word:0,1790,0,我,0,1,lpw_b70bb4acc0,我,pronoun,false,true,true,true
lp:1790:word:1,1790,1,可以,1,3,lpw_0ef5c86fab,可以,negation_modality,false,false,false,true
lp:1791:word:0,1791,0,噢,1,2,,噢,,,false,false,false
lp:1792:word:0,1792,0,我,0,1,lpw_b70bb4acc0,我,pronoun,false,true,true,true
lp:1792:word:1,1792,1,明白,1,3,lpw_8e37cd5f7f,明白,cognition,false,false,false,false
lp:1792:word:2,1792,2,你,3,4,lpw_a0c7716669,你,pronoun,false,true,true,true
lp:1792:word:3,1792,3,的,4,5,lpw_8af2350cfd,的,function,false,true,true,true
lp:1792:word:4,1792,4,意思,5,7,lpw_65eb352d08,意思,other,true,false,false,false
lp:1793:word:0,1793,0,小王子,0,3,lpw_87f2a033cf,小王子,narrative_character,false,true,true,true
lp:1793:word:1,1793,1,说,3,4,lpw_ccca744613,说,speech,false,true,true,true
lp:1794:word:0,1794,0,可,1,2,lpw_8b9cefa38e,可,other,false,false,true,true
lp:1794:word:1,1794,1,为什么,2,5,lpw_1b919bb478,为什么,interrogative,false,false,false,false
lp:1794:word:2,1794,2,你,5,6,lpw_a0c7716669,你,pronoun,false,true,true,true
lp:1794:word:3,1794,3,说,6,7,lpw_ccca744613,说,speech,false,true,true,true
lp:1794:word:4,1794,4,的话,7,9,lpw_9b952dd4e3,的话,other,false,false,false,false
lp:1794:word:5,1794,5,都像,9,11,,都像,,,false,false,false
lp:1794:word:6,1794,6,谜,11,12,,谜,,,false,false,false
lp:1794:word:7,1794,7,似的,12,14,,似的,,,false,false,false
lp:1795:word:0,1795,0,这些,1,3,lpw_7a590a22cd,这些,function,false,false,false,true
lp:1795:word:1,1795,1,谜,3,4,,谜,,,false,false,false
lp:1795:word:2,1795,2,我,4,5,lpw_b70bb4acc0,我,pronoun,false,true,true,true
lp:1795:word:3,1795,3,都能,5,7,,都能,,,false,false,false
lp:1795:word:4,1795,4,解开,7,9,,解开,,,false,false,false
lp:1796:word:0,1796,0,蛇,0,1,lpw_e49587b1da,蛇,narrative_character|concrete_entity,true,false,false,false
lp:1796:word:1,1796,1,说,1,2,lpw_ccca744613,说,speech,false,true,true,true
lp:1797:word:0,1797,0,然后,0,2,lpw_ca4f5ee82e,然后,other,false,false,false,false
lp:1797:word:1,1797,1,他们,2,4,lpw_10518f8f0a,他们,pronoun,false,true,true,true
lp:1797:word:2,1797,2,又,4,5,lpw_e71ce5deab,又,function,false,true,true,true
lp:1797:word:3,1797,3,都,5,6,lpw_7eabb36ba1,都,function,false,false,true,true
lp:1797:word:4,1797,4,沉默,6,8,,沉默,,,false,false,false
lp:1797:word:5,1797,5,了,8,9,lpw_b2dd27e84f,了,function,false,true,true,true
lp:1799:word:0,1799,0,小王子,0,3,lpw_87f2a033cf,小王子,narrative_character,false,true,true,true
lp:1799:word:1,1799,1,穿过,3,5,,穿过,,,false,false,false
lp:1799:word:2,1799,2,沙漠,5,7,lpw_4fbf406572,沙漠,place,false,false,false,true
lp:1800:word:0,1800,0,只,0,1,lpw_409e2c3882,只,function,false,false,true,true
lp:1800:word:1,1800,1,见到,1,3,,见到,,,false,false,false
lp:1800:word:2,1800,2,了,3,4,lpw_b2dd27e84f,了,function,false,true,true,true
lp:1800:word:3,1800,3,一朵,4,6,lpw_aebd6fbbd2,一朵,other,false,false,false,true
lp:1800:word:4,1800,4,花儿,6,8,lpw_059ab0f707,花,narrative_character|concrete_entity,false,true,true,true
lp:1801:word:0,1801,0,一朵,0,2,lpw_aebd6fbbd2,一朵,other,false,false,false,true
lp:1801:word:1,1801,1,长,2,3,lpw_597ae23d84,长,other,false,false,false,false
lp:1801:word:2,1801,2,着,3,4,lpw_9e5bf0d2d9,着,function,false,true,true,true
lp:1801:word:3,1801,3,三,4,5,lpw_a4c3313deb,三,other,false,false,false,false
lp:1801:word:4,1801,4,片,5,6,,片,,,false,false,false
lp:1801:word:5,1801,5,花瓣,6,8,,花瓣,,,false,false,false
lp:1801:word:6,1801,6,的,8,9,lpw_8af2350cfd,的,function,false,true,true,true
lp:1801:word:7,1801,7,花儿,9,11,lpw_059ab0f707,花,narrative_character|concrete_entity,false,true,true,true
lp:1802:word:0,1802,0,一朵,0,2,lpw_aebd6fbbd2,一朵,other,false,false,false,true
lp:1802:word:1,1802,1,不起眼,2,5,,不起眼,,,false,false,false
lp:1802:word:2,1802,2,的,5,6,lpw_8af2350cfd,的,function,false,true,true,true
lp:1802:word:3,1802,3,花儿,6,8,lpw_059ab0f707,花,narrative_character|concrete_entity,false,true,true,true
lp:1803:word:0,1803,0,你好,1,3,,你好,,,false,false,false
lp:1804:word:0,1804,0,小王子,0,3,lpw_87f2a033cf,小王子,narrative_character,false,true,true,true
lp:1804:word:1,1804,1,说,3,4,lpw_ccca744613,说,speech,false,true,true,true
lp:1805:word:0,1805,0,你好,1,3,,你好,,,false,false,false
lp:1806:word:0,1806,0,花儿,0,2,lpw_059ab0f707,花,narrative_character|concrete_entity,false,true,true,true
lp:1806:word:1,1806,1,说,2,3,lpw_ccca744613,说,speech,false,true,true,true
lp:1807:word:0,1807,0,人们,1,3,lpw_1ec687a275,人们,other,true,false,false,false
lp:1807:word:1,1807,1,在,3,4,lpw_12404a0b63,在,function,false,true,true,true
lp:1807:word:2,1807,2,哪儿,4,6,lpw_1ca2298198,哪儿,interrogative,false,false,false,false
lp:1807:word:3,1807,3,呢,6,7,lpw_02811cec0b,呢,function|interrogative,false,true,true,true
lp:1808:word:0,1808,0,小王子,0,3,lpw_87f2a033cf,小王子,narrative_character,false,true,true,true
lp:1808:word:1,1808,1,有,3,4,lpw_90ce0f66f0,有,other,false,true,true,true
lp:1808:word:2,1808,2,礼貌,4,6,,礼貌,,,false,false,false
lp:1808:word:3,1808,3,地,6,7,lpw_bdbd41e490,地,function,false,true,true,true
lp:1808:word:4,1808,4,问,7,8,lpw_4628c0e06f,问,speech,false,false,true,true
lp:1809:word:0,1809,0,花儿,0,2,lpw_059ab0f707,花,narrative_character|concrete_entity,false,true,true,true
lp:1809:word:1,1809,1,看见,2,4,lpw_7205426737,看见,perception,false,false,false,true
lp:1809:word:2,1809,2,过,4,5,lpw_f777893480,过,other,false,false,true,true
lp:1809:word:3,1809,3,一支,5,7,,一支,,,false,false,false
lp:1809:word:4,1809,4,沙漠,7,9,lpw_4fbf406572,沙漠,place,false,false,false,true
lp:1809:word:5,1809,5,驼,9,10,,驼,,,false,false,false
lp:1809:word:6,1809,6,队,10,11,,队,,,false,false,false
lp:1809:word:7,1809,7,经过,11,13,,经过,,,false,false,false
lp:1810:word:0,1810,0,人们,1,3,lpw_1ec687a275,人们,other,true,false,false,false
lp:1810:word:1,1810,1,我想,4,6,lpw_42230da180,我想,other,false,false,false,false
lp:1810:word:2,1810,2,是有,6,8,,是有,,,false,false,false
lp:1810:word:3,1810,3,的,8,9,lpw_8af2350cfd,的,function,false,true,true,true
lp:1811:word:0,1811,0,不是,0,2,lpw_584cd0fcf3,不是,other,false,false,false,false
lp:1811:word:1,1811,1,六,2,3,,六,,,false,false,false
lp:1811:word:2,1811,2,个,3,4,lpw_3a116815bc,个,other,false,false,true,true
lp:1811:word:3,1811,3,就是,4,6,lpw_88aa006eb3,就是,other,false,false,true,true
lp:1811:word:4,1811,4,七个,6,8,,七个,,,false,false,false
lp:1812:word:0,1812,0,好几,0,2,,好几,,,false,false,false
lp:1812:word:1,1812,1,年,2,3,,年,,,false,false,false
lp:1812:word:2,1812,2,以前,3,5,lpw_aa98317793,以前,other,false,false,false,false
lp:1813:word:0,1813,0,我,0,1,lpw_b70bb4acc0,我,pronoun,false,true,true,true
lp:1813:word:1,1813,1,见过,1,3,,见过,,,false,false,false
lp:1813:word:2,1813,2,他们,3,5,lpw_10518f8f0a,他们,pronoun,false,true,true,true
lp:1814:word:0,1814,0,不过,0,2,lpw_72113362c6,不过,function,false,false,false,true
lp:1814:word:1,1814,1,谁,2,3,lpw_056b9c6262,谁,pronoun|interrogative,false,false,false,false
lp:1814:word:2,1814,2,也不,3,5,lpw_941252022a,也不,other,false,false,false,false
lp:1814:word:3,1814,3,知道,5,7,lpw_d7b6472b11,知道,cognition,false,false,true,true
lp:1815:word:0,1815,0,要,0,1,lpw_975f35218e,要,negation_modality,false,false,true,true
lp:1815:word:1,1815,1,上,1,2,lpw_db5ba671d2,上,function,false,true,true,true
lp:1815:word:2,1815,2,哪儿,2,4,lpw_1ca2298198,哪儿,interrogative,false,false,false,false
lp:1815:word:3,1815,3,才能,4,6,,才能,,,false,false,false
lp:1815:word:4,1815,4,找到,6,8,,找到,,,false,false,false
lp:1815:word:5,1815,5,他们,8,10,lpw_10518f8f0a,他们,pronoun,false,true,true,true
lp:1816:word:0,1816,0,风,0,1,lpw_be65bd5518,风,other,false,false,false,false
lp:1816:word:1,1816,1,把,1,2,lpw_2442748e41,把,function,false,false,true,true
lp:1816:word:2,1816,2,他们,2,4,lpw_10518f8f0a,他们,pronoun,false,true,true,true
lp:1816:word:3,1816,3,一,4,5,lpw_51a75f4634,一,other,false,false,true,true
lp:1816:word:4,1816,4,会,5,6,lpw_5ba1e3c0eb,会,negation_modality,false,true,true,true
lp:1816:word:5,1816,5,儿,6,7,lpw_1ed5efc3dc,儿,other,false,false,false,false
lp:1816:word:6,1816,6,吹到,7,9,,吹到,,,false,false,false
lp:1816:word:7,1816,7,这儿,9,11,lpw_19a29e87c9,这儿,other,false,false,true,true
lp:1817:word:0,1817,0,一,0,1,lpw_51a75f4634,一,other,false,false,true,true
lp:1817:word:1,1817,1,会,1,2,lpw_5ba1e3c0eb,会,negation_modality,false,true,true,true
lp:1817:word:2,1817,2,儿,2,3,lpw_1ed5efc3dc,儿,other,false,false,false,false
lp:1817:word:3,1817,3,吹到,3,5,,吹到,,,false,false,false
lp:1817:word:4,1817,4,那儿,5,7,lpw_b4444021ad,那儿,other,false,false,false,false
lp:1818:word:0,1818,0,他们,0,2,lpw_10518f8f0a,他们,pronoun,false,true,true,true
lp:1818:word:1,1818,1,没有,2,4,lpw_f127804b92,没有,negation_modality,false,false,true,true
lp:1818:word:2,1818,2,根,4,5,,根,,,false,false,false
lp:1819:word:0,1819,0,活,0,1,,活,,,false,false,false
lp:1819:word:1,1819,1,得很,1,3,,得很,,,false,false,false
lp:1819:word:2,1819,2,辛苦,3,5,,辛苦,,,false,false,false
lp:1820:word:0,1820,0,再见,1,3,,再见,,,false,false,false
lp:1820:word:1,1820,1,了,3,4,lpw_b2dd27e84f,了,function,false,true,true,true
lp:1821:word:0,1821,0,小王子,0,3,lpw_87f2a033cf,小王子,narrative_character,false,true,true,true
lp:1821:word:1,1821,1,说,3,4,lpw_ccca744613,说,speech,false,true,true,true
lp:1822:word:0,1822,0,再见,1,3,,再见,,,false,false,false
lp:1823:word:0,1823,0,花儿,0,2,lpw_059ab0f707,花,narrative_character|concrete_entity,false,true,true,true
lp:1823:word:1,1823,1,说,2,3,lpw_ccca744613,说,speech,false,true,true,true
lp:1825:word:0,1825,0,小王子,0,3,lpw_87f2a033cf,小王子,narrative_character,false,true,true,true
lp:1825:word:1,1825,1,攀上,3,5,,攀上,,,false,false,false
lp:1825:word:2,1825,2,一座,5,7,lpw_e2d5460909,一座,other,false,false,false,false
lp:1825:word:3,1825,3,高山,7,9,,高山,,,false,false,false
lp:1826:word:0,1826,0,他,0,1,lpw_8b7b91e000,他,pronoun,false,true,true,true
lp:1826:word:1,1826,1,过去,1,3,,过去,,,false,false,false
lp:1826:word:2,1826,2,只,3,4,lpw_409e2c3882,只,function,false,false,true,true
lp:1826:word:3,1826,3,见过,4,6,,见过,,,false,false,false
lp:1826:word:4,1826,4,三,6,7,lpw_a4c3313deb,三,other,false,false,false,false
lp:1826:word:5,1826,5,座,7,8,lpw_001d9c64f7,座,other,true,false,false,false
lp:1826:word:6,1826,6,齐,8,9,,齐,,,false,false,false
lp:1826:word:7,1826,7,膝,9,10,,膝,,,false,false,false
lp:1826:word:8,1826,8,高,10,11,,高,,,false,false,false
lp:1826:word:9,1826,9,的,11,12,lpw_8af2350cfd,的,function,false,true,true,true
lp:1826:word:10,1826,10,火山,12,14,lpw_dc749837f4,火山,place|concrete_entity,true,false,false,false
lp:1827:word:0,1827,0,他,0,1,lpw_8b7b91e000,他,pronoun,false,true,true,true
lp:1827:word:1,1827,1,还把,1,3,,还把,,,false,false,false
lp:1827:word:2,1827,2,那,3,4,lpw_5a2362a202,那,pronoun,false,true,true,true
lp:1827:word:3,1827,3,座,4,5,lpw_001d9c64f7,座,other,true,false,false,false
lp:1827:word:4,1827,4,死,5,6,,死,,,false,false,false
lp:1827:word:5,1827,5,火山,6,8,lpw_dc749837f4,火山,place|concrete_entity,true,false,false,false
lp:1827:word:6,1827,6,当,8,9,lpw_142d843e71,当,other,false,false,false,false
lp:1827:word:7,1827,7,凳子,9,11,,凳子,,,false,false,false
lp:1827:word:8,1827,8,坐,11,12,,坐,,,false,false,false
lp:1827:word:9,1827,9,哩,12,13,,哩,,,false,false,false
lp:1828:word:0,1828,0,从,1,2,lpw_2719a8ea30,从,function,false,false,false,true
lp:1828:word:1,1828,1,一座,2,4,lpw_e2d5460909,一座,other,false,false,false,false
lp:1828:word:2,1828,2,这么,4,6,lpw_7677ca84c6,这么,other,false,false,false,true
lp:1828:word:3,1828,3,高,6,7,,高,,,false,false,false
lp:1828:word:4,1828,4,的,7,8,lpw_8af2350cfd,的,function,false,true,true,true
lp:1828:word:5,1828,5,山上,8,10,,山上,,,false,false,false
lp:1828:word:6,1828,6,望,10,11,lpw_260bd80462,望,other,false,false,false,false
lp:1828:word:7,1828,7,下去,11,13,,下去,,,false,false,false
lp:1829:word:0,1829,0,他,0,1,lpw_8b7b91e000,他,pronoun,false,true,true,true
lp:1829:word:1,1829,1,心想,1,3,,心想,,,false,false,false
lp:1830:word:0,1830,0,我,1,2,lpw_b70bb4acc0,我,pronoun,false,true,true,true
lp:1830:word:1,1830,1,一眼,2,4,,一眼,,,false,false,false
lp:1830:word:2,1830,2,就,4,5,lpw_2f9d9872e5,就,function,false,true,true,true
lp:1830:word:3,1830,3,能,5,6,lpw_413c06bcef,能,other,false,false,false,false
lp:1830:word:4,1830,4,看到,6,8,lpw_e9c1d16595,看到,other,false,false,false,false
lp:1830:word:5,1830,5,整个,8,10,,整个,,,false,false,false
lp:1830:word:6,1830,6,星球,10,12,lpw_62f2d6c1a1,星球,place,false,true,true,true
lp:1830:word:7,1830,7,和,12,13,lpw_3d7114281f,和,function,false,false,true,true
lp:1830:word:8,1830,8,所有,13,15,lpw_ae99f297e9,所有,other,false,false,false,false
lp:1830:word:9,1830,9,的,15,16,lpw_8af2350cfd,的,function,false,true,true,true
lp:1830:word:10,1830,10,人们,16,18,lpw_1ec687a275,人们,other,true,false,false,false
lp:1831:word:0,1831,0,可是,0,2,lpw_38ca4a9c76,可是,function,false,false,true,true
lp:1832:word:0,1832,0,他,0,1,lpw_8b7b91e000,他,pronoun,false,true,true,true
lp:1832:word:1,1832,1,看到,1,3,lpw_e9c1d16595,看到,other,false,false,false,false
lp:1832:word:2,1832,2,的,3,4,lpw_8af2350cfd,的,function,false,true,true,true
lp:1832:word:3,1832,3,只是,4,6,,只是,,,false,false,false
lp:1832:word:4,1832,4,些,6,7,lpw_af76fed85c,些,other,false,false,false,false
lp:1832:word:5,1832,5,陡峭,7,9,,陡峭,,,false,false,false
lp:1832:word:6,1832,6,的,9,10,lpw_8af2350cfd,的,function,false,true,true,true
lp:1832:word:7,1832,7,山峰,10,12,,山峰,,,false,false,false
lp:1833:word:0,1833,0,你们,1,3,lpw_8a5d477bda,你们,pronoun,false,false,true,true
lp:1833:word:1,1833,1,好,3,4,lpw_f867f34178,好,other,false,false,true,true
lp:1834:word:0,1834,0,他,0,1,lpw_8b7b91e000,他,pronoun,false,true,true,true
lp:1834:word:1,1834,1,怯生生,1,4,,怯生生,,,false,false,false
lp:1834:word:2,1834,2,地,4,5,lpw_bdbd41e490,地,function,false,true,true,true
lp:1834:word:3,1834,3,招呼,5,7,,招呼,,,false,false,false
lp:1834:word:4,1834,4,说,7,8,lpw_ccca744613,说,speech,false,true,true,true
lp:1835:word:0,1835,0,你们,1,3,lpw_8a5d477bda,你们,pronoun,false,false,true,true
lp:1835:word:1,1835,1,好,3,4,lpw_f867f34178,好,other,false,false,true,true
lp:1836:word:0,1836,0,你们,0,2,lpw_8a5d477bda,你们,pronoun,false,false,true,true
lp:1836:word:1,1836,1,好,2,3,lpw_f867f34178,好,other,false,false,true,true
lp:1836:word:2,1836,2,你们,9,11,lpw_8a5d477bda,你们,pronoun,false,false,true,true
lp:1836:word:3,1836,3,好,11,12,lpw_f867f34178,好,other,false,false,true,true
lp:1837:word:0,1837,0,回声,0,2,,回声,,,false,false,false
lp:1837:word:1,1837,1,应,2,3,,应,,,false,false,false
lp:1837:word:2,1837,2,道,3,4,lpw_00a9d5bd97,道,other,false,false,false,false
lp:1838:word:0,1838,0,你们,1,3,lpw_8a5d477bda,你们,pronoun,false,false,true,true
lp:1838:word:1,1838,1,是,3,4,lpw_b5141d3d19,是,function,false,true,true,true
lp:1838:word:2,1838,2,谁,4,5,lpw_056b9c6262,谁,pronoun|interrogative,false,false,false,false
lp:1838:word:3,1838,3,呀,5,6,lpw_03fe6b38e7,呀,function,false,false,false,true
lp:1839:word:0,1839,0,小王子,0,3,lpw_87f2a033cf,小王子,narrative_character,false,true,true,true
lp:1839:word:1,1839,1,问,3,4,lpw_4628c0e06f,问,speech,false,false,true,true
lp:1840:word:0,1840,0,你们,1,3,lpw_8a5d477bda,你们,pronoun,false,false,true,true
lp:1840:word:1,1840,1,是,3,4,lpw_b5141d3d19,是,function,false,true,true,true
lp:1840:word:2,1840,2,谁,4,5,lpw_056b9c6262,谁,pronoun|interrogative,false,false,false,false
lp:1840:word:3,1840,3,呀,5,6,lpw_03fe6b38e7,呀,function,false,false,false,true
lp:1841:word:0,1841,0,你们,0,2,lpw_8a5d477bda,你们,pronoun,false,false,true,true
lp:1841:word:1,1841,1,是,2,3,lpw_b5141d3d19,是,function,false,true,true,true
lp:1841:word:2,1841,2,谁,3,4,lpw_056b9c6262,谁,pronoun|interrogative,false,false,false,false
lp:1841:word:3,1841,3,呀,4,5,lpw_03fe6b38e7,呀,function,false,false,false,true
lp:1842:word:0,1842,0,你们,0,2,lpw_8a5d477bda,你们,pronoun,false,false,true,true
lp:1842:word:1,1842,1,是,2,3,lpw_b5141d3d19,是,function,false,true,true,true
lp:1842:word:2,1842,2,谁,3,4,lpw_056b9c6262,谁,pronoun|interrogative,false,false,false,false
lp:1842:word:3,1842,3,呀,4,5,lpw_03fe6b38e7,呀,function,false,false,false,true
lp:1843:word:0,1843,0,回声,0,2,,回声,,,false,false,false
lp:1843:word:1,1843,1,应,2,3,,应,,,false,false,false
lp:1843:word:2,1843,2,道,3,4,lpw_00a9d5bd97,道,other,false,false,false,false
lp:1844:word:0,1844,0,请,1,2,lpw_88d5840fab,请,other,false,false,false,false
lp:1844:word:1,1844,1,做,2,3,lpw_94f5404441,做,other,false,false,false,false
lp:1844:word:2,1844,2,我,3,4,lpw_b70bb4acc0,我,pronoun,false,true,true,true
lp:1844:word:3,1844,3,的,4,5,lpw_8af2350cfd,的,function,false,true,true,true
lp:1844:word:4,1844,4,朋友,5,7,lpw_677aad1a0e,朋友,emotion_social,false,false,false,true
lp:1844:word:5,1844,5,吧,7,8,lpw_bad8b6c7ae,吧,function,false,false,false,true
lp:1845:word:0,1845,0,我,0,1,lpw_b70bb4acc0,我,pronoun,false,true,true,true
lp:1845:word:1,1845,1,很,1,2,lpw_f2b91797ea,很,other,false,true,true,true
lp:1845:word:2,1845,2,孤独,2,4,,孤独,,,false,false,false
lp:1846:word:0,1846,0,他,0,1,lpw_8b7b91e000,他,pronoun,false,true,true,true
lp:1846:word:1,1846,1,说,1,2,lpw_ccca744613,说,speech,false,true,true,true
lp:1847:word:0,1847,0,我,1,2,lpw_b70bb4acc0,我,pronoun,false,true,true,true
lp:1847:word:1,1847,1,很,2,3,lpw_f2b91797ea,很,other,false,true,true,true
lp:1847:word:2,1847,2,孤独,3,5,,孤独,,,false,false,false
lp:1848:word:0,1848,0,我,0,1,lpw_b70bb4acc0,我,pronoun,false,true,true,true
lp:1848:word:1,1848,1,很,1,2,lpw_f2b91797ea,很,other,false,true,true,true
lp:1848:word:2,1848,2,孤独,2,4,,孤独,,,false,false,false
lp:1849:word:0,1849,0,我,0,1,lpw_b70bb4acc0,我,pronoun,false,true,true,true
lp:1849:word:1,1849,1,很,1,2,lpw_f2b91797ea,很,other,false,true,true,true
lp:1849:word:2,1849,2,孤独,2,4,,孤独,,,false,false,false
lp:1850:word:0,1850,0,回声,0,2,,回声,,,false,false,false
lp:1850:word:1,1850,1,应,2,3,,应,,,false,false,false
lp:1850:word:2,1850,2,道,3,4,lpw_00a9d5bd97,道,other,false,false,false,false
lp:1851:word:0,1851,0,这,1,2,lpw_d409ab2ab3,这,pronoun,false,true,true,true
lp:1851:word:1,1851,1,颗,2,3,lpw_09901d3de2,颗,other,false,false,false,false
lp:1851:word:2,1851,2,行星,3,5,lpw_19956b104c,行星,other,false,false,false,false
lp:1851:word:3,1851,3,可,5,6,lpw_8b9cefa38e,可,other,false,false,true,true
lp:1851:word:4,1851,4,真,6,7,lpw_827d018e1b,真,other,false,false,false,false
lp:1851:word:5,1851,5,怪,7,8,,怪,,,false,false,false
lp:1852:word:0,1852,0,他,0,1,lpw_8b7b91e000,他,pronoun,false,true,true,true
lp:1852:word:1,1852,1,心想,1,3,,心想,,,false,false,false
lp:1853:word:0,1853,0,又,1,2,lpw_e71ce5deab,又,function,false,true,true,true
lp:1853:word:1,1853,1,干,2,3,lpw_9ee0280bc4,干,other,false,false,false,false
lp:1853:word:2,1853,2,又,4,5,lpw_e71ce5deab,又,function,false,true,true,true
lp:1853:word:3,1853,3,尖,5,6,,尖,,,false,false,false
lp:1854:word:0,1854,0,又,0,1,lpw_e71ce5deab,又,function,false,true,true,true
lp:1854:word:1,1854,1,锋利,1,3,,锋利,,,false,false,false
lp:1855:word:0,1855,0,人们,0,2,lpw_1ec687a275,人们,other,true,false,false,false
lp:1855:word:1,1855,1,一点,2,4,lpw_148b16e603,一点,other,false,false,false,false
lp:1855:word:2,1855,2,想象力,4,7,,想象力,,,false,false,false
lp:1855:word:3,1855,3,都没有,7,10,,都没有,,,false,false,false
lp:1856:word:0,1856,0,他们,0,2,lpw_10518f8f0a,他们,pronoun,false,true,true,true
lp:1856:word:1,1856,1,老是,2,4,,老是,,,false,false,false
lp:1856:word:2,1856,2,重复,4,6,,重复,,,false,false,false
lp:1856:word:3,1856,3,别人,6,8,,别人,,,false,false,false
lp:1856:word:4,1856,4,对,8,9,lpw_74570c7270,对,function,false,true,true,true
lp:1856:word:5,1856,5,他们,9,11,lpw_10518f8f0a,他们,pronoun,false,true,true,true
lp:1856:word:6,1856,6,说,11,12,lpw_ccca744613,说,speech,false,true,true,true
lp:1856:word:7,1856,7,的话,12,14,lpw_9b952dd4e3,的话,other,false,false,false,false
lp:1857:word:0,1857,0,在,0,1,lpw_12404a0b63,在,function,false,true,true,true
lp:1857:word:1,1857,1,我,1,2,lpw_b70bb4acc0,我,pronoun,false,true,true,true
lp:1857:word:2,1857,2,那儿,2,4,lpw_b4444021ad,那儿,other,false,false,false,false
lp:1857:word:3,1857,3,有,4,5,lpw_90ce0f66f0,有,other,false,true,true,true
lp:1857:word:4,1857,4,一朵,5,7,lpw_aebd6fbbd2,一朵,other,false,false,false,true
lp:1857:word:5,1857,5,花儿,7,9,lpw_059ab0f707,花,narrative_character|concrete_entity,false,true,true,true
lp:1858:word:0,1858,0,她,0,1,lpw_2ab425e0c6,她,pronoun,false,true,true,true
lp:1858:word:1,1858,1,总是,1,3,,总是,,,false,false,false
lp:1858:word:2,1858,2,先,3,4,,先,,,false,false,false
lp:1858:word:3,1858,3,开口,4,6,,开口,,,false,false,false
lp:1858:word:4,1858,4,说话,6,8,,说话,,,false,false,false
lp:1858:word:5,1858,5,的,8,9,lpw_8af2350cfd,的,function,false,true,true,true
lp:1859:word:0,1859,0,这,0,1,lpw_d409ab2ab3,这,pronoun,false,true,true,true
lp:1859:word:1,1859,1,颗,1,2,lpw_09901d3de2,颗,other,false,false,false,false
lp:1859:word:2,1859,2,行星,2,4,lpw_19956b104c,行星,other,false,false,false,false
lp:1859:word:3,1859,3,又,4,5,lpw_e71ce5deab,又,function,false,true,true,true
lp:1859:word:4,1859,4,干,5,6,lpw_9ee0280bc4,干,other,false,false,false,false
lp:1860:word:0,1860,0,又,0,1,lpw_e71ce5deab,又,function,false,true,true,true
lp:1860:word:1,1860,1,尖,1,2,,尖,,,false,false,false
lp:1861:word:0,1861,0,又,0,1,lpw_e71ce5deab,又,function,false,true,true,true
lp:1861:word:1,1861,1,锋利,1,3,,锋利,,,false,false,false
lp:1863:word:0,1863,0,小王子,0,3,lpw_87f2a033cf,小王子,narrative_character,false,true,true,true
lp:1863:word:1,1863,1,在,3,4,lpw_12404a0b63,在,function,false,true,true,true
lp:1863:word:2,1863,2,沙漠,4,6,lpw_4fbf406572,沙漠,place,false,false,false,true
lp:1863:word:3,1863,3,山,7,8,,山,,,false,false,false
lp:1863:word:4,1863,4,岩,8,9,,岩,,,false,false,false
lp:1863:word:5,1863,5,和,9,10,lpw_3d7114281f,和,function,false,false,true,true
lp:1863:word:6,1863,6,雪,10,11,,雪,,,false,false,false
lp:1863:word:7,1863,7,地上,11,13,,地上,,,false,false,false
lp:1863:word:8,1863,8,走了,13,15,lpw_25eba59465,走了,other,false,false,false,false
lp:1863:word:9,1863,9,很,15,16,lpw_f2b91797ea,很,other,false,true,true,true
lp:1863:word:10,1863,10,长,16,17,lpw_597ae23d84,长,other,false,false,false,false
lp:1863:word:11,1863,11,时间,17,19,lpw_8b6ff49851,时间,time_quantity,false,false,false,false
lp:1863:word:12,1863,12,以后,19,21,lpw_e6ad7a1dbc,以后,other,false,false,false,false
lp:1864:word:0,1864,0,终于,0,2,,终于,,,false,false,false
lp:1864:word:1,1864,1,发现,2,4,lpw_10493d06b9,发现,perception,false,false,false,false
lp:1864:word:2,1864,2,了,4,5,lpw_b2dd27e84f,了,function,false,true,true,true
lp:1864:word:3,1864,3,一条,5,7,,一条,,,false,false,false
lp:1864:word:4,1864,4,路,7,8,,路,,,false,false,false
lp:1865:word:0,1865,0,所有,0,2,lpw_ae99f297e9,所有,other,false,false,false,false
lp:1865:word:1,1865,1,的,2,3,lpw_8af2350cfd,的,function,false,true,true,true
lp:1865:word:2,1865,2,路,3,4,,路,,,false,false,false
lp:1865:word:3,1865,3,都,4,5,lpw_7eabb36ba1,都,function,false,false,true,true
lp:1865:word:4,1865,4,通往,5,7,,通往,,,false,false,false
lp:1865:word:5,1865,5,有人,7,9,,有人,,,false,false,false
lp:1865:word:6,1865,6,住,9,10,lpw_cbba0a98ab,住,other,false,false,false,false
lp:1865:word:7,1865,7,的,10,11,lpw_8af2350cfd,的,function,false,true,true,true
lp:1865:word:8,1865,8,地方,11,13,lpw_1462a7d853,地方,other,false,false,false,true
lp:1866:word:0,1866,0,你们,1,3,lpw_8a5d477bda,你们,pronoun,false,false,true,true
lp:1866:word:1,1866,1,好,3,4,lpw_f867f34178,好,other,false,false,true,true
lp:1867:word:0,1867,0,他,0,1,lpw_8b7b91e000,他,pronoun,false,true,true,true
lp:1867:word:1,1867,1,说,1,2,lpw_ccca744613,说,speech,false,true,true,true
lp:1868:word:0,1868,0,眼前,0,2,,眼前,,,false,false,false
lp:1868:word:1,1868,1,是,2,3,lpw_b5141d3d19,是,function,false,true,true,true
lp:1868:word:2,1868,2,一座,3,5,lpw_e2d5460909,一座,other,false,false,false,false
lp:1868:word:3,1868,3,玫瑰,5,7,lpw_a6664df1ef,玫瑰,narrative_character|concrete_entity,false,false,false,true
lp:1868:word:4,1868,4,盛开,7,9,,盛开,,,false,false,false
lp:1868:word:5,1868,5,的,9,10,lpw_8af2350cfd,的,function,false,true,true,true
lp:1868:word:6,1868,6,花园,10,12,,花园,,,false,false,false
lp:1869:word:0,1869,0,你好,1,3,,你好,,,false,false,false
lp:1870:word:0,1870,0,玫瑰,0,2,lpw_a6664df1ef,玫瑰,narrative_character|concrete_entity,false,false,false,true
lp:1870:word:1,1870,1,们,2,3,lpw_b4dcb3305a,们,other,false,false,false,false
lp:1870:word:2,1870,2,说,3,4,lpw_ccca744613,说,speech,false,true,true,true
lp:1871:word:0,1871,0,小王子,0,3,lpw_87f2a033cf,小王子,narrative_character,false,true,true,true
lp:1871:word:1,1871,1,瞧,3,4,,瞧,,,false,false,false
lp:1871:word:2,1871,2,着,4,5,lpw_9e5bf0d2d9,着,function,false,true,true,true
lp:1871:word:3,1871,3,她们,5,7,,她们,,,false,false,false
lp:1872:word:0,1872,0,她们,0,2,,她们,,,false,false,false
lp:1872:word:1,1872,1,都,2,3,lpw_7eabb36ba1,都,function,false,false,true,true
lp:1872:word:2,1872,2,长得,3,5,,长得,,,false,false,false
lp:1872:word:3,1872,3,和,5,6,lpw_3d7114281f,和,function,false,false,true,true
lp:1872:word:4,1872,4,他,6,7,lpw_8b7b91e000,他,pronoun,false,true,true,true
lp:1872:word:5,1872,5,的,7,8,lpw_8af2350cfd,的,function,false,true,true,true
lp:1872:word:6,1872,6,花儿,8,10,lpw_059ab0f707,花,narrative_character|concrete_entity,false,true,true,true
lp:1872:word:7,1872,7,一,10,11,lpw_51a75f4634,一,other,false,false,true,true
lp:1872:word:8,1872,8,模,11,12,,模,,,false,false,false
lp:1872:word:9,1872,9,一样,12,14,lpw_9dc5c0158d,一样,other,false,false,false,true
lp:1873:word:0,1873,0,你们,1,3,lpw_8a5d477bda,你们,pronoun,false,false,true,true
lp:1873:word:1,1873,1,是,3,4,lpw_b5141d3d19,是,function,false,true,true,true
lp:1873:word:2,1873,2,什么,4,6,lpw_c1b52e0e64,什么,pronoun|interrogative,false,true,true,true
lp:1873:word:3,1873,3,花,6,7,,花,,,false,false,false
lp:1873:word:4,1873,4,呀,7,8,lpw_03fe6b38e7,呀,function,false,false,false,true
lp:1874:word:0,1874,0,他,0,1,lpw_8b7b91e000,他,pronoun,false,true,true,true
lp:1874:word:1,1874,1,惊奇,1,3,,惊奇,,,false,false,false
lp:1874:word:2,1874,2,地,3,4,lpw_bdbd41e490,地,function,false,true,true,true
lp:1874:word:3,1874,3,问,4,5,lpw_4628c0e06f,问,speech,false,false,true,true
lp:1875:word:0,1875,0,我们,1,3,lpw_bcacb40df8,我们,pronoun,false,false,false,false
lp:1875:word:1,1875,1,是,3,4,lpw_b5141d3d19,是,function,false,true,true,true
lp:1875:word:2,1875,2,玫瑰花,4,7,,玫瑰花,,,false,false,false
lp:1876:word:0,1876,0,玫瑰,0,2,lpw_a6664df1ef,玫瑰,narrative_character|concrete_entity,false,false,false,true
lp:1876:word:1,1876,1,们,2,3,lpw_b4dcb3305a,们,other,false,false,false,false
lp:1876:word:2,1876,2,说,3,4,lpw_ccca744613,说,speech,false,true,true,true
lp:1877:word:0,1877,0,噢,1,2,,噢,,,false,false,false
lp:1878:word:0,1878,0,小王子,0,3,lpw_87f2a033cf,小王子,narrative_character,false,true,true,true
lp:1878:word:1,1878,1,说,3,4,lpw_ccca744613,说,speech,false,true,true,true
lp:1879:word:0,1879,0,他,0,1,lpw_8b7b91e000,他,pronoun,false,true,true,true
lp:1879:word:1,1879,1,感到,1,3,lpw_15c2457566,感到,perception,false,false,false,true
lp:1879:word:2,1879,2,非常,3,5,lpw_2ccec3b419,非常,other,false,false,false,false
lp:1879:word:3,1879,3,伤心,5,7,,伤心,,,false,false,false
lp:1880:word:0,1880,0,他,0,1,lpw_8b7b91e000,他,pronoun,false,true,true,true
lp:1880:word:1,1880,1,的,1,2,lpw_8af2350cfd,的,function,false,true,true,true
lp:1880:word:2,1880,2,花儿,2,4,lpw_059ab0f707,花,narrative_character|concrete_entity,false,true,true,true
lp:1880:word:3,1880,3,跟,4,5,lpw_383a53d95c,跟,function,false,false,false,true
lp:1880:word:4,1880,4,他,5,6,lpw_8b7b91e000,他,pronoun,false,true,true,true
lp:1880:word:5,1880,5,说,6,7,lpw_ccca744613,说,speech,false,true,true,true
lp:1880:word:6,1880,6,过,7,8,lpw_f777893480,过,other,false,false,true,true
lp:1881:word:0,1881,0,她是,0,2,,她是,,,false,false,false
lp:1881:word:1,1881,1,整个,2,4,,整个,,,false,false,false
lp:1881:word:2,1881,2,宇宙,4,6,,宇宙,,,false,false,false
lp:1881:word:3,1881,3,中,6,7,lpw_a567bdaa11,中,other,false,false,false,false
lp:1881:word:4,1881,4,独一无二,7,11,,独一无二,,,false,false,false
lp:1881:word:5,1881,5,的,11,12,lpw_8af2350cfd,的,function,false,true,true,true
lp:1881:word:6,1881,6,花儿,12,14,lpw_059ab0f707,花,narrative_character|concrete_entity,false,true,true,true
lp:1882:word:0,1882,0,可,0,1,lpw_8b9cefa38e,可,other,false,false,true,true
lp:1882:word:1,1882,1,这儿,1,3,lpw_19a29e87c9,这儿,other,false,false,true,true
lp:1883:word:0,1883,0,在,0,1,lpw_12404a0b63,在,function,false,true,true,true
lp:1883:word:1,1883,1,一座,1,3,lpw_e2d5460909,一座,other,false,false,false,false
lp:1883:word:2,1883,2,花园,3,5,,花园,,,false,false,false
lp:1883:word:3,1883,3,里,5,6,lpw_79f43de6e3,里,function,false,false,true,true
lp:1883:word:4,1883,4,就有,6,8,,就有,,,false,false,false
lp:1883:word:5,1883,5,五千,8,10,,五千,,,false,false,false
lp:1883:word:6,1883,6,朵,10,11,lpw_0da9a35a4b,朵,other,false,false,false,false
lp:1884:word:0,1884,0,全都,0,2,,全都,,,false,false,false
lp:1884:word:1,1884,1,一,2,3,lpw_51a75f4634,一,other,false,false,true,true
lp:1884:word:2,1884,2,模,3,4,,模,,,false,false,false
lp:1884:word:3,1884,3,一样,4,6,lpw_9dc5c0158d,一样,other,false,false,false,true
lp:1885:word:0,1885,0,要是,1,3,lpw_467b2562ed,要是,function,false,false,false,true
lp:1885:word:1,1885,1,让,3,4,lpw_ad37574404,让,other,false,true,true,true
lp:1885:word:2,1885,2,她,4,5,lpw_2ab425e0c6,她,pronoun,false,true,true,true
lp:1885:word:3,1885,3,看到,5,7,lpw_e9c1d16595,看到,other,false,false,false,false
lp:1885:word:4,1885,4,了,7,8,lpw_b2dd27e84f,了,function,false,true,true,true
lp:1886:word:0,1886,0,他想,0,2,,他想,,,false,false,false
lp:1887:word:0,1887,0,她,1,2,lpw_2ab425e0c6,她,pronoun,false,true,true,true
lp:1887:word:1,1887,1,一定,2,4,,一定,,,false,false,false
lp:1887:word:2,1887,2,会,4,5,lpw_5ba1e3c0eb,会,negation_modality,false,true,true,true
lp:1887:word:3,1887,3,非常,5,7,lpw_2ccec3b419,非常,other,false,false,false,false
lp:1887:word:4,1887,4,生气,7,9,,生气,,,false,false,false
lp:1888:word:0,1888,0,她,0,1,lpw_2ab425e0c6,她,pronoun,false,true,true,true
lp:1888:word:1,1888,1,会,1,2,lpw_5ba1e3c0eb,会,negation_modality,false,true,true,true
lp:1888:word:2,1888,2,拼命,2,4,,拼命,,,false,false,false
lp:1888:word:3,1888,3,咳嗽,4,6,,咳嗽,,,false,false,false
lp:1889:word:0,1889,0,她,0,1,lpw_2ab425e0c6,她,pronoun,false,true,true,true
lp:1889:word:1,1889,1,还,1,2,lpw_1bc709b8bf,还,other,false,false,false,true
lp:1889:word:2,1889,2,会,2,3,lpw_5ba1e3c0eb,会,negation_modality,false,true,true,true
lp:1889:word:3,1889,3,假装,3,5,,假装,,,false,false,false
lp:1889:word:4,1889,4,死去,5,7,,死去,,,false,false,false
lp:1890:word:0,1890,0,免得,0,2,,免得,,,false,false,false
lp:1890:word:1,1890,1,让,2,3,lpw_ad37574404,让,other,false,true,true,true
lp:1890:word:2,1890,2,人,3,4,lpw_50f5d65d57,人,other,false,true,true,true
lp:1890:word:3,1890,3,耻,4,5,,耻,,,false,false,false
lp:1890:word:4,1890,4,笑,5,6,lpw_1d8fb5e34e,笑,other,false,false,false,false
lp:1890:word:5,1890,5,我,7,8,lpw_b70bb4acc0,我,pronoun,false,true,true,true
lp:1890:word:6,1890,6,呢,8,9,lpw_02811cec0b,呢,function|interrogative,false,true,true,true
lp:1891:word:0,1891,0,还,0,1,lpw_1bc709b8bf,还,other,false,false,false,true
lp:1891:word:1,1891,1,得,1,2,lpw_71b1ed1114,得,function,false,false,true,true
lp:1891:word:2,1891,2,假装,2,4,,假装,,,false,false,false
lp:1891:word:3,1891,3,去,4,5,lpw_99ae21ea6c,去,physical_action,false,false,true,true
lp:1891:word:4,1891,4,照料,5,7,,照料,,,false,false,false
lp:1891:word:5,1891,5,她,7,8,lpw_2ab425e0c6,她,pronoun,false,true,true,true
lp:1892:word:0,1892,0,否则,0,2,,否则,,,false,false,false
lp:1892:word:1,1892,1,她,2,3,lpw_2ab425e0c6,她,pronoun,false,true,true,true
lp:1892:word:2,1892,2,为了,3,5,lpw_2ed64c1d92,为了,other,false,false,false,false
lp:1892:word:3,1892,3,让,5,6,lpw_ad37574404,让,other,false,true,true,true
lp:1892:word:4,1892,4,我,6,7,lpw_b70bb4acc0,我,pronoun,false,true,true,true
lp:1892:word:5,1892,5,感到,7,9,lpw_15c2457566,感到,perception,false,false,false,true
lp:1892:word:6,1892,6,羞愧,9,11,,羞愧,,,false,false,false
lp:1893:word:0,1893,0,说不定,0,3,lpw_63e84e56ed,说不定,other,false,false,false,false
lp:1893:word:1,1893,1,真的,3,5,,真的,,,false,false,false
lp:1893:word:2,1893,2,会,5,6,lpw_5ba1e3c0eb,会,negation_modality,false,true,true,true
lp:1893:word:3,1893,3,让,6,7,lpw_ad37574404,让,other,false,true,true,true
lp:1893:word:4,1893,4,自己,7,9,lpw_fb43354d2a,自己,pronoun,false,false,true,true
lp:1893:word:5,1893,5,死去,9,11,,死去,,,false,false,false
lp:1894:word:0,1894,0,随后,0,2,,随后,,,false,false,false
lp:1894:word:1,1894,1,他,2,3,lpw_8b7b91e000,他,pronoun,false,true,true,true
lp:1894:word:2,1894,2,又,3,4,lpw_e71ce5deab,又,function,false,true,true,true
lp:1894:word:3,1894,3,想,4,5,lpw_df0d251938,想,cognition,false,false,false,true
lp:1895:word:0,1895,0,我还,1,3,,我还,,,false,false,false
lp:1895:word:1,1895,1,以为,3,5,,以为,,,false,false,false
lp:1895:word:2,1895,2,自己,5,7,lpw_fb43354d2a,自己,pronoun,false,false,true,true
lp:1895:word:3,1895,3,拥有,7,9,,拥有,,,false,false,false
lp:1895:word:4,1895,4,的是,9,11,lpw_5e1dc2a833,的是,other,false,false,false,false
lp:1895:word:5,1895,5,独一无二,11,15,,独一无二,,,false,false,false
lp:1895:word:6,1895,6,的,15,16,lpw_8af2350cfd,的,function,false,true,true,true
lp:1895:word:7,1895,7,一朵,16,18,lpw_aebd6fbbd2,一朵,other,false,false,false,true
lp:1895:word:8,1895,8,花儿,18,20,lpw_059ab0f707,花,narrative_character|concrete_entity,false,true,true,true
lp:1895:word:9,1895,9,呢,20,21,lpw_02811cec0b,呢,function|interrogative,false,true,true,true
lp:1896:word:0,1896,0,可,0,1,lpw_8b9cefa38e,可,other,false,false,true,true
lp:1896:word:1,1896,1,我有,1,3,lpw_59cbe38d1c,我有,other,false,false,false,false
lp:1896:word:2,1896,2,的,3,4,lpw_8af2350cfd,的,function,false,true,true,true
lp:1896:word:3,1896,3,只是,4,6,,只是,,,false,false,false
lp:1896:word:4,1896,4,普,6,7,,普,,,false,false,false
lp:1896:word:5,1896,5,普通,7,9,,普通,,,false,false,false
lp:1896:word:6,1896,6,通,9,10,,通,,,false,false,false
lp:1896:word:7,1896,7,的,10,11,lpw_8af2350cfd,的,function,false,true,true,true
lp:1896:word:8,1896,8,一朵,11,13,lpw_aebd6fbbd2,一朵,other,false,false,false,true
lp:1896:word:9,1896,9,玫瑰花,13,16,,玫瑰花,,,false,false,false
lp:1896:word:10,1896,10,罢了,16,18,,罢了,,,false,false,false
lp:1897:word:0,1897,0,这,0,1,lpw_d409ab2ab3,这,pronoun,false,true,true,true
lp:1897:word:1,1897,1,朵,1,2,lpw_0da9a35a4b,朵,other,false,false,false,false
lp:1897:word:2,1897,2,花儿,2,4,lpw_059ab0f707,花,narrative_character|concrete_entity,false,true,true,true
lp:1898:word:0,1898,0,加上,0,2,,加上,,,false,false,false
lp:1898:word:1,1898,1,那,2,3,lpw_5a2362a202,那,pronoun,false,true,true,true
lp:1898:word:2,1898,2,三,3,4,lpw_a4c3313deb,三,other,false,false,false,false
lp:1898:word:3,1898,3,座,4,5,lpw_001d9c64f7,座,other,true,false,false,false
lp:1898:word:4,1898,4,只,5,6,lpw_409e2c3882,只,function,false,false,true,true
lp:1898:word:5,1898,5,到,6,7,lpw_b56f36b529,到,other,false,false,false,false
lp:1898:word:6,1898,6,我,7,8,lpw_b70bb4acc0,我,pronoun,false,true,true,true
lp:1898:word:7,1898,7,膝盖,8,10,,膝盖,,,false,false,false
lp:1898:word:8,1898,8,的,10,11,lpw_8af2350cfd,的,function,false,true,true,true
lp:1898:word:9,1898,9,火山,11,13,lpw_dc749837f4,火山,place|concrete_entity,true,false,false,false
lp:1899:word:0,1899,0,其中,0,2,,其中,,,false,false,false
lp:1899:word:1,1899,1,有,2,3,lpw_90ce0f66f0,有,other,false,true,true,true
lp:1899:word:2,1899,2,一座,3,5,lpw_e2d5460909,一座,other,false,false,false,false
lp:1899:word:3,1899,3,还,5,6,lpw_1bc709b8bf,还,other,false,false,false,true
lp:1899:word:4,1899,4,说不定,6,9,lpw_63e84e56ed,说不定,other,false,false,false,false
lp:1899:word:5,1899,5,永远,9,11,,永远,,,false,false,false
lp:1899:word:6,1899,6,不会,11,13,lpw_c7ae73a94d,不会,negation_modality,false,false,false,false
lp:1899:word:7,1899,7,再,13,14,,再,,,false,false,false
lp:1899:word:8,1899,8,喷发,14,16,,喷发,,,false,false,false
lp:1900:word:0,1900,0,就,0,1,lpw_2f9d9872e5,就,function,false,true,true,true
lp:1900:word:1,1900,1,凭,1,2,,凭,,,false,false,false
lp:1900:word:2,1900,2,这些,2,4,lpw_7a590a22cd,这些,function,false,false,false,true
lp:1901:word:0,1901,0,我,0,1,lpw_b70bb4acc0,我,pronoun,false,true,true,true
lp:1901:word:1,1901,1,怎么,1,3,lpw_5ee8091a38,怎么,interrogative,false,false,false,false
lp:1901:word:2,1901,2,也,3,4,lpw_658605835b,也,function,false,false,true,true
lp:1901:word:3,1901,3,成,4,5,,成,,,false,false,false
lp:1901:word:4,1901,4,不了,5,7,,不了,,,false,false,false
lp:1901:word:5,1901,5,一个,7,9,lpw_e1dbc1c99f,一个,function|time_quantity,false,true,true,true
lp:1901:word:6,1901,6,伟大,9,11,,伟大,,,false,false,false
lp:1901:word:7,1901,7,的,11,12,lpw_8af2350cfd,的,function,false,true,true,true
lp:1901:word:8,1901,8,王子,12,14,,王子,,,false,false,false
lp:1902:word:0,1902,0,想,0,1,lpw_df0d251938,想,cognition,false,false,false,true
lp:1902:word:1,1902,1,着想,1,3,,着想,,,false,false,false
lp:1902:word:2,1902,2,着,3,4,lpw_9e5bf0d2d9,着,function,false,true,true,true
lp:1903:word:0,1903,0,他,0,1,lpw_8b7b91e000,他,pronoun,false,true,true,true
lp:1903:word:1,1903,1,趴在,1,3,,趴在,,,false,false,false
lp:1903:word:2,1903,2,草地,3,5,,草地,,,false,false,false
lp:1903:word:3,1903,3,上,5,6,lpw_db5ba671d2,上,function,false,true,true,true
lp:1903:word:4,1903,4,哭了,6,8,,哭了,,,false,false,false
lp:1903:word:5,1903,5,起来,8,10,lpw_b8a694b2df,起来,other,false,false,false,true
lp:1905:word:0,1905,0,就在,0,2,,就在,,,false,false,false
lp:1905:word:1,1905,1,这时,2,4,,这时,,,false,false,false
lp:1905:word:2,1905,2,狐狸,4,6,lpw_0a93e4ffe2,狐狸,narrative_character,true,false,false,false
lp:1905:word:3,1905,3,出现,6,8,,出现,,,false,false,false
lp:1905:word:4,1905,4,了,8,9,lpw_b2dd27e84f,了,function,false,true,true,true
lp:1906:word:0,1906,0,早,1,2,,早,,,false,false,false
lp:1906:word:1,1906,1,哇,2,3,,哇,,,false,false,false
lp:1907:word:0,1907,0,狐狸,0,2,lpw_0a93e4ffe2,狐狸,narrative_character,true,false,false,false
lp:1907:word:1,1907,1,说,2,3,lpw_ccca744613,说,speech,false,true,true,true
lp:1908:word:0,1908,0,早,1,2,,早,,,false,false,false
lp:1909:word:0,1909,0,小王子,0,3,lpw_87f2a033cf,小王子,narrative_character,false,true,true,true
lp:1909:word:1,1909,1,有,3,4,lpw_90ce0f66f0,有,other,false,true,true,true
lp:1909:word:2,1909,2,礼貌,4,6,,礼貌,,,false,false,false
lp:1909:word:3,1909,3,地,6,7,lpw_bdbd41e490,地,function,false,true,true,true
lp:1909:word:4,1909,4,回答,7,9,lpw_f3f5126487,回答,speech,false,false,true,true
lp:1910:word:0,1910,0,他,0,1,lpw_8b7b91e000,他,pronoun,false,true,true,true
lp:1910:word:1,1910,1,转,1,2,lpw_9482d0359c,转,other,true,false,false,false
lp:1910:word:2,1910,2,过,2,3,lpw_f777893480,过,other,false,false,true,true
lp:1910:word:3,1910,3,身,3,4,,身,,,false,false,false
lp:1910:word:4,1910,4,来,4,5,lpw_6d8229118c,来,physical_action,false,true,true,true
lp:1911:word:0,1911,0,却,0,1,lpw_da153c5b45,却,other,false,false,false,false
lp:1911:word:1,1911,1,什么,1,3,lpw_c1b52e0e64,什么,pronoun|interrogative,false,true,true,true
lp:1911:word:2,1911,2,也没,3,5,,也没,,,false,false,false
lp:1911:word:3,1911,3,看到,5,7,lpw_e9c1d16595,看到,other,false,false,false,false
lp:1912:word:0,1912,0,我在,1,3,lpw_33f40475f8,我在,other,false,false,false,false
lp:1912:word:1,1912,1,这儿,3,5,lpw_19a29e87c9,这儿,other,false,false,true,true
lp:1912:word:2,1912,2,呢,5,6,lpw_02811cec0b,呢,function|interrogative,false,true,true,true
lp:1913:word:0,1913,0,那,0,1,lpw_5a2362a202,那,pronoun,false,true,true,true
lp:1913:word:1,1913,1,声音,1,3,lpw_473400815c,声音,other,false,false,false,false
lp:1913:word:2,1913,2,说,3,4,lpw_ccca744613,说,speech,false,true,true,true
lp:1914:word:0,1914,0,在,1,2,lpw_12404a0b63,在,function,false,true,true,true
lp:1914:word:1,1914,1,苹果,2,4,,苹果,,,false,false,false
lp:1914:word:2,1914,2,树,4,5,,树,,,false,false,false
lp:1914:word:3,1914,3,下面,5,7,,下面,,,false,false,false
lp:1915:word:0,1915,0,你是,1,3,,你是,,,false,false,false
lp:1915:word:1,1915,1,谁,3,4,lpw_056b9c6262,谁,pronoun|interrogative,false,false,false,false
lp:1916:word:0,1916,0,小王子,0,3,lpw_87f2a033cf,小王子,narrative_character,false,true,true,true
lp:1916:word:1,1916,1,说,3,4,lpw_ccca744613,说,speech,false,true,true,true
lp:1917:word:0,1917,0,你,1,2,lpw_a0c7716669,你,pronoun,false,true,true,true
lp:1917:word:1,1917,1,很,2,3,lpw_f2b91797ea,很,other,false,true,true,true
lp:1917:word:2,1917,2,漂亮,3,5,,漂亮,,,false,false,false
lp:1918:word:0,1918,0,我是,1,3,lpw_06ba27715e,我是,other,false,false,false,false
lp:1918:word:1,1918,1,一只,3,5,lpw_216a478784,一只,time_quantity,false,false,false,false
lp:1918:word:2,1918,2,狐狸,5,7,lpw_0a93e4ffe2,狐狸,narrative_character,true,false,false,false
lp:1919:word:0,1919,0,狐狸,0,2,lpw_0a93e4ffe2,狐狸,narrative_character,true,false,false,false
lp:1919:word:1,1919,1,说,2,3,lpw_ccca744613,说,speech,false,true,true,true
lp:1920:word:0,1920,0,来,1,2,lpw_6d8229118c,来,physical_action,false,true,true,true
lp:1920:word:1,1920,1,和,2,3,lpw_3d7114281f,和,function,false,false,true,true
lp:1920:word:2,1920,2,我,3,4,lpw_b70bb4acc0,我,pronoun,false,true,true,true
lp:1920:word:3,1920,3,一起,4,6,,一起,,,false,false,false
lp:1920:word:4,1920,4,玩,6,7,,玩,,,false,false,false
lp:1920:word:5,1920,5,吧,7,8,lpw_bad8b6c7ae,吧,function,false,false,false,true
lp:1921:word:0,1921,0,小王子,0,3,lpw_87f2a033cf,小王子,narrative_character,false,true,true,true
lp:1921:word:1,1921,1,提议,3,5,,提议,,,false,false,false
lp:1922:word:0,1922,0,我,1,2,lpw_b70bb4acc0,我,pronoun,false,true,true,true
lp:1922:word:1,1922,1,很不,2,4,,很不,,,false,false,false
lp:1922:word:2,1922,2,快活,4,6,,快活,,,false,false,false
lp:1923:word:0,1923,0,我,1,2,lpw_b70bb4acc0,我,pronoun,false,true,true,true
lp:1923:word:1,1923,1,不能,2,4,,不能,,,false,false,false
lp:1923:word:2,1923,2,和,4,5,lpw_3d7114281f,和,function,false,false,true,true
lp:1923:word:3,1923,3,你,5,6,lpw_a0c7716669,你,pronoun,false,true,true,true
lp:1923:word:4,1923,4,一起,6,8,,一起,,,false,false,false
lp:1923:word:5,1923,5,玩,8,9,,玩,,,false,false,false
lp:1924:word:0,1924,0,狐狸,0,2,lpw_0a93e4ffe2,狐狸,narrative_character,true,false,false,false
lp:1924:word:1,1924,1,说,2,3,lpw_ccca744613,说,speech,false,true,true,true
lp:1925:word:0,1925,0,还,1,2,lpw_1bc709b8bf,还,other,false,false,false,true
lp:1925:word:1,1925,1,没,2,3,lpw_279e8b3573,没,negation_modality,false,false,true,true
lp:1925:word:2,1925,2,人,3,4,lpw_50f5d65d57,人,other,false,true,true,true
lp:1925:word:3,1925,3,驯,4,5,lpw_c3a6e91c19,驯,other,true,false,false,false
lp:1925:word:4,1925,4,养,5,6,lpw_bd49c65dde,养,other,true,false,false,false
lp:1925:word:5,1925,5,过,6,7,lpw_f777893480,过,other,false,false,true,true
lp:1925:word:6,1925,6,我,7,8,lpw_b70bb4acc0,我,pronoun,false,true,true,true
lp:1925:word:7,1925,7,呢,8,9,lpw_02811cec0b,呢,function|interrogative,false,true,true,true
lp:1926:word:0,1926,0,啊,1,2,lpw_7c2c50fbaf,啊,function,false,false,false,false
lp:1926:word:1,1926,1,对不起,3,6,,对不起,,,false,false,false
lp:1927:word:0,1927,0,小王子,0,3,lpw_87f2a033cf,小王子,narrative_character,false,true,true,true
lp:1927:word:1,1927,1,说,3,4,lpw_ccca744613,说,speech,false,true,true,true
lp:1928:word:0,1928,0,不过,0,2,lpw_72113362c6,不过,function,false,false,false,true
lp:1929:word:0,1929,0,他想,0,2,,他想,,,false,false,false
lp:1929:word:1,1929,1,了,2,3,lpw_b2dd27e84f,了,function,false,true,true,true
lp:1929:word:2,1929,2,想,3,4,lpw_df0d251938,想,cognition,false,false,false,true
lp:1929:word:3,1929,3,又,4,5,lpw_e71ce5deab,又,function,false,true,true,true
lp:1929:word:4,1929,4,说,5,6,lpw_ccca744613,说,speech,false,true,true,true
lp:1930:word:0,1930,0,驯,2,3,lpw_c3a6e91c19,驯,other,true,false,false,false
lp:1930:word:1,1930,1,养,3,4,lpw_bd49c65dde,养,other,true,false,false,false
lp:1931:word:0,1931,0,是,0,1,lpw_b5141d3d19,是,function,false,true,true,true
lp:1931:word:1,1931,1,什么,1,3,lpw_c1b52e0e64,什么,pronoun|interrogative,false,true,true,true
lp:1931:word:2,1931,2,意思,3,5,lpw_65eb352d08,意思,other,true,false,false,false
lp:1932:word:0,1932,0,你,1,2,lpw_a0c7716669,你,pronoun,false,true,true,true
lp:1932:word:1,1932,1,一定,2,4,,一定,,,false,false,false
lp:1932:word:2,1932,2,不是,4,6,lpw_584cd0fcf3,不是,other,false,false,false,false
lp:1932:word:3,1932,3,这儿,6,8,lpw_19a29e87c9,这儿,other,false,false,true,true
lp:1932:word:4,1932,4,的,8,9,lpw_8af2350cfd,的,function,false,true,true,true
lp:1932:word:5,1932,5,人,9,10,lpw_50f5d65d57,人,other,false,true,true,true
lp:1933:word:0,1933,0,狐狸,0,2,lpw_0a93e4ffe2,狐狸,narrative_character,true,false,false,false
lp:1933:word:1,1933,1,说,2,3,lpw_ccca744613,说,speech,false,true,true,true
lp:1934:word:0,1934,0,你来,1,3,,你来,,,false,false,false
lp:1934:word:1,1934,1,寻找,3,5,,寻找,,,false,false,false
lp:1934:word:2,1934,2,什么,5,7,lpw_c1b52e0e64,什么,pronoun|interrogative,false,true,true,true
lp:1934:word:3,1934,3,呢,7,8,lpw_02811cec0b,呢,function|interrogative,false,true,true,true
lp:1935:word:0,1935,0,我来,1,3,,我来,,,false,false,false
lp:1935:word:1,1935,1,找人,3,5,,找人,,,false,false,false
lp:1936:word:0,1936,0,小王子,0,3,lpw_87f2a033cf,小王子,narrative_character,false,true,true,true
lp:1936:word:1,1936,1,说,3,4,lpw_ccca744613,说,speech,false,true,true,true
lp:1937:word:0,1937,0,驯,2,3,lpw_c3a6e91c19,驯,other,true,false,false,false
lp:1937:word:1,1937,1,养,3,4,lpw_bd49c65dde,养,other,true,false,false,false
lp:1938:word:0,1938,0,是,0,1,lpw_b5141d3d19,是,function,false,true,true,true
lp:1938:word:1,1938,1,什么,1,3,lpw_c1b52e0e64,什么,pronoun|interrogative,false,true,true,true
lp:1938:word:2,1938,2,意思,3,5,lpw_65eb352d08,意思,other,true,false,false,false
lp:1939:word:0,1939,0,人,1,2,lpw_50f5d65d57,人,other,false,true,true,true
lp:1939:word:1,1939,1,哪,2,3,,哪,,,false,false,false
lp:1940:word:0,1940,0,狐狸,0,2,lpw_0a93e4ffe2,狐狸,narrative_character,true,false,false,false
lp:1940:word:1,1940,1,说,2,3,lpw_ccca744613,说,speech,false,true,true,true
lp:1941:word:0,1941,0,他们,1,3,lpw_10518f8f0a,他们,pronoun,false,true,true,true
lp:1941:word:1,1941,1,有枪,3,5,,有枪,,,false,false,false
lp:1941:word:2,1941,2,还,6,7,lpw_1bc709b8bf,还,other,false,false,false,true
lp:1941:word:3,1941,3,打猎,7,9,,打猎,,,false,false,false
lp:1942:word:0,1942,0,讨厌,0,2,,讨厌,,,false,false,false
lp:1942:word:1,1942,1,极了,2,4,,极了,,,false,false,false
lp:1943:word:0,1943,0,他们,0,2,lpw_10518f8f0a,他们,pronoun,false,true,true,true
lp:1943:word:1,1943,1,还养,2,4,,还养,,,false,false,false
lp:1943:word:2,1943,2,母鸡,4,6,,母鸡,,,false,false,false
lp:1944:word:0,1944,0,这,0,1,lpw_d409ab2ab3,这,pronoun,false,true,true,true
lp:1944:word:1,1944,1,总算,1,3,,总算,,,false,false,false
lp:1944:word:2,1944,2,有点,3,5,lpw_29506aa712,有点,other,false,false,false,true
lp:1944:word:3,1944,3,意思,5,7,lpw_65eb352d08,意思,other,true,false,false,false
lp:1945:word:0,1945,0,你,0,1,lpw_a0c7716669,你,pronoun,false,true,true,true
lp:1945:word:1,1945,1,也,1,2,lpw_658605835b,也,function,false,false,true,true
lp:1945:word:2,1945,2,找,2,3,lpw_c277be8a4b,找,other,false,false,false,false
lp:1945:word:3,1945,3,母鸡,3,5,,母鸡,,,false,false,false
lp:1945:word:4,1945,4,吗,5,6,lpw_5ac1612110,吗,function|interrogative,false,false,false,true
lp:1946:word:0,1946,0,不,1,2,lpw_b02dfe2160,不,negation_modality,false,false,true,true
lp:1946:word:1,1946,1,找,2,3,lpw_c277be8a4b,找,other,false,false,false,false
lp:1947:word:0,1947,0,小王子,0,3,lpw_87f2a033cf,小王子,narrative_character,false,true,true,true
lp:1947:word:1,1947,1,说,3,4,lpw_ccca744613,说,speech,false,true,true,true
lp:1948:word:0,1948,0,我,1,2,lpw_b70bb4acc0,我,pronoun,false,true,true,true
lp:1948:word:1,1948,1,找,2,3,lpw_c277be8a4b,找,other,false,false,false,false
lp:1948:word:2,1948,2,朋友,3,5,lpw_677aad1a0e,朋友,emotion_social,false,false,false,true
lp:1948:word:3,1948,3,驯,7,8,lpw_c3a6e91c19,驯,other,true,false,false,false
lp:1948:word:4,1948,4,养,8,9,lpw_bd49c65dde,养,other,true,false,false,false
lp:1949:word:0,1949,0,是,0,1,lpw_b5141d3d19,是,function,false,true,true,true
lp:1949:word:1,1949,1,什么,1,3,lpw_c1b52e0e64,什么,pronoun|interrogative,false,true,true,true
lp:1949:word:2,1949,2,意思,3,5,lpw_65eb352d08,意思,other,true,false,false,false
lp:1950:word:0,1950,0,这,1,2,lpw_d409ab2ab3,这,pronoun,false,true,true,true
lp:1950:word:1,1950,1,是,2,3,lpw_b5141d3d19,是,function,false,true,true,true
lp:1950:word:2,1950,2,一件,3,5,,一件,,,false,false,false
lp:1950:word:3,1950,3,经常,5,7,,经常,,,false,false,false
lp:1950:word:4,1950,4,被,7,8,,被,,,false,false,false
lp:1950:word:5,1950,5,忽略,8,10,,忽略,,,false,false,false
lp:1950:word:6,1950,6,的,10,11,lpw_8af2350cfd,的,function,false,true,true,true
lp:1950:word:7,1950,7,事情,11,13,lpw_e66d9fac19,事情,other,false,false,false,false
lp:1951:word:0,1951,0,狐狸,0,2,lpw_0a93e4ffe2,狐狸,narrative_character,true,false,false,false
lp:1951:word:1,1951,1,说,2,3,lpw_ccca744613,说,speech,false,true,true,true
lp:1952:word:0,1952,0,意思,1,3,lpw_65eb352d08,意思,other,true,false,false,false
lp:1952:word:1,1952,1,是,3,4,lpw_b5141d3d19,是,function,false,true,true,true
lp:1952:word:2,1952,2,建立,5,7,,建立,,,false,false,false
lp:1952:word:3,1952,3,感情,7,9,,感情,,,false,false,false
lp:1952:word:4,1952,4,联系,9,11,,联系,,,false,false,false
lp:1953:word:0,1953,0,建立,1,3,,建立,,,false,false,false
lp:1953:word:1,1953,1,感情,3,5,,感情,,,false,false,false
lp:1953:word:2,1953,2,联系,5,7,,联系,,,false,false,false
lp:1954:word:0,1954,0,当然,1,3,lpw_0002e2d87f,当然,other,false,false,false,false
lp:1955:word:0,1955,0,狐狸,0,2,lpw_0a93e4ffe2,狐狸,narrative_character,true,false,false,false
lp:1955:word:1,1955,1,说,2,3,lpw_ccca744613,说,speech,false,true,true,true
lp:1956:word:0,1956,0,现在,1,3,lpw_43584f37c1,现在,other,false,false,false,false
lp:1956:word:1,1956,1,你,3,4,lpw_a0c7716669,你,pronoun,false,true,true,true
lp:1956:word:2,1956,2,对,4,5,lpw_74570c7270,对,function,false,true,true,true
lp:1956:word:3,1956,3,我,5,6,lpw_b70bb4acc0,我,pronoun,false,true,true,true
lp:1956:word:4,1956,4,来说,6,8,lpw_a0cc5593ee,来说,other,false,false,false,true
lp:1957:word:0,1957,0,只不过是,0,4,,只不过是,,,false,false,false
lp:1957:word:1,1957,1,个,4,5,lpw_3a116815bc,个,other,false,false,true,true
lp:1957:word:2,1957,2,小,5,6,lpw_6a7339bb75,小,other,false,false,true,true
lp:1957:word:3,1957,3,男孩,6,8,,男孩,,,false,false,false
lp:1958:word:0,1958,0,跟,0,1,lpw_383a53d95c,跟,function,false,false,false,true
lp:1958:word:1,1958,1,成千上万,1,5,,成千上万,,,false,false,false
lp:1958:word:2,1958,2,别的,5,7,lpw_3966c0d55d,别的,other,false,false,false,false
lp:1958:word:3,1958,3,小,7,8,lpw_6a7339bb75,小,other,false,false,true,true
lp:1958:word:4,1958,4,男孩,8,10,,男孩,,,false,false,false
lp:1958:word:5,1958,5,毫无,10,12,,毫无,,,false,false,false
lp:1958:word:6,1958,6,两,12,13,lpw_83385d2eda,两,other,false,false,false,false
lp:1958:word:7,1958,7,样,13,14,,样,,,false,false,false
lp:1959:word:0,1959,0,我,0,1,lpw_b70bb4acc0,我,pronoun,false,true,true,true
lp:1959:word:1,1959,1,不需要,1,4,,不需要,,,false,false,false
lp:1959:word:2,1959,2,你,4,5,lpw_a0c7716669,你,pronoun,false,true,true,true
lp:1960:word:0,1960,0,你,0,1,lpw_a0c7716669,你,pronoun,false,true,true,true
lp:1960:word:1,1960,1,也不,1,3,lpw_941252022a,也不,other,false,false,false,false
lp:1960:word:2,1960,2,需要,3,5,,需要,,,false,false,false
lp:1960:word:3,1960,3,我,5,6,lpw_b70bb4acc0,我,pronoun,false,true,true,true
lp:1961:word:0,1961,0,我,0,1,lpw_b70bb4acc0,我,pronoun,false,true,true,true
lp:1961:word:1,1961,1,对,1,2,lpw_74570c7270,对,function,false,true,true,true
lp:1961:word:2,1961,2,你,2,3,lpw_a0c7716669,你,pronoun,false,true,true,true
lp:1961:word:3,1961,3,来说,3,5,lpw_a0cc5593ee,来说,other,false,false,false,true
lp:1962:word:0,1962,0,也,0,1,lpw_658605835b,也,function,false,false,true,true
lp:1962:word:1,1962,1,只不过是,1,5,,只不过是,,,false,false,false
lp:1962:word:2,1962,2,个,5,6,lpw_3a116815bc,个,other,false,false,true,true
lp:1962:word:3,1962,3,狐狸,6,8,lpw_0a93e4ffe2,狐狸,narrative_character,true,false,false,false
lp:1963:word:0,1963,0,跟,0,1,lpw_383a53d95c,跟,function,false,false,false,true
lp:1963:word:1,1963,1,成千上万,1,5,,成千上万,,,false,false,false
lp:1963:word:2,1963,2,别的,5,7,lpw_3966c0d55d,别的,other,false,false,false,false
lp:1963:word:3,1963,3,狐狸,7,9,lpw_0a93e4ffe2,狐狸,narrative_character,true,false,false,false
lp:1963:word:4,1963,4,毫无,9,11,,毫无,,,false,false,false
lp:1963:word:5,1963,5,两,11,12,lpw_83385d2eda,两,other,false,false,false,false
lp:1963:word:6,1963,6,样,12,13,,样,,,false,false,false
lp:1964:word:0,1964,0,但是,0,2,lpw_8cb1f721c8,但是,other,false,false,false,false
lp:1965:word:0,1965,0,你要,0,2,lpw_642b100e13,你要,other,false,false,false,false
lp:1965:word:1,1965,1,是,2,3,lpw_b5141d3d19,是,function,false,true,true,true
lp:1965:word:2,1965,2,驯,3,4,lpw_c3a6e91c19,驯,other,true,false,false,false
lp:1965:word:3,1965,3,养了,4,6,,养了,,,false,false,false
lp:1965:word:4,1965,4,我,6,7,lpw_b70bb4acc0,我,pronoun,false,true,true,true
lp:1966:word:0,1966,0,我,0,1,lpw_b70bb4acc0,我,pronoun,false,true,true,true
lp:1966:word:1,1966,1,俩,1,2,,俩,,,false,false,false
lp:1966:word:2,1966,2,就,2,3,lpw_2f9d9872e5,就,function,false,true,true,true
lp:1966:word:3,1966,3,彼此,3,5,,彼此,,,false,false,false
lp:1966:word:4,1966,4,都,5,6,lpw_7eabb36ba1,都,function,false,false,true,true
lp:1966:word:5,1966,5,需要,6,8,,需要,,,false,false,false
lp:1966:word:6,1966,6,对方,8,10,,对方,,,false,false,false
lp:1966:word:7,1966,7,了,10,11,lpw_b2dd27e84f,了,function,false,true,true,true
lp:1967:word:0,1967,0,你,0,1,lpw_a0c7716669,你,pronoun,false,true,true,true
lp:1967:word:1,1967,1,对,1,2,lpw_74570c7270,对,function,false,true,true,true
lp:1967:word:2,1967,2,我,2,3,lpw_b70bb4acc0,我,pronoun,false,true,true,true
lp:1967:word:3,1967,3,来说,3,5,lpw_a0cc5593ee,来说,other,false,false,false,true
lp:1967:word:4,1967,4,是,5,6,lpw_b5141d3d19,是,function,false,true,true,true
lp:1967:word:5,1967,5,世界上,6,9,,世界上,,,false,false,false
lp:1967:word:6,1967,6,独一无二,9,13,,独一无二,,,false,false,false
lp:1967:word:7,1967,7,的,13,14,lpw_8af2350cfd,的,function,false,true,true,true
lp:1968:word:0,1968,0,我,0,1,lpw_b70bb4acc0,我,pronoun,false,true,true,true
lp:1968:word:1,1968,1,对,1,2,lpw_74570c7270,对,function,false,true,true,true
lp:1968:word:2,1968,2,你,2,3,lpw_a0c7716669,你,pronoun,false,true,true,true
lp:1968:word:3,1968,3,来说,3,5,lpw_a0cc5593ee,来说,other,false,false,false,true
lp:1969:word:0,1969,0,也是,0,2,lpw_256c0476ed,也是,other,false,false,false,false
lp:1969:word:1,1969,1,世界上,2,5,,世界上,,,false,false,false
lp:1969:word:2,1969,2,独一无二,5,9,,独一无二,,,false,false,false
lp:1969:word:3,1969,3,的,9,10,lpw_8af2350cfd,的,function,false,true,true,true
lp:1970:word:0,1970,0,我,1,2,lpw_b70bb4acc0,我,pronoun,false,true,true,true
lp:1970:word:1,1970,1,有点,2,4,lpw_29506aa712,有点,other,false,false,false,true
lp:1970:word:2,1970,2,明白,4,6,lpw_8e37cd5f7f,明白,cognition,false,false,false,false
lp:1970:word:3,1970,3,了,6,7,lpw_b2dd27e84f,了,function,false,true,true,true
lp:1971:word:0,1971,0,小王子,0,3,lpw_87f2a033cf,小王子,narrative_character,false,true,true,true
lp:1971:word:1,1971,1,说,3,4,lpw_ccca744613,说,speech,false,true,true,true
lp:1972:word:0,1972,0,有,1,2,lpw_90ce0f66f0,有,other,false,true,true,true
lp:1972:word:1,1972,1,一朵,2,4,lpw_aebd6fbbd2,一朵,other,false,false,false,true
lp:1972:word:2,1972,2,花儿,4,6,lpw_059ab0f707,花,narrative_character|concrete_entity,false,true,true,true
lp:1973:word:0,1973,0,我想,0,2,lpw_42230da180,我想,other,false,false,false,false
lp:1973:word:1,1973,1,她是,2,4,,她是,,,false,false,false
lp:1973:word:2,1973,2,驯,4,5,lpw_c3a6e91c19,驯,other,true,false,false,false
lp:1973:word:3,1973,3,养了,5,7,,养了,,,false,false,false
lp:1973:word:4,1973,4,我,7,8,lpw_b70bb4acc0,我,pronoun,false,true,true,true
lp:1974:word:0,1974,0,有,1,2,lpw_90ce0f66f0,有,other,false,true,true,true
lp:1974:word:1,1974,1,可能,2,4,,可能,,,false,false,false
lp:1975:word:0,1975,0,狐狸,0,2,lpw_0a93e4ffe2,狐狸,narrative_character,true,false,false,false
lp:1975:word:1,1975,1,说,2,3,lpw_ccca744613,说,speech,false,true,true,true
lp:1976:word:0,1976,0,这个,1,3,lpw_979e2bc35b,这个,function,false,false,true,true
lp:1976:word:1,1976,1,地球,3,5,lpw_eeef861b87,地球,place,false,false,false,true
lp:1976:word:2,1976,2,上,5,6,lpw_db5ba671d2,上,function,false,true,true,true
lp:1976:word:3,1976,3,各色各样,6,10,,各色各样,,,false,false,false
lp:1976:word:4,1976,4,的,10,11,lpw_8af2350cfd,的,function,false,true,true,true
lp:1976:word:5,1976,5,事,11,12,lpw_1d9ed56951,事,other,false,false,true,true
lp:1976:word:6,1976,6,都有,12,14,,都有,,,false,false,false
lp:1977:word:0,1977,0,哦,1,2,,哦,,,false,false,false
lp:1977:word:1,1977,1,不是,3,5,lpw_584cd0fcf3,不是,other,false,false,false,false
lp:1977:word:2,1977,2,在,5,6,lpw_12404a0b63,在,function,false,true,true,true
lp:1977:word:3,1977,3,地球,6,8,lpw_eeef861b87,地球,place,false,false,false,true
lp:1977:word:4,1977,4,上,8,9,lpw_db5ba671d2,上,function,false,true,true,true
lp:1978:word:0,1978,0,小王子,0,3,lpw_87f2a033cf,小王子,narrative_character,false,true,true,true
lp:1978:word:1,1978,1,说,3,4,lpw_ccca744613,说,speech,false,true,true,true
lp:1979:word:0,1979,0,狐狸,0,2,lpw_0a93e4ffe2,狐狸,narrative_character,true,false,false,false
lp:1979:word:1,1979,1,看上去,2,5,,看上去,,,false,false,false
lp:1979:word:2,1979,2,很,5,6,lpw_f2b91797ea,很,other,false,true,true,true
lp:1979:word:3,1979,3,惊讶,6,8,,惊讶,,,false,false,false
lp:1980:word:0,1980,0,在,1,2,lpw_12404a0b63,在,function,false,true,true,true
lp:1980:word:1,1980,1,另,2,3,,另,,,false,false,false
lp:1980:word:2,1980,2,一个,3,5,lpw_e1dbc1c99f,一个,function|time_quantity,false,true,true,true
lp:1980:word:3,1980,3,星球,5,7,lpw_62f2d6c1a1,星球,place,false,true,true,true
lp:1980:word:4,1980,4,上,7,8,lpw_db5ba671d2,上,function,false,true,true,true
lp:1981:word:0,1981,0,对,1,2,lpw_74570c7270,对,function,false,true,true,true
lp:1982:word:0,1982,0,在,1,2,lpw_12404a0b63,在,function,false,true,true,true
lp:1982:word:1,1982,1,那个,2,4,lpw_fa6e73c549,那个,function,false,false,false,false
lp:1982:word:2,1982,2,星球,4,6,lpw_62f2d6c1a1,星球,place,false,true,true,true
lp:1982:word:3,1982,3,上有,6,8,,上有,,,false,false,false
lp:1982:word:4,1982,4,没有,8,10,lpw_f127804b92,没有,negation_modality,false,false,true,true
lp:1982:word:5,1982,5,猎人,10,12,,猎人,,,false,false,false
lp:1982:word:6,1982,6,呢,12,13,lpw_02811cec0b,呢,function|interrogative,false,true,true,true
lp:1983:word:0,1983,0,没有,1,3,lpw_f127804b92,没有,negation_modality,false,false,true,true
lp:1984:word:0,1984,0,哈,1,2,,哈,,,false,false,false
lp:1984:word:1,1984,1,这,3,4,lpw_d409ab2ab3,这,pronoun,false,true,true,true
lp:1984:word:2,1984,2,很,4,5,lpw_f2b91797ea,很,other,false,true,true,true
lp:1984:word:3,1984,3,有意思,5,8,,有意思,,,false,false,false
lp:1985:word:0,1985,0,那么,0,2,lpw_a61f02e145,那么,function,false,false,false,true
lp:1985:word:1,1985,1,母鸡,2,4,,母鸡,,,false,false,false
lp:1985:word:2,1985,2,呢,4,5,lpw_02811cec0b,呢,function|interrogative,false,true,true,true
lp:1986:word:0,1986,0,没有,1,3,lpw_f127804b92,没有,negation_modality,false,false,true,true
lp:1987:word:0,1987,0,没有,1,3,lpw_f127804b92,没有,negation_modality,false,false,true,true
lp:1987:word:1,1987,1,十全十美,3,7,,十全十美,,,false,false,false
lp:1987:word:2,1987,2,的,7,8,lpw_8af2350cfd,的,function,false,true,true,true
lp:1987:word:3,1987,3,事,8,9,lpw_1d9ed56951,事,other,false,false,true,true
lp:1987:word:4,1987,4,呵,9,10,,呵,,,false,false,false
lp:1988:word:0,1988,0,狐狸,0,2,lpw_0a93e4ffe2,狐狸,narrative_character,true,false,false,false
lp:1988:word:1,1988,1,叹气,2,4,,叹气,,,false,false,false
lp:1988:word:2,1988,2,说,4,5,lpw_ccca744613,说,speech,false,true,true,true
lp:1989:word:0,1989,0,不过,0,2,lpw_72113362c6,不过,function,false,false,false,true
lp:1990:word:0,1990,0,狐狸,0,2,lpw_0a93e4ffe2,狐狸,narrative_character,true,false,false,false
lp:1990:word:1,1990,1,很快,2,4,,很快,,,false,false,false
lp:1990:word:2,1990,2,又,4,5,lpw_e71ce5deab,又,function,false,true,true,true
lp:1990:word:3,1990,3,回到,5,7,,回到,,,false,false,false
lp:1990:word:4,1990,4,刚才,7,9,,刚才,,,false,false,false
lp:1990:word:5,1990,5,的,9,10,lpw_8af2350cfd,的,function,false,true,true,true
lp:1990:word:6,1990,6,想法,10,12,,想法,,,false,false,false
lp:1990:word:7,1990,7,上来,12,14,,上来,,,false,false,false
lp:1991:word:0,1991,0,我,1,2,lpw_b70bb4acc0,我,pronoun,false,true,true,true
lp:1991:word:1,1991,1,的,2,3,lpw_8af2350cfd,的,function,false,true,true,true
lp:1991:word:2,1991,2,生活,3,5,,生活,,,false,false,false
lp:1991:word:3,1991,3,很,5,6,lpw_f2b91797ea,很,other,false,true,true,true
lp:1991:word:4,1991,4,单调,6,8,,单调,,,false,false,false
lp:1992:word:0,1992,0,我去,0,2,,我去,,,false,false,false
lp:1992:word:1,1992,1,捉,2,3,,捉,,,false,false,false
lp:1992:word:2,1992,2,鸡,3,4,,鸡,,,false,false,false
lp:1992:word:3,1992,3,人,5,6,lpw_50f5d65d57,人,other,false,true,true,true
lp:1992:word:4,1992,4,来,6,7,lpw_6d8229118c,来,physical_action,false,true,true,true
lp:1992:word:5,1992,5,捉,7,8,,捉,,,false,false,false
lp:1992:word:6,1992,6,我,8,9,lpw_b70bb4acc0,我,pronoun,false,true,true,true
lp:1993:word:0,1993,0,母鸡,0,2,,母鸡,,,false,false,false
lp:1993:word:1,1993,1,全都,2,4,,全都,,,false,false,false
lp:1993:word:2,1993,2,长得,4,6,,长得,,,false,false,false
lp:1993:word:3,1993,3,一个,6,8,lpw_e1dbc1c99f,一个,function|time_quantity,false,true,true,true
lp:1993:word:4,1993,4,模样,8,10,,模样,,,false,false,false
lp:1994:word:0,1994,0,人,0,1,lpw_50f5d65d57,人,other,false,true,true,true
lp:1994:word:1,1994,1,也,1,2,lpw_658605835b,也,function,false,false,true,true
lp:1994:word:2,1994,2,全都,2,4,,全都,,,false,false,false
lp:1994:word:3,1994,3,长得,4,6,,长得,,,false,false,false
lp:1994:word:4,1994,4,一个,6,8,lpw_e1dbc1c99f,一个,function|time_quantity,false,true,true,true
lp:1994:word:5,1994,5,模样,8,10,,模样,,,false,false,false
lp:1995:word:0,1995,0,所以,0,2,lpw_a2f7e42081,所以,function,false,false,false,false
lp:1995:word:1,1995,1,我,2,3,lpw_b70bb4acc0,我,pronoun,false,true,true,true
lp:1995:word:2,1995,2,有点,3,5,lpw_29506aa712,有点,other,false,false,false,true
lp:1995:word:3,1995,3,腻,5,6,,腻,,,false,false,false
lp:1995:word:4,1995,4,了,6,7,lpw_b2dd27e84f,了,function,false,true,true,true
lp:1996:word:0,1996,0,不过,0,2,lpw_72113362c6,不过,function,false,false,false,true
lp:1996:word:1,1996,1,要是,3,5,lpw_467b2562ed,要是,function,false,false,false,true
lp:1996:word:2,1996,2,你,5,6,lpw_a0c7716669,你,pronoun,false,true,true,true
lp:1996:word:3,1996,3,驯,6,7,lpw_c3a6e91c19,驯,other,true,false,false,false
lp:1996:word:4,1996,4,养,7,8,lpw_bd49c65dde,养,other,true,false,false,false
lp:1996:word:5,1996,5,我,8,9,lpw_b70bb4acc0,我,pronoun,false,true,true,true
lp:1997:word:0,1997,0,我,0,1,lpw_b70bb4acc0,我,pronoun,false,true,true,true
lp:1997:word:1,1997,1,的,1,2,lpw_8af2350cfd,的,function,false,true,true,true
lp:1997:word:2,1997,2,生活,2,4,,生活,,,false,false,false
lp:1997:word:3,1997,3,就,4,5,lpw_2f9d9872e5,就,function,false,true,true,true
lp:1997:word:4,1997,4,会,5,6,lpw_5ba1e3c0eb,会,negation_modality,false,true,true,true
lp:1997:word:5,1997,5,变得,6,8,lpw_23e89ba0a1,变得,other,false,false,false,false
lp:1997:word:6,1997,6,充满,8,10,,充满,,,false,false,false
lp:1997:word:7,1997,7,阳光,10,12,,阳光,,,false,false,false
lp:1998:word:0,1998,0,我,0,1,lpw_b70bb4acc0,我,pronoun,false,true,true,true
lp:1998:word:1,1998,1,会,1,2,lpw_5ba1e3c0eb,会,negation_modality,false,true,true,true
lp:1998:word:2,1998,2,辨认,2,4,,辨认,,,false,false,false
lp:1998:word:3,1998,3,出,4,5,,出,,,false,false,false
lp:1998:word:4,1998,4,一种,5,7,,一种,,,false,false,false
lp:1998:word:5,1998,5,和,7,8,lpw_3d7114281f,和,function,false,false,true,true
lp:1998:word:6,1998,6,其他,8,10,,其他,,,false,false,false
lp:1998:word:7,1998,7,所有,10,12,lpw_ae99f297e9,所有,other,false,false,false,false
lp:1998:word:8,1998,8,人,12,13,lpw_50f5d65d57,人,other,false,true,true,true
lp:1998:word:9,1998,9,都,13,14,lpw_7eabb36ba1,都,function,false,false,true,true
lp:1998:word:10,1998,10,不同,14,16,,不同,,,false,false,false
lp:1998:word:11,1998,11,的,16,17,lpw_8af2350cfd,的,function,false,true,true,true
lp:1998:word:12,1998,12,脚步,17,19,,脚步,,,false,false,false
lp:1998:word:13,1998,13,声,19,20,lpw_693e132f27,声,other,false,false,false,true
lp:1999:word:0,1999,0,听见,0,2,,听见,,,false,false,false
lp:1999:word:1,1999,1,别的,2,4,lpw_3966c0d55d,别的,other,false,false,false,false
lp:1999:word:2,1999,2,脚步,4,6,,脚步,,,false,false,false
lp:1999:word:3,1999,3,声,6,7,lpw_693e132f27,声,other,false,false,false,true
lp:2000:word:0,2000,0,我,0,1,lpw_b70bb4acc0,我,pronoun,false,true,true,true
lp:2000:word:1,2000,1,会,1,2,lpw_5ba1e3c0eb,会,negation_modality,false,true,true,true
lp:2000:word:2,2000,2,往,2,3,,往,,,false,false,false
lp:2000:word:3,2000,3,地,3,4,lpw_bdbd41e490,地,function,false,true,true,true
lp:2000:word:4,2000,4,底下,4,6,,底下,,,false,false,false
lp:2000:word:5,2000,5,钻,6,7,,钻,,,false,false,false
lp:2001:word:0,2001,0,而,0,1,lpw_08e2725ce1,而,function,false,false,false,true
lp:2001:word:1,2001,1,你,1,2,lpw_a0c7716669,你,pronoun,false,true,true,true
lp:2001:word:2,2001,2,的,2,3,lpw_8af2350cfd,的,function,false,true,true,true
lp:2001:word:3,2001,3,脚步,3,5,,脚步,,,false,false,false
lp:2001:word:4,2001,4,声,5,6,lpw_693e132f27,声,other,false,false,false,true
lp:2002:word:0,2002,0,会,0,1,lpw_5ba1e3c0eb,会,negation_modality,false,true,true,true
lp:2002:word:1,2002,1,像,1,2,lpw_cf8cedd58b,像,other,false,false,false,true
lp:2002:word:2,2002,2,音乐,2,4,,音乐,,,false,false,false
lp:2002:word:3,2002,3,一样,4,6,lpw_9dc5c0158d,一样,other,false,false,false,true
lp:2003:word:0,2003,0,把,0,1,lpw_2442748e41,把,function,false,false,true,true
lp:2003:word:1,2003,1,我,1,2,lpw_b70bb4acc0,我,pronoun,false,true,true,true
lp:2003:word:2,2003,2,召唤,2,4,,召唤,,,false,false,false
lp:2003:word:3,2003,3,到,4,5,lpw_b56f36b529,到,other,false,false,false,false
lp:2003:word:4,2003,4,洞,5,6,,洞,,,false,false,false
lp:2003:word:5,2003,5,外,6,7,,外,,,false,false,false
lp:2004:word:0,2004,0,还有,0,2,lpw_83eec76b39,还有,other,false,false,false,false
lp:2004:word:1,2004,1,你,3,4,lpw_a0c7716669,你,pronoun,false,true,true,true
lp:2004:word:2,2004,2,看,4,5,lpw_61f43315f9,看,perception,false,false,false,true
lp:2005:word:0,2005,0,你,0,1,lpw_a0c7716669,你,pronoun,false,true,true,true
lp:2005:word:1,2005,1,看到,1,3,lpw_e9c1d16595,看到,other,false,false,false,false
lp:2005:word:2,2005,2,那边,3,5,,那边,,,false,false,false
lp:2005:word:3,2005,3,的,5,6,lpw_8af2350cfd,的,function,false,true,true,true
lp:2005:word:4,2005,4,麦田,6,8,,麦田,,,false,false,false
lp:2005:word:5,2005,5,了,8,9,lpw_b2dd27e84f,了,function,false,true,true,true
lp:2005:word:6,2005,6,吗,9,10,lpw_5ac1612110,吗,function|interrogative,false,false,false,true
lp:2006:word:0,2006,0,我是,0,2,lpw_06ba27715e,我是,other,false,false,false,false
lp:2006:word:1,2006,1,不吃,2,4,,不吃,,,false,false,false
lp:2006:word:2,2006,2,面包,4,6,,面包,,,false,false,false
lp:2006:word:3,2006,3,的,6,7,lpw_8af2350cfd,的,function,false,true,true,true
lp:2007:word:0,2007,0,麦子,0,2,,麦子,,,false,false,false
lp:2007:word:1,2007,1,对,2,3,lpw_74570c7270,对,function,false,true,true,true
lp:2007:word:2,2007,2,我,3,4,lpw_b70bb4acc0,我,pronoun,false,true,true,true
lp:2007:word:3,2007,3,来说,4,6,lpw_a0cc5593ee,来说,other,false,false,false,true
lp:2007:word:4,2007,4,毫无,6,8,,毫无,,,false,false,false
lp:2007:word:5,2007,5,用处,8,10,,用处,,,false,false,false
lp:2008:word:0,2008,0,我,0,1,lpw_b70bb4acc0,我,pronoun,false,true,true,true
lp:2008:word:1,2008,1,对,1,2,lpw_74570c7270,对,function,false,true,true,true
lp:2008:word:2,2008,2,麦田,2,4,,麦田,,,false,false,false
lp:2008:word:3,2008,3,无,4,5,,无,,,false,false,false
lp:2008:word:4,2008,4,动,5,6,,动,,,false,false,false
lp:2008:word:5,2008,5,于,6,7,,于,,,false,false,false
lp:2008:word:6,2008,6,衷,7,8,,衷,,,false,false,false
lp:2009:word:0,2009,0,可悲,0,2,,可悲,,,false,false,false
lp:2009:word:1,2009,1,就,2,3,lpw_2f9d9872e5,就,function,false,true,true,true
lp:2009:word:2,2009,2,可悲,3,5,,可悲,,,false,false,false
lp:2009:word:3,2009,3,在,5,6,lpw_12404a0b63,在,function,false,true,true,true
lp:2009:word:4,2009,4,这儿,6,8,lpw_19a29e87c9,这儿,other,false,false,true,true
lp:2010:word:0,2010,0,而,0,1,lpw_08e2725ce1,而,function,false,false,false,true
lp:2010:word:1,2010,1,你,1,2,lpw_a0c7716669,你,pronoun,false,true,true,true
lp:2010:word:2,2010,2,的,2,3,lpw_8af2350cfd,的,function,false,true,true,true
lp:2010:word:3,2010,3,头发,3,5,,头发,,,false,false,false
lp:2010:word:4,2010,4,是,5,6,lpw_b5141d3d19,是,function,false,true,true,true
lp:2010:word:5,2010,5,金,6,7,,金,,,false,false,false
lp:2010:word:6,2010,6,黄色,7,9,,黄色,,,false,false,false
lp:2010:word:7,2010,7,的,9,10,lpw_8af2350cfd,的,function,false,true,true,true
lp:2011:word:0,2011,0,所以,0,2,lpw_a2f7e42081,所以,function,false,false,false,false
lp:2012:word:0,2012,0,一旦,0,2,,一旦,,,false,false,false
lp:2012:word:1,2012,1,你,2,3,lpw_a0c7716669,你,pronoun,false,true,true,true
lp:2012:word:2,2012,2,驯,3,4,lpw_c3a6e91c19,驯,other,true,false,false,false
lp:2012:word:3,2012,3,养了,4,6,,养了,,,false,false,false
lp:2012:word:4,2012,4,我,6,7,lpw_b70bb4acc0,我,pronoun,false,true,true,true
lp:2013:word:0,2013,0,事情,0,2,lpw_e66d9fac19,事情,other,false,false,false,false
lp:2013:word:1,2013,1,就,2,3,lpw_2f9d9872e5,就,function,false,true,true,true
lp:2013:word:2,2013,2,变得,3,5,lpw_23e89ba0a1,变得,other,false,false,false,false
lp:2013:word:3,2013,3,很,5,6,lpw_f2b91797ea,很,other,false,true,true,true
lp:2013:word:4,2013,4,美妙,6,8,,美妙,,,false,false,false
lp:2013:word:5,2013,5,了,8,9,lpw_b2dd27e84f,了,function,false,true,true,true
lp:2014:word:0,2014,0,金,0,1,,金,,,false,false,false
lp:2014:word:1,2014,1,黄色,1,3,,黄色,,,false,false,false
lp:2014:word:2,2014,2,的,3,4,lpw_8af2350cfd,的,function,false,true,true,true
lp:2014:word:3,2014,3,麦子,4,6,,麦子,,,false,false,false
lp:2015:word:0,2015,0,会,0,1,lpw_5ba1e3c0eb,会,negation_modality,false,true,true,true
lp:2015:word:1,2015,1,让,1,2,lpw_ad37574404,让,other,false,true,true,true
lp:2015:word:2,2015,2,我,2,3,lpw_b70bb4acc0,我,pronoun,false,true,true,true
lp:2015:word:3,2015,3,想起,3,5,,想起,,,false,false,false
lp:2015:word:4,2015,4,你,5,6,lpw_a0c7716669,你,pronoun,false,true,true,true
lp:2016:word:0,2016,0,我,0,1,lpw_b70bb4acc0,我,pronoun,false,true,true,true
lp:2016:word:1,2016,1,会,1,2,lpw_5ba1e3c0eb,会,negation_modality,false,true,true,true
lp:2016:word:2,2016,2,喜爱,2,4,,喜爱,,,false,false,false
lp:2016:word:3,2016,3,风,4,5,lpw_be65bd5518,风,other,false,false,false,false
lp:2016:word:4,2016,4,儿,5,6,lpw_1ed5efc3dc,儿,other,false,false,false,false
lp:2016:word:5,2016,5,吹拂,6,8,,吹拂,,,false,false,false
lp:2016:word:6,2016,6,麦,8,9,,麦,,,false,false,false
lp:2016:word:7,2016,7,浪,9,10,,浪,,,false,false,false
lp:2016:word:8,2016,8,的,10,11,lpw_8af2350cfd,的,function,false,true,true,true
lp:2016:word:9,2016,9,声音,11,13,lpw_473400815c,声音,other,false,false,false,false
lp:2017:word:0,2017,0,狐狸,0,2,lpw_0a93e4ffe2,狐狸,narrative_character,true,false,false,false
lp:2017:word:1,2017,1,停下,2,4,,停下,,,false,false,false
lp:2017:word:2,2017,2,来,4,5,lpw_6d8229118c,来,physical_action,false,true,true,true
lp:2018:word:0,2018,0,久久,0,2,,久久,,,false,false,false
lp:2018:word:1,2018,1,地,2,3,lpw_bdbd41e490,地,function,false,true,true,true
lp:2018:word:2,2018,2,注视着,3,6,,注视着,,,false,false,false
lp:2018:word:3,2018,3,小王子,6,9,lpw_87f2a033cf,小王子,narrative_character,false,true,true,true
lp:2019:word:0,2019,0,请,1,2,lpw_88d5840fab,请,other,false,false,false,false
lp:2019:word:1,2019,1,你,2,3,lpw_a0c7716669,你,pronoun,false,true,true,true
lp:2019:word:2,2019,2,驯,9,10,lpw_c3a6e91c19,驯,other,true,false,false,false
lp:2019:word:3,2019,3,养,10,11,lpw_bd49c65dde,养,other,true,false,false,false
lp:2019:word:4,2019,4,我,11,12,lpw_b70bb4acc0,我,pronoun,false,true,true,true
lp:2019:word:5,2019,5,吧,12,13,lpw_bad8b6c7ae,吧,function,false,false,false,true
lp:2020:word:0,2020,0,他,0,1,lpw_8b7b91e000,他,pronoun,false,true,true,true
lp:2020:word:1,2020,1,说,1,2,lpw_ccca744613,说,speech,false,true,true,true
lp:2021:word:0,2021,0,如果,0,2,lpw_7ca71b72d7,如果,function,false,false,false,false
lp:2021:word:1,2021,1,你,2,3,lpw_a0c7716669,你,pronoun,false,true,true,true
lp:2021:word:2,2021,2,能,3,4,lpw_413c06bcef,能,other,false,false,false,false
lp:2021:word:3,2021,3,在,4,5,lpw_12404a0b63,在,function,false,true,true,true
lp:2021:word:4,2021,4,下午,5,7,,下午,,,false,false,false
lp:2021:word:5,2021,5,四,7,8,lpw_754a9d5828,四,other,false,false,false,false
lp:2021:word:6,2021,6,点钟,8,10,,点钟,,,false,false,false
lp:2021:word:7,2021,7,来,10,11,lpw_6d8229118c,来,physical_action,false,true,true,true
lp:2022:word:0,2022,0,那么,0,2,lpw_a61f02e145,那么,function,false,false,false,true
lp:2022:word:1,2022,1,我在,2,4,lpw_33f40475f8,我在,other,false,false,false,false
lp:2022:word:2,2022,2,三点钟,4,7,,三点钟,,,false,false,false
lp:2022:word:3,2022,3,就,7,8,lpw_2f9d9872e5,就,function,false,true,true,true
lp:2022:word:4,2022,4,会,8,9,lpw_5ba1e3c0eb,会,negation_modality,false,true,true,true
lp:2022:word:5,2022,5,开始,9,11,,开始,,,false,false,false
lp:2022:word:6,2022,6,有,11,12,lpw_90ce0f66f0,有,other,false,true,true,true
lp:2022:word:7,2022,7,一种,12,14,,一种,,,false,false,false
lp:2022:word:8,2022,8,幸福,14,16,,幸福,,,false,false,false
lp:2022:word:9,2022,9,的,16,17,lpw_8af2350cfd,的,function,false,true,true,true
lp:2022:word:10,2022,10,感觉,17,19,,感觉,,,false,false,false
lp:2023:word:0,2023,0,我,1,2,lpw_b70bb4acc0,我,pronoun,false,true,true,true
lp:2023:word:1,2023,1,很,2,3,lpw_f2b91797ea,很,other,false,true,true,true
lp:2023:word:2,2023,2,愿意,3,5,,愿意,,,false,false,false
lp:2024:word:0,2024,0,小王子,0,3,lpw_87f2a033cf,小王子,narrative_character,false,true,true,true
lp:2024:word:1,2024,1,回答,3,5,lpw_f3f5126487,回答,speech,false,false,true,true
lp:2024:word:2,2024,2,说,5,6,lpw_ccca744613,说,speech,false,true,true,true
lp:2025:word:0,2025,0,可是,1,3,lpw_38ca4a9c76,可是,function,false,false,true,true
lp:2025:word:1,2025,1,我,3,4,lpw_b70bb4acc0,我,pronoun,false,true,true,true
lp:2025:word:2,2025,2,时间,4,6,lpw_8b6ff49851,时间,time_quantity,false,false,false,false
lp:2025:word:3,2025,3,不多,6,8,,不多,,,false,false,false
lp:2025:word:4,2025,4,了,8,9,lpw_b2dd27e84f,了,function,false,true,true,true
lp:2026:word:0,2026,0,我,0,1,lpw_b70bb4acc0,我,pronoun,false,true,true,true
lp:2026:word:1,2026,1,得,1,2,lpw_71b1ed1114,得,function,false,false,true,true
lp:2026:word:2,2026,2,去,2,3,lpw_99ae21ea6c,去,physical_action,false,false,true,true
lp:2026:word:3,2026,3,找,3,4,lpw_c277be8a4b,找,other,false,false,false,false
lp:2026:word:4,2026,4,朋友,4,6,lpw_677aad1a0e,朋友,emotion_social,false,false,false,true
lp:2027:word:0,2027,0,还,0,1,lpw_1bc709b8bf,还,other,false,false,false,true
lp:2027:word:1,2027,1,得,1,2,lpw_71b1ed1114,得,function,false,false,true,true
lp:2027:word:2,2027,2,去,2,3,lpw_99ae21ea6c,去,physical_action,false,false,true,true
lp:2027:word:3,2027,3,了解,3,5,,了解,,,false,false,false
lp:2027:word:4,2027,4,许多,5,7,,许多,,,false,false,false
lp:2027:word:5,2027,5,东西,7,9,lpw_b181350186,东西,other,false,false,false,true
lp:2028:word:0,2028,0,只有,1,3,lpw_ba8bd7c8c9,只有,other,false,false,false,false
lp:2028:word:1,2028,1,驯,3,4,lpw_c3a6e91c19,驯,other,true,false,false,false
lp:2028:word:2,2028,2,养,4,5,lpw_bd49c65dde,养,other,true,false,false,false
lp:2028:word:3,2028,3,过的,5,7,,过的,,,false,false,false
lp:2028:word:4,2028,4,东西,7,9,lpw_b181350186,东西,other,false,false,false,true
lp:2029:word:0,2029,0,你,0,1,lpw_a0c7716669,你,pronoun,false,true,true,true
lp:2029:word:1,2029,1,才,1,2,,才,,,false,false,false
lp:2029:word:2,2029,2,会,2,3,lpw_5ba1e3c0eb,会,negation_modality,false,true,true,true
lp:2029:word:3,2029,3,了解,3,5,,了解,,,false,false,false
lp:2029:word:4,2029,4,它,5,6,lpw_7e9260e925,它,pronoun,false,true,true,true
lp:2030:word:0,2030,0,狐狸,0,2,lpw_0a93e4ffe2,狐狸,narrative_character,true,false,false,false
lp:2030:word:1,2030,1,说,2,3,lpw_ccca744613,说,speech,false,true,true,true
lp:2031:word:0,2031,0,人们,1,3,lpw_1ec687a275,人们,other,true,false,false,false
lp:2031:word:1,2031,1,也没有,3,6,,也没有,,,false,false,false
lp:2031:word:2,2031,2,时间,6,8,lpw_8b6ff49851,时间,time_quantity,false,false,false,false
lp:2031:word:3,2031,3,去,8,9,lpw_99ae21ea6c,去,physical_action,false,false,true,true
lp:2031:word:4,2031,4,了解,9,11,,了解,,,false,false,false
lp:2031:word:5,2031,5,任何,11,13,,任何,,,false,false,false
lp:2031:word:6,2031,6,东西,13,15,lpw_b181350186,东西,other,false,false,false,true
lp:2032:word:0,2032,0,他们,0,2,lpw_10518f8f0a,他们,pronoun,false,true,true,true
lp:2032:word:1,2032,1,总,2,3,,总,,,false,false,false
lp:2032:word:2,2032,2,到,3,4,lpw_b56f36b529,到,other,false,false,false,false
lp:2032:word:3,2032,3,商店,4,6,,商店,,,false,false,false
lp:2032:word:4,2032,4,去,6,7,lpw_99ae21ea6c,去,physical_action,false,false,true,true
lp:2032:word:5,2032,5,购买,7,9,,购买,,,false,false,false
lp:2032:word:6,2032,6,现成,9,11,,现成,,,false,false,false
lp:2032:word:7,2032,7,的,11,12,lpw_8af2350cfd,的,function,false,true,true,true
lp:2032:word:8,2032,8,东西,12,14,lpw_b181350186,东西,other,false,false,false,true
lp:2033:word:0,2033,0,但是,0,2,lpw_8cb1f721c8,但是,other,false,false,false,false
lp:2033:word:1,2033,1,不存在,2,5,,不存在,,,false,false,false
lp:2033:word:2,2033,2,出售,5,7,,出售,,,false,false,false
lp:2033:word:3,2033,3,朋友,7,9,lpw_677aad1a0e,朋友,emotion_social,false,false,false,true
lp:2033:word:4,2033,4,的,9,10,lpw_8af2350cfd,的,function,false,true,true,true
lp:2033:word:5,2033,5,商店,10,12,,商店,,,false,false,false
lp:2034:word:0,2034,0,所以,0,2,lpw_a2f7e42081,所以,function,false,false,false,false
lp:2034:word:1,2034,1,人们,2,4,lpw_1ec687a275,人们,other,true,false,false,false
lp:2034:word:2,2034,2,也就,4,6,,也就,,,false,false,false
lp:2034:word:3,2034,3,不会有,6,9,,不会有,,,false,false,false
lp:2034:word:4,2034,4,朋友,9,11,lpw_677aad1a0e,朋友,emotion_social,false,false,false,true
lp:2035:word:0,2035,0,你,0,1,lpw_a0c7716669,你,pronoun,false,true,true,true
lp:2035:word:1,2035,1,如果,1,3,lpw_7ca71b72d7,如果,function,false,false,false,false
lp:2035:word:2,2035,2,想要,3,5,,想要,,,false,false,false
lp:2035:word:3,2035,3,有,5,6,lpw_90ce0f66f0,有,other,false,true,true,true
lp:2035:word:4,2035,4,个,6,7,lpw_3a116815bc,个,other,false,false,true,true
lp:2035:word:5,2035,5,朋友,7,9,lpw_677aad1a0e,朋友,emotion_social,false,false,false,true
lp:2036:word:0,2036,0,就,0,1,lpw_2f9d9872e5,就,function,false,true,true,true
lp:2036:word:1,2036,1,驯,1,2,lpw_c3a6e91c19,驯,other,true,false,false,false
lp:2036:word:2,2036,2,养,2,3,lpw_bd49c65dde,养,other,true,false,false,false
lp:2036:word:3,2036,3,我,3,4,lpw_b70bb4acc0,我,pronoun,false,true,true,true
lp:2036:word:4,2036,4,吧,4,5,lpw_bad8b6c7ae,吧,function,false,false,false,true
lp:2037:word:0,2037,0,那么,1,3,lpw_a61f02e145,那么,function,false,false,false,true
lp:2037:word:1,2037,1,应当,3,5,,应当,,,false,false,false
lp:2037:word:2,2037,2,做,5,6,lpw_94f5404441,做,other,false,false,false,false
lp:2037:word:3,2037,3,些,6,7,lpw_af76fed85c,些,other,false,false,false,false
lp:2037:word:4,2037,4,什么,7,9,lpw_c1b52e0e64,什么,pronoun|interrogative,false,true,true,true
lp:2037:word:5,2037,5,呢,9,10,lpw_02811cec0b,呢,function|interrogative,false,true,true,true
lp:2038:word:0,2038,0,小王子,0,3,lpw_87f2a033cf,小王子,narrative_character,false,true,true,true
lp:2038:word:1,2038,1,说,3,4,lpw_ccca744613,说,speech,false,true,true,true
lp:2039:word:0,2039,0,应当,1,3,,应当,,,false,false,false
lp:2039:word:1,2039,1,很有,3,5,,很有,,,false,false,false
lp:2039:word:2,2039,2,耐心,5,7,,耐心,,,false,false,false
lp:2040:word:0,2040,0,狐狸,0,2,lpw_0a93e4ffe2,狐狸,narrative_character,true,false,false,false
lp:2040:word:1,2040,1,回答,2,4,lpw_f3f5126487,回答,speech,false,false,true,true
lp:2040:word:2,2040,2,说,4,5,lpw_ccca744613,说,speech,false,true,true,true
lp:2041:word:0,2041,0,你,1,2,lpw_a0c7716669,你,pronoun,false,true,true,true
lp:2041:word:1,2041,1,先,2,3,,先,,,false,false,false
lp:2041:word:2,2041,2,坐在,3,5,,坐在,,,false,false,false
lp:2041:word:3,2041,3,草地,5,7,,草地,,,false,false,false
lp:2041:word:4,2041,4,上,7,8,lpw_db5ba671d2,上,function,false,true,true,true
lp:2042:word:0,2042,0,离,0,1,,离,,,false,false,false
lp:2042:word:1,2042,1,我,1,2,lpw_b70bb4acc0,我,pronoun,false,true,true,true
lp:2042:word:2,2042,2,稍远,2,4,,稍远,,,false,false,false
lp:2042:word:3,2042,3,一些,4,6,,一些,,,false,false,false
lp:2043:word:0,2043,0,就像,0,2,lpw_3a1a30dbb2,就像,other,false,false,false,false
lp:2043:word:1,2043,1,这样,2,4,lpw_b7fc681861,这样,other,false,false,true,true
lp:2044:word:0,2044,0,我,0,1,lpw_b70bb4acc0,我,pronoun,false,true,true,true
lp:2044:word:1,2044,1,从,1,2,lpw_2719a8ea30,从,function,false,false,false,true
lp:2044:word:2,2044,2,眼角,2,4,,眼角,,,false,false,false
lp:2044:word:3,2044,3,里,4,5,lpw_79f43de6e3,里,function,false,false,true,true
lp:2044:word:4,2044,4,瞅,5,6,,瞅,,,false,false,false
lp:2044:word:5,2044,5,你,6,7,lpw_a0c7716669,你,pronoun,false,true,true,true
lp:2045:word:0,2045,0,而,0,1,lpw_08e2725ce1,而,function,false,false,false,true
lp:2045:word:1,2045,1,你,1,2,lpw_a0c7716669,你,pronoun,false,true,true,true
lp:2045:word:2,2045,2,什么,2,4,lpw_c1b52e0e64,什么,pronoun|interrogative,false,true,true,true
lp:2045:word:3,2045,3,也,4,5,lpw_658605835b,也,function,false,false,true,true
lp:2045:word:4,2045,4,别,5,6,,别,,,false,false,false
lp:2045:word:5,2045,5,说,6,7,lpw_ccca744613,说,speech,false,true,true,true
lp:2046:word:0,2046,0,语言,0,2,,语言,,,false,false,false
lp:2046:word:1,2046,1,是,2,3,lpw_b5141d3d19,是,function,false,true,true,true
lp:2046:word:2,2046,2,误解,3,5,,误解,,,false,false,false
lp:2046:word:3,2046,3,的,5,6,lpw_8af2350cfd,的,function,false,true,true,true
lp:2046:word:4,2046,4,根源,6,8,,根源,,,false,false,false
lp:2047:word:0,2047,0,不过,0,2,lpw_72113362c6,不过,function,false,false,false,true
lp:2048:word:0,2048,0,每天,0,2,,每天,,,false,false,false
lp:2048:word:1,2048,1,你,2,3,lpw_a0c7716669,你,pronoun,false,true,true,true
lp:2048:word:2,2048,2,都可以,3,6,,都可以,,,false,false,false
lp:2048:word:3,2048,3,坐得,6,8,,坐得,,,false,false,false
lp:2048:word:4,2048,4,离,8,9,,离,,,false,false,false
lp:2048:word:5,2048,5,我,9,10,lpw_b70bb4acc0,我,pronoun,false,true,true,true
lp:2048:word:6,2048,6,稍稍,10,12,,稍稍,,,false,false,false
lp:2048:word:7,2048,7,近,12,13,,近,,,false,false,false
lp:2048:word:8,2048,8,一些,13,15,,一些,,,false,false,false
lp:2049:word:0,2049,0,第二,0,2,,第二,,,false,false,false
lp:2049:word:1,2049,1,天,2,3,lpw_49da61ceee,天,other,false,false,false,true
lp:2050:word:0,2050,0,小王子,0,3,lpw_87f2a033cf,小王子,narrative_character,false,true,true,true
lp:2050:word:1,2050,1,又,3,4,lpw_e71ce5deab,又,function,false,true,true,true
lp:2050:word:2,2050,2,来,4,5,lpw_6d8229118c,来,physical_action,false,true,true,true
lp:2050:word:3,2050,3,了,5,6,lpw_b2dd27e84f,了,function,false,true,true,true
lp:2051:word:0,2051,0,最好,1,3,,最好,,,false,false,false
lp:2051:word:1,2051,1,你,3,4,lpw_a0c7716669,你,pronoun,false,true,true,true
lp:2051:word:2,2051,2,能,4,5,lpw_413c06bcef,能,other,false,false,false,false
lp:2051:word:3,2051,3,在,5,6,lpw_12404a0b63,在,function,false,true,true,true
lp:2051:word:4,2051,4,同一,6,8,,同一,,,false,false,false
lp:2051:word:5,2051,5,时间,8,10,lpw_8b6ff49851,时间,time_quantity,false,false,false,false
lp:2051:word:6,2051,6,来,10,11,lpw_6d8229118c,来,physical_action,false,true,true,true
lp:2052:word:0,2052,0,狐狸,0,2,lpw_0a93e4ffe2,狐狸,narrative_character,true,false,false,false
lp:2052:word:1,2052,1,说,2,3,lpw_ccca744613,说,speech,false,true,true,true
lp:2053:word:0,2053,0,比如,1,3,,比如,,,false,false,false
lp:2053:word:1,2053,1,说,3,4,lpw_ccca744613,说,speech,false,true,true,true
lp:2054:word:0,2054,0,下午,0,2,,下午,,,false,false,false
lp:2054:word:1,2054,1,四,2,3,lpw_754a9d5828,四,other,false,false,false,false
lp:2054:word:2,2054,2,点钟,3,5,,点钟,,,false,false,false
lp:2054:word:3,2054,3,吧,5,6,lpw_bad8b6c7ae,吧,function,false,false,false,true
lp:2055:word:0,2055,0,那么,0,2,lpw_a61f02e145,那么,function,false,false,false,true
lp:2055:word:1,2055,1,我在,2,4,lpw_33f40475f8,我在,other,false,false,false,false
lp:2055:word:2,2055,2,三点钟,4,7,,三点钟,,,false,false,false
lp:2055:word:3,2055,3,就,7,8,lpw_2f9d9872e5,就,function,false,true,true,true
lp:2055:word:4,2055,4,会,8,9,lpw_5ba1e3c0eb,会,negation_modality,false,true,true,true
lp:2055:word:5,2055,5,开始,9,11,,开始,,,false,false,false
lp:2055:word:6,2055,6,感到,11,13,lpw_15c2457566,感到,perception,false,false,false,true
lp:2055:word:7,2055,7,幸福,13,15,,幸福,,,false,false,false
lp:2055:word:8,2055,8,了,15,16,lpw_b2dd27e84f,了,function,false,true,true,true
lp:2056:word:0,2056,0,时间,0,2,lpw_8b6ff49851,时间,time_quantity,false,false,false,false
lp:2056:word:1,2056,1,越来越,2,5,,越来越,,,false,false,false
lp:2056:word:2,2056,2,近,5,6,,近,,,false,false,false
lp:2057:word:0,2057,0,我,0,1,lpw_b70bb4acc0,我,pronoun,false,true,true,true
lp:2057:word:1,2057,1,就,1,2,lpw_2f9d9872e5,就,function,false,true,true,true
lp:2057:word:2,2057,2,越来越,2,5,,越来越,,,false,false,false
lp:2057:word:3,2057,3,幸福,5,7,,幸福,,,false,false,false
lp:2058:word:0,2058,0,到了,0,2,,到了,,,false,false,false
lp:2058:word:1,2058,1,四,2,3,lpw_754a9d5828,四,other,false,false,false,false
lp:2058:word:2,2058,2,点钟,3,5,,点钟,,,false,false,false
lp:2059:word:0,2059,0,我,0,1,lpw_b70bb4acc0,我,pronoun,false,true,true,true
lp:2059:word:1,2059,1,会,1,2,lpw_5ba1e3c0eb,会,negation_modality,false,true,true,true
lp:2059:word:2,2059,2,兴奋,2,4,,兴奋,,,false,false,false
lp:2059:word:3,2059,3,得,4,5,lpw_71b1ed1114,得,function,false,false,true,true
lp:2059:word:4,2059,4,坐立不安,5,9,,坐立不安,,,false,false,false
lp:2059:word:5,2059,5,幸福,10,12,,幸福,,,false,false,false
lp:2059:word:6,2059,6,原来,12,14,,原来,,,false,false,false
lp:2059:word:7,2059,7,也,14,15,lpw_658605835b,也,function,false,false,true,true
lp:2059:word:8,2059,8,很,15,16,lpw_f2b91797ea,很,other,false,true,true,true
lp:2059:word:9,2059,9,折磨,16,18,,折磨,,,false,false,false
lp:2059:word:10,2059,10,人的,18,20,,人的,,,false,false,false
lp:2060:word:0,2060,0,可,0,1,lpw_8b9cefa38e,可,other,false,false,true,true
lp:2060:word:1,2060,1,要是,1,3,lpw_467b2562ed,要是,function,false,false,false,true
lp:2060:word:2,2060,2,你,3,4,lpw_a0c7716669,你,pronoun,false,true,true,true
lp:2060:word:3,2060,3,随便,4,6,,随便,,,false,false,false
lp:2060:word:4,2060,4,什么时候,6,10,,什么时候,,,false,false,false
lp:2060:word:5,2060,5,来,10,11,lpw_6d8229118c,来,physical_action,false,true,true,true
lp:2061:word:0,2061,0,我,0,1,lpw_b70bb4acc0,我,pronoun,false,true,true,true
lp:2061:word:1,2061,1,就,1,2,lpw_2f9d9872e5,就,function,false,true,true,true
lp:2061:word:2,2061,2,没法,2,4,,没法,,,false,false,false
lp:2061:word:3,2061,3,知道,4,6,lpw_d7b6472b11,知道,cognition,false,false,true,true
lp:2061:word:4,2061,4,什么时候,6,10,,什么时候,,,false,false,false
lp:2061:word:5,2061,5,该,10,11,,该,,,false,false,false
lp:2061:word:6,2061,6,准备,11,13,,准备,,,false,false,false
lp:2061:word:7,2061,7,好,13,14,lpw_f867f34178,好,other,false,false,true,true
lp:2061:word:8,2061,8,我,14,15,lpw_b70bb4acc0,我,pronoun,false,true,true,true
lp:2061:word:9,2061,9,的,15,16,lpw_8af2350cfd,的,function,false,true,true,true
lp:2061:word:10,2061,10,心情,16,18,,心情,,,false,false,false
lp:2062:word:0,2062,0,还是,0,2,lpw_dfaa7d6f73,还是,other,false,false,false,false
lp:2062:word:1,2062,1,得,2,3,lpw_71b1ed1114,得,function,false,false,true,true
lp:2062:word:2,2062,2,有,3,4,lpw_90ce0f66f0,有,other,false,true,true,true
lp:2062:word:3,2062,3,个,4,5,lpw_3a116815bc,个,other,false,false,true,true
lp:2062:word:4,2062,4,仪式,5,7,,仪式,,,false,false,false
lp:2063:word:0,2063,0,什么,1,3,lpw_c1b52e0e64,什么,pronoun|interrogative,false,true,true,true
lp:2063:word:1,2063,1,叫,3,4,,叫,,,false,false,false
lp:2063:word:2,2063,2,仪式,4,6,,仪式,,,false,false,false
lp:2064:word:0,2064,0,小王子,0,3,lpw_87f2a033cf,小王子,narrative_character,false,true,true,true
lp:2064:word:1,2064,1,问,3,4,lpw_4628c0e06f,问,speech,false,false,true,true
lp:2065:word:0,2065,0,这,1,2,lpw_d409ab2ab3,这,pronoun,false,true,true,true
lp:2065:word:1,2065,1,也是,2,4,lpw_256c0476ed,也是,other,false,false,false,false
lp:2065:word:2,2065,2,一件,4,6,,一件,,,false,false,false
lp:2065:word:3,2065,3,经常,6,8,,经常,,,false,false,false
lp:2065:word:4,2065,4,被,8,9,,被,,,false,false,false
lp:2065:word:5,2065,5,忽略,9,11,,忽略,,,false,false,false
lp:2065:word:6,2065,6,的,11,12,lpw_8af2350cfd,的,function,false,true,true,true
lp:2065:word:7,2065,7,事情,12,14,lpw_e66d9fac19,事情,other,false,false,false,false
lp:2066:word:0,2066,0,狐狸,0,2,lpw_0a93e4ffe2,狐狸,narrative_character,true,false,false,false
lp:2066:word:1,2066,1,说,2,3,lpw_ccca744613,说,speech,false,true,true,true
lp:2067:word:0,2067,0,就是,1,3,lpw_88aa006eb3,就是,other,false,false,true,true
lp:2067:word:1,2067,1,定,3,4,,定,,,false,false,false
lp:2067:word:2,2067,2,下,4,5,lpw_13c12b064b,下,function,false,false,false,false
lp:2067:word:3,2067,3,一个,5,7,lpw_e1dbc1c99f,一个,function|time_quantity,false,true,true,true
lp:2067:word:4,2067,4,日子,7,9,,日子,,,false,false,false
lp:2068:word:0,2068,0,使,0,1,lpw_22c95798a9,使,other,false,false,false,false
lp:2068:word:1,2068,1,它,1,2,lpw_7e9260e925,它,pronoun,false,true,true,true
lp:2068:word:2,2068,2,不同,2,4,,不同,,,false,false,false
lp:2068:word:3,2068,3,于,4,5,,于,,,false,false,false
lp:2068:word:4,2068,4,其他,5,7,,其他,,,false,false,false
lp:2068:word:5,2068,5,的,7,8,lpw_8af2350cfd,的,function,false,true,true,true
lp:2068:word:6,2068,6,日子,8,10,,日子,,,false,false,false
lp:2069:word:0,2069,0,定,0,1,,定,,,false,false,false
lp:2069:word:1,2069,1,下,1,2,lpw_13c12b064b,下,function,false,false,false,false
lp:2069:word:2,2069,2,一个,2,4,lpw_e1dbc1c99f,一个,function|time_quantity,false,true,true,true
lp:2069:word:3,2069,3,时间,4,6,lpw_8b6ff49851,时间,time_quantity,false,false,false,false
lp:2070:word:0,2070,0,使,0,1,lpw_22c95798a9,使,other,false,false,false,false
lp:2070:word:1,2070,1,它,1,2,lpw_7e9260e925,它,pronoun,false,true,true,true
lp:2070:word:2,2070,2,不同,2,4,,不同,,,false,false,false
lp:2070:word:3,2070,3,于,4,5,,于,,,false,false,false
lp:2070:word:4,2070,4,其他,5,7,,其他,,,false,false,false
lp:2070:word:5,2070,5,的,7,8,lpw_8af2350cfd,的,function,false,true,true,true
lp:2070:word:6,2070,6,时间,8,10,lpw_8b6ff49851,时间,time_quantity,false,false,false,false
lp:2071:word:0,2071,0,比如,0,2,,比如,,,false,false,false
lp:2071:word:1,2071,1,说,2,3,lpw_ccca744613,说,speech,false,true,true,true
lp:2072:word:0,2072,0,猎人,0,2,,猎人,,,false,false,false
lp:2072:word:1,2072,1,有,2,3,lpw_90ce0f66f0,有,other,false,true,true,true
lp:2072:word:2,2072,2,一种,3,5,,一种,,,false,false,false
lp:2072:word:3,2072,3,仪式,5,7,,仪式,,,false,false,false
lp:2073:word:0,2073,0,每,0,1,,每,,,false,false,false
lp:2073:word:1,2073,1,星期四,1,4,,星期四,,,false,false,false
lp:2073:word:2,2073,2,他们,4,6,lpw_10518f8f0a,他们,pronoun,false,true,true,true
lp:2073:word:3,2073,3,都,6,7,lpw_7eabb36ba1,都,function,false,false,true,true
lp:2073:word:4,2073,4,和,7,8,lpw_3d7114281f,和,function,false,false,true,true
lp:2073:word:5,2073,5,村里,8,10,,村里,,,false,false,false
lp:2073:word:6,2073,6,的,10,11,lpw_8af2350cfd,的,function,false,true,true,true
lp:2073:word:7,2073,7,姑娘,11,13,,姑娘,,,false,false,false
lp:2073:word:8,2073,8,跳舞,13,15,,跳舞,,,false,false,false
lp:2074:word:0,2074,0,所以,0,2,lpw_a2f7e42081,所以,function,false,false,false,false
lp:2074:word:1,2074,1,呢,2,3,lpw_02811cec0b,呢,function|interrogative,false,true,true,true
lp:2075:word:0,2075,0,星期四,0,3,,星期四,,,false,false,false
lp:2075:word:1,2075,1,就是,3,5,lpw_88aa006eb3,就是,other,false,false,true,true
lp:2075:word:2,2075,2,个,5,6,lpw_3a116815bc,个,other,false,false,true,true
lp:2075:word:3,2075,3,美妙,6,8,,美妙,,,false,false,false
lp:2075:word:4,2075,4,的,8,9,lpw_8af2350cfd,的,function,false,true,true,true
lp:2075:word:5,2075,5,日子,9,11,,日子,,,false,false,false
lp:2076:word:0,2076,0,这,0,1,lpw_d409ab2ab3,这,pronoun,false,true,true,true
lp:2076:word:1,2076,1,一天,1,3,lpw_5448481f38,一天,time_quantity,false,false,false,false
lp:2076:word:2,2076,2,我,3,4,lpw_b70bb4acc0,我,pronoun,false,true,true,true
lp:2076:word:3,2076,3,总,4,5,,总,,,false,false,false
lp:2076:word:4,2076,4,要到,5,7,,要到,,,false,false,false
lp:2076:word:5,2076,5,葡萄,7,9,,葡萄,,,false,false,false
lp:2076:word:6,2076,6,地,9,10,lpw_bdbd41e490,地,function,false,true,true,true
lp:2076:word:7,2076,7,里,10,11,lpw_79f43de6e3,里,function,false,false,true,true
lp:2076:word:8,2076,8,去,11,12,lpw_99ae21ea6c,去,physical_action,false,false,true,true
lp:2076:word:9,2076,9,转,12,13,lpw_9482d0359c,转,other,true,false,false,false
lp:2076:word:10,2076,10,悠,13,14,,悠,,,false,false,false
lp:2076:word:11,2076,11,转,14,15,lpw_9482d0359c,转,other,true,false,false,false
lp:2076:word:12,2076,12,悠,15,16,,悠,,,false,false,false
lp:2077:word:0,2077,0,要是,0,2,lpw_467b2562ed,要是,function,false,false,false,true
lp:2077:word:1,2077,1,猎人,2,4,,猎人,,,false,false,false
lp:2077:word:2,2077,2,们,4,5,lpw_b4dcb3305a,们,other,false,false,false,false
lp:2077:word:3,2077,3,随时,5,7,,随时,,,false,false,false
lp:2077:word:4,2077,4,跳舞,7,9,,跳舞,,,false,false,false
lp:2078:word:0,2078,0,每天,0,2,,每天,,,false,false,false
lp:2078:word:1,2078,1,不就,2,4,,不就,,,false,false,false
lp:2078:word:2,2078,2,都,4,5,lpw_7eabb36ba1,都,function,false,false,true,true
lp:2078:word:3,2078,3,一,5,6,lpw_51a75f4634,一,other,false,false,true,true
lp:2078:word:4,2078,4,模,6,7,,模,,,false,false,false
lp:2078:word:5,2078,5,一样,7,9,lpw_9dc5c0158d,一样,other,false,false,false,true
lp:2079:word:0,2079,0,我不,0,2,lpw_3e63e3d08e,我不,other,false,false,false,false
lp:2079:word:1,2079,1,也就,2,4,,也就,,,false,false,false
lp:2079:word:2,2079,2,没有,4,6,lpw_f127804b92,没有,negation_modality,false,false,true,true
lp:2079:word:3,2079,3,假期,6,8,,假期,,,false,false,false
lp:2079:word:4,2079,4,了,8,9,lpw_b2dd27e84f,了,function,false,true,true,true
lp:2079:word:5,2079,5,吗,9,10,lpw_5ac1612110,吗,function|interrogative,false,false,false,true
lp:2080:word:0,2080,0,就,0,1,lpw_2f9d9872e5,就,function,false,true,true,true
lp:2080:word:1,2080,1,这样,1,3,lpw_b7fc681861,这样,other,false,false,true,true
lp:2081:word:0,2081,0,小王子,0,3,lpw_87f2a033cf,小王子,narrative_character,false,true,true,true
lp:2081:word:1,2081,1,驯,3,4,lpw_c3a6e91c19,驯,other,true,false,false,false
lp:2081:word:2,2081,2,养了,4,6,,养了,,,false,false,false
lp:2081:word:3,2081,3,狐狸,6,8,lpw_0a93e4ffe2,狐狸,narrative_character,true,false,false,false
lp:2082:word:0,2082,0,而后,0,2,,而后,,,false,false,false
lp:2083:word:0,2083,0,眼看,0,2,,眼看,,,false,false,false
lp:2083:word:1,2083,1,分手,2,4,,分手,,,false,false,false
lp:2083:word:2,2083,2,的,4,5,lpw_8af2350cfd,的,function,false,true,true,true
lp:2083:word:3,2083,3,时刻,5,7,,时刻,,,false,false,false
lp:2083:word:4,2083,4,临近,7,9,,临近,,,false,false,false
lp:2083:word:5,2083,5,了,9,10,lpw_b2dd27e84f,了,function,false,true,true,true
lp:2084:word:0,2084,0,哎,1,2,,哎,,,false,false,false
lp:2085:word:0,2085,0,狐狸,0,2,lpw_0a93e4ffe2,狐狸,narrative_character,true,false,false,false
lp:2085:word:1,2085,1,说,2,3,lpw_ccca744613,说,speech,false,true,true,true
lp:2086:word:0,2086,0,我要,7,9,lpw_30bc5c7b4c,我要,other,false,false,false,false
lp:2086:word:1,2086,1,哭了,9,11,,哭了,,,false,false,false
lp:2087:word:0,2087,0,这,1,2,lpw_d409ab2ab3,这,pronoun,false,true,true,true
lp:2087:word:1,2087,1,可是,2,4,lpw_38ca4a9c76,可是,function,false,false,true,true
lp:2087:word:2,2087,2,你,4,5,lpw_a0c7716669,你,pronoun,false,true,true,true
lp:2087:word:3,2087,3,的,5,6,lpw_8af2350cfd,的,function,false,true,true,true
lp:2087:word:4,2087,4,不是,6,8,lpw_584cd0fcf3,不是,other,false,false,false,false
lp:2087:word:5,2087,5,哟,8,9,,哟,,,false,false,false
lp:2088:word:0,2088,0,小王子,0,3,lpw_87f2a033cf,小王子,narrative_character,false,true,true,true
lp:2088:word:1,2088,1,说,3,4,lpw_ccca744613,说,speech,false,true,true,true
lp:2089:word:0,2089,0,我,1,2,lpw_b70bb4acc0,我,pronoun,false,true,true,true
lp:2089:word:1,2089,1,本来,2,4,,本来,,,false,false,false
lp:2089:word:2,2089,2,没,4,5,lpw_279e8b3573,没,negation_modality,false,false,true,true
lp:2089:word:3,2089,3,想,5,6,lpw_df0d251938,想,cognition,false,false,false,true
lp:2089:word:4,2089,4,让,6,7,lpw_ad37574404,让,other,false,true,true,true
lp:2089:word:5,2089,5,你,7,8,lpw_a0c7716669,你,pronoun,false,true,true,true
lp:2089:word:6,2089,6,受,8,9,,受,,,false,false,false
lp:2089:word:7,2089,7,任何,9,11,,任何,,,false,false,false
lp:2089:word:8,2089,8,伤害,11,13,,伤害,,,false,false,false
lp:2090:word:0,2090,0,可,0,1,lpw_8b9cefa38e,可,other,false,false,true,true
lp:2090:word:1,2090,1,你,1,2,lpw_a0c7716669,你,pronoun,false,true,true,true
lp:2090:word:2,2090,2,却要,2,4,,却要,,,false,false,false
lp:2090:word:3,2090,3,我,4,5,lpw_b70bb4acc0,我,pronoun,false,true,true,true
lp:2090:word:4,2090,4,驯,5,6,lpw_c3a6e91c19,驯,other,true,false,false,false
lp:2090:word:5,2090,5,养,6,7,lpw_bd49c65dde,养,other,true,false,false,false
lp:2090:word:6,2090,6,你,7,8,lpw_a0c7716669,你,pronoun,false,true,true,true
lp:2091:word:0,2091,0,可不是,1,4,lpw_b30391caa1,可不是,other,false,false,false,false
lp:2092:word:0,2092,0,狐狸,0,2,lpw_0a93e4ffe2,狐狸,narrative_character,true,false,false,false
lp:2092:word:1,2092,1,说,2,3,lpw_ccca744613,说,speech,false,true,true,true
lp:2093:word:0,2093,0,不过,1,3,lpw_72113362c6,不过,function,false,false,false,true
lp:2093:word:1,2093,1,你要,3,5,lpw_642b100e13,你要,other,false,false,false,false
lp:2093:word:2,2093,2,哭了,5,7,,哭了,,,false,false,false
lp:2094:word:0,2094,0,小王子,0,3,lpw_87f2a033cf,小王子,narrative_character,false,true,true,true
lp:2094:word:1,2094,1,说,3,4,lpw_ccca744613,说,speech,false,true,true,true
lp:2095:word:0,2095,0,可不是,1,4,lpw_b30391caa1,可不是,other,false,false,false,false
lp:2096:word:0,2096,0,狐狸,0,2,lpw_0a93e4ffe2,狐狸,narrative_character,true,false,false,false
lp:2096:word:1,2096,1,说,2,3,lpw_ccca744613,说,speech,false,true,true,true
lp:2097:word:0,2097,0,结果,1,3,,结果,,,false,false,false
lp:2097:word:1,2097,1,你,3,4,lpw_a0c7716669,你,pronoun,false,true,true,true
lp:2097:word:2,2097,2,什么,4,6,lpw_c1b52e0e64,什么,pronoun|interrogative,false,true,true,true
lp:2097:word:3,2097,3,好处,6,8,,好处,,,false,false,false
lp:2097:word:4,2097,4,也没,8,10,,也没,,,false,false,false
lp:2097:word:5,2097,5,得到,10,12,,得到,,,false,false,false
lp:2098:word:0,2098,0,我,1,2,lpw_b70bb4acc0,我,pronoun,false,true,true,true
lp:2098:word:1,2098,1,得到,2,4,,得到,,,false,false,false
lp:2098:word:2,2098,2,了,4,5,lpw_b2dd27e84f,了,function,false,true,true,true
lp:2099:word:0,2099,0,狐狸,0,2,lpw_0a93e4ffe2,狐狸,narrative_character,true,false,false,false
lp:2099:word:1,2099,1,说,2,3,lpw_ccca744613,说,speech,false,true,true,true
lp:2100:word:0,2100,0,是,1,2,lpw_b5141d3d19,是,function,false,true,true,true
lp:2100:word:1,2100,1,麦田,2,4,,麦田,,,false,false,false
lp:2100:word:2,2100,2,的,4,5,lpw_8af2350cfd,的,function,false,true,true,true
lp:2100:word:3,2100,3,颜色,5,7,,颜色,,,false,false,false
lp:2100:word:4,2100,4,给,7,8,lpw_6e55fb9d8a,给,other,false,true,true,true
lp:2100:word:5,2100,5,我,8,9,lpw_b70bb4acc0,我,pronoun,false,true,true,true
lp:2100:word:6,2100,6,的,9,10,lpw_8af2350cfd,的,function,false,true,true,true
lp:2101:word:0,2101,0,他,0,1,lpw_8b7b91e000,他,pronoun,false,true,true,true
lp:2101:word:1,2101,1,随即,1,3,,随即,,,false,false,false
lp:2101:word:2,2101,2,又,3,4,lpw_e71ce5deab,又,function,false,true,true,true
lp:2101:word:3,2101,3,说,4,5,lpw_ccca744613,说,speech,false,true,true,true
lp:2102:word:0,2102,0,你,1,2,lpw_a0c7716669,你,pronoun,false,true,true,true
lp:2102:word:1,2102,1,再去,2,4,,再去,,,false,false,false
lp:2102:word:2,2102,2,看看,4,6,,看看,,,false,false,false
lp:2102:word:3,2102,3,那些,6,8,lpw_abd258db99,那些,function,false,false,false,true
lp:2102:word:4,2102,4,玫瑰花,8,11,,玫瑰花,,,false,false,false
lp:2102:word:5,2102,5,吧,11,12,lpw_bad8b6c7ae,吧,function,false,false,false,true
lp:2103:word:0,2103,0,你会,0,2,lpw_8e80d04a82,你会,other,true,false,false,false
lp:2103:word:1,2103,1,明白,2,4,lpw_8e37cd5f7f,明白,cognition,false,false,false,false
lp:2103:word:2,2103,2,你,4,5,lpw_a0c7716669,你,pronoun,false,true,true,true
lp:2103:word:3,2103,3,那,5,6,lpw_5a2362a202,那,pronoun,false,true,true,true
lp:2103:word:4,2103,4,朵,6,7,lpw_0da9a35a4b,朵,other,false,false,false,false
lp:2103:word:5,2103,5,玫瑰,7,9,lpw_a6664df1ef,玫瑰,narrative_character|concrete_entity,false,false,false,true
lp:2103:word:6,2103,6,是,9,10,lpw_b5141d3d19,是,function,false,true,true,true
lp:2103:word:7,2103,7,世界上,10,13,,世界上,,,false,false,false
lp:2103:word:8,2103,8,独一无二,13,17,,独一无二,,,false,false,false
lp:2103:word:9,2103,9,的,17,18,lpw_8af2350cfd,的,function,false,true,true,true
lp:2104:word:0,2104,0,然后,0,2,lpw_ca4f5ee82e,然后,other,false,false,false,false
lp:2104:word:1,2104,1,你,2,3,lpw_a0c7716669,你,pronoun,false,true,true,true
lp:2104:word:2,2104,2,再回来,3,6,,再回来,,,false,false,false
lp:2104:word:3,2104,3,跟,6,7,lpw_383a53d95c,跟,function,false,false,false,true
lp:2104:word:4,2104,4,我,7,8,lpw_b70bb4acc0,我,pronoun,false,true,true,true
lp:2104:word:5,2104,5,告别,8,10,,告别,,,false,false,false
lp:2105:word:0,2105,0,我要,0,2,lpw_30bc5c7b4c,我要,other,false,false,false,false
lp:2105:word:1,2105,1,告诉,2,4,,告诉,,,false,false,false
lp:2105:word:2,2105,2,你,4,5,lpw_a0c7716669,你,pronoun,false,true,true,true
lp:2105:word:3,2105,3,一个,5,7,lpw_e1dbc1c99f,一个,function|time_quantity,false,true,true,true
lp:2105:word:4,2105,4,秘密,7,9,,秘密,,,false,false,false
lp:2105:word:5,2105,5,作为,9,11,,作为,,,false,false,false
lp:2105:word:6,2105,6,临别,11,13,,临别,,,false,false,false
lp:2105:word:7,2105,7,礼物,13,15,,礼物,,,false,false,false
lp:2106:word:0,2106,0,小王子,0,3,lpw_87f2a033cf,小王子,narrative_character,false,true,true,true
lp:2106:word:1,2106,1,就去,3,5,,就去,,,false,false,false
lp:2106:word:2,2106,2,看,5,6,lpw_61f43315f9,看,perception,false,false,false,true
lp:2106:word:3,2106,3,那些,6,8,lpw_abd258db99,那些,function,false,false,false,true
lp:2106:word:4,2106,4,玫瑰,8,10,lpw_a6664df1ef,玫瑰,narrative_character|concrete_entity,false,false,false,true
lp:2107:word:0,2107,0,你们,1,3,lpw_8a5d477bda,你们,pronoun,false,false,true,true
lp:2107:word:1,2107,1,根本,3,5,,根本,,,false,false,false
lp:2107:word:2,2107,2,不像,5,7,,不像,,,false,false,false
lp:2107:word:3,2107,3,我,7,8,lpw_b70bb4acc0,我,pronoun,false,true,true,true
lp:2107:word:4,2107,4,那,8,9,lpw_5a2362a202,那,pronoun,false,true,true,true
lp:2107:word:5,2107,5,朵,9,10,lpw_0da9a35a4b,朵,other,false,false,false,false
lp:2107:word:6,2107,6,玫瑰,10,12,lpw_a6664df1ef,玫瑰,narrative_character|concrete_entity,false,false,false,true
lp:2108:word:0,2108,0,你们,0,2,lpw_8a5d477bda,你们,pronoun,false,false,true,true
lp:2108:word:1,2108,1,还,2,3,lpw_1bc709b8bf,还,other,false,false,false,true
lp:2108:word:2,2108,2,什么,3,5,lpw_c1b52e0e64,什么,pronoun|interrogative,false,true,true,true
lp:2108:word:3,2108,3,都不是,5,8,,都不是,,,false,false,false
lp:2108:word:4,2108,4,呢,8,9,lpw_02811cec0b,呢,function|interrogative,false,true,true,true
lp:2109:word:0,2109,0,他,0,1,lpw_8b7b91e000,他,pronoun,false,true,true,true
lp:2109:word:1,2109,1,对,1,2,lpw_74570c7270,对,function,false,true,true,true
lp:2109:word:2,2109,2,它们,2,4,lpw_c40b3d2880,它们,pronoun,false,false,true,true
lp:2109:word:3,2109,3,说,4,5,lpw_ccca744613,说,speech,false,true,true,true
lp:2110:word:0,2110,0,谁,1,2,lpw_056b9c6262,谁,pronoun|interrogative,false,false,false,false
lp:2110:word:1,2110,1,都没,2,4,,都没,,,false,false,false
lp:2110:word:2,2110,2,驯,4,5,lpw_c3a6e91c19,驯,other,true,false,false,false
lp:2110:word:3,2110,3,养,5,6,lpw_bd49c65dde,养,other,true,false,false,false
lp:2110:word:4,2110,4,过,6,7,lpw_f777893480,过,other,false,false,true,true
lp:2110:word:5,2110,5,你们,7,9,lpw_8a5d477bda,你们,pronoun,false,false,true,true
lp:2111:word:0,2111,0,你们,0,2,lpw_8a5d477bda,你们,pronoun,false,false,true,true
lp:2111:word:1,2111,1,也,2,3,lpw_658605835b,也,function,false,false,true,true
lp:2111:word:2,2111,2,谁,3,4,lpw_056b9c6262,谁,pronoun|interrogative,false,false,false,false
lp:2111:word:3,2111,3,都没,4,6,,都没,,,false,false,false
lp:2111:word:4,2111,4,驯,6,7,lpw_c3a6e91c19,驯,other,true,false,false,false
lp:2111:word:5,2111,5,养,7,8,lpw_bd49c65dde,养,other,true,false,false,false
lp:2111:word:6,2111,6,过,8,9,lpw_f777893480,过,other,false,false,true,true
lp:2112:word:0,2112,0,你们,0,2,lpw_8a5d477bda,你们,pronoun,false,false,true,true
lp:2112:word:1,2112,1,就像,2,4,lpw_3a1a30dbb2,就像,other,false,false,false,false
lp:2112:word:2,2112,2,狐狸,4,6,lpw_0a93e4ffe2,狐狸,narrative_character,true,false,false,false
lp:2112:word:3,2112,3,以前,6,8,lpw_aa98317793,以前,other,false,false,false,false
lp:2112:word:4,2112,4,一样,8,10,lpw_9dc5c0158d,一样,other,false,false,false,true
lp:2113:word:0,2113,0,那,0,1,lpw_5a2362a202,那,pronoun,false,true,true,true
lp:2113:word:1,2113,1,时候,1,3,lpw_5484678be4,时候,other,false,false,false,false
lp:2113:word:2,2113,2,的,3,4,lpw_8af2350cfd,的,function,false,true,true,true
lp:2113:word:3,2113,3,它,4,5,lpw_7e9260e925,它,pronoun,false,true,true,true
lp:2114:word:0,2114,0,和,0,1,lpw_3d7114281f,和,function,false,false,true,true
lp:2114:word:1,2114,1,成千上万,1,5,,成千上万,,,false,false,false
lp:2114:word:2,2114,2,别的,5,7,lpw_3966c0d55d,别的,other,false,false,false,false
lp:2114:word:3,2114,3,狐狸,7,9,lpw_0a93e4ffe2,狐狸,narrative_character,true,false,false,false
lp:2114:word:4,2114,4,毫无,9,11,,毫无,,,false,false,false
lp:2114:word:5,2114,5,两,11,12,lpw_83385d2eda,两,other,false,false,false,false
lp:2114:word:6,2114,6,样,12,13,,样,,,false,false,false
lp:2115:word:0,2115,0,可是,0,2,lpw_38ca4a9c76,可是,function,false,false,true,true
lp:2115:word:1,2115,1,我,2,3,lpw_b70bb4acc0,我,pronoun,false,true,true,true
lp:2115:word:2,2115,2,现在,3,5,lpw_43584f37c1,现在,other,false,false,false,false
lp:2115:word:3,2115,3,和,5,6,lpw_3d7114281f,和,function,false,false,true,true
lp:2115:word:4,2115,4,它,6,7,lpw_7e9260e925,它,pronoun,false,true,true,true
lp:2115:word:5,2115,5,做了,7,9,,做了,,,false,false,false
lp:2115:word:6,2115,6,朋友,9,11,lpw_677aad1a0e,朋友,emotion_social,false,false,false,true
lp:2116:word:0,2116,0,它,0,1,lpw_7e9260e925,它,pronoun,false,true,true,true
lp:2116:word:1,2116,1,在,1,2,lpw_12404a0b63,在,function,false,true,true,true
lp:2116:word:2,2116,2,世界上,2,5,,世界上,,,false,false,false
lp:2116:word:3,2116,3,就是,5,7,lpw_88aa006eb3,就是,other,false,false,true,true
lp:2116:word:4,2116,4,独一无二,7,11,,独一无二,,,false,false,false
lp:2116:word:5,2116,5,的,11,12,lpw_8af2350cfd,的,function,false,true,true,true
lp:2116:word:6,2116,6,了,12,13,lpw_b2dd27e84f,了,function,false,true,true,true
lp:2117:word:0,2117,0,玫瑰,0,2,lpw_a6664df1ef,玫瑰,narrative_character|concrete_entity,false,false,false,true
lp:2117:word:1,2117,1,们,2,3,lpw_b4dcb3305a,们,other,false,false,false,false
lp:2117:word:2,2117,2,都很,3,5,,都很,,,false,false,false
lp:2117:word:3,2117,3,难为情,5,8,,难为情,,,false,false,false
lp:2118:word:0,2118,0,你们,1,3,lpw_8a5d477bda,你们,pronoun,false,false,true,true
lp:2118:word:1,2118,1,很美,3,5,,很美,,,false,false,false
lp:2119:word:0,2119,0,但,0,1,lpw_1f863793c6,但,other,false,false,false,false
lp:2119:word:1,2119,1,你们,1,3,lpw_8a5d477bda,你们,pronoun,false,false,true,true
lp:2119:word:2,2119,2,是,3,4,lpw_b5141d3d19,是,function,false,true,true,true
lp:2119:word:3,2119,3,空虚,4,6,,空虚,,,false,false,false
lp:2119:word:4,2119,4,的,6,7,lpw_8af2350cfd,的,function,false,true,true,true
lp:2120:word:0,2120,0,小王子,0,3,lpw_87f2a033cf,小王子,narrative_character,false,true,true,true
lp:2120:word:1,2120,1,接着,3,5,lpw_58ed4c69fb,接着,other,false,false,false,false
lp:2120:word:2,2120,2,说,5,6,lpw_ccca744613,说,speech,false,true,true,true
lp:2121:word:0,2121,0,没有,1,3,lpw_f127804b92,没有,negation_modality,false,false,true,true
lp:2121:word:1,2121,1,人,3,4,lpw_50f5d65d57,人,other,false,true,true,true
lp:2121:word:2,2121,2,能,4,5,lpw_413c06bcef,能,other,false,false,false,false
lp:2121:word:3,2121,3,为,5,6,,为,,,false,false,false
lp:2121:word:4,2121,4,你们,6,8,lpw_8a5d477bda,你们,pronoun,false,false,true,true
lp:2121:word:5,2121,5,去,8,9,lpw_99ae21ea6c,去,physical_action,false,false,true,true
lp:2121:word:6,2121,6,死,9,10,,死,,,false,false,false
lp:2122:word:0,2122,0,当然,0,2,lpw_0002e2d87f,当然,other,false,false,false,false
lp:2123:word:0,2123,0,我,0,1,lpw_b70bb4acc0,我,pronoun,false,true,true,true
lp:2123:word:1,2123,1,那,1,2,lpw_5a2362a202,那,pronoun,false,true,true,true
lp:2123:word:2,2123,2,朵,2,3,lpw_0da9a35a4b,朵,other,false,false,false,false
lp:2123:word:3,2123,3,玫瑰,3,5,lpw_a6664df1ef,玫瑰,narrative_character|concrete_entity,false,false,false,true
lp:2123:word:4,2123,4,在,5,6,lpw_12404a0b63,在,function,false,true,true,true
lp:2123:word:5,2123,5,一个,6,8,lpw_e1dbc1c99f,一个,function|time_quantity,false,true,true,true
lp:2123:word:6,2123,6,过路人,8,11,,过路人,,,false,false,false
lp:2123:word:7,2123,7,眼,11,12,,眼,,,false,false,false
lp:2123:word:8,2123,8,里,12,13,lpw_79f43de6e3,里,function,false,false,true,true
lp:2123:word:9,2123,9,跟,13,14,lpw_383a53d95c,跟,function,false,false,false,true
lp:2123:word:10,2123,10,你们,14,16,lpw_8a5d477bda,你们,pronoun,false,false,true,true
lp:2123:word:11,2123,11,也,16,17,lpw_658605835b,也,function,false,false,true,true
lp:2123:word:12,2123,12,一样,17,19,lpw_9dc5c0158d,一样,other,false,false,false,true
lp:2124:word:0,2124,0,然而,0,2,,然而,,,false,false,false
lp:2124:word:1,2124,1,对于,2,4,,对于,,,false,false,false
lp:2124:word:2,2124,2,我,4,5,lpw_b70bb4acc0,我,pronoun,false,true,true,true
lp:2124:word:3,2124,3,来说,5,7,lpw_a0cc5593ee,来说,other,false,false,false,true
lp:2125:word:0,2125,0,单,0,1,,单,,,false,false,false
lp:2125:word:1,2125,1,单,1,2,,单,,,false,false,false
lp:2125:word:2,2125,2,她,2,3,lpw_2ab425e0c6,她,pronoun,false,true,true,true
lp:2125:word:3,2125,3,这,3,4,lpw_d409ab2ab3,这,pronoun,false,true,true,true
lp:2125:word:4,2125,4,一朵,4,6,lpw_aebd6fbbd2,一朵,other,false,false,false,true
lp:2126:word:0,2126,0,就,0,1,lpw_2f9d9872e5,就,function,false,true,true,true
lp:2126:word:1,2126,1,比,1,2,lpw_ab158a8483,比,other,false,false,false,false
lp:2126:word:2,2126,2,你们,2,4,lpw_8a5d477bda,你们,pronoun,false,false,true,true
lp:2126:word:3,2126,3,全体,4,6,,全体,,,false,false,false
lp:2126:word:4,2126,4,都,6,7,lpw_7eabb36ba1,都,function,false,false,true,true
lp:2126:word:5,2126,5,重要,7,9,lpw_a8cd9642aa,重要,other,false,false,false,false
lp:2126:word:6,2126,6,得,9,10,lpw_71b1ed1114,得,function,false,false,true,true
lp:2126:word:7,2126,7,多,10,11,lpw_1940119f05,多,other,false,false,false,false
lp:2127:word:0,2127,0,因为,0,2,lpw_795cfc96d4,因为,function,false,false,true,true
lp:2127:word:1,2127,1,我,2,3,lpw_b70bb4acc0,我,pronoun,false,true,true,true
lp:2127:word:2,2127,2,给,3,4,lpw_6e55fb9d8a,给,other,false,true,true,true
lp:2127:word:3,2127,3,浇,4,5,,浇,,,false,false,false
lp:2127:word:4,2127,4,过,5,6,lpw_f777893480,过,other,false,false,true,true
lp:2127:word:5,2127,5,水,6,7,lpw_327b54d04f,水,concrete_entity,false,false,false,false
lp:2127:word:6,2127,6,的是,7,9,lpw_5e1dc2a833,的是,other,false,false,false,false
lp:2127:word:7,2127,7,她,9,10,lpw_2ab425e0c6,她,pronoun,false,true,true,true
lp:2128:word:0,2128,0,我,0,1,lpw_b70bb4acc0,我,pronoun,false,true,true,true
lp:2128:word:1,2128,1,给,1,2,lpw_6e55fb9d8a,给,other,false,true,true,true
lp:2128:word:2,2128,2,盖,2,3,,盖,,,false,false,false
lp:2128:word:3,2128,3,过,3,4,lpw_f777893480,过,other,false,false,true,true
lp:2128:word:4,2128,4,罩子,4,6,,罩子,,,false,false,false
lp:2128:word:5,2128,5,的是,6,8,lpw_5e1dc2a833,的是,other,false,false,false,false
lp:2128:word:6,2128,6,她,8,9,lpw_2ab425e0c6,她,pronoun,false,true,true,true
lp:2129:word:0,2129,0,我,0,1,lpw_b70bb4acc0,我,pronoun,false,true,true,true
lp:2129:word:1,2129,1,给,1,2,lpw_6e55fb9d8a,给,other,false,true,true,true
lp:2129:word:2,2129,2,遮,2,3,,遮,,,false,false,false
lp:2129:word:3,2129,3,过,3,4,lpw_f777893480,过,other,false,false,true,true
lp:2129:word:4,2129,4,风,4,5,lpw_be65bd5518,风,other,false,false,false,false
lp:2129:word:5,2129,5,障,5,6,,障,,,false,false,false
lp:2129:word:6,2129,6,的是,6,8,lpw_5e1dc2a833,的是,other,false,false,false,false
lp:2129:word:7,2129,7,她,8,9,lpw_2ab425e0c6,她,pronoun,false,true,true,true
lp:2130:word:0,2130,0,我,0,1,lpw_b70bb4acc0,我,pronoun,false,true,true,true
lp:2130:word:1,2130,1,给,1,2,lpw_6e55fb9d8a,给,other,false,true,true,true
lp:2130:word:2,2130,2,除,2,3,,除,,,false,false,false
lp:2130:word:3,2130,3,过,3,4,lpw_f777893480,过,other,false,false,true,true
lp:2130:word:4,2130,4,毛虫,4,6,,毛虫,,,false,false,false
lp:2130:word:5,2130,5,的,6,7,lpw_8af2350cfd,的,function,false,true,true,true
lp:2130:word:6,2130,6,只把,8,10,,只把,,,false,false,false
lp:2130:word:7,2130,7,两,10,11,lpw_83385d2eda,两,other,false,false,false,false
lp:2131:word:0,2131,0,三条,0,2,,三条,,,false,false,false
lp:2131:word:1,2131,1,要,2,3,lpw_975f35218e,要,negation_modality,false,false,true,true
lp:2131:word:2,2131,2,变成,3,5,,变成,,,false,false,false
lp:2131:word:3,2131,3,蝴蝶,5,7,,蝴蝶,,,false,false,false
lp:2131:word:4,2131,4,的,7,8,lpw_8af2350cfd,的,function,false,true,true,true
lp:2131:word:5,2131,5,留下,8,10,,留下,,,false,false,false
lp:2131:word:6,2131,6,也是,11,13,lpw_256c0476ed,也是,other,false,false,false,false
lp:2131:word:7,2131,7,她,13,14,lpw_2ab425e0c6,她,pronoun,false,true,true,true
lp:2132:word:0,2132,0,我,0,1,lpw_b70bb4acc0,我,pronoun,false,true,true,true
lp:2132:word:1,2132,1,听,1,2,lpw_1f2eb2608d,听,perception,false,false,false,false
lp:2132:word:2,2132,2,她,2,3,lpw_2ab425e0c6,她,pronoun,false,true,true,true
lp:2132:word:3,2132,3,抱怨,3,5,,抱怨,,,false,false,false
lp:2132:word:4,2132,4,和,5,6,lpw_3d7114281f,和,function,false,false,true,true
lp:2132:word:5,2132,5,自,6,7,,自,,,false,false,false
lp:2132:word:6,2132,6,诩,7,8,,诩,,,false,false,false
lp:2133:word:0,2133,0,有时,0,2,,有时,,,false,false,false
lp:2133:word:1,2133,1,也,2,3,lpw_658605835b,也,function,false,false,true,true
lp:2133:word:2,2133,2,和,3,4,lpw_3d7114281f,和,function,false,false,true,true
lp:2133:word:3,2133,3,她,4,5,lpw_2ab425e0c6,她,pronoun,false,true,true,true
lp:2133:word:4,2133,4,默默,5,7,,默默,,,false,false,false
lp:2133:word:5,2133,5,相对,7,9,,相对,,,false,false,false
lp:2134:word:0,2134,0,她,0,1,lpw_2ab425e0c6,她,pronoun,false,true,true,true
lp:2134:word:1,2134,1,是,2,3,lpw_b5141d3d19,是,function,false,true,true,true
lp:2134:word:2,2134,2,我,3,4,lpw_b70bb4acc0,我,pronoun,false,true,true,true
lp:2134:word:3,2134,3,的,4,5,lpw_8af2350cfd,的,function,false,true,true,true
lp:2134:word:4,2134,4,玫瑰,5,7,lpw_a6664df1ef,玫瑰,narrative_character|concrete_entity,false,false,false,true
lp:2135:word:0,2135,0,说,0,1,lpw_ccca744613,说,speech,false,true,true,true
lp:2135:word:1,2135,1,完,1,2,,完,,,false,false,false
lp:2136:word:0,2136,0,他,0,1,lpw_8b7b91e000,他,pronoun,false,true,true,true
lp:2136:word:1,2136,1,又,1,2,lpw_e71ce5deab,又,function,false,true,true,true
lp:2136:word:2,2136,2,回到,2,4,,回到,,,false,false,false
lp:2136:word:3,2136,3,狐狸,4,6,lpw_0a93e4ffe2,狐狸,narrative_character,true,false,false,false
lp:2136:word:4,2136,4,跟前,6,8,,跟前,,,false,false,false
lp:2137:word:0,2137,0,再见,1,3,,再见,,,false,false,false
lp:2137:word:1,2137,1,了,3,4,lpw_b2dd27e84f,了,function,false,true,true,true
lp:2138:word:0,2138,0,他,0,1,lpw_8b7b91e000,他,pronoun,false,true,true,true
lp:2138:word:1,2138,1,说,1,2,lpw_ccca744613,说,speech,false,true,true,true
lp:2139:word:0,2139,0,再见,1,3,,再见,,,false,false,false
lp:2140:word:0,2140,0,狐狸,0,2,lpw_0a93e4ffe2,狐狸,narrative_character,true,false,false,false
lp:2140:word:1,2140,1,说,2,3,lpw_ccca744613,说,speech,false,true,true,true
lp:2141:word:0,2141,0,我,1,2,lpw_b70bb4acc0,我,pronoun,false,true,true,true
lp:2141:word:1,2141,1,告诉,2,4,,告诉,,,false,false,false
lp:2141:word:2,2141,2,你,4,5,lpw_a0c7716669,你,pronoun,false,true,true,true
lp:2141:word:3,2141,3,那个,5,7,lpw_fa6e73c549,那个,function,false,false,false,false
lp:2141:word:4,2141,4,秘密,7,9,,秘密,,,false,false,false
lp:2142:word:0,2142,0,它,0,1,lpw_7e9260e925,它,pronoun,false,true,true,true
lp:2142:word:1,2142,1,很简单,1,4,,很简单,,,false,false,false
lp:2143:word:0,2143,0,只有,0,2,lpw_ba8bd7c8c9,只有,other,false,false,false,false
lp:2143:word:1,2143,1,用心,2,4,,用心,,,false,false,false
lp:2143:word:2,2143,2,才能,4,6,,才能,,,false,false,false
lp:2143:word:3,2143,3,看见,6,8,lpw_7205426737,看见,perception,false,false,false,true
lp:2144:word:0,2144,0,本质,0,2,,本质,,,false,false,false
lp:2144:word:1,2144,1,的,2,3,lpw_8af2350cfd,的,function,false,true,true,true
lp:2144:word:2,2144,2,东西,3,5,lpw_b181350186,东西,other,false,false,false,true
lp:2144:word:3,2144,3,用,5,6,lpw_04e45efb3b,用,other,false,false,false,true
lp:2144:word:4,2144,4,眼,6,7,,眼,,,false,false,false
lp:2144:word:5,2144,5,是,7,8,lpw_b5141d3d19,是,function,false,true,true,true
lp:2144:word:6,2144,6,看不见,8,11,lpw_f92f065aad,看不见,perception,false,false,false,false
lp:2144:word:7,2144,7,的,11,12,lpw_8af2350cfd,的,function,false,true,true,true
lp:2145:word:0,2145,0,本质,1,3,,本质,,,false,false,false
lp:2145:word:1,2145,1,的,3,4,lpw_8af2350cfd,的,function,false,true,true,true
lp:2145:word:2,2145,2,东西,4,6,lpw_b181350186,东西,other,false,false,false,true
lp:2145:word:3,2145,3,用,6,7,lpw_04e45efb3b,用,other,false,false,false,true
lp:2145:word:4,2145,4,眼,7,8,,眼,,,false,false,false
lp:2145:word:5,2145,5,是,8,9,lpw_b5141d3d19,是,function,false,true,true,true
lp:2145:word:6,2145,6,看不见,9,12,lpw_f92f065aad,看不见,perception,false,false,false,false
lp:2145:word:7,2145,7,的,12,13,lpw_8af2350cfd,的,function,false,true,true,true
lp:2146:word:0,2146,0,小王子,0,3,lpw_87f2a033cf,小王子,narrative_character,false,true,true,true
lp:2146:word:1,2146,1,重复,3,5,,重复,,,false,false,false
lp:2146:word:2,2146,2,了,5,6,lpw_b2dd27e84f,了,function,false,true,true,true
lp:2146:word:3,2146,3,一遍,6,8,,一遍,,,false,false,false
lp:2147:word:0,2147,0,他要,0,2,,他要,,,false,false,false
lp:2147:word:1,2147,1,记住,2,4,,记住,,,false,false,false
lp:2147:word:2,2147,2,这,4,5,lpw_d409ab2ab3,这,pronoun,false,true,true,true
lp:2147:word:3,2147,3,句,5,6,,句,,,false,false,false
lp:2147:word:4,2147,4,话,6,7,lpw_036f781126,话,other,false,false,false,false
lp:2148:word:0,2148,0,正是,1,3,,正是,,,false,false,false
lp:2148:word:1,2148,1,你,3,4,lpw_a0c7716669,你,pronoun,false,true,true,true
lp:2148:word:2,2148,2,为,4,5,,为,,,false,false,false
lp:2148:word:3,2148,3,你,5,6,lpw_a0c7716669,你,pronoun,false,true,true,true
lp:2148:word:4,2148,4,的,6,7,lpw_8af2350cfd,的,function,false,true,true,true
lp:2148:word:5,2148,5,玫瑰花,7,10,,玫瑰花,,,false,false,false
lp:2148:word:6,2148,6,费,10,11,,费,,,false,false,false
lp:2148:word:7,2148,7,的,11,12,lpw_8af2350cfd,的,function,false,true,true,true
lp:2148:word:8,2148,8,时光,12,14,,时光,,,false,false,false
lp:2149:word:0,2149,0,才,0,1,,才,,,false,false,false
lp:2149:word:1,2149,1,使,1,2,lpw_22c95798a9,使,other,false,false,false,false
lp:2149:word:2,2149,2,你,2,3,lpw_a0c7716669,你,pronoun,false,true,true,true
lp:2149:word:3,2149,3,的,3,4,lpw_8af2350cfd,的,function,false,true,true,true
lp:2149:word:4,2149,4,玫瑰,4,6,lpw_a6664df1ef,玫瑰,narrative_character|concrete_entity,false,false,false,true
lp:2149:word:5,2149,5,变得,6,8,lpw_23e89ba0a1,变得,other,false,false,false,false
lp:2149:word:6,2149,6,如此,8,10,,如此,,,false,false,false
lp:2149:word:7,2149,7,重要,10,12,lpw_a8cd9642aa,重要,other,false,false,false,false
lp:2150:word:0,2150,0,正是,1,3,,正是,,,false,false,false
lp:2150:word:1,2150,1,我,3,4,lpw_b70bb4acc0,我,pronoun,false,true,true,true
lp:2150:word:2,2150,2,为,4,5,,为,,,false,false,false
lp:2150:word:3,2150,3,我,5,6,lpw_b70bb4acc0,我,pronoun,false,true,true,true
lp:2150:word:4,2150,4,的,6,7,lpw_8af2350cfd,的,function,false,true,true,true
lp:2150:word:5,2150,5,玫瑰花,7,10,,玫瑰花,,,false,false,false
lp:2150:word:6,2150,6,费,10,11,,费,,,false,false,false
lp:2150:word:7,2150,7,的,11,12,lpw_8af2350cfd,的,function,false,true,true,true
lp:2150:word:8,2150,8,时光,12,14,,时光,,,false,false,false
lp:2151:word:0,2151,0,才,0,1,,才,,,false,false,false
lp:2151:word:1,2151,1,使,1,2,lpw_22c95798a9,使,other,false,false,false,false
lp:2151:word:2,2151,2,我,2,3,lpw_b70bb4acc0,我,pronoun,false,true,true,true
lp:2151:word:3,2151,3,的,3,4,lpw_8af2350cfd,的,function,false,true,true,true
lp:2151:word:4,2151,4,玫瑰,4,6,lpw_a6664df1ef,玫瑰,narrative_character|concrete_entity,false,false,false,true
lp:2151:word:5,2151,5,变得,6,8,lpw_23e89ba0a1,变得,other,false,false,false,false
lp:2151:word:6,2151,6,如此,8,10,,如此,,,false,false,false
lp:2151:word:7,2151,7,重要,10,12,lpw_a8cd9642aa,重要,other,false,false,false,false
lp:2152:word:0,2152,0,小王子,0,3,lpw_87f2a033cf,小王子,narrative_character,false,true,true,true
lp:2152:word:1,2152,1,说,3,4,lpw_ccca744613,说,speech,false,true,true,true
lp:2153:word:0,2153,0,他要,0,2,,他要,,,false,false,false
lp:2153:word:1,2153,1,记住,2,4,,记住,,,false,false,false
lp:2153:word:2,2153,2,这,4,5,lpw_d409ab2ab3,这,pronoun,false,true,true,true
lp:2153:word:3,2153,3,句,5,6,,句,,,false,false,false
lp:2153:word:4,2153,4,话,6,7,lpw_036f781126,话,other,false,false,false,false
lp:2154:word:0,2154,0,人们,1,3,lpw_1ec687a275,人们,other,true,false,false,false
lp:2154:word:1,2154,1,已经,3,5,lpw_8ee12e2310,已经,other,false,false,false,false
lp:2154:word:2,2154,2,忘记,5,7,,忘记,,,false,false,false
lp:2154:word:3,2154,3,了,7,8,lpw_b2dd27e84f,了,function,false,true,true,true
lp:2154:word:4,2154,4,这个,8,10,lpw_979e2bc35b,这个,function,false,false,true,true
lp:2154:word:5,2154,5,道理,10,12,,道理,,,false,false,false
lp:2155:word:0,2155,0,狐狸,0,2,lpw_0a93e4ffe2,狐狸,narrative_character,true,false,false,false
lp:2155:word:1,2155,1,说,2,3,lpw_ccca744613,说,speech,false,true,true,true
lp:2156:word:0,2156,0,但,1,2,lpw_1f863793c6,但,other,false,false,false,false
lp:2156:word:1,2156,1,你,2,3,lpw_a0c7716669,你,pronoun,false,true,true,true
lp:2156:word:2,2156,2,不该,3,5,,不该,,,false,false,false
lp:2156:word:3,2156,3,忘记,5,7,,忘记,,,false,false,false
lp:2156:word:4,2156,4,它,7,8,lpw_7e9260e925,它,pronoun,false,true,true,true
lp:2157:word:0,2157,0,对,0,1,lpw_74570c7270,对,function,false,true,true,true
lp:2157:word:1,2157,1,你,1,2,lpw_a0c7716669,你,pronoun,false,true,true,true
lp:2157:word:2,2157,2,驯,2,3,lpw_c3a6e91c19,驯,other,true,false,false,false
lp:2157:word:3,2157,3,养,3,4,lpw_bd49c65dde,养,other,true,false,false,false
lp:2157:word:4,2157,4,过的,4,6,,过的,,,false,false,false
lp:2157:word:5,2157,5,东西,6,8,lpw_b181350186,东西,other,false,false,false,true
lp:2158:word:0,2158,0,你,0,1,lpw_a0c7716669,你,pronoun,false,true,true,true
lp:2158:word:1,2158,1,永远,1,3,,永远,,,false,false,false
lp:2158:word:2,2158,2,负,3,4,,负,,,false,false,false
lp:2158:word:3,2158,3,有,4,5,lpw_90ce0f66f0,有,other,false,true,true,true
lp:2158:word:4,2158,4,责任,5,7,,责任,,,false,false,false
lp:2159:word:0,2159,0,你,0,1,lpw_a0c7716669,你,pronoun,false,true,true,true
lp:2159:word:1,2159,1,必须,1,3,,必须,,,false,false,false
lp:2159:word:2,2159,2,对,3,4,lpw_74570c7270,对,function,false,true,true,true
lp:2159:word:3,2159,3,你,4,5,lpw_a0c7716669,你,pronoun,false,true,true,true
lp:2159:word:4,2159,4,的,5,6,lpw_8af2350cfd,的,function,false,true,true,true
lp:2159:word:5,2159,5,玫瑰,6,8,lpw_a6664df1ef,玫瑰,narrative_character|concrete_entity,false,false,false,true
lp:2159:word:6,2159,6,负责,8,10,,负责,,,false,false,false
lp:2160:word:0,2160,0,我,1,2,lpw_b70bb4acc0,我,pronoun,false,true,true,true
lp:2160:word:1,2160,1,必须,2,4,,必须,,,false,false,false
lp:2160:word:2,2160,2,对,4,5,lpw_74570c7270,对,function,false,true,true,true
lp:2160:word:3,2160,3,我,5,6,lpw_b70bb4acc0,我,pronoun,false,true,true,true
lp:2160:word:4,2160,4,的,6,7,lpw_8af2350cfd,的,function,false,true,true,true
lp:2160:word:5,2160,5,玫瑰,7,9,lpw_a6664df1ef,玫瑰,narrative_character|concrete_entity,false,false,false,true
lp:2160:word:6,2160,6,负责,9,11,,负责,,,false,false,false
lp:2161:word:0,2161,0,小王子,0,3,lpw_87f2a033cf,小王子,narrative_character,false,true,true,true
lp:2161:word:1,2161,1,重复,3,5,,重复,,,false,false,false
lp:2161:word:2,2161,2,一遍,5,7,,一遍,,,false,false,false
lp:2162:word:0,2162,0,他要,0,2,,他要,,,false,false,false
lp:2162:word:1,2162,1,记住,2,4,,记住,,,false,false,false
lp:2162:word:2,2162,2,这,4,5,lpw_d409ab2ab3,这,pronoun,false,true,true,true
lp:2162:word:3,2162,3,句,5,6,,句,,,false,false,false
lp:2162:word:4,2162,4,话,6,7,lpw_036f781126,话,other,false,false,false,false
lp:2164:word:0,2164,0,你好,1,3,,你好,,,false,false,false
lp:2165:word:0,2165,0,小王子,0,3,lpw_87f2a033cf,小王子,narrative_character,false,true,true,true
lp:2165:word:1,2165,1,说,3,4,lpw_ccca744613,说,speech,false,true,true,true
lp:2166:word:0,2166,0,你好,1,3,,你好,,,false,false,false
lp:2167:word:0,2167,0,扳道,0,2,,扳道,,,false,false,false
lp:2167:word:1,2167,1,工,2,3,,工,,,false,false,false
lp:2167:word:2,2167,2,说,3,4,lpw_ccca744613,说,speech,false,true,true,true
lp:2168:word:0,2168,0,你在,1,3,,你在,,,false,false,false
lp:2168:word:1,2168,1,这儿,3,5,lpw_19a29e87c9,这儿,other,false,false,true,true
lp:2168:word:2,2168,2,做,5,6,lpw_94f5404441,做,other,false,false,false,false
lp:2168:word:3,2168,3,什么,6,8,lpw_c1b52e0e64,什么,pronoun|interrogative,false,true,true,true
lp:2169:word:0,2169,0,小王子,0,3,lpw_87f2a033cf,小王子,narrative_character,false,true,true,true
lp:2169:word:1,2169,1,问,3,4,lpw_4628c0e06f,问,speech,false,false,true,true
lp:2170:word:0,2170,0,我在,1,3,lpw_33f40475f8,我在,other,false,false,false,false
lp:2170:word:1,2170,1,分,3,4,,分,,,false,false,false
lp:2170:word:2,2170,2,送,4,5,,送,,,false,false,false
lp:2170:word:3,2170,3,旅客,5,7,,旅客,,,false,false,false
lp:2171:word:0,2171,0,一千,0,2,,一千,,,false,false,false
lp:2171:word:1,2171,1,人,2,3,lpw_50f5d65d57,人,other,false,true,true,true
lp:2171:word:2,2171,2,一拨,3,5,,一拨,,,false,false,false
lp:2172:word:0,2172,0,扳道,0,2,,扳道,,,false,false,false
lp:2172:word:1,2172,1,工,2,3,,工,,,false,false,false
lp:2172:word:2,2172,2,说,3,4,lpw_ccca744613,说,speech,false,true,true,true
lp:2173:word:0,2173,0,我,1,2,lpw_b70bb4acc0,我,pronoun,false,true,true,true
lp:2173:word:1,2173,1,发送,2,4,,发送,,,false,false,false
lp:2173:word:2,2173,2,运载,4,6,,运载,,,false,false,false
lp:2173:word:3,2173,3,旅客,6,8,,旅客,,,false,false,false
lp:2173:word:4,2173,4,的,8,9,lpw_8af2350cfd,的,function,false,true,true,true
lp:2173:word:5,2173,5,列车,9,11,,列车,,,false,false,false
lp:2174:word:0,2174,0,一,0,1,lpw_51a75f4634,一,other,false,false,true,true
lp:2174:word:1,2174,1,会,1,2,lpw_5ba1e3c0eb,会,negation_modality,false,true,true,true
lp:2174:word:2,2174,2,儿,2,3,lpw_1ed5efc3dc,儿,other,false,false,false,false
lp:2174:word:3,2174,3,往右,3,5,,往右,,,false,false,false
lp:2175:word:0,2175,0,一,0,1,lpw_51a75f4634,一,other,false,false,true,true
lp:2175:word:1,2175,1,会,1,2,lpw_5ba1e3c0eb,会,negation_modality,false,true,true,true
lp:2175:word:2,2175,2,儿,2,3,lpw_1ed5efc3dc,儿,other,false,false,false,false
lp:2175:word:3,2175,3,往左,3,5,,往左,,,false,false,false
lp:2176:word:0,2176,0,说,0,1,lpw_ccca744613,说,speech,false,true,true,true
lp:2176:word:1,2176,1,着,1,2,lpw_9e5bf0d2d9,着,function,false,true,true,true
lp:2177:word:0,2177,0,一,0,1,lpw_51a75f4634,一,other,false,false,true,true
lp:2177:word:1,2177,1,列,1,2,,列,,,false,false,false
lp:2177:word:2,2177,2,灯火,2,4,,灯火,,,false,false,false
lp:2177:word:3,2177,3,通明,4,6,,通明,,,false,false,false
lp:2177:word:4,2177,4,的,6,7,lpw_8af2350cfd,的,function,false,true,true,true
lp:2177:word:5,2177,5,快车,7,9,,快车,,,false,false,false
lp:2178:word:0,2178,0,像,0,1,lpw_cf8cedd58b,像,other,false,false,false,true
lp:2178:word:1,2178,1,打雷,1,3,,打雷,,,false,false,false
lp:2178:word:2,2178,2,似的,3,5,,似的,,,false,false,false
lp:2178:word:3,2178,3,轰,5,6,,轰,,,false,false,false
lp:2178:word:4,2178,4,鸣,6,7,,鸣,,,false,false,false
lp:2178:word:5,2178,5,着,7,8,lpw_9e5bf0d2d9,着,function,false,true,true,true
lp:2178:word:6,2178,6,驶,8,9,,驶,,,false,false,false
lp:2178:word:7,2178,7,过,9,10,lpw_f777893480,过,other,false,false,true,true
lp:2179:word:0,2179,0,震,0,1,,震,,,false,false,false
lp:2179:word:1,2179,1,得,1,2,lpw_71b1ed1114,得,function,false,false,true,true
lp:2179:word:2,2179,2,扳道,2,4,,扳道,,,false,false,false
lp:2179:word:3,2179,3,房,4,5,,房,,,false,false,false
lp:2179:word:4,2179,4,直,5,6,,直,,,false,false,false
lp:2179:word:5,2179,5,打,6,7,,打,,,false,false,false
lp:2179:word:6,2179,6,颤,7,8,,颤,,,false,false,false
lp:2180:word:0,2180,0,他们,1,3,lpw_10518f8f0a,他们,pronoun,false,true,true,true
lp:2180:word:1,2180,1,好,3,4,lpw_f867f34178,好,other,false,false,true,true
lp:2180:word:2,2180,2,匆忙,4,6,,匆忙,,,false,false,false
lp:2181:word:0,2181,0,小王子,0,3,lpw_87f2a033cf,小王子,narrative_character,false,true,true,true
lp:2181:word:1,2181,1,说,3,4,lpw_ccca744613,说,speech,false,true,true,true
lp:2182:word:0,2182,0,他们,1,3,lpw_10518f8f0a,他们,pronoun,false,true,true,true
lp:2182:word:1,2182,1,去,3,4,lpw_99ae21ea6c,去,physical_action,false,false,true,true
lp:2182:word:2,2182,2,找,4,5,lpw_c277be8a4b,找,other,false,false,false,false
lp:2182:word:3,2182,3,什么,5,7,lpw_c1b52e0e64,什么,pronoun|interrogative,false,true,true,true
lp:2182:word:4,2182,4,呢,7,8,lpw_02811cec0b,呢,function|interrogative,false,true,true,true
lp:2183:word:0,2183,0,开,1,2,lpw_39eae64cfc,开,other,true,false,false,false
lp:2183:word:1,2183,1,火车,2,4,,火车,,,false,false,false
lp:2183:word:2,2183,2,的,4,5,lpw_8af2350cfd,的,function,false,true,true,true
lp:2183:word:3,2183,3,人,5,6,lpw_50f5d65d57,人,other,false,true,true,true
lp:2183:word:4,2183,4,自己,6,8,lpw_fb43354d2a,自己,pronoun,false,false,true,true
lp:2183:word:5,2183,5,也不,8,10,lpw_941252022a,也不,other,false,false,false,false
lp:2183:word:6,2183,6,知道,10,12,lpw_d7b6472b11,知道,cognition,false,false,true,true
lp:2184:word:0,2184,0,扳道,0,2,,扳道,,,false,false,false
lp:2184:word:1,2184,1,工,2,3,,工,,,false,false,false
lp:2184:word:2,2184,2,说,3,4,lpw_ccca744613,说,speech,false,true,true,true
lp:2185:word:0,2185,0,说话,0,2,,说话,,,false,false,false
lp:2185:word:1,2185,1,间,2,3,,间,,,false,false,false
lp:2186:word:0,2186,0,又一,0,2,,又一,,,false,false,false
lp:2186:word:1,2186,1,列,2,3,,列,,,false,false,false
lp:2186:word:2,2186,2,灯火,3,5,,灯火,,,false,false,false
lp:2186:word:3,2186,3,通明,5,7,,通明,,,false,false,false
lp:2186:word:4,2186,4,的,7,8,lpw_8af2350cfd,的,function,false,true,true,true
lp:2186:word:5,2186,5,快车,8,10,,快车,,,false,false,false
lp:2187:word:0,2187,0,朝,0,1,,朝,,,false,false,false
lp:2187:word:1,2187,1,相反,1,3,,相反,,,false,false,false
lp:2187:word:2,2187,2,的,3,4,lpw_8af2350cfd,的,function,false,true,true,true
lp:2187:word:3,2187,3,方向,4,6,,方向,,,false,false,false
lp:2187:word:4,2187,4,轰,6,7,,轰,,,false,false,false
lp:2187:word:5,2187,5,鸣,7,8,,鸣,,,false,false,false
lp:2187:word:6,2187,6,而,8,9,lpw_08e2725ce1,而,function,false,false,false,true
lp:2187:word:7,2187,7,去,9,10,lpw_99ae21ea6c,去,physical_action,false,false,true,true
lp:2188:word:0,2188,0,他们,1,3,lpw_10518f8f0a,他们,pronoun,false,true,true,true
lp:2188:word:1,2188,1,已经,3,5,lpw_8ee12e2310,已经,other,false,false,false,false
lp:2188:word:2,2188,2,回来,5,7,,回来,,,false,false,false
lp:2188:word:3,2188,3,了,7,8,lpw_b2dd27e84f,了,function,false,true,true,true
lp:2189:word:0,2189,0,小王子,0,3,lpw_87f2a033cf,小王子,narrative_character,false,true,true,true
lp:2189:word:1,2189,1,问,3,4,lpw_4628c0e06f,问,speech,false,false,true,true
lp:2190:word:0,2190,0,不是,1,3,lpw_584cd0fcf3,不是,other,false,false,false,false
lp:2190:word:1,2190,1,刚才,3,5,,刚才,,,false,false,false
lp:2190:word:2,2190,2,的,5,6,lpw_8af2350cfd,的,function,false,true,true,true
lp:2190:word:3,2190,3,那,6,7,lpw_5a2362a202,那,pronoun,false,true,true,true
lp:2190:word:4,2190,4,列,7,8,,列,,,false,false,false
lp:2191:word:0,2191,0,扳道,0,2,,扳道,,,false,false,false
lp:2191:word:1,2191,1,工,2,3,,工,,,false,false,false
lp:2191:word:2,2191,2,说,3,4,lpw_ccca744613,说,speech,false,true,true,true
lp:2192:word:0,2192,0,这,1,2,lpw_d409ab2ab3,这,pronoun,false,true,true,true
lp:2192:word:1,2192,1,是,2,3,lpw_b5141d3d19,是,function,false,true,true,true
lp:2192:word:2,2192,2,对,3,4,lpw_74570c7270,对,function,false,true,true,true
lp:2192:word:3,2192,3,开,4,5,lpw_39eae64cfc,开,other,true,false,false,false
lp:2192:word:4,2192,4,列车,5,7,,列车,,,false,false,false
lp:2193:word:0,2193,0,他们,1,3,lpw_10518f8f0a,他们,pronoun,false,true,true,true
lp:2193:word:1,2193,1,对,3,4,lpw_74570c7270,对,function,false,true,true,true
lp:2193:word:2,2193,2,原来,4,6,,原来,,,false,false,false
lp:2193:word:3,2193,3,的,6,7,lpw_8af2350cfd,的,function,false,true,true,true
lp:2193:word:4,2193,4,地方,7,9,lpw_1462a7d853,地方,other,false,false,false,true
lp:2193:word:5,2193,5,不,9,10,lpw_b02dfe2160,不,negation_modality,false,false,true,true
lp:2193:word:6,2193,6,满意,10,12,,满意,,,false,false,false
lp:2193:word:7,2193,7,吗,12,13,lpw_5ac1612110,吗,function|interrogative,false,false,false,true
lp:2194:word:0,2194,0,人们,1,3,lpw_1ec687a275,人们,other,true,false,false,false
lp:2194:word:1,2194,1,对,3,4,lpw_74570c7270,对,function,false,true,true,true
lp:2194:word:2,2194,2,自己,4,6,lpw_fb43354d2a,自己,pronoun,false,false,true,true
lp:2194:word:3,2194,3,的,6,7,lpw_8af2350cfd,的,function,false,true,true,true
lp:2194:word:4,2194,4,地方,7,9,lpw_1462a7d853,地方,other,false,false,false,true
lp:2194:word:5,2194,5,从来,9,11,,从来,,,false,false,false
lp:2194:word:6,2194,6,不会,11,13,lpw_c7ae73a94d,不会,negation_modality,false,false,false,false
lp:2194:word:7,2194,7,满意,13,15,,满意,,,false,false,false
lp:2195:word:0,2195,0,扳道,0,2,,扳道,,,false,false,false
lp:2195:word:1,2195,1,工,2,3,,工,,,false,false,false
lp:2195:word:2,2195,2,说,3,4,lpw_ccca744613,说,speech,false,true,true,true
lp:2196:word:0,2196,0,第三,0,2,,第三,,,false,false,false
lp:2196:word:1,2196,1,列,2,3,,列,,,false,false,false
lp:2196:word:2,2196,2,灯火,3,5,,灯火,,,false,false,false
lp:2196:word:3,2196,3,通明,5,7,,通明,,,false,false,false
lp:2196:word:4,2196,4,的,7,8,lpw_8af2350cfd,的,function,false,true,true,true
lp:2196:word:5,2196,5,快车,8,10,,快车,,,false,false,false
lp:2196:word:6,2196,6,轰,10,11,,轰,,,false,false,false
lp:2196:word:7,2196,7,鸣,11,12,,鸣,,,false,false,false
lp:2196:word:8,2196,8,着,12,13,lpw_9e5bf0d2d9,着,function,false,true,true,true
lp:2196:word:9,2196,9,驶,13,14,,驶,,,false,false,false
lp:2196:word:10,2196,10,过,14,15,lpw_f777893480,过,other,false,false,true,true
lp:2197:word:0,2197,0,他们,1,3,lpw_10518f8f0a,他们,pronoun,false,true,true,true
lp:2197:word:1,2197,1,是,3,4,lpw_b5141d3d19,是,function,false,true,true,true
lp:2197:word:2,2197,2,去,4,5,lpw_99ae21ea6c,去,physical_action,false,false,true,true
lp:2197:word:3,2197,3,追赶,5,7,,追赶,,,false,false,false
lp:2197:word:4,2197,4,第,7,8,,第,,,false,false,false
lp:2197:word:5,2197,5,一批,8,10,,一批,,,false,false,false
lp:2197:word:6,2197,6,旅客,10,12,,旅客,,,false,false,false
lp:2197:word:7,2197,7,吗,12,13,lpw_5ac1612110,吗,function|interrogative,false,false,false,true
lp:2198:word:0,2198,0,小王子,0,3,lpw_87f2a033cf,小王子,narrative_character,false,true,true,true
lp:2198:word:1,2198,1,问,3,4,lpw_4628c0e06f,问,speech,false,false,true,true
lp:2199:word:0,2199,0,他们,1,3,lpw_10518f8f0a,他们,pronoun,false,true,true,true
lp:2199:word:1,2199,1,没,3,4,lpw_279e8b3573,没,negation_modality,false,false,true,true
lp:2199:word:2,2199,2,追赶,4,6,,追赶,,,false,false,false
lp:2199:word:3,2199,3,谁,6,7,lpw_056b9c6262,谁,pronoun|interrogative,false,false,false,false
lp:2200:word:0,2200,0,扳道,0,2,,扳道,,,false,false,false
lp:2200:word:1,2200,1,工,2,3,,工,,,false,false,false
lp:2200:word:2,2200,2,说,3,4,lpw_ccca744613,说,speech,false,true,true,true
lp:2201:word:0,2201,0,他们,1,3,lpw_10518f8f0a,他们,pronoun,false,true,true,true
lp:2201:word:1,2201,1,在,3,4,lpw_12404a0b63,在,function,false,true,true,true
lp:2201:word:2,2201,2,里面,4,6,,里面,,,false,false,false
lp:2201:word:3,2201,3,睡觉,6,8,,睡觉,,,false,false,false
lp:2202:word:0,2202,0,或者,0,2,,或者,,,false,false,false
lp:2202:word:1,2202,1,打哈欠,2,5,,打哈欠,,,false,false,false
lp:2203:word:0,2203,0,只有,0,2,lpw_ba8bd7c8c9,只有,other,false,false,false,false
lp:2203:word:1,2203,1,孩子,2,4,lpw_5f887419f4,孩子,narrative_character,true,false,false,false
lp:2203:word:2,2203,2,把,4,5,lpw_2442748e41,把,function,false,false,true,true
lp:2203:word:3,2203,3,鼻子,5,7,,鼻子,,,false,false,false
lp:2203:word:4,2203,4,贴,7,8,,贴,,,false,false,false
lp:2203:word:5,2203,5,在,8,9,lpw_12404a0b63,在,function,false,true,true,true
lp:2203:word:6,2203,6,窗,9,10,,窗,,,false,false,false
lp:2203:word:7,2203,7,上,10,11,lpw_db5ba671d2,上,function,false,true,true,true
lp:2203:word:8,2203,8,看,11,12,lpw_61f43315f9,看,perception,false,false,false,true
lp:2203:word:9,2203,9,外面,12,14,,外面,,,false,false,false
lp:2204:word:0,2204,0,只有,1,3,lpw_ba8bd7c8c9,只有,other,false,false,false,false
lp:2204:word:1,2204,1,孩子,3,5,lpw_5f887419f4,孩子,narrative_character,true,false,false,false
lp:2204:word:2,2204,2,知道,5,7,lpw_d7b6472b11,知道,cognition,false,false,true,true
lp:2204:word:3,2204,3,自己,7,9,lpw_fb43354d2a,自己,pronoun,false,false,true,true
lp:2204:word:4,2204,4,在,9,10,lpw_12404a0b63,在,function,false,true,true,true
lp:2204:word:5,2204,5,找,10,11,lpw_c277be8a4b,找,other,false,false,false,false
lp:2204:word:6,2204,6,什么,11,13,lpw_c1b52e0e64,什么,pronoun|interrogative,false,true,true,true
lp:2205:word:0,2205,0,小王子,0,3,lpw_87f2a033cf,小王子,narrative_character,false,true,true,true
lp:2205:word:1,2205,1,说,3,4,lpw_ccca744613,说,speech,false,true,true,true
lp:2206:word:0,2206,0,他们,1,3,lpw_10518f8f0a,他们,pronoun,false,true,true,true
lp:2206:word:1,2206,1,在,3,4,lpw_12404a0b63,在,function,false,true,true,true
lp:2206:word:2,2206,2,一个,4,6,lpw_e1dbc1c99f,一个,function|time_quantity,false,true,true,true
lp:2206:word:3,2206,3,布,6,7,,布,,,false,false,false
lp:2206:word:4,2206,4,娃娃,7,9,,娃娃,,,false,false,false
lp:2206:word:5,2206,5,身上,9,11,,身上,,,false,false,false
lp:2206:word:6,2206,6,花了,11,13,,花了,,,false,false,false
lp:2206:word:7,2206,7,好些,13,15,,好些,,,false,false,false
lp:2206:word:8,2206,8,时间,15,17,lpw_8b6ff49851,时间,time_quantity,false,false,false,false
lp:2207:word:0,2207,0,她,0,1,lpw_2ab425e0c6,她,pronoun,false,true,true,true
lp:2207:word:1,2207,1,对,1,2,lpw_74570c7270,对,function,false,true,true,true
lp:2207:word:2,2207,2,他们,2,4,lpw_10518f8f0a,他们,pronoun,false,true,true,true
lp:2207:word:3,2207,3,来说,4,6,lpw_a0cc5593ee,来说,other,false,false,false,true
lp:2207:word:4,2207,4,就,6,7,lpw_2f9d9872e5,就,function,false,true,true,true
lp:2207:word:5,2207,5,成了,7,9,,成了,,,false,false,false
lp:2207:word:6,2207,6,很,9,10,lpw_f2b91797ea,很,other,false,true,true,true
lp:2207:word:7,2207,7,重要,10,12,lpw_a8cd9642aa,重要,other,false,false,false,false
lp:2207:word:8,2207,8,的,12,13,lpw_8af2350cfd,的,function,false,true,true,true
lp:2207:word:9,2207,9,东西,13,15,lpw_b181350186,东西,other,false,false,false,true
lp:2208:word:0,2208,0,要是,0,2,lpw_467b2562ed,要是,function,false,false,false,true
lp:2208:word:1,2208,1,有人,2,4,,有人,,,false,false,false
lp:2208:word:2,2208,2,夺走,4,6,,夺走,,,false,false,false
lp:2208:word:3,2208,3,他们,6,8,lpw_10518f8f0a,他们,pronoun,false,true,true,true
lp:2208:word:4,2208,4,的,8,9,lpw_8af2350cfd,的,function,false,true,true,true
lp:2208:word:5,2208,5,布,9,10,,布,,,false,false,false
lp:2208:word:6,2208,6,娃娃,10,12,,娃娃,,,false,false,false
lp:2209:word:0,2209,0,他们,0,2,lpw_10518f8f0a,他们,pronoun,false,true,true,true
lp:2209:word:1,2209,1,会,2,3,lpw_5ba1e3c0eb,会,negation_modality,false,true,true,true
lp:2209:word:2,2209,2,哭,3,4,,哭,,,false,false,false
lp:2209:word:3,2209,3,的,4,5,lpw_8af2350cfd,的,function,false,true,true,true
lp:2210:word:0,2210,0,他们,1,3,lpw_10518f8f0a,他们,pronoun,false,true,true,true
lp:2210:word:1,2210,1,真,3,4,lpw_827d018e1b,真,other,false,false,false,false
lp:2210:word:2,2210,2,幸运,4,6,,幸运,,,false,false,false
lp:2211:word:0,2211,0,扳道,0,2,,扳道,,,false,false,false
lp:2211:word:1,2211,1,工,2,3,,工,,,false,false,false
lp:2211:word:2,2211,2,说,3,4,lpw_ccca744613,说,speech,false,true,true,true
lp:2213:word:0,2213,0,你好,1,3,,你好,,,false,false,false
lp:2214:word:0,2214,0,小王子,0,3,lpw_87f2a033cf,小王子,narrative_character,false,true,true,true
lp:2214:word:1,2214,1,说,3,4,lpw_ccca744613,说,speech,false,true,true,true
lp:2215:word:0,2215,0,你好,1,3,,你好,,,false,false,false
lp:2216:word:0,2216,0,商人,0,2,lpw_3f1784ce8b,商人,narrative_character,false,false,false,false
lp:2216:word:1,2216,1,说,2,3,lpw_ccca744613,说,speech,false,true,true,true
lp:2217:word:0,2217,0,他是,0,2,,他是,,,false,false,false
lp:2217:word:1,2217,1,个,2,3,lpw_3a116815bc,个,other,false,false,true,true
lp:2217:word:2,2217,2,卖,3,4,,卖,,,false,false,false
lp:2217:word:3,2217,3,复,4,5,,复,,,false,false,false
lp:2217:word:4,2217,4,方,5,6,,方,,,false,false,false
lp:2217:word:5,2217,5,止渴,6,8,,止渴,,,false,false,false
lp:2217:word:6,2217,6,丸,8,9,,丸,,,false,false,false
lp:2217:word:7,2217,7,的,9,10,lpw_8af2350cfd,的,function,false,true,true,true
lp:2217:word:8,2217,8,商人,10,12,lpw_3f1784ce8b,商人,narrative_character,false,false,false,false
lp:2218:word:0,2218,0,每星期,0,3,,每星期,,,false,false,false
lp:2218:word:1,2218,1,只要,3,5,,只要,,,false,false,false
lp:2218:word:2,2218,2,吞服,5,7,,吞服,,,false,false,false
lp:2218:word:3,2218,3,一粒,7,9,,一粒,,,false,false,false
lp:2219:word:0,2219,0,就,0,1,lpw_2f9d9872e5,就,function,false,true,true,true
lp:2219:word:1,2219,1,不会,1,3,lpw_c7ae73a94d,不会,negation_modality,false,false,false,false
lp:2219:word:2,2219,2,感到,3,5,lpw_15c2457566,感到,perception,false,false,false,true
lp:2219:word:3,2219,3,口渴,5,7,,口渴,,,false,false,false
lp:2219:word:4,2219,4,了,7,8,lpw_b2dd27e84f,了,function,false,true,true,true
lp:2220:word:0,2220,0,你,1,2,lpw_a0c7716669,你,pronoun,false,true,true,true
lp:2220:word:1,2220,1,为什么,2,5,lpw_1b919bb478,为什么,interrogative,false,false,false,false
lp:2220:word:2,2220,2,要,5,6,lpw_975f35218e,要,negation_modality,false,false,true,true
lp:2220:word:3,2220,3,卖,6,7,,卖,,,false,false,false
lp:2220:word:4,2220,4,这,7,8,lpw_d409ab2ab3,这,pronoun,false,true,true,true
lp:2220:word:5,2220,5,东西,8,10,lpw_b181350186,东西,other,false,false,false,true
lp:2221:word:0,2221,0,小王子,0,3,lpw_87f2a033cf,小王子,narrative_character,false,true,true,true
lp:2221:word:1,2221,1,问,3,4,lpw_4628c0e06f,问,speech,false,false,true,true
lp:2222:word:0,2222,0,它,1,2,lpw_7e9260e925,它,pronoun,false,true,true,true
lp:2222:word:1,2222,1,可以,2,4,lpw_0ef5c86fab,可以,negation_modality,false,false,false,true
lp:2222:word:2,2222,2,大大,4,6,,大大,,,false,false,false
lp:2222:word:3,2222,3,节约,6,8,,节约,,,false,false,false
lp:2222:word:4,2222,4,时间,8,10,lpw_8b6ff49851,时间,time_quantity,false,false,false,false
lp:2223:word:0,2223,0,商人,0,2,lpw_3f1784ce8b,商人,narrative_character,false,false,false,false
lp:2223:word:1,2223,1,说,2,3,lpw_ccca744613,说,speech,false,true,true,true
lp:2224:word:0,2224,0,专家,1,3,,专家,,,false,false,false
lp:2224:word:1,2224,1,做,3,4,lpw_94f5404441,做,other,false,false,false,false
lp:2224:word:2,2224,2,过,4,5,lpw_f777893480,过,other,false,false,true,true
lp:2224:word:3,2224,3,计算,5,7,,计算,,,false,false,false
lp:2225:word:0,2225,0,每星期,0,3,,每星期,,,false,false,false
lp:2225:word:1,2225,1,可以,3,5,lpw_0ef5c86fab,可以,negation_modality,false,false,false,true
lp:2225:word:2,2225,2,省下,5,7,,省下,,,false,false,false
lp:2225:word:3,2225,3,五十,7,9,,五十,,,false,false,false
lp:2225:word:4,2225,4,三,9,10,lpw_a4c3313deb,三,other,false,false,false,false
lp:2225:word:5,2225,5,分钟,10,12,lpw_bd957bc497,分钟,time_quantity,false,false,false,false
lp:2226:word:0,2226,0,省下,1,3,,省下,,,false,false,false
lp:2226:word:1,2226,1,的,3,4,lpw_8af2350cfd,的,function,false,true,true,true
lp:2226:word:2,2226,2,五十,4,6,,五十,,,false,false,false
lp:2226:word:3,2226,3,三,6,7,lpw_a4c3313deb,三,other,false,false,false,false
lp:2226:word:4,2226,4,分钟,7,9,lpw_bd957bc497,分钟,time_quantity,false,false,false,false
lp:2226:word:5,2226,5,做,9,10,lpw_94f5404441,做,other,false,false,false,false
lp:2226:word:6,2226,6,什么,10,12,lpw_c1b52e0e64,什么,pronoun|interrogative,false,true,true,true
lp:2226:word:7,2226,7,用,12,13,lpw_04e45efb3b,用,other,false,false,false,true
lp:2226:word:8,2226,8,呢,13,14,lpw_02811cec0b,呢,function|interrogative,false,true,true,true
lp:2227:word:0,2227,0,随便,1,3,,随便,,,false,false,false
lp:2227:word:1,2227,1,怎么,3,5,lpw_5ee8091a38,怎么,interrogative,false,false,false,false
lp:2227:word:2,2227,2,用,5,6,lpw_04e45efb3b,用,other,false,false,false,true
lp:2227:word:3,2227,3,都,6,7,lpw_7eabb36ba1,都,function,false,false,true,true
lp:2227:word:4,2227,4,行,7,8,,行,,,false,false,false
lp:2228:word:0,2228,0,我,1,2,lpw_b70bb4acc0,我,pronoun,false,true,true,true
lp:2228:word:1,2228,1,呀,2,3,lpw_03fe6b38e7,呀,function,false,false,false,true
lp:2229:word:0,2229,0,小王子,0,3,lpw_87f2a033cf,小王子,narrative_character,false,true,true,true
lp:2229:word:1,2229,1,心想,3,5,,心想,,,false,false,false
lp:2230:word:0,2230,0,要是,1,3,lpw_467b2562ed,要是,function,false,false,false,true
lp:2230:word:1,2230,1,我,3,4,lpw_b70bb4acc0,我,pronoun,false,true,true,true
lp:2230:word:2,2230,2,省下,4,6,,省下,,,false,false,false
lp:2230:word:3,2230,3,这,6,7,lpw_d409ab2ab3,这,pronoun,false,true,true,true
lp:2230:word:4,2230,4,五十,7,9,,五十,,,false,false,false
lp:2230:word:5,2230,5,三,9,10,lpw_a4c3313deb,三,other,false,false,false,false
lp:2230:word:6,2230,6,分钟,10,12,lpw_bd957bc497,分钟,time_quantity,false,false,false,false
lp:2231:word:0,2231,0,我,0,1,lpw_b70bb4acc0,我,pronoun,false,true,true,true
lp:2231:word:1,2231,1,就,1,2,lpw_2f9d9872e5,就,function,false,true,true,true
lp:2231:word:2,2231,2,不慌不忙,2,6,,不慌不忙,,,false,false,false
lp:2231:word:3,2231,3,地,6,7,lpw_bdbd41e490,地,function,false,true,true,true
lp:2231:word:4,2231,4,朝,7,8,,朝,,,false,false,false
lp:2231:word:5,2231,5,泉水,8,10,,泉水,,,false,false,false
lp:2231:word:6,2231,6,走去,10,12,,走去,,,false,false,false
lp:2233:word:0,2233,0,这,0,1,lpw_d409ab2ab3,这,pronoun,false,true,true,true
lp:2233:word:1,2233,1,是,1,2,lpw_b5141d3d19,是,function,false,true,true,true
lp:2233:word:2,2233,2,我,2,3,lpw_b70bb4acc0,我,pronoun,false,true,true,true
lp:2233:word:3,2233,3,降落在,3,6,,降落在,,,false,false,false
lp:2233:word:4,2233,4,沙漠,6,8,lpw_4fbf406572,沙漠,place,false,false,false,true
lp:2233:word:5,2233,5,后,8,9,,后,,,false,false,false
lp:2233:word:6,2233,6,的,9,10,lpw_8af2350cfd,的,function,false,true,true,true
lp:2233:word:7,2233,7,第八,10,12,,第八,,,false,false,false
lp:2233:word:8,2233,8,天,12,13,lpw_49da61ceee,天,other,false,false,false,true
lp:2234:word:0,2234,0,我,0,1,lpw_b70bb4acc0,我,pronoun,false,true,true,true
lp:2234:word:1,2234,1,听,1,2,lpw_1f2eb2608d,听,perception,false,false,false,false
lp:2234:word:2,2234,2,着,2,3,lpw_9e5bf0d2d9,着,function,false,true,true,true
lp:2234:word:3,2234,3,这个,3,5,lpw_979e2bc35b,这个,function,false,false,true,true
lp:2234:word:4,2234,4,商人,5,7,lpw_3f1784ce8b,商人,narrative_character,false,false,false,false
lp:2234:word:5,2234,5,的,7,8,lpw_8af2350cfd,的,function,false,true,true,true
lp:2234:word:6,2234,6,故事,8,10,,故事,,,false,false,false
lp:2235:word:0,2235,0,喝完,0,2,,喝完,,,false,false,false
lp:2235:word:1,2235,1,了,2,3,lpw_b2dd27e84f,了,function,false,true,true,true
lp:2235:word:2,2235,2,最后,3,5,,最后,,,false,false,false
lp:2235:word:3,2235,3,一滴,5,7,,一滴,,,false,false,false
lp:2235:word:4,2235,4,备用,7,9,,备用,,,false,false,false
lp:2235:word:5,2235,5,水,9,10,lpw_327b54d04f,水,concrete_entity,false,false,false,false
lp:2236:word:0,2236,0,喔,1,2,,喔,,,false,false,false
lp:2237:word:0,2237,0,我,0,1,lpw_b70bb4acc0,我,pronoun,false,true,true,true
lp:2237:word:1,2237,1,对,1,2,lpw_74570c7270,对,function,false,true,true,true
lp:2237:word:2,2237,2,小王子,2,5,lpw_87f2a033cf,小王子,narrative_character,false,true,true,true
lp:2237:word:3,2237,3,说,5,6,lpw_ccca744613,说,speech,false,true,true,true
lp:2238:word:0,2238,0,你,1,2,lpw_a0c7716669,你,pronoun,false,true,true,true
lp:2238:word:1,2238,1,的,2,3,lpw_8af2350cfd,的,function,false,true,true,true
lp:2238:word:2,2238,2,回忆,3,5,,回忆,,,false,false,false
lp:2238:word:3,2238,3,很,5,6,lpw_f2b91797ea,很,other,false,true,true,true
lp:2238:word:4,2238,4,动人,6,8,,动人,,,false,false,false
lp:2239:word:0,2239,0,可是,0,2,lpw_38ca4a9c76,可是,function,false,false,true,true
lp:2239:word:1,2239,1,我,2,3,lpw_b70bb4acc0,我,pronoun,false,true,true,true
lp:2239:word:2,2239,2,飞机,3,5,lpw_c05f7cd6ed,飞机,concrete_entity,true,false,false,false
lp:2239:word:3,2239,3,还,5,6,lpw_1bc709b8bf,还,other,false,false,false,true
lp:2239:word:4,2239,4,没,6,7,lpw_279e8b3573,没,negation_modality,false,false,true,true
lp:2239:word:5,2239,5,修好,7,9,,修好,,,false,false,false
lp:2240:word:0,2240,0,水,0,1,lpw_327b54d04f,水,concrete_entity,false,false,false,false
lp:2240:word:1,2240,1,也,1,2,lpw_658605835b,也,function,false,false,true,true
lp:2240:word:2,2240,2,喝完,2,4,,喝完,,,false,false,false
lp:2240:word:3,2240,3,了,4,5,lpw_b2dd27e84f,了,function,false,true,true,true
lp:2241:word:0,2241,0,要是,0,2,lpw_467b2562ed,要是,function,false,false,false,true
lp:2241:word:1,2241,1,我能,2,4,,我能,,,false,false,false
lp:2241:word:2,2241,2,朝,4,5,,朝,,,false,false,false
lp:2241:word:3,2241,3,泉水,5,7,,泉水,,,false,false,false
lp:2241:word:4,2241,4,走去,7,9,,走去,,,false,false,false
lp:2242:word:0,2242,0,那,0,1,lpw_5a2362a202,那,pronoun,false,true,true,true
lp:2242:word:1,2242,1,真是,1,3,,真是,,,false,false,false
lp:2242:word:2,2242,2,有福,3,5,,有福,,,false,false,false
lp:2242:word:3,2242,3,了,5,6,lpw_b2dd27e84f,了,function,false,true,true,true
lp:2243:word:0,2243,0,我,1,2,lpw_b70bb4acc0,我,pronoun,false,true,true,true
lp:2243:word:1,2243,1,那,2,3,lpw_5a2362a202,那,pronoun,false,true,true,true
lp:2243:word:2,2243,2,狐狸,3,5,lpw_0a93e4ffe2,狐狸,narrative_character,true,false,false,false
lp:2243:word:3,2243,3,朋友,5,7,lpw_677aad1a0e,朋友,emotion_social,false,false,false,true
lp:2244:word:0,2244,0,他,0,1,lpw_8b7b91e000,他,pronoun,false,true,true,true
lp:2244:word:1,2244,1,说,1,2,lpw_ccca744613,说,speech,false,true,true,true
lp:2245:word:0,2245,0,小,1,2,lpw_6a7339bb75,小,other,false,false,true,true
lp:2245:word:1,2245,1,家伙,2,4,,家伙,,,false,false,false
lp:2246:word:0,2246,0,这,0,1,lpw_d409ab2ab3,这,pronoun,false,true,true,true
lp:2246:word:1,2246,1,可,1,2,lpw_8b9cefa38e,可,other,false,false,true,true
lp:2246:word:2,2246,2,不干,2,4,,不干,,,false,false,false
lp:2246:word:3,2246,3,狐狸,4,6,lpw_0a93e4ffe2,狐狸,narrative_character,true,false,false,false
lp:2246:word:4,2246,4,的,6,7,lpw_8af2350cfd,的,function,false,true,true,true
lp:2246:word:5,2246,5,事,7,8,lpw_1d9ed56951,事,other,false,false,true,true
lp:2247:word:0,2247,0,为什么,1,4,lpw_1b919bb478,为什么,interrogative,false,false,false,false
lp:2248:word:0,2248,0,因为,1,3,lpw_795cfc96d4,因为,function,false,false,true,true
lp:2248:word:1,2248,1,我,3,4,lpw_b70bb4acc0,我,pronoun,false,true,true,true
lp:2248:word:2,2248,2,快要,4,6,,快要,,,false,false,false
lp:2248:word:3,2248,3,渴死,6,8,,渴死,,,false,false,false
lp:2248:word:4,2248,4,了,8,9,lpw_b2dd27e84f,了,function,false,true,true,true
lp:2249:word:0,2249,0,他,0,1,lpw_8b7b91e000,他,pronoun,false,true,true,true
lp:2249:word:1,2249,1,没,1,2,lpw_279e8b3573,没,negation_modality,false,false,true,true
lp:2249:word:2,2249,2,明白,2,4,lpw_8e37cd5f7f,明白,cognition,false,false,false,false
lp:2249:word:3,2249,3,我,4,5,lpw_b70bb4acc0,我,pronoun,false,true,true,true
lp:2249:word:4,2249,4,的,5,6,lpw_8af2350cfd,的,function,false,true,true,true
lp:2249:word:5,2249,5,思路,6,8,,思路,,,false,false,false
lp:2250:word:0,2250,0,回答,0,2,lpw_f3f5126487,回答,speech,false,false,true,true
lp:2250:word:1,2250,1,我,2,3,lpw_b70bb4acc0,我,pronoun,false,true,true,true
lp:2250:word:2,2250,2,说,3,4,lpw_ccca744613,说,speech,false,true,true,true
lp:2251:word:0,2251,0,有,1,2,lpw_90ce0f66f0,有,other,false,true,true,true
lp:2251:word:1,2251,1,朋友,2,4,lpw_677aad1a0e,朋友,emotion_social,false,false,false,true
lp:2251:word:2,2251,2,真好,4,6,,真好,,,false,false,false
lp:2252:word:0,2252,0,即使,0,2,,即使,,,false,false,false
lp:2252:word:1,2252,1,就要,2,4,,就要,,,false,false,false
lp:2252:word:2,2252,2,死了,4,6,,死了,,,false,false,false
lp:2253:word:0,2253,0,我也,0,2,,我也,,,false,false,false
lp:2253:word:1,2253,1,还是,2,4,lpw_dfaa7d6f73,还是,other,false,false,false,false
lp:2253:word:2,2253,2,这么,4,6,lpw_7677ca84c6,这么,other,false,false,false,true
lp:2253:word:3,2253,3,想,6,7,lpw_df0d251938,想,cognition,false,false,false,true
lp:2254:word:0,2254,0,我,0,1,lpw_b70bb4acc0,我,pronoun,false,true,true,true
lp:2254:word:1,2254,1,真,1,2,lpw_827d018e1b,真,other,false,false,false,false
lp:2254:word:2,2254,2,高兴,2,4,,高兴,,,false,false,false
lp:2255:word:0,2255,0,有,0,1,lpw_90ce0f66f0,有,other,false,true,true,true
lp:2255:word:1,2255,1,过,1,2,lpw_f777893480,过,other,false,false,true,true
lp:2255:word:2,2255,2,一个,2,4,lpw_e1dbc1c99f,一个,function|time_quantity,false,true,true,true
lp:2255:word:3,2255,3,狐狸,4,6,lpw_0a93e4ffe2,狐狸,narrative_character,true,false,false,false
lp:2255:word:4,2255,4,朋友,6,8,lpw_677aad1a0e,朋友,emotion_social,false,false,false,true
lp:2256:word:0,2256,0,他,1,2,lpw_8b7b91e000,他,pronoun,false,true,true,true
lp:2256:word:1,2256,1,没,2,3,lpw_279e8b3573,没,negation_modality,false,false,true,true
lp:2256:word:2,2256,2,明白,3,5,lpw_8e37cd5f7f,明白,cognition,false,false,false,false
lp:2256:word:3,2256,3,情势,5,7,,情势,,,false,false,false
lp:2256:word:4,2256,4,有,7,8,lpw_90ce0f66f0,有,other,false,true,true,true
lp:2256:word:5,2256,5,多,8,9,lpw_1940119f05,多,other,false,false,false,false
lp:2256:word:6,2256,6,凶,9,10,,凶,,,false,false,false
lp:2256:word:7,2256,7,险,10,11,,险,,,false,false,false
lp:2257:word:0,2257,0,我,0,1,lpw_b70bb4acc0,我,pronoun,false,true,true,true
lp:2257:word:1,2257,1,心想,1,3,,心想,,,false,false,false
lp:2258:word:0,2258,0,他,1,2,lpw_8b7b91e000,他,pronoun,false,true,true,true
lp:2258:word:1,2258,1,从来,2,4,,从来,,,false,false,false
lp:2258:word:2,2258,2,不,4,5,lpw_b02dfe2160,不,negation_modality,false,false,true,true
lp:2258:word:3,2258,3,知道,5,7,lpw_d7b6472b11,知道,cognition,false,false,true,true
lp:2258:word:4,2258,4,饥渴,7,9,,饥渴,,,false,false,false
lp:2259:word:0,2259,0,只要,0,2,,只要,,,false,false,false
lp:2259:word:1,2259,1,有点,2,4,lpw_29506aa712,有点,other,false,false,false,true
lp:2259:word:2,2259,2,阳光,4,6,,阳光,,,false,false,false
lp:2260:word:0,2260,0,他,0,1,lpw_8b7b91e000,他,pronoun,false,true,true,true
lp:2260:word:1,2260,1,就,1,2,lpw_2f9d9872e5,就,function,false,true,true,true
lp:2260:word:2,2260,2,足够,2,4,,足够,,,false,false,false
lp:2260:word:3,2260,3,了,4,5,lpw_b2dd27e84f,了,function,false,true,true,true
lp:2261:word:0,2261,0,然而,0,2,,然而,,,false,false,false
lp:2261:word:1,2261,1,他,2,3,lpw_8b7b91e000,他,pronoun,false,true,true,true
lp:2261:word:2,2261,2,注视着,3,6,,注视着,,,false,false,false
lp:2261:word:3,2261,3,我,6,7,lpw_b70bb4acc0,我,pronoun,false,true,true,true
lp:2262:word:0,2262,0,好像,0,2,,好像,,,false,false,false
lp:2262:word:1,2262,1,知道,2,4,lpw_d7b6472b11,知道,cognition,false,false,true,true
lp:2262:word:2,2262,2,我,4,5,lpw_b70bb4acc0,我,pronoun,false,true,true,true
lp:2262:word:3,2262,3,心里,5,7,,心里,,,false,false,false
lp:2262:word:4,2262,4,在,7,8,lpw_12404a0b63,在,function,false,true,true,true
lp:2262:word:5,2262,5,想,8,9,lpw_df0d251938,想,cognition,false,false,false,true
lp:2262:word:6,2262,6,什么,9,11,lpw_c1b52e0e64,什么,pronoun|interrogative,false,true,true,true
lp:2263:word:0,2263,0,我也,1,3,,我也,,,false,false,false
lp:2263:word:1,2263,1,渴,3,4,,渴,,,false,false,false
lp:2264:word:0,2264,0,我们,0,2,lpw_bcacb40df8,我们,pronoun,false,false,false,false
lp:2264:word:1,2264,1,去,2,3,lpw_99ae21ea6c,去,physical_action,false,false,true,true
lp:2264:word:2,2264,2,找,3,4,lpw_c277be8a4b,找,other,false,false,false,false
lp:2264:word:3,2264,3,一口,4,6,,一口,,,false,false,false
lp:2264:word:4,2264,4,井,6,7,,井,,,false,false,false
lp:2264:word:5,2264,5,吧,7,8,lpw_bad8b6c7ae,吧,function,false,false,false,true
lp:2265:word:0,2265,0,我,0,1,lpw_b70bb4acc0,我,pronoun,false,true,true,true
lp:2265:word:1,2265,1,做了,1,3,,做了,,,false,false,false
lp:2265:word:2,2265,2,个,3,4,lpw_3a116815bc,个,other,false,false,true,true
lp:2265:word:3,2265,3,表示,4,6,,表示,,,false,false,false
lp:2265:word:4,2265,4,厌烦,6,8,,厌烦,,,false,false,false
lp:2265:word:5,2265,5,的,8,9,lpw_8af2350cfd,的,function,false,true,true,true
lp:2265:word:6,2265,6,手势,9,11,,手势,,,false,false,false
lp:2266:word:0,2266,0,在,0,1,lpw_12404a0b63,在,function,false,true,true,true
lp:2266:word:1,2266,1,一望,1,3,,一望,,,false,false,false
lp:2266:word:2,2266,2,无垠,3,5,,无垠,,,false,false,false
lp:2266:word:3,2266,3,的,5,6,lpw_8af2350cfd,的,function,false,true,true,true
lp:2266:word:4,2266,4,沙漠,6,8,lpw_4fbf406572,沙漠,place,false,false,false,true
lp:2266:word:5,2266,5,中,8,9,lpw_a567bdaa11,中,other,false,false,false,false
lp:2267:word:0,2267,0,漫无,0,2,,漫无,,,false,false,false
lp:2267:word:1,2267,1,目标,2,4,,目标,,,false,false,false
lp:2267:word:2,2267,2,地,4,5,lpw_bdbd41e490,地,function,false,true,true,true
lp:2267:word:3,2267,3,去,5,6,lpw_99ae21ea6c,去,physical_action,false,false,true,true
lp:2267:word:4,2267,4,找,6,7,lpw_c277be8a4b,找,other,false,false,false,false
lp:2267:word:5,2267,5,井,7,8,,井,,,false,false,false
lp:2268:word:0,2268,0,简直,0,2,,简直,,,false,false,false
lp:2268:word:1,2268,1,是,2,3,lpw_b5141d3d19,是,function,false,true,true,true
lp:2268:word:2,2268,2,荒唐,3,5,,荒唐,,,false,false,false
lp:2269:word:0,2269,0,然而,0,2,,然而,,,false,false,false
lp:2270:word:0,2270,0,我们,0,2,lpw_bcacb40df8,我们,pronoun,false,false,false,false
lp:2270:word:1,2270,1,到底,2,4,,到底,,,false,false,false
lp:2270:word:2,2270,2,还是,4,6,lpw_dfaa7d6f73,还是,other,false,false,false,false
lp:2270:word:3,2270,3,上路,6,8,,上路,,,false,false,false
lp:2270:word:4,2270,4,了,8,9,lpw_b2dd27e84f,了,function,false,true,true,true
lp:2271:word:0,2271,0,默默,0,2,,默默,,,false,false,false
lp:2271:word:1,2271,1,地,2,3,lpw_bdbd41e490,地,function,false,true,true,true
lp:2271:word:2,2271,2,走了,3,5,lpw_25eba59465,走了,other,false,false,false,false
lp:2271:word:3,2271,3,几个,5,7,,几个,,,false,false,false
lp:2271:word:4,2271,4,钟头,7,9,,钟头,,,false,false,false
lp:2271:word:5,2271,5,以后,9,11,lpw_e6ad7a1dbc,以后,other,false,false,false,false
lp:2272:word:0,2272,0,夜幕,0,2,,夜幕,,,false,false,false
lp:2272:word:1,2272,1,降临,2,4,,降临,,,false,false,false
lp:2272:word:2,2272,2,了,4,5,lpw_b2dd27e84f,了,function,false,true,true,true
lp:2273:word:0,2273,0,星星,0,2,lpw_6a9fec7faf,星星,concrete_entity,false,true,true,true
lp:2273:word:1,2273,1,在,2,3,lpw_12404a0b63,在,function,false,true,true,true
lp:2273:word:2,2273,2,天空,3,5,,天空,,,false,false,false
lp:2273:word:3,2273,3,中,5,6,lpw_a567bdaa11,中,other,false,false,false,false
lp:2273:word:4,2273,4,闪烁,6,8,,闪烁,,,false,false,false
lp:2273:word:5,2273,5,起来,8,10,lpw_b8a694b2df,起来,other,false,false,false,true
lp:2274:word:0,2274,0,由于,0,2,,由于,,,false,false,false
lp:2274:word:1,2274,1,渴得,2,4,,渴得,,,false,false,false
lp:2274:word:2,2274,2,厉害,4,6,,厉害,,,false,false,false
lp:2275:word:0,2275,0,我,0,1,lpw_b70bb4acc0,我,pronoun,false,true,true,true
lp:2275:word:1,2275,1,有点,1,3,lpw_29506aa712,有点,other,false,false,false,true
lp:2275:word:2,2275,2,发烧,3,5,,发烧,,,false,false,false
lp:2276:word:0,2276,0,望,0,1,lpw_260bd80462,望,other,false,false,false,false
lp:2276:word:1,2276,1,着,1,2,lpw_9e5bf0d2d9,着,function,false,true,true,true
lp:2276:word:2,2276,2,天上,2,4,,天上,,,false,false,false
lp:2276:word:3,2276,3,的,4,5,lpw_8af2350cfd,的,function,false,true,true,true
lp:2276:word:4,2276,4,星星,5,7,lpw_6a9fec7faf,星星,concrete_entity,false,true,true,true
lp:2277:word:0,2277,0,仿佛,0,2,,仿佛,,,false,false,false
lp:2277:word:1,2277,1,在,2,3,lpw_12404a0b63,在,function,false,true,true,true
lp:2277:word:2,2277,2,梦中,3,5,,梦中,,,false,false,false
lp:2278:word:0,2278,0,小王子,0,3,lpw_87f2a033cf,小王子,narrative_character,false,true,true,true
lp:2278:word:1,2278,1,的话,3,5,lpw_9b952dd4e3,的话,other,false,false,false,false
lp:2278:word:2,2278,2,在,5,6,lpw_12404a0b63,在,function,false,true,true,true
lp:2278:word:3,2278,3,脑海,6,8,,脑海,,,false,false,false
lp:2278:word:4,2278,4,里,8,9,lpw_79f43de6e3,里,function,false,false,true,true
lp:2278:word:5,2278,5,盘旋,9,11,,盘旋,,,false,false,false
lp:2278:word:6,2278,6,舞蹈,11,13,,舞蹈,,,false,false,false
lp:2279:word:0,2279,0,你,1,2,lpw_a0c7716669,你,pronoun,false,true,true,true
lp:2279:word:1,2279,1,也,2,3,lpw_658605835b,也,function,false,false,true,true
lp:2279:word:2,2279,2,渴,3,4,,渴,,,false,false,false
lp:2280:word:0,2280,0,我,0,1,lpw_b70bb4acc0,我,pronoun,false,true,true,true
lp:2280:word:1,2280,1,问,1,2,lpw_4628c0e06f,问,speech,false,false,true,true
lp:2281:word:0,2281,0,他,0,1,lpw_8b7b91e000,他,pronoun,false,true,true,true
lp:2281:word:1,2281,1,没有,1,3,lpw_f127804b92,没有,negation_modality,false,false,true,true
lp:2281:word:2,2281,2,回答,3,5,lpw_f3f5126487,回答,speech,false,false,true,true
lp:2281:word:3,2281,3,我,5,6,lpw_b70bb4acc0,我,pronoun,false,true,true,true
lp:2281:word:4,2281,4,的,6,7,lpw_8af2350cfd,的,function,false,true,true,true
lp:2281:word:5,2281,5,问题,7,9,lpw_33a8618cb6,问题,other,false,false,false,false
lp:2282:word:0,2282,0,只,0,1,lpw_409e2c3882,只,function,false,false,true,true
lp:2282:word:1,2282,1,对,1,2,lpw_74570c7270,对,function,false,true,true,true
lp:2282:word:2,2282,2,我,2,3,lpw_b70bb4acc0,我,pronoun,false,true,true,true
lp:2282:word:3,2282,3,说,3,4,lpw_ccca744613,说,speech,false,true,true,true
lp:2283:word:0,2283,0,水,1,2,lpw_327b54d04f,水,concrete_entity,false,false,false,false
lp:2283:word:1,2283,1,对,2,3,lpw_74570c7270,对,function,false,true,true,true
lp:2283:word:2,2283,2,心灵,3,5,,心灵,,,false,false,false
lp:2283:word:3,2283,3,也有,5,7,,也有,,,false,false,false
lp:2283:word:4,2283,4,好处,7,9,,好处,,,false,false,false
lp:2284:word:0,2284,0,我没,0,2,lpw_6af7322be2,我没,other,false,false,false,false
lp:2284:word:1,2284,1,听,2,3,lpw_1f2eb2608d,听,perception,false,false,false,false
lp:2284:word:2,2284,2,懂,3,4,,懂,,,false,false,false
lp:2284:word:3,2284,3,他,4,5,lpw_8b7b91e000,他,pronoun,false,true,true,true
lp:2284:word:4,2284,4,的话,5,7,lpw_9b952dd4e3,的话,other,false,false,false,false
lp:2285:word:0,2285,0,但,0,1,lpw_1f863793c6,但,other,false,false,false,false
lp:2285:word:1,2285,1,我没,1,3,lpw_6af7322be2,我没,other,false,false,false,false
lp:2285:word:2,2285,2,作,3,4,lpw_7ff9df9923,作,other,false,false,false,false
lp:2285:word:3,2285,3,声,4,5,lpw_693e132f27,声,other,false,false,false,true
lp:2286:word:0,2286,0,我,0,1,lpw_b70bb4acc0,我,pronoun,false,true,true,true
lp:2286:word:1,2286,1,知道,1,3,lpw_d7b6472b11,知道,cognition,false,false,true,true
lp:2287:word:0,2287,0,这会儿,0,3,,这会儿,,,false,false,false
lp:2287:word:1,2287,1,不该,3,5,,不该,,,false,false,false
lp:2287:word:2,2287,2,去,5,6,lpw_99ae21ea6c,去,physical_action,false,false,true,true
lp:2287:word:3,2287,3,问,6,7,lpw_4628c0e06f,问,speech,false,false,true,true
lp:2287:word:4,2287,4,他,7,8,lpw_8b7b91e000,他,pronoun,false,true,true,true
lp:2288:word:0,2288,0,他,0,1,lpw_8b7b91e000,他,pronoun,false,true,true,true
lp:2288:word:1,2288,1,累了,1,3,,累了,,,false,false,false
lp:2289:word:0,2289,0,他,0,1,lpw_8b7b91e000,他,pronoun,false,true,true,true
lp:2289:word:1,2289,1,坐了,1,3,,坐了,,,false,false,false
lp:2289:word:2,2289,2,下来,3,5,,下来,,,false,false,false
lp:2290:word:0,2290,0,我,0,1,lpw_b70bb4acc0,我,pronoun,false,true,true,true
lp:2290:word:1,2290,1,坐在,1,3,,坐在,,,false,false,false
lp:2290:word:2,2290,2,他,3,4,lpw_8b7b91e000,他,pronoun,false,true,true,true
lp:2290:word:3,2290,3,身,4,5,,身,,,false,false,false
lp:2290:word:4,2290,4,旁,5,6,,旁,,,false,false,false
lp:2291:word:0,2291,0,沉默,0,2,,沉默,,,false,false,false
lp:2291:word:1,2291,1,了一,2,4,,了一,,,false,false,false
lp:2291:word:2,2291,2,会,4,5,lpw_5ba1e3c0eb,会,negation_modality,false,true,true,true
lp:2291:word:3,2291,3,儿,5,6,lpw_1ed5efc3dc,儿,other,false,false,false,false
lp:2292:word:0,2292,0,他,0,1,lpw_8b7b91e000,他,pronoun,false,true,true,true
lp:2292:word:1,2292,1,又,1,2,lpw_e71ce5deab,又,function,false,true,true,true
lp:2292:word:2,2292,2,说,2,3,lpw_ccca744613,说,speech,false,true,true,true
lp:2293:word:0,2293,0,星星,1,3,lpw_6a9fec7faf,星星,concrete_entity,false,true,true,true
lp:2293:word:1,2293,1,很美,3,5,,很美,,,false,false,false
lp:2294:word:0,2294,0,因为,0,2,lpw_795cfc96d4,因为,function,false,false,true,true
lp:2294:word:1,2294,1,有,2,3,lpw_90ce0f66f0,有,other,false,true,true,true
lp:2294:word:2,2294,2,一朵,3,5,lpw_aebd6fbbd2,一朵,other,false,false,false,true
lp:2294:word:3,2294,3,看不见,5,8,lpw_f92f065aad,看不见,perception,false,false,false,false
lp:2294:word:4,2294,4,的,8,9,lpw_8af2350cfd,的,function,false,true,true,true
lp:2294:word:5,2294,5,花儿,9,11,lpw_059ab0f707,花,narrative_character|concrete_entity,false,true,true,true
lp:2295:word:0,2295,0,我,0,1,lpw_b70bb4acc0,我,pronoun,false,true,true,true
lp:2295:word:1,2295,1,说,1,2,lpw_ccca744613,说,speech,false,true,true,true
lp:2295:word:2,2295,2,了,2,3,lpw_b2dd27e84f,了,function,false,true,true,true
lp:2295:word:3,2295,3,声,3,4,lpw_693e132f27,声,other,false,false,false,true
lp:2295:word:4,2295,4,可不是,5,8,lpw_b30391caa1,可不是,other,false,false,false,false
lp:2296:word:0,2296,0,就,0,1,lpw_2f9d9872e5,就,function,false,true,true,true
lp:2296:word:1,2296,1,静静,1,3,,静静,,,false,false,false
lp:2296:word:2,2296,2,地,3,4,lpw_bdbd41e490,地,function,false,true,true,true
lp:2296:word:3,2296,3,注视着,4,7,,注视着,,,false,false,false
lp:2296:word:4,2296,4,月光,7,9,,月光,,,false,false,false
lp:2296:word:5,2296,5,下,9,10,lpw_13c12b064b,下,function,false,false,false,false
lp:2296:word:6,2296,6,沙漠,10,12,lpw_4fbf406572,沙漠,place,false,false,false,true
lp:2296:word:7,2296,7,的,12,13,lpw_8af2350cfd,的,function,false,true,true,true
lp:2296:word:8,2296,8,褶,13,14,,褶,,,false,false,false
lp:2296:word:9,2296,9,皱,14,15,,皱,,,false,false,false
lp:2297:word:0,2297,0,沙漠,1,3,lpw_4fbf406572,沙漠,place,false,false,false,true
lp:2297:word:1,2297,1,很美,3,5,,很美,,,false,false,false
lp:2298:word:0,2298,0,他,0,1,lpw_8b7b91e000,他,pronoun,false,true,true,true
lp:2298:word:1,2298,1,又,1,2,lpw_e71ce5deab,又,function,false,true,true,true
lp:2298:word:2,2298,2,说,2,3,lpw_ccca744613,说,speech,false,true,true,true
lp:2299:word:0,2299,0,没错,0,2,,没错,,,false,false,false
lp:2300:word:0,2300,0,我,0,1,lpw_b70bb4acc0,我,pronoun,false,true,true,true
lp:2300:word:1,2300,1,一向,1,3,,一向,,,false,false,false
lp:2300:word:2,2300,2,喜欢,3,5,lpw_653b04330b,喜欢,emotion_social,false,false,false,false
lp:2300:word:3,2300,3,沙漠,5,7,lpw_4fbf406572,沙漠,place,false,false,false,true
lp:2301:word:0,2301,0,我们,0,2,lpw_bcacb40df8,我们,pronoun,false,false,false,false
lp:2301:word:1,2301,1,坐在,2,4,,坐在,,,false,false,false
lp:2301:word:2,2301,2,一个,4,6,lpw_e1dbc1c99f,一个,function|time_quantity,false,true,true,true
lp:2301:word:3,2301,3,沙丘,6,8,,沙丘,,,false,false,false
lp:2301:word:4,2301,4,上,8,9,lpw_db5ba671d2,上,function,false,true,true,true
lp:2302:word:0,2302,0,什么,0,2,lpw_c1b52e0e64,什么,pronoun|interrogative,false,true,true,true
lp:2302:word:1,2302,1,也,2,3,lpw_658605835b,也,function,false,false,true,true
lp:2302:word:2,2302,2,看不见,3,6,lpw_f92f065aad,看不见,perception,false,false,false,false
lp:2303:word:0,2303,0,什么,0,2,lpw_c1b52e0e64,什么,pronoun|interrogative,false,true,true,true
lp:2303:word:1,2303,1,也,2,3,lpw_658605835b,也,function,false,false,true,true
lp:2303:word:2,2303,2,听不见,3,6,,听不见,,,false,false,false
lp:2304:word:0,2304,0,然而,0,2,,然而,,,false,false,false
lp:2304:word:1,2304,1,有,2,3,lpw_90ce0f66f0,有,other,false,true,true,true
lp:2304:word:2,2304,2,什么东西,3,7,,什么东西,,,false,false,false
lp:2304:word:3,2304,3,在,7,8,lpw_12404a0b63,在,function,false,true,true,true
lp:2304:word:4,2304,4,寂静,8,10,,寂静,,,false,false,false
lp:2304:word:5,2304,5,中,10,11,lpw_a567bdaa11,中,other,false,false,false,false
lp:2304:word:6,2304,6,发出,11,13,,发出,,,false,false,false
lp:2304:word:7,2304,7,光芒,13,15,,光芒,,,false,false,false
lp:2305:word:0,2305,0,沙漠,1,3,lpw_4fbf406572,沙漠,place,false,false,false,true
lp:2305:word:1,2305,1,这么,3,5,lpw_7677ca84c6,这么,other,false,false,false,true
lp:2305:word:2,2305,2,美,5,6,,美,,,false,false,false
lp:2306:word:0,2306,0,小王子,0,3,lpw_87f2a033cf,小王子,narrative_character,false,true,true,true
lp:2306:word:1,2306,1,说,3,4,lpw_ccca744613,说,speech,false,true,true,true
lp:2307:word:0,2307,0,是,1,2,lpw_b5141d3d19,是,function,false,true,true,true
lp:2307:word:1,2307,1,因为,2,4,lpw_795cfc96d4,因为,function,false,false,true,true
lp:2307:word:2,2307,2,有,4,5,lpw_90ce0f66f0,有,other,false,true,true,true
lp:2307:word:3,2307,3,个,5,6,lpw_3a116815bc,个,other,false,false,true,true
lp:2307:word:4,2307,4,地方,6,8,lpw_1462a7d853,地方,other,false,false,false,true
lp:2307:word:5,2307,5,藏着,8,10,,藏着,,,false,false,false
lp:2307:word:6,2307,6,一口,10,12,,一口,,,false,false,false
lp:2307:word:7,2307,7,井,12,13,,井,,,false,false,false
lp:2308:word:0,2308,0,我,0,1,lpw_b70bb4acc0,我,pronoun,false,true,true,true
lp:2308:word:1,2308,1,非常,1,3,lpw_2ccec3b419,非常,other,false,false,false,false
lp:2308:word:2,2308,2,吃惊,3,5,,吃惊,,,false,false,false
lp:2309:word:0,2309,0,突然,0,2,,突然,,,false,false,false
lp:2309:word:1,2309,1,间,2,3,,间,,,false,false,false
lp:2309:word:2,2309,2,明白,3,5,lpw_8e37cd5f7f,明白,cognition,false,false,false,false
lp:2309:word:3,2309,3,了,5,6,lpw_b2dd27e84f,了,function,false,true,true,true
lp:2309:word:4,2309,4,沙漠,6,8,lpw_4fbf406572,沙漠,place,false,false,false,true
lp:2309:word:5,2309,5,发光,8,10,,发光,,,false,false,false
lp:2309:word:6,2309,6,的,10,11,lpw_8af2350cfd,的,function,false,true,true,true
lp:2309:word:7,2309,7,奥秘,11,13,,奥秘,,,false,false,false
lp:2310:word:0,2310,0,我,0,1,lpw_b70bb4acc0,我,pronoun,false,true,true,true
lp:2310:word:1,2310,1,小时,1,3,,小时,,,false,false,false
lp:2310:word:2,2310,2,候,3,4,,候,,,false,false,false
lp:2310:word:3,2310,3,住在,4,6,,住在,,,false,false,false
lp:2310:word:4,2310,4,一座,6,8,lpw_e2d5460909,一座,other,false,false,false,false
lp:2310:word:5,2310,5,老,8,9,,老,,,false,false,false
lp:2310:word:6,2310,6,宅,9,10,,宅,,,false,false,false
lp:2310:word:7,2310,7,里,10,11,lpw_79f43de6e3,里,function,false,false,true,true
lp:2311:word:0,2311,0,传说,0,2,,传说,,,false,false,false
lp:2311:word:1,2311,1,宅,2,3,,宅,,,false,false,false
lp:2311:word:2,2311,2,子,3,4,,子,,,false,false,false
lp:2311:word:3,2311,3,里,4,5,lpw_79f43de6e3,里,function,false,false,true,true
lp:2311:word:4,2311,4,埋,5,6,,埋,,,false,false,false
lp:2311:word:5,2311,5,着,6,7,lpw_9e5bf0d2d9,着,function,false,true,true,true
lp:2311:word:6,2311,6,宝藏,7,9,,宝藏,,,false,false,false
lp:2312:word:0,2312,0,当然,0,2,lpw_0002e2d87f,当然,other,false,false,false,false
lp:2313:word:0,2313,0,从来没,0,3,,从来没,,,false,false,false
lp:2313:word:1,2313,1,人,3,4,lpw_50f5d65d57,人,other,false,true,true,true
lp:2313:word:2,2313,2,发现,4,6,lpw_10493d06b9,发现,perception,false,false,false,false
lp:2313:word:3,2313,3,过,6,7,lpw_f777893480,过,other,false,false,true,true
lp:2313:word:4,2313,4,这,7,8,lpw_d409ab2ab3,这,pronoun,false,true,true,true
lp:2313:word:5,2313,5,宝藏,8,10,,宝藏,,,false,false,false
lp:2314:word:0,2314,0,或许,0,2,,或许,,,false,false,false
lp:2314:word:1,2314,1,根本,2,4,,根本,,,false,false,false
lp:2314:word:2,2314,2,没,4,5,lpw_279e8b3573,没,negation_modality,false,false,true,true
lp:2314:word:3,2314,3,人,5,6,lpw_50f5d65d57,人,other,false,true,true,true
lp:2314:word:4,2314,4,寻找,6,8,,寻找,,,false,false,false
lp:2314:word:5,2314,5,过,8,9,lpw_f777893480,过,other,false,false,true,true
lp:2314:word:6,2314,6,它,9,10,lpw_7e9260e925,它,pronoun,false,true,true,true
lp:2315:word:0,2315,0,但是,0,2,lpw_8cb1f721c8,但是,other,false,false,false,false
lp:2315:word:1,2315,1,它,2,3,lpw_7e9260e925,它,pronoun,false,true,true,true
lp:2315:word:2,2315,2,使,3,4,lpw_22c95798a9,使,other,false,false,false,false
lp:2315:word:3,2315,3,整座,4,6,,整座,,,false,false,false
lp:2315:word:4,2315,4,宅,6,7,,宅,,,false,false,false
lp:2315:word:5,2315,5,子,7,8,,子,,,false,false,false
lp:2315:word:6,2315,6,变得,8,10,lpw_23e89ba0a1,变得,other,false,false,false,false
lp:2315:word:7,2315,7,令人,10,12,,令人,,,false,false,false
lp:2315:word:8,2315,8,着迷,12,14,,着迷,,,false,false,false
lp:2316:word:0,2316,0,我,0,1,lpw_b70bb4acc0,我,pronoun,false,true,true,true
lp:2316:word:1,2316,1,的,1,2,lpw_8af2350cfd,的,function,false,true,true,true
lp:2316:word:2,2316,2,宅,2,3,,宅,,,false,false,false
lp:2316:word:3,2316,3,子,3,4,,子,,,false,false,false
lp:2316:word:4,2316,4,在,4,5,lpw_12404a0b63,在,function,false,true,true,true
lp:2316:word:5,2316,5,心灵深处,5,9,,心灵深处,,,false,false,false
lp:2316:word:6,2316,6,藏着,9,11,,藏着,,,false,false,false
lp:2316:word:7,2316,7,一个,11,13,lpw_e1dbc1c99f,一个,function|time_quantity,false,true,true,true
lp:2316:word:8,2316,8,秘密,13,15,,秘密,,,false,false,false
lp:2317:word:0,2317,0,对,1,2,lpw_74570c7270,对,function,false,true,true,true
lp:2318:word:0,2318,0,我,0,1,lpw_b70bb4acc0,我,pronoun,false,true,true,true
lp:2318:word:1,2318,1,对,1,2,lpw_74570c7270,对,function,false,true,true,true
lp:2318:word:2,2318,2,小王子,2,5,lpw_87f2a033cf,小王子,narrative_character,false,true,true,true
lp:2318:word:3,2318,3,说,5,6,lpw_ccca744613,说,speech,false,true,true,true
lp:2319:word:0,2319,0,不管是,1,4,,不管是,,,false,false,false
lp:2319:word:1,2319,1,宅,4,5,,宅,,,false,false,false
lp:2319:word:2,2319,2,子,5,6,,子,,,false,false,false
lp:2320:word:0,2320,0,还是,0,2,lpw_dfaa7d6f73,还是,other,false,false,false,false
lp:2320:word:1,2320,1,星星,2,4,lpw_6a9fec7faf,星星,concrete_entity,false,true,true,true
lp:2320:word:2,2320,2,或,4,5,,或,,,false,false,false
lp:2320:word:3,2320,3,沙漠,5,7,lpw_4fbf406572,沙漠,place,false,false,false,true
lp:2321:word:0,2321,0,使,0,1,lpw_22c95798a9,使,other,false,false,false,false
lp:2321:word:1,2321,1,它们,1,3,lpw_c40b3d2880,它们,pronoun,false,false,true,true
lp:2321:word:2,2321,2,变,3,4,,变,,,false,false,false
lp:2321:word:3,2321,3,美,4,5,,美,,,false,false,false
lp:2321:word:4,2321,4,的,5,6,lpw_8af2350cfd,的,function,false,true,true,true
lp:2321:word:5,2321,5,东西,6,8,lpw_b181350186,东西,other,false,false,false,true
lp:2322:word:0,2322,0,都是,0,2,lpw_ef4e15ff45,都是,other,false,false,false,false
lp:2322:word:1,2322,1,看不见,2,5,lpw_f92f065aad,看不见,perception,false,false,false,false
lp:2322:word:2,2322,2,的,5,6,lpw_8af2350cfd,的,function,false,true,true,true
lp:2323:word:0,2323,0,他,0,1,lpw_8b7b91e000,他,pronoun,false,true,true,true
lp:2323:word:1,2323,1,笑了,1,3,,笑了,,,false,false,false
lp:2324:word:0,2324,0,拉住,0,2,,拉住,,,false,false,false
lp:2324:word:1,2324,1,吊,2,3,,吊,,,false,false,false
lp:2324:word:2,2324,2,绳,3,4,,绳,,,false,false,false
lp:2325:word:0,2325,0,让,0,1,lpw_ad37574404,让,other,false,true,true,true
lp:2325:word:1,2325,1,辘,1,2,,辘,,,false,false,false
lp:2325:word:2,2325,2,轳,2,3,,轳,,,false,false,false
lp:2325:word:3,2325,3,转,3,4,lpw_9482d0359c,转,other,true,false,false,false
lp:2325:word:4,2325,4,起来,4,6,lpw_b8a694b2df,起来,other,false,false,false,true
lp:2325:word:5,2325,5,我,7,8,lpw_b70bb4acc0,我,pronoun,false,true,true,true
lp:2325:word:6,2325,6,很,8,9,lpw_f2b91797ea,很,other,false,true,true,true
lp:2325:word:7,2325,7,高兴,9,11,,高兴,,,false,false,false
lp:2326:word:0,2326,0,他,0,1,lpw_8b7b91e000,他,pronoun,false,true,true,true
lp:2326:word:1,2326,1,说,1,2,lpw_ccca744613,说,speech,false,true,true,true
lp:2327:word:0,2327,0,你,1,2,lpw_a0c7716669,你,pronoun,false,true,true,true
lp:2327:word:1,2327,1,和,2,3,lpw_3d7114281f,和,function,false,false,true,true
lp:2327:word:2,2327,2,狐狸,3,5,lpw_0a93e4ffe2,狐狸,narrative_character,true,false,false,false
lp:2327:word:3,2327,3,的,5,6,lpw_8af2350cfd,的,function,false,true,true,true
lp:2327:word:4,2327,4,看法,6,8,,看法,,,false,false,false
lp:2327:word:5,2327,5,一样,8,10,lpw_9dc5c0158d,一样,other,false,false,false,true
lp:2327:word:6,2327,6,了,10,11,lpw_b2dd27e84f,了,function,false,true,true,true
lp:2328:word:0,2328,0,看,0,1,lpw_61f43315f9,看,perception,false,false,false,true
lp:2328:word:1,2328,1,小王子,1,4,lpw_87f2a033cf,小王子,narrative_character,false,true,true,true
lp:2328:word:2,2328,2,睡着了,4,7,,睡着了,,,false,false,false
lp:2329:word:0,2329,0,我把,0,2,lpw_5ebf3d1bfd,我把,other,false,false,false,false
lp:2329:word:1,2329,1,他,2,3,lpw_8b7b91e000,他,pronoun,false,true,true,true
lp:2329:word:2,2329,2,抱,3,4,,抱,,,false,false,false
lp:2329:word:3,2329,3,起来,4,6,lpw_b8a694b2df,起来,other,false,false,false,true
lp:2330:word:0,2330,0,重新,0,2,,重新,,,false,false,false
lp:2330:word:1,2330,1,上路,2,4,,上路,,,false,false,false
lp:2331:word:0,2331,0,我,0,1,lpw_b70bb4acc0,我,pronoun,false,true,true,true
lp:2331:word:1,2331,1,很,1,2,lpw_f2b91797ea,很,other,false,true,true,true
lp:2331:word:2,2331,2,激动,2,4,,激动,,,false,false,false
lp:2332:word:0,2332,0,我,0,1,lpw_b70bb4acc0,我,pronoun,false,true,true,true
lp:2332:word:1,2332,1,觉得,1,3,lpw_78c82d9f41,觉得,cognition,false,false,false,true
lp:2332:word:2,2332,2,就像,3,5,lpw_3a1a30dbb2,就像,other,false,false,false,false
lp:2332:word:3,2332,3,捧,5,6,,捧,,,false,false,false
lp:2332:word:4,2332,4,着,6,7,lpw_9e5bf0d2d9,着,function,false,true,true,true
lp:2332:word:5,2332,5,一件,7,9,,一件,,,false,false,false
lp:2332:word:6,2332,6,易碎,9,11,,易碎,,,false,false,false
lp:2332:word:7,2332,7,的,11,12,lpw_8af2350cfd,的,function,false,true,true,true
lp:2332:word:8,2332,8,宝贝,12,14,,宝贝,,,false,false,false
lp:2333:word:0,2333,0,我,0,1,lpw_b70bb4acc0,我,pronoun,false,true,true,true
lp:2333:word:1,2333,1,甚至,1,3,,甚至,,,false,false,false
lp:2333:word:2,2333,2,觉得,3,5,lpw_78c82d9f41,觉得,cognition,false,false,false,true
lp:2333:word:3,2333,3,在,5,6,lpw_12404a0b63,在,function,false,true,true,true
lp:2333:word:4,2333,4,地球,6,8,lpw_eeef861b87,地球,place,false,false,false,true
lp:2333:word:5,2333,5,上,8,9,lpw_db5ba671d2,上,function,false,true,true,true
lp:2334:word:0,2334,0,再,0,1,,再,,,false,false,false
lp:2334:word:1,2334,1,没有,1,3,lpw_f127804b92,没有,negation_modality,false,false,true,true
lp:2334:word:2,2334,2,更,3,4,,更,,,false,false,false
lp:2334:word:3,2334,3,娇,4,5,,娇,,,false,false,false
lp:2334:word:4,2334,4,弱,5,6,,弱,,,false,false,false
lp:2334:word:5,2334,5,的,6,7,lpw_8af2350cfd,的,function,false,true,true,true
lp:2334:word:6,2334,6,东西,7,9,lpw_b181350186,东西,other,false,false,false,true
lp:2334:word:7,2334,7,了,9,10,lpw_b2dd27e84f,了,function,false,true,true,true
lp:2335:word:0,2335,0,我在,0,2,lpw_33f40475f8,我在,other,false,false,false,false
lp:2335:word:1,2335,1,月光,2,4,,月光,,,false,false,false
lp:2335:word:2,2335,2,下,4,5,lpw_13c12b064b,下,function,false,false,false,false
lp:2335:word:3,2335,3,看,5,6,lpw_61f43315f9,看,perception,false,false,false,true
lp:2335:word:4,2335,4,着,6,7,lpw_9e5bf0d2d9,着,function,false,true,true,true
lp:2335:word:5,2335,5,他,7,8,lpw_8b7b91e000,他,pronoun,false,true,true,true
lp:2335:word:6,2335,6,苍白,8,10,,苍白,,,false,false,false
lp:2335:word:7,2335,7,的,10,11,lpw_8af2350cfd,的,function,false,true,true,true
lp:2335:word:8,2335,8,前额,11,13,,前额,,,false,false,false
lp:2336:word:0,2336,0,紧,0,1,,紧,,,false,false,false
lp:2336:word:1,2336,1,闭,1,2,,闭,,,false,false,false
lp:2336:word:2,2336,2,的,2,3,lpw_8af2350cfd,的,function,false,true,true,true
lp:2336:word:3,2336,3,眼睛,3,5,,眼睛,,,false,false,false
lp:2337:word:0,2337,0,还有,0,2,lpw_83eec76b39,还有,other,false,false,false,false
lp:2337:word:1,2337,1,那,2,3,lpw_5a2362a202,那,pronoun,false,true,true,true
lp:2337:word:2,2337,2,随风,3,5,,随风,,,false,false,false
lp:2337:word:3,2337,3,飘,5,6,,飘,,,false,false,false
lp:2337:word:4,2337,4,动,6,7,,动,,,false,false,false
lp:2337:word:5,2337,5,的,7,8,lpw_8af2350cfd,的,function,false,true,true,true
lp:2337:word:6,2337,6,发,8,9,,发,,,false,false,false
lp:2337:word:7,2337,7,绺,9,10,,绺,,,false,false,false
lp:2338:word:0,2338,0,在,0,1,lpw_12404a0b63,在,function,false,true,true,true
lp:2338:word:1,2338,1,心里,1,3,,心里,,,false,false,false
lp:2338:word:2,2338,2,对,3,4,lpw_74570c7270,对,function,false,true,true,true
lp:2338:word:3,2338,3,自己,4,6,lpw_fb43354d2a,自己,pronoun,false,false,true,true
lp:2338:word:4,2338,4,说,6,7,lpw_ccca744613,说,speech,false,true,true,true
lp:2339:word:0,2339,0,我,1,2,lpw_b70bb4acc0,我,pronoun,false,true,true,true
lp:2339:word:1,2339,1,所,2,3,,所,,,false,false,false
lp:2339:word:2,2339,2,看到,3,5,lpw_e9c1d16595,看到,other,false,false,false,false
lp:2339:word:3,2339,3,的,5,6,lpw_8af2350cfd,的,function,false,true,true,true
lp:2339:word:4,2339,4,只是,6,8,,只是,,,false,false,false
lp:2339:word:5,2339,5,外貌,8,10,,外貌,,,false,false,false
lp:2340:word:0,2340,0,最,0,1,,最,,,false,false,false
lp:2340:word:1,2340,1,重要,1,3,lpw_a8cd9642aa,重要,other,false,false,false,false
lp:2340:word:2,2340,2,的,3,4,lpw_8af2350cfd,的,function,false,true,true,true
lp:2340:word:3,2340,3,东西,4,6,lpw_b181350186,东西,other,false,false,false,true
lp:2340:word:4,2340,4,是,6,7,lpw_b5141d3d19,是,function,false,true,true,true
lp:2340:word:5,2340,5,看不见,7,10,lpw_f92f065aad,看不见,perception,false,false,false,false
lp:2340:word:6,2340,6,的,10,11,lpw_8af2350cfd,的,function,false,true,true,true
lp:2341:word:0,2341,0,当,0,1,lpw_142d843e71,当,other,false,false,false,false
lp:2341:word:1,2341,1,他,1,2,lpw_8b7b91e000,他,pronoun,false,true,true,true
lp:2341:word:2,2341,2,微微,2,4,,微微,,,false,false,false
lp:2341:word:3,2341,3,张开,4,6,,张开,,,false,false,false
lp:2341:word:4,2341,4,的,6,7,lpw_8af2350cfd,的,function,false,true,true,true
lp:2341:word:5,2341,5,嘴唇,7,9,,嘴唇,,,false,false,false
lp:2341:word:6,2341,6,绽,9,10,,绽,,,false,false,false
lp:2341:word:7,2341,7,出,10,11,,出,,,false,false,false
lp:2341:word:8,2341,8,一,11,12,lpw_51a75f4634,一,other,false,false,true,true
lp:2341:word:9,2341,9,丝,12,13,,丝,,,false,false,false
lp:2341:word:10,2341,10,笑意,13,15,,笑意,,,false,false,false
lp:2341:word:11,2341,11,时,15,16,lpw_7d58b6422c,时,other,false,false,false,false
lp:2342:word:0,2342,0,我又,0,2,,我又,,,false,false,false
lp:2342:word:1,2342,1,对,2,3,lpw_74570c7270,对,function,false,true,true,true
lp:2342:word:2,2342,2,自己,3,5,lpw_fb43354d2a,自己,pronoun,false,false,true,true
lp:2342:word:3,2342,3,说,5,6,lpw_ccca744613,说,speech,false,true,true,true
lp:2343:word:0,2343,0,在,1,2,lpw_12404a0b63,在,function,false,true,true,true
lp:2343:word:1,2343,1,这个,2,4,lpw_979e2bc35b,这个,function,false,false,true,true
lp:2343:word:2,2343,2,熟睡,4,6,,熟睡,,,false,false,false
lp:2343:word:3,2343,3,的,6,7,lpw_8af2350cfd,的,function,false,true,true,true
lp:2343:word:4,2343,4,小王子,7,10,lpw_87f2a033cf,小王子,narrative_character,false,true,true,true
lp:2343:word:5,2343,5,身上,10,12,,身上,,,false,false,false
lp:2344:word:0,2344,0,最让,0,2,,最让,,,false,false,false
lp:2344:word:1,2344,1,我,2,3,lpw_b70bb4acc0,我,pronoun,false,true,true,true
lp:2344:word:2,2344,2,感动,3,5,,感动,,,false,false,false
lp:2344:word:3,2344,3,的,5,6,lpw_8af2350cfd,的,function,false,true,true,true
lp:2345:word:0,2345,0,是,0,1,lpw_b5141d3d19,是,function,false,true,true,true
lp:2345:word:1,2345,1,他,1,2,lpw_8b7b91e000,他,pronoun,false,true,true,true
lp:2345:word:2,2345,2,对,2,3,lpw_74570c7270,对,function,false,true,true,true
lp:2345:word:3,2345,3,一朵,3,5,lpw_aebd6fbbd2,一朵,other,false,false,false,true
lp:2345:word:4,2345,4,花儿,5,7,lpw_059ab0f707,花,narrative_character|concrete_entity,false,true,true,true
lp:2345:word:5,2345,5,的,7,8,lpw_8af2350cfd,的,function,false,true,true,true
lp:2345:word:6,2345,6,忠贞,8,10,,忠贞,,,false,false,false
lp:2346:word:0,2346,0,这,0,1,lpw_d409ab2ab3,这,pronoun,false,true,true,true
lp:2346:word:1,2346,1,朵,1,2,lpw_0da9a35a4b,朵,other,false,false,false,false
lp:2346:word:2,2346,2,玫瑰,2,4,lpw_a6664df1ef,玫瑰,narrative_character|concrete_entity,false,false,false,true
lp:2346:word:3,2346,3,的,4,5,lpw_8af2350cfd,的,function,false,true,true,true
lp:2346:word:4,2346,4,影像,5,7,,影像,,,false,false,false
lp:2347:word:0,2347,0,即使,0,2,,即使,,,false,false,false
lp:2347:word:1,2347,1,在,2,3,lpw_12404a0b63,在,function,false,true,true,true
lp:2347:word:2,2347,2,他,3,4,lpw_8b7b91e000,他,pronoun,false,true,true,true
lp:2347:word:3,2347,3,睡着,4,6,,睡着,,,false,false,false
lp:2347:word:4,2347,4,时,6,7,lpw_7d58b6422c,时,other,false,false,false,false
lp:2348:word:0,2348,0,仍然,0,2,,仍然,,,false,false,false
lp:2348:word:1,2348,1,在,2,3,lpw_12404a0b63,在,function,false,true,true,true
lp:2348:word:2,2348,2,他,3,4,lpw_8b7b91e000,他,pronoun,false,true,true,true
lp:2348:word:3,2348,3,身上,4,6,,身上,,,false,false,false
lp:2348:word:4,2348,4,发出,6,8,,发出,,,false,false,false
lp:2348:word:5,2348,5,光芒,8,10,,光芒,,,false,false,false
lp:2349:word:0,2349,0,就像,0,2,lpw_3a1a30dbb2,就像,other,false,false,false,false
lp:2349:word:1,2349,1,一盏灯,2,5,,一盏灯,,,false,false,false
lp:2349:word:2,2349,2,的,5,6,lpw_8af2350cfd,的,function,false,true,true,true
lp:2349:word:3,2349,3,火焰,6,8,,火焰,,,false,false,false
lp:2349:word:4,2349,4,一样,8,10,lpw_9dc5c0158d,一样,other,false,false,false,true
lp:2350:word:0,2350,0,这时,0,2,,这时,,,false,false,false
lp:2350:word:1,2350,1,我把,2,4,lpw_5ebf3d1bfd,我把,other,false,false,false,false
lp:2350:word:2,2350,2,他,4,5,lpw_8b7b91e000,他,pronoun,false,true,true,true
lp:2350:word:3,2350,3,想得,5,7,,想得,,,false,false,false
lp:2350:word:4,2350,4,更加,7,9,,更加,,,false,false,false
lp:2350:word:5,2350,5,娇,9,10,,娇,,,false,false,false
lp:2350:word:6,2350,6,弱,10,11,,弱,,,false,false,false
lp:2350:word:7,2350,7,了,11,12,lpw_b2dd27e84f,了,function,false,true,true,true
lp:2351:word:0,2351,0,应该,0,2,,应该,,,false,false,false
lp:2351:word:1,2351,1,好好,2,4,,好好,,,false,false,false
lp:2351:word:2,2351,2,保护,4,6,,保护,,,false,false,false
lp:2351:word:3,2351,3,灯火,6,8,,灯火,,,false,false,false
lp:2351:word:4,2351,4,呵,8,9,,呵,,,false,false,false
lp:2352:word:0,2352,0,一阵,0,2,,一阵,,,false,false,false
lp:2352:word:1,2352,1,风,2,3,lpw_be65bd5518,风,other,false,false,false,false
lp:2352:word:2,2352,2,就,3,4,lpw_2f9d9872e5,就,function,false,true,true,true
lp:2352:word:3,2352,3,会,4,5,lpw_5ba1e3c0eb,会,negation_modality,false,true,true,true
lp:2352:word:4,2352,4,吹,5,6,,吹,,,false,false,false
lp:2352:word:5,2352,5,灭,6,7,,灭,,,false,false,false
lp:2352:word:6,2352,6,它,7,8,lpw_7e9260e925,它,pronoun,false,true,true,true
lp:2353:word:0,2353,0,就,0,1,lpw_2f9d9872e5,就,function,false,true,true,true
lp:2353:word:1,2353,1,这样,1,3,lpw_b7fc681861,这样,other,false,false,true,true
lp:2353:word:2,2353,2,走,3,4,lpw_f66de6c4cd,走,physical_action,false,false,false,false
lp:2353:word:3,2353,3,啊,4,5,lpw_7c2c50fbaf,啊,function,false,false,false,false
lp:2353:word:4,2353,4,走,5,6,lpw_f66de6c4cd,走,physical_action,false,false,false,false
lp:2353:word:5,2353,5,啊,6,7,lpw_7c2c50fbaf,啊,function,false,false,false,false
lp:2354:word:0,2354,0,我在,0,2,lpw_33f40475f8,我在,other,false,false,false,false
lp:2354:word:1,2354,1,拂,2,3,,拂,,,false,false,false
lp:2354:word:2,2354,2,晓,3,4,,晓,,,false,false,false
lp:2354:word:3,2354,3,时,4,5,lpw_7d58b6422c,时,other,false,false,false,false
lp:2354:word:4,2354,4,发现,5,7,lpw_10493d06b9,发现,perception,false,false,false,false
lp:2354:word:5,2354,5,了,7,8,lpw_b2dd27e84f,了,function,false,true,true,true
lp:2354:word:6,2354,6,水井,8,10,,水井,,,false,false,false
lp:2356:word:0,2356,0,人们,1,3,lpw_1ec687a275,人们,other,true,false,false,false
lp:2356:word:1,2356,1,挤进,3,5,,挤进,,,false,false,false
lp:2356:word:2,2356,2,快车,5,7,,快车,,,false,false,false
lp:2357:word:0,2357,0,小王子,0,3,lpw_87f2a033cf,小王子,narrative_character,false,true,true,true
lp:2357:word:1,2357,1,说,3,4,lpw_ccca744613,说,speech,false,true,true,true
lp:2358:word:0,2358,0,可是,1,3,lpw_38ca4a9c76,可是,function,false,false,true,true
lp:2358:word:1,2358,1,又,3,4,lpw_e71ce5deab,又,function,false,true,true,true
lp:2358:word:2,2358,2,不,4,5,lpw_b02dfe2160,不,negation_modality,false,false,true,true
lp:2358:word:3,2358,3,知道,5,7,lpw_d7b6472b11,知道,cognition,false,false,true,true
lp:2358:word:4,2358,4,还,7,8,lpw_1bc709b8bf,还,other,false,false,false,true
lp:2358:word:5,2358,5,要,8,9,lpw_975f35218e,要,negation_modality,false,false,true,true
lp:2358:word:6,2358,6,去,9,10,lpw_99ae21ea6c,去,physical_action,false,false,true,true
lp:2358:word:7,2358,7,寻找,10,12,,寻找,,,false,false,false
lp:2358:word:8,2358,8,什么,12,14,lpw_c1b52e0e64,什么,pronoun|interrogative,false,true,true,true
lp:2359:word:0,2359,0,所以,0,2,lpw_a2f7e42081,所以,function,false,false,false,false
lp:2359:word:1,2359,1,他们,2,4,lpw_10518f8f0a,他们,pronoun,false,true,true,true
lp:2359:word:2,2359,2,忙忙碌碌,4,8,,忙忙碌碌,,,false,false,false
lp:2360:word:0,2360,0,转来转去,0,4,,转来转去,,,false,false,false
lp:2361:word:0,2361,0,他,0,1,lpw_8b7b91e000,他,pronoun,false,true,true,true
lp:2361:word:1,2361,1,接着,1,3,lpw_58ed4c69fb,接着,other,false,false,false,false
lp:2361:word:2,2361,2,又,3,4,lpw_e71ce5deab,又,function,false,true,true,true
lp:2361:word:3,2361,3,说,4,5,lpw_ccca744613,说,speech,false,true,true,true
lp:2362:word:0,2362,0,其实,1,3,,其实,,,false,false,false
lp:2362:word:1,2362,1,何必,3,5,,何必,,,false,false,false
lp:2362:word:2,2362,2,呢,5,6,lpw_02811cec0b,呢,function|interrogative,false,true,true,true
lp:2363:word:0,2363,0,我们,0,2,lpw_bcacb40df8,我们,pronoun,false,false,false,false
lp:2363:word:1,2363,1,找到,2,4,,找到,,,false,false,false
lp:2363:word:2,2363,2,的,4,5,lpw_8af2350cfd,的,function,false,true,true,true
lp:2363:word:3,2363,3,这,5,6,lpw_d409ab2ab3,这,pronoun,false,true,true,true
lp:2363:word:4,2363,4,口,6,7,,口,,,false,false,false
lp:2363:word:5,2363,5,井,7,8,,井,,,false,false,false
lp:2364:word:0,2364,0,跟,0,1,lpw_383a53d95c,跟,function,false,false,false,true
lp:2364:word:1,2364,1,撒哈拉沙漠,1,6,,撒哈拉沙漠,,,false,false,false
lp:2364:word:2,2364,2,的,6,7,lpw_8af2350cfd,的,function,false,true,true,true
lp:2364:word:3,2364,3,那些,7,9,lpw_abd258db99,那些,function,false,false,false,true
lp:2364:word:4,2364,4,井,9,10,,井,,,false,false,false
lp:2364:word:5,2364,5,不,10,11,lpw_b02dfe2160,不,negation_modality,false,false,true,true
lp:2364:word:6,2364,6,一样,11,13,lpw_9dc5c0158d,一样,other,false,false,false,true
lp:2365:word:0,2365,0,那些,0,2,lpw_abd258db99,那些,function,false,false,false,true
lp:2365:word:1,2365,1,井,2,3,,井,,,false,false,false
lp:2366:word:0,2366,0,只是,0,2,,只是,,,false,false,false
lp:2366:word:1,2366,1,沙漠,2,4,lpw_4fbf406572,沙漠,place,false,false,false,true
lp:2366:word:2,2366,2,上,4,5,lpw_db5ba671d2,上,function,false,true,true,true
lp:2366:word:3,2366,3,挖,5,6,,挖,,,false,false,false
lp:2366:word:4,2366,4,的,6,7,lpw_8af2350cfd,的,function,false,true,true,true
lp:2366:word:5,2366,5,洞,7,8,,洞,,,false,false,false
lp:2366:word:6,2366,6,而已,8,10,,而已,,,false,false,false
lp:2367:word:0,2367,0,这,0,1,lpw_d409ab2ab3,这,pronoun,false,true,true,true
lp:2367:word:1,2367,1,口,1,2,,口,,,false,false,false
lp:2367:word:2,2367,2,井,2,3,,井,,,false,false,false
lp:2367:word:3,2367,3,很像,3,5,,很像,,,false,false,false
lp:2367:word:4,2367,4,村庄,5,7,,村庄,,,false,false,false
lp:2367:word:5,2367,5,里,7,8,lpw_79f43de6e3,里,function,false,false,true,true
lp:2367:word:6,2367,6,的,8,9,lpw_8af2350cfd,的,function,false,true,true,true
lp:2367:word:7,2367,7,那种,9,11,,那种,,,false,false,false
lp:2367:word:8,2367,8,井,11,12,,井,,,false,false,false
lp:2368:word:0,2368,0,可,0,1,lpw_8b9cefa38e,可,other,false,false,true,true
lp:2368:word:1,2368,1,这儿,1,3,lpw_19a29e87c9,这儿,other,false,false,true,true
lp:2368:word:2,2368,2,根本,3,5,,根本,,,false,false,false
lp:2368:word:3,2368,3,就,5,6,lpw_2f9d9872e5,就,function,false,true,true,true
lp:2368:word:4,2368,4,没有,6,8,lpw_f127804b92,没有,negation_modality,false,false,true,true
lp:2368:word:5,2368,5,村庄,8,10,,村庄,,,false,false,false
lp:2368:word:6,2368,6,呀,10,11,lpw_03fe6b38e7,呀,function,false,false,false,true
lp:2369:word:0,2369,0,我,0,1,lpw_b70bb4acc0,我,pronoun,false,true,true,true
lp:2369:word:1,2369,1,觉得,1,3,lpw_78c82d9f41,觉得,cognition,false,false,false,true
lp:2369:word:2,2369,2,自己,3,5,lpw_fb43354d2a,自己,pronoun,false,false,true,true
lp:2369:word:3,2369,3,在,5,6,lpw_12404a0b63,在,function,false,true,true,true
lp:2369:word:4,2369,4,做梦,6,8,,做梦,,,false,false,false
lp:2370:word:0,2370,0,真,1,2,lpw_827d018e1b,真,other,false,false,false,false
lp:2370:word:1,2370,1,奇怪,2,4,,奇怪,,,false,false,false
lp:2371:word:0,2371,0,我,0,1,lpw_b70bb4acc0,我,pronoun,false,true,true,true
lp:2371:word:1,2371,1,对,1,2,lpw_74570c7270,对,function,false,true,true,true
lp:2371:word:2,2371,2,小王子,2,5,lpw_87f2a033cf,小王子,narrative_character,false,true,true,true
lp:2371:word:3,2371,3,说,5,6,lpw_ccca744613,说,speech,false,true,true,true
lp:2372:word:0,2372,0,样样,1,3,,样样,,,false,false,false
lp:2372:word:1,2372,1,都是,3,5,lpw_ef4e15ff45,都是,other,false,false,false,false
lp:2372:word:2,2372,2,现成,5,7,,现成,,,false,false,false
lp:2372:word:3,2372,3,的,7,8,lpw_8af2350cfd,的,function,false,true,true,true
lp:2373:word:0,2373,0,辘,0,1,,辘,,,false,false,false
lp:2373:word:1,2373,1,轳,1,2,,轳,,,false,false,false
lp:2373:word:2,2373,2,水桶,3,5,,水桶,,,false,false,false
lp:2373:word:3,2373,3,吊,6,7,,吊,,,false,false,false
lp:2373:word:4,2373,4,绳,7,8,,绳,,,false,false,false
lp:2374:word:0,2374,0,他,0,1,lpw_8b7b91e000,他,pronoun,false,true,true,true
lp:2374:word:1,2374,1,笑了,1,3,,笑了,,,false,false,false
lp:2375:word:0,2375,0,拉住,0,2,,拉住,,,false,false,false
lp:2375:word:1,2375,1,吊,2,3,,吊,,,false,false,false
lp:2375:word:2,2375,2,绳,3,4,,绳,,,false,false,false
lp:2376:word:0,2376,0,让,0,1,lpw_ad37574404,让,other,false,true,true,true
lp:2376:word:1,2376,1,辘,1,2,,辘,,,false,false,false
lp:2376:word:2,2376,2,轳,2,3,,轳,,,false,false,false
lp:2376:word:3,2376,3,转,3,4,lpw_9482d0359c,转,other,true,false,false,false
lp:2376:word:4,2376,4,起来,4,6,lpw_b8a694b2df,起来,other,false,false,false,true
lp:2377:word:0,2377,0,辘,0,1,,辘,,,false,false,false
lp:2377:word:1,2377,1,轳,1,2,,轳,,,false,false,false
lp:2377:word:2,2377,2,咕咕,2,4,,咕咕,,,false,false,false
lp:2377:word:3,2377,3,作,4,5,lpw_7ff9df9923,作,other,false,false,false,false
lp:2377:word:4,2377,4,响,5,6,,响,,,false,false,false
lp:2378:word:0,2378,0,就像,0,2,lpw_3a1a30dbb2,就像,other,false,false,false,false
lp:2378:word:1,2378,1,一只,2,4,lpw_216a478784,一只,time_quantity,false,false,false,false
lp:2378:word:2,2378,2,吹,4,5,,吹,,,false,false,false
lp:2378:word:3,2378,3,不到,5,7,,不到,,,false,false,false
lp:2378:word:4,2378,4,风,7,8,lpw_be65bd5518,风,other,false,false,false,false
lp:2378:word:5,2378,5,沉,9,10,,沉,,,false,false,false
lp:2379:word:0,2379,0,睡,0,1,,睡,,,false,false,false
lp:2379:word:1,2379,1,已久,1,3,,已久,,,false,false,false
lp:2379:word:2,2379,2,的,3,4,lpw_8af2350cfd,的,function,false,true,true,true
lp:2379:word:3,2379,3,旧,4,5,,旧,,,false,false,false
lp:2379:word:4,2379,4,风标,5,7,,风标,,,false,false,false
lp:2379:word:5,2379,5,发出,7,9,,发出,,,false,false,false
lp:2379:word:6,2379,6,的,9,10,lpw_8af2350cfd,的,function,false,true,true,true
lp:2379:word:7,2379,7,声音,10,12,lpw_473400815c,声音,other,false,false,false,false
lp:2380:word:0,2380,0,你,1,2,lpw_a0c7716669,你,pronoun,false,true,true,true
lp:2380:word:1,2380,1,听见,2,4,,听见,,,false,false,false
lp:2380:word:2,2380,2,吗,4,5,lpw_5ac1612110,吗,function|interrogative,false,false,false,true
lp:2381:word:0,2381,0,小王子,0,3,lpw_87f2a033cf,小王子,narrative_character,false,true,true,true
lp:2381:word:1,2381,1,说,3,4,lpw_ccca744613,说,speech,false,true,true,true
lp:2382:word:0,2382,0,我们,1,3,lpw_bcacb40df8,我们,pronoun,false,false,false,false
lp:2382:word:1,2382,1,唤醒,3,5,,唤醒,,,false,false,false
lp:2382:word:2,2382,2,了,5,6,lpw_b2dd27e84f,了,function,false,true,true,true
lp:2382:word:3,2382,3,这,6,7,lpw_d409ab2ab3,这,pronoun,false,true,true,true
lp:2382:word:4,2382,4,口,7,8,,口,,,false,false,false
lp:2382:word:5,2382,5,井,8,9,,井,,,false,false,false
lp:2383:word:0,2383,0,它,0,1,lpw_7e9260e925,它,pronoun,false,true,true,true
lp:2383:word:1,2383,1,在,1,2,lpw_12404a0b63,在,function,false,true,true,true
lp:2383:word:2,2383,2,唱歌,2,4,,唱歌,,,false,false,false
lp:2383:word:3,2383,3,呢,4,5,lpw_02811cec0b,呢,function|interrogative,false,true,true,true
lp:2384:word:0,2384,0,我,0,1,lpw_b70bb4acc0,我,pronoun,false,true,true,true
lp:2384:word:1,2384,1,不想,1,3,,不想,,,false,false,false
lp:2384:word:2,2384,2,让,3,4,lpw_ad37574404,让,other,false,true,true,true
lp:2384:word:3,2384,3,他,4,5,lpw_8b7b91e000,他,pronoun,false,true,true,true
lp:2384:word:4,2384,4,多用,5,7,,多用,,,false,false,false
lp:2384:word:5,2384,5,力气,7,9,,力气,,,false,false,false
lp:2385:word:0,2385,0,让,1,2,lpw_ad37574404,让,other,false,true,true,true
lp:2385:word:1,2385,1,我来,2,4,,我来,,,false,false,false
lp:2385:word:2,2385,2,吧,4,5,lpw_bad8b6c7ae,吧,function,false,false,false,true
lp:2386:word:0,2386,0,我,0,1,lpw_b70bb4acc0,我,pronoun,false,true,true,true
lp:2386:word:1,2386,1,说,1,2,lpw_ccca744613,说,speech,false,true,true,true
lp:2387:word:0,2387,0,这,1,2,lpw_d409ab2ab3,这,pronoun,false,true,true,true
lp:2387:word:1,2387,1,活儿,2,4,,活儿,,,false,false,false
lp:2387:word:2,2387,2,对,4,5,lpw_74570c7270,对,function,false,true,true,true
lp:2387:word:3,2387,3,你,5,6,lpw_a0c7716669,你,pronoun,false,true,true,true
lp:2387:word:4,2387,4,来说,6,8,lpw_a0cc5593ee,来说,other,false,false,false,true
lp:2387:word:5,2387,5,太重,8,10,,太重,,,false,false,false
lp:2387:word:6,2387,6,了,10,11,lpw_b2dd27e84f,了,function,false,true,true,true
lp:2388:word:0,2388,0,我把,0,2,lpw_5ebf3d1bfd,我把,other,false,false,false,false
lp:2388:word:1,2388,1,水桶,2,4,,水桶,,,false,false,false
lp:2388:word:2,2388,2,缓缓,4,6,,缓缓,,,false,false,false
lp:2388:word:3,2388,3,地,6,7,lpw_bdbd41e490,地,function,false,true,true,true
lp:2388:word:4,2388,4,吊到,7,9,,吊到,,,false,false,false
lp:2388:word:5,2388,5,井,9,10,,井,,,false,false,false
lp:2388:word:6,2388,6,栏,10,11,,栏,,,false,false,false
lp:2388:word:7,2388,7,上,11,12,lpw_db5ba671d2,上,function,false,true,true,true
lp:2389:word:0,2389,0,稳,0,1,,稳,,,false,false,false
lp:2389:word:1,2389,1,稳,1,2,,稳,,,false,false,false
lp:2389:word:2,2389,2,地,2,3,lpw_bdbd41e490,地,function,false,true,true,true
lp:2389:word:3,2389,3,搁,3,4,,搁,,,false,false,false
lp:2389:word:4,2389,4,住,4,5,lpw_cbba0a98ab,住,other,false,false,false,false
lp:2390:word:0,2390,0,辘,0,1,,辘,,,false,false,false
lp:2390:word:1,2390,1,轳,1,2,,轳,,,false,false,false
lp:2390:word:2,2390,2,的,2,3,lpw_8af2350cfd,的,function,false,true,true,true
lp:2390:word:3,2390,3,歌声,3,5,,歌声,,,false,false,false
lp:2390:word:4,2390,4,还,5,6,lpw_1bc709b8bf,还,other,false,false,false,true
lp:2390:word:5,2390,5,在,6,7,lpw_12404a0b63,在,function,false,true,true,true
lp:2390:word:6,2390,6,耳,7,8,,耳,,,false,false,false
lp:2390:word:7,2390,7,边,8,9,,边,,,false,false,false
lp:2390:word:8,2390,8,响,9,10,,响,,,false,false,false
lp:2390:word:9,2390,9,着,10,11,lpw_9e5bf0d2d9,着,function,false,true,true,true
lp:2391:word:0,2391,0,而,0,1,lpw_08e2725ce1,而,function,false,false,false,true
lp:2391:word:1,2391,1,在,1,2,lpw_12404a0b63,在,function,false,true,true,true
lp:2391:word:2,2391,2,依然,2,4,,依然,,,false,false,false
lp:2391:word:3,2391,3,晃,4,5,,晃,,,false,false,false
lp:2391:word:4,2391,4,动,5,6,,动,,,false,false,false
lp:2391:word:5,2391,5,着,6,7,lpw_9e5bf0d2d9,着,function,false,true,true,true
lp:2391:word:6,2391,6,的,7,8,lpw_8af2350cfd,的,function,false,true,true,true
lp:2391:word:7,2391,7,水面上,8,11,,水面上,,,false,false,false
lp:2392:word:0,2392,0,我,0,1,lpw_b70bb4acc0,我,pronoun,false,true,true,true
lp:2392:word:1,2392,1,瞧,1,2,,瞧,,,false,false,false
lp:2392:word:2,2392,2,见,2,3,,见,,,false,false,false
lp:2392:word:3,2392,3,太阳,3,5,,太阳,,,false,false,false
lp:2392:word:4,2392,4,在,5,6,lpw_12404a0b63,在,function,false,true,true,true
lp:2392:word:5,2392,5,晃,6,7,,晃,,,false,false,false
lp:2392:word:6,2392,6,动,7,8,,动,,,false,false,false
lp:2393:word:0,2393,0,我想,1,3,lpw_42230da180,我想,other,false,false,false,false
lp:2393:word:1,2393,1,喝水,3,5,,喝水,,,false,false,false
lp:2394:word:0,2394,0,小王子,0,3,lpw_87f2a033cf,小王子,narrative_character,false,true,true,true
lp:2394:word:1,2394,1,说,3,4,lpw_ccca744613,说,speech,false,true,true,true
lp:2395:word:0,2395,0,给,1,2,lpw_6e55fb9d8a,给,other,false,true,true,true
lp:2395:word:1,2395,1,我,2,3,lpw_b70bb4acc0,我,pronoun,false,true,true,true
lp:2395:word:2,2395,2,喝,3,4,,喝,,,false,false,false
lp:2395:word:3,2395,3,吧,4,5,lpw_bad8b6c7ae,吧,function,false,false,false,true
lp:2396:word:0,2396,0,我,0,1,lpw_b70bb4acc0,我,pronoun,false,true,true,true
lp:2396:word:1,2396,1,这时,1,3,,这时,,,false,false,false
lp:2396:word:2,2396,2,明白,3,5,lpw_8e37cd5f7f,明白,cognition,false,false,false,false
lp:2396:word:3,2396,3,了,5,6,lpw_b2dd27e84f,了,function,false,true,true,true
lp:2396:word:4,2396,4,他在,6,8,,他在,,,false,false,false
lp:2396:word:5,2396,5,寻找,8,10,,寻找,,,false,false,false
lp:2396:word:6,2396,6,的是,10,12,lpw_5e1dc2a833,的是,other,false,false,false,false
lp:2396:word:7,2396,7,什么,12,14,lpw_c1b52e0e64,什么,pronoun|interrogative,false,true,true,true
lp:2397:word:0,2397,0,我把,0,2,lpw_5ebf3d1bfd,我把,other,false,false,false,false
lp:2397:word:1,2397,1,水桶,2,4,,水桶,,,false,false,false
lp:2397:word:2,2397,2,举,4,5,,举,,,false,false,false
lp:2397:word:3,2397,3,到,5,6,lpw_b56f36b529,到,other,false,false,false,false
lp:2397:word:4,2397,4,他,6,7,lpw_8b7b91e000,他,pronoun,false,true,true,true
lp:2397:word:5,2397,5,的,7,8,lpw_8af2350cfd,的,function,false,true,true,true
lp:2397:word:6,2397,6,嘴,8,9,,嘴,,,false,false,false
lp:2397:word:7,2397,7,边,9,10,,边,,,false,false,false
lp:2398:word:0,2398,0,他,0,1,lpw_8b7b91e000,他,pronoun,false,true,true,true
lp:2398:word:1,2398,1,喝,1,2,,喝,,,false,false,false
lp:2398:word:2,2398,2,着,2,3,lpw_9e5bf0d2d9,着,function,false,true,true,true
lp:2398:word:3,2398,3,水,3,4,lpw_327b54d04f,水,concrete_entity,false,false,false,false
lp:2399:word:0,2399,0,眼睛,0,2,,眼睛,,,false,false,false
lp:2399:word:1,2399,1,没,2,3,lpw_279e8b3573,没,negation_modality,false,false,true,true
lp:2399:word:2,2399,2,张开,3,5,,张开,,,false,false,false
lp:2400:word:0,2400,0,水,0,1,lpw_327b54d04f,水,concrete_entity,false,false,false,false
lp:2400:word:1,2400,1,像,1,2,lpw_cf8cedd58b,像,other,false,false,false,true
lp:2400:word:2,2400,2,节日,2,4,,节日,,,false,false,false
lp:2400:word:3,2400,3,一般,4,6,,一般,,,false,false,false
lp:2400:word:4,2400,4,美好,6,8,,美好,,,false,false,false
lp:2401:word:0,2401,0,它,0,1,lpw_7e9260e925,它,pronoun,false,true,true,true
lp:2401:word:1,2401,1,已经,1,3,lpw_8ee12e2310,已经,other,false,false,false,false
lp:2401:word:2,2401,2,不只是,3,6,,不只是,,,false,false,false
lp:2401:word:3,2401,3,一种,6,8,,一种,,,false,false,false
lp:2401:word:4,2401,4,维持,8,10,,维持,,,false,false,false
lp:2401:word:5,2401,5,生命,10,12,,生命,,,false,false,false
lp:2401:word:6,2401,6,的,12,13,lpw_8af2350cfd,的,function,false,true,true,true
lp:2401:word:7,2401,7,物质,13,15,,物质,,,false,false,false
lp:2402:word:0,2402,0,它,0,1,lpw_7e9260e925,它,pronoun,false,true,true,true
lp:2402:word:1,2402,1,来自,1,3,,来自,,,false,false,false
lp:2402:word:2,2402,2,星光,3,5,,星光,,,false,false,false
lp:2402:word:3,2402,3,下,5,6,lpw_13c12b064b,下,function,false,false,false,false
lp:2402:word:4,2402,4,的,6,7,lpw_8af2350cfd,的,function,false,true,true,true
lp:2402:word:5,2402,5,跋涉,7,9,,跋涉,,,false,false,false
lp:2403:word:0,2403,0,来自,0,2,,来自,,,false,false,false
lp:2403:word:1,2403,1,辘,2,3,,辘,,,false,false,false
lp:2403:word:2,2403,2,轳,3,4,,轳,,,false,false,false
lp:2403:word:3,2403,3,的,4,5,lpw_8af2350cfd,的,function,false,true,true,true
lp:2403:word:4,2403,4,歌唱,5,7,,歌唱,,,false,false,false
lp:2404:word:0,2404,0,来自,0,2,,来自,,,false,false,false
lp:2404:word:1,2404,1,臂膀,2,4,,臂膀,,,false,false,false
lp:2404:word:2,2404,2,的,4,5,lpw_8af2350cfd,的,function,false,true,true,true
lp:2404:word:3,2404,3,用力,5,7,,用力,,,false,false,false
lp:2405:word:0,2405,0,它,0,1,lpw_7e9260e925,它,pronoun,false,true,true,true
lp:2405:word:1,2405,1,像,1,2,lpw_cf8cedd58b,像,other,false,false,false,true
lp:2405:word:2,2405,2,礼物,2,4,,礼物,,,false,false,false
lp:2405:word:3,2405,3,一样,4,6,lpw_9dc5c0158d,一样,other,false,false,false,true
lp:2405:word:4,2405,4,愉悦,6,8,,愉悦,,,false,false,false
lp:2405:word:5,2405,5,着,8,9,lpw_9e5bf0d2d9,着,function,false,true,true,true
lp:2405:word:6,2405,6,心灵,9,11,,心灵,,,false,false,false
lp:2406:word:0,2406,0,当,0,1,lpw_142d843e71,当,other,false,false,false,false
lp:2406:word:1,2406,1,我是,1,3,lpw_06ba27715e,我是,other,false,false,false,false
lp:2406:word:2,2406,2,个,3,4,lpw_3a116815bc,个,other,false,false,true,true
lp:2406:word:3,2406,3,小,4,5,lpw_6a7339bb75,小,other,false,false,true,true
lp:2406:word:4,2406,4,男孩,5,7,,男孩,,,false,false,false
lp:2406:word:5,2406,5,时,7,8,lpw_7d58b6422c,时,other,false,false,false,false
lp:2407:word:0,2407,0,圣诞,0,2,,圣诞,,,false,false,false
lp:2407:word:1,2407,1,树,2,3,,树,,,false,false,false
lp:2407:word:2,2407,2,的,3,4,lpw_8af2350cfd,的,function,false,true,true,true
lp:2407:word:3,2407,3,灯光,4,6,,灯光,,,false,false,false
lp:2408:word:0,2408,0,午夜,0,2,,午夜,,,false,false,false
lp:2408:word:1,2408,1,弥撒,2,4,,弥撒,,,false,false,false
lp:2408:word:2,2408,2,的,4,5,lpw_8af2350cfd,的,function,false,true,true,true
lp:2408:word:3,2408,3,音乐,5,7,,音乐,,,false,false,false
lp:2409:word:0,2409,0,人们,0,2,lpw_1ec687a275,人们,other,true,false,false,false
lp:2409:word:1,2409,1,甜蜜,2,4,,甜蜜,,,false,false,false
lp:2409:word:2,2409,2,的,4,5,lpw_8af2350cfd,的,function,false,true,true,true
lp:2409:word:3,2409,3,微笑,5,7,,微笑,,,false,false,false
lp:2410:word:0,2410,0,都,0,1,lpw_7eabb36ba1,都,function,false,false,true,true
lp:2410:word:1,2410,1,曾,1,2,,曾,,,false,false,false
lp:2410:word:2,2410,2,像,2,3,lpw_cf8cedd58b,像,other,false,false,false,true
lp:2410:word:3,2410,3,这样,3,5,lpw_b7fc681861,这样,other,false,false,true,true
lp:2410:word:4,2410,4,辉,5,6,,辉,,,false,false,false
lp:2410:word:5,2410,5,映,6,7,,映,,,false,false,false
lp:2410:word:6,2410,6,着,7,8,lpw_9e5bf0d2d9,着,function,false,true,true,true
lp:2410:word:7,2410,7,我,8,9,lpw_b70bb4acc0,我,pronoun,false,true,true,true
lp:2410:word:8,2410,8,收到,9,11,,收到,,,false,false,false
lp:2410:word:9,2410,9,的,11,12,lpw_8af2350cfd,的,function,false,true,true,true
lp:2410:word:10,2410,10,圣诞礼物,12,16,,圣诞礼物,,,false,false,false
lp:2411:word:0,2411,0,让,0,1,lpw_ad37574404,让,other,false,true,true,true
lp:2411:word:1,2411,1,它,1,2,lpw_7e9260e925,它,pronoun,false,true,true,true
lp:2411:word:2,2411,2,熠熠,2,4,,熠熠,,,false,false,false
lp:2411:word:3,2411,3,发光,4,6,,发光,,,false,false,false
lp:2412:word:0,2412,0,你,1,2,lpw_a0c7716669,你,pronoun,false,true,true,true
lp:2412:word:1,2412,1,这儿,2,4,lpw_19a29e87c9,这儿,other,false,false,true,true
lp:2412:word:2,2412,2,的,4,5,lpw_8af2350cfd,的,function,false,true,true,true
lp:2412:word:3,2412,3,人,5,6,lpw_50f5d65d57,人,other,false,true,true,true
lp:2413:word:0,2413,0,小王子,0,3,lpw_87f2a033cf,小王子,narrative_character,false,true,true,true
lp:2413:word:1,2413,1,说,3,4,lpw_ccca744613,说,speech,false,true,true,true
lp:2414:word:0,2414,0,在,1,2,lpw_12404a0b63,在,function,false,true,true,true
lp:2414:word:1,2414,1,一座,2,4,lpw_e2d5460909,一座,other,false,false,false,false
lp:2414:word:2,2414,2,花园,4,6,,花园,,,false,false,false
lp:2414:word:3,2414,3,里,6,7,lpw_79f43de6e3,里,function,false,false,true,true
lp:2414:word:4,2414,4,种,7,8,,种,,,false,false,false
lp:2414:word:5,2414,5,出,8,9,,出,,,false,false,false
lp:2414:word:6,2414,6,五千,9,11,,五千,,,false,false,false
lp:2414:word:7,2414,7,朵,11,12,lpw_0da9a35a4b,朵,other,false,false,false,false
lp:2414:word:8,2414,8,玫瑰,12,14,lpw_a6664df1ef,玫瑰,narrative_character|concrete_entity,false,false,false,true
lp:2415:word:0,2415,0,却没能,0,3,,却没能,,,false,false,false
lp:2415:word:1,2415,1,从中,3,5,,从中,,,false,false,false
lp:2415:word:2,2415,2,找到,5,7,,找到,,,false,false,false
lp:2415:word:3,2415,3,自己,7,9,lpw_fb43354d2a,自己,pronoun,false,false,true,true
lp:2415:word:4,2415,4,要,9,10,lpw_975f35218e,要,negation_modality,false,false,true,true
lp:2415:word:5,2415,5,找,10,11,lpw_c277be8a4b,找,other,false,false,false,false
lp:2415:word:6,2415,6,的,11,12,lpw_8af2350cfd,的,function,false,true,true,true
lp:2415:word:7,2415,7,东西,12,14,lpw_b181350186,东西,other,false,false,false,true
lp:2416:word:0,2416,0,他们,1,3,lpw_10518f8f0a,他们,pronoun,false,true,true,true
lp:2416:word:1,2416,1,是,3,4,lpw_b5141d3d19,是,function,false,true,true,true
lp:2416:word:2,2416,2,没能,4,6,,没能,,,false,false,false
lp:2416:word:3,2416,3,找到,6,8,,找到,,,false,false,false
lp:2417:word:0,2417,0,我,0,1,lpw_b70bb4acc0,我,pronoun,false,true,true,true
lp:2417:word:1,2417,1,应,1,2,,应,,,false,false,false
lp:2417:word:2,2417,2,声,2,3,lpw_693e132f27,声,other,false,false,false,true
lp:2417:word:3,2417,3,说,3,4,lpw_ccca744613,说,speech,false,true,true,true
lp:2418:word:0,2418,0,然而,1,3,,然而,,,false,false,false
lp:2418:word:1,2418,1,他们,3,5,lpw_10518f8f0a,他们,pronoun,false,true,true,true
lp:2418:word:2,2418,2,要,5,6,lpw_975f35218e,要,negation_modality,false,false,true,true
lp:2418:word:3,2418,3,找,6,7,lpw_c277be8a4b,找,other,false,false,false,false
lp:2418:word:4,2418,4,的,7,8,lpw_8af2350cfd,的,function,false,true,true,true
lp:2418:word:5,2418,5,东西,8,10,lpw_b181350186,东西,other,false,false,false,true
lp:2419:word:0,2419,0,在,0,1,lpw_12404a0b63,在,function,false,true,true,true
lp:2419:word:1,2419,1,一朵,1,3,lpw_aebd6fbbd2,一朵,other,false,false,false,true
lp:2419:word:2,2419,2,玫瑰,3,5,lpw_a6664df1ef,玫瑰,narrative_character|concrete_entity,false,false,false,true
lp:2419:word:3,2419,3,或者,5,7,,或者,,,false,false,false
lp:2419:word:4,2419,4,一点,7,9,lpw_148b16e603,一点,other,false,false,false,false
lp:2419:word:5,2419,5,儿,9,10,lpw_1ed5efc3dc,儿,other,false,false,false,false
lp:2419:word:6,2419,6,水里,10,12,,水里,,,false,false,false
lp:2419:word:7,2419,7,就,12,13,lpw_2f9d9872e5,就,function,false,true,true,true
lp:2419:word:8,2419,8,能,13,14,lpw_413c06bcef,能,other,false,false,false,false
lp:2419:word:9,2419,9,找到,14,16,,找到,,,false,false,false
lp:2420:word:0,2420,0,可不是,1,4,lpw_b30391caa1,可不是,other,false,false,false,false
lp:2421:word:0,2421,0,我,0,1,lpw_b70bb4acc0,我,pronoun,false,true,true,true
lp:2421:word:1,2421,1,应,1,2,,应,,,false,false,false
lp:2421:word:2,2421,2,声,2,3,lpw_693e132f27,声,other,false,false,false,true
lp:2421:word:3,2421,3,说,3,4,lpw_ccca744613,说,speech,false,true,true,true
lp:2422:word:0,2422,0,小王子,0,3,lpw_87f2a033cf,小王子,narrative_character,false,true,true,true
lp:2422:word:1,2422,1,接着,3,5,lpw_58ed4c69fb,接着,other,false,false,false,false
lp:2422:word:2,2422,2,说,5,6,lpw_ccca744613,说,speech,false,true,true,true
lp:2423:word:0,2423,0,但是,1,3,lpw_8cb1f721c8,但是,other,false,false,false,false
lp:2423:word:1,2423,1,用,3,4,lpw_04e45efb3b,用,other,false,false,false,true
lp:2423:word:2,2423,2,眼,4,5,,眼,,,false,false,false
lp:2423:word:3,2423,3,是,5,6,lpw_b5141d3d19,是,function,false,true,true,true
lp:2423:word:4,2423,4,看不见,6,9,lpw_f92f065aad,看不见,perception,false,false,false,false
lp:2423:word:5,2423,5,的,9,10,lpw_8af2350cfd,的,function,false,true,true,true
lp:2424:word:0,2424,0,得,0,1,lpw_71b1ed1114,得,function,false,false,true,true
lp:2424:word:1,2424,1,用心,1,3,,用心,,,false,false,false
lp:2424:word:2,2424,2,去,3,4,lpw_99ae21ea6c,去,physical_action,false,false,true,true
lp:2424:word:3,2424,3,找,4,5,lpw_c277be8a4b,找,other,false,false,false,false
lp:2425:word:0,2425,0,我,0,1,lpw_b70bb4acc0,我,pronoun,false,true,true,true
lp:2425:word:1,2425,1,喝了,1,3,,喝了,,,false,false,false
lp:2425:word:2,2425,2,水,3,4,lpw_327b54d04f,水,concrete_entity,false,false,false,false
lp:2426:word:0,2426,0,我,0,1,lpw_b70bb4acc0,我,pronoun,false,true,true,true
lp:2426:word:1,2426,1,痛快,1,3,,痛快,,,false,false,false
lp:2426:word:2,2426,2,地,3,4,lpw_bdbd41e490,地,function,false,true,true,true
lp:2426:word:3,2426,3,呼吸,4,6,,呼吸,,,false,false,false
lp:2426:word:4,2426,4,着,6,7,lpw_9e5bf0d2d9,着,function,false,true,true,true
lp:2426:word:5,2426,5,空气,7,9,,空气,,,false,false,false
lp:2427:word:0,2427,0,沙漠,0,2,lpw_4fbf406572,沙漠,place,false,false,false,true
lp:2427:word:1,2427,1,在,2,3,lpw_12404a0b63,在,function,false,true,true,true
lp:2427:word:2,2427,2,晨曦,3,5,,晨曦,,,false,false,false
lp:2427:word:3,2427,3,中,5,6,lpw_a567bdaa11,中,other,false,false,false,false
lp:2427:word:4,2427,4,泛出,6,8,,泛出,,,false,false,false
lp:2427:word:5,2427,5,蜂蜜,8,10,,蜂蜜,,,false,false,false
lp:2427:word:6,2427,6,的,10,11,lpw_8af2350cfd,的,function,false,true,true,true
lp:2427:word:7,2427,7,色,11,12,,色,,,false,false,false
lp:2427:word:8,2427,8,泽,12,13,,泽,,,false,false,false
lp:2428:word:0,2428,0,这种,0,2,,这种,,,false,false,false
lp:2428:word:1,2428,1,蜂蜜,2,4,,蜂蜜,,,false,false,false
lp:2428:word:2,2428,2,的,4,5,lpw_8af2350cfd,的,function,false,true,true,true
lp:2428:word:3,2428,3,色,5,6,,色,,,false,false,false
lp:2428:word:4,2428,4,泽,6,7,,泽,,,false,false,false
lp:2429:word:0,2429,0,也,0,1,lpw_658605835b,也,function,false,false,true,true
lp:2429:word:1,2429,1,使,1,2,lpw_22c95798a9,使,other,false,false,false,false
lp:2429:word:2,2429,2,我,2,3,lpw_b70bb4acc0,我,pronoun,false,true,true,true
lp:2429:word:3,2429,3,心头,3,5,,心头,,,false,false,false
lp:2429:word:4,2429,4,洋溢,5,7,,洋溢,,,false,false,false
lp:2429:word:5,2429,5,着,7,8,lpw_9e5bf0d2d9,着,function,false,true,true,true
lp:2429:word:6,2429,6,幸福,8,10,,幸福,,,false,false,false
lp:2429:word:7,2429,7,的,10,11,lpw_8af2350cfd,的,function,false,true,true,true
lp:2429:word:8,2429,8,感觉,11,13,,感觉,,,false,false,false
lp:2430:word:0,2430,0,我,0,1,lpw_b70bb4acc0,我,pronoun,false,true,true,true
lp:2430:word:1,2430,1,为什么,1,4,lpw_1b919bb478,为什么,interrogative,false,false,false,false
lp:2430:word:2,2430,2,要,4,5,lpw_975f35218e,要,negation_modality,false,false,true,true
lp:2430:word:3,2430,3,难过,5,7,,难过,,,false,false,false
lp:2430:word:4,2430,4,呢,7,8,lpw_02811cec0b,呢,function|interrogative,false,true,true,true
lp:2431:word:0,2431,0,你,1,2,lpw_a0c7716669,你,pronoun,false,true,true,true
lp:2431:word:1,2431,1,该,2,3,,该,,,false,false,false
lp:2431:word:2,2431,2,实践,3,5,,实践,,,false,false,false
lp:2431:word:3,2431,3,自己,5,7,lpw_fb43354d2a,自己,pronoun,false,false,true,true
lp:2431:word:4,2431,4,的,7,8,lpw_8af2350cfd,的,function,false,true,true,true
lp:2431:word:5,2431,5,诺言,8,10,,诺言,,,false,false,false
lp:2431:word:6,2431,6,了,10,11,lpw_b2dd27e84f,了,function,false,true,true,true
lp:2432:word:0,2432,0,小王子,0,3,lpw_87f2a033cf,小王子,narrative_character,false,true,true,true
lp:2432:word:1,2432,1,柔,3,4,,柔,,,false,false,false
lp:2432:word:2,2432,2,声,4,5,lpw_693e132f27,声,other,false,false,false,true
lp:2432:word:3,2432,3,对,5,6,lpw_74570c7270,对,function,false,true,true,true
lp:2432:word:4,2432,4,我,6,7,lpw_b70bb4acc0,我,pronoun,false,true,true,true
lp:2432:word:5,2432,5,说,7,8,lpw_ccca744613,说,speech,false,true,true,true
lp:2433:word:0,2433,0,他,0,1,lpw_8b7b91e000,他,pronoun,false,true,true,true
lp:2433:word:1,2433,1,这会儿,1,4,,这会儿,,,false,false,false
lp:2433:word:2,2433,2,又,4,5,lpw_e71ce5deab,又,function,false,true,true,true
lp:2433:word:3,2433,3,坐在,5,7,,坐在,,,false,false,false
lp:2433:word:4,2433,4,了,7,8,lpw_b2dd27e84f,了,function,false,true,true,true
lp:2433:word:5,2433,5,我,8,9,lpw_b70bb4acc0,我,pronoun,false,true,true,true
lp:2433:word:6,2433,6,的,9,10,lpw_8af2350cfd,的,function,false,true,true,true
lp:2433:word:7,2433,7,身边,10,12,,身边,,,false,false,false
lp:2434:word:0,2434,0,什么,1,3,lpw_c1b52e0e64,什么,pronoun|interrogative,false,true,true,true
lp:2434:word:1,2434,1,诺言,3,5,,诺言,,,false,false,false
lp:2435:word:0,2435,0,你,1,2,lpw_a0c7716669,你,pronoun,false,true,true,true
lp:2435:word:1,2435,1,知道,2,4,lpw_d7b6472b11,知道,cognition,false,false,true,true
lp:2435:word:2,2435,2,的,4,5,lpw_8af2350cfd,的,function,false,true,true,true
lp:2436:word:0,2436,0,给,0,1,lpw_6e55fb9d8a,给,other,false,true,true,true
lp:2436:word:1,2436,1,我,1,2,lpw_b70bb4acc0,我,pronoun,false,true,true,true
lp:2436:word:2,2436,2,的,2,3,lpw_8af2350cfd,的,function,false,true,true,true
lp:2436:word:3,2436,3,羊,3,4,,羊,,,false,false,false
lp:2436:word:4,2436,4,画,4,5,lpw_de9f18b00a,画,physical_action,true,false,false,false
lp:2436:word:5,2436,5,个,5,6,lpw_3a116815bc,个,other,false,false,true,true
lp:2436:word:6,2436,6,嘴,6,7,,嘴,,,false,false,false
lp:2436:word:7,2436,7,罩,7,8,,罩,,,false,false,false
lp:2437:word:0,2437,0,我要,0,2,lpw_30bc5c7b4c,我要,other,false,false,false,false
lp:2437:word:1,2437,1,对,2,3,lpw_74570c7270,对,function,false,true,true,true
lp:2437:word:2,2437,2,我,3,4,lpw_b70bb4acc0,我,pronoun,false,true,true,true
lp:2437:word:3,2437,3,的,4,5,lpw_8af2350cfd,的,function,false,true,true,true
lp:2437:word:4,2437,4,花儿,5,7,lpw_059ab0f707,花,narrative_character|concrete_entity,false,true,true,true
lp:2437:word:5,2437,5,负责,7,9,,负责,,,false,false,false
lp:2438:word:0,2438,0,我,0,1,lpw_b70bb4acc0,我,pronoun,false,true,true,true
lp:2438:word:1,2438,1,从,1,2,lpw_2719a8ea30,从,function,false,false,false,true
lp:2438:word:2,2438,2,衣袋,2,4,,衣袋,,,false,false,false
lp:2438:word:3,2438,3,里,4,5,lpw_79f43de6e3,里,function,false,false,true,true
lp:2438:word:4,2438,4,掏出,5,7,,掏出,,,false,false,false
lp:2438:word:5,2438,5,几幅,7,9,,几幅,,,false,false,false
lp:2438:word:6,2438,6,画稿,9,11,,画稿,,,false,false,false
lp:2439:word:0,2439,0,小王子,0,3,lpw_87f2a033cf,小王子,narrative_character,false,true,true,true
lp:2439:word:1,2439,1,瞥,3,4,,瞥,,,false,false,false
lp:2439:word:2,2439,2,了,4,5,lpw_b2dd27e84f,了,function,false,true,true,true
lp:2439:word:3,2439,3,一眼,5,7,,一眼,,,false,false,false
lp:2440:word:0,2440,0,笑,0,1,lpw_1d8fb5e34e,笑,other,false,false,false,false
lp:2440:word:1,2440,1,着,1,2,lpw_9e5bf0d2d9,着,function,false,true,true,true
lp:2440:word:2,2440,2,说,2,3,lpw_ccca744613,说,speech,false,true,true,true
lp:2441:word:0,2441,0,你,1,2,lpw_a0c7716669,你,pronoun,false,true,true,true
lp:2441:word:1,2441,1,的,2,3,lpw_8af2350cfd,的,function,false,true,true,true
lp:2441:word:2,2441,2,猴面包树,3,7,lpw_1ec087a5d0,猴面包树,concrete_entity,true,false,false,false
lp:2441:word:3,2441,3,呀,7,8,lpw_03fe6b38e7,呀,function,false,false,false,true
lp:2442:word:0,2442,0,有点,0,2,lpw_29506aa712,有点,other,false,false,false,true
lp:2442:word:1,2442,1,像,2,3,lpw_cf8cedd58b,像,other,false,false,false,true
lp:2442:word:2,2442,2,白菜,3,5,,白菜,,,false,false,false
lp:2443:word:0,2443,0,哦,1,2,,哦,,,false,false,false
lp:2444:word:0,2444,0,可,0,1,lpw_8b9cefa38e,可,other,false,false,true,true
lp:2444:word:1,2444,1,我还,1,3,,我还,,,false,false,false
lp:2444:word:2,2444,2,为,3,4,,为,,,false,false,false
lp:2444:word:3,2444,3,这,4,5,lpw_d409ab2ab3,这,pronoun,false,true,true,true
lp:2444:word:4,2444,4,几棵,5,7,,几棵,,,false,false,false
lp:2444:word:5,2444,5,猴面包树,7,11,lpw_1ec087a5d0,猴面包树,concrete_entity,true,false,false,false
lp:2444:word:6,2444,6,感到,11,13,lpw_15c2457566,感到,perception,false,false,false,true
lp:2444:word:7,2444,7,挺,13,14,,挺,,,false,false,false
lp:2444:word:8,2444,8,得意,14,16,,得意,,,false,false,false
lp:2444:word:9,2444,9,哩,16,17,,哩,,,false,false,false
lp:2445:word:0,2445,0,你,1,2,lpw_a0c7716669,你,pronoun,false,true,true,true
lp:2445:word:1,2445,1,的,2,3,lpw_8af2350cfd,的,function,false,true,true,true
lp:2445:word:2,2445,2,狐狸,3,5,lpw_0a93e4ffe2,狐狸,narrative_character,true,false,false,false
lp:2446:word:0,2446,0,它,0,1,lpw_7e9260e925,它,pronoun,false,true,true,true
lp:2446:word:1,2446,1,的,1,2,lpw_8af2350cfd,的,function,false,true,true,true
lp:2446:word:2,2446,2,耳朵,2,4,,耳朵,,,false,false,false
lp:2447:word:0,2447,0,有点,0,2,lpw_29506aa712,有点,other,false,false,false,true
lp:2447:word:1,2447,1,像,2,3,lpw_cf8cedd58b,像,other,false,false,false,true
lp:2447:word:2,2447,2,两,3,4,lpw_83385d2eda,两,other,false,false,false,false
lp:2447:word:3,2447,3,只,4,5,lpw_409e2c3882,只,function,false,false,true,true
lp:2447:word:4,2447,4,角,5,6,,角,,,false,false,false
lp:2448:word:0,2448,0,再说,0,2,,再说,,,false,false,false
lp:2448:word:1,2448,1,也,2,3,lpw_658605835b,也,function,false,false,true,true
lp:2448:word:2,2448,2,太长,3,5,,太长,,,false,false,false
lp:2448:word:3,2448,3,了,5,6,lpw_b2dd27e84f,了,function,false,true,true,true
lp:2449:word:0,2449,0,说,0,1,lpw_ccca744613,说,speech,false,true,true,true
lp:2449:word:1,2449,1,着,1,2,lpw_9e5bf0d2d9,着,function,false,true,true,true
lp:2449:word:2,2449,2,他,2,3,lpw_8b7b91e000,他,pronoun,false,true,true,true
lp:2449:word:3,2449,3,又,3,4,lpw_e71ce5deab,又,function,false,true,true,true
lp:2449:word:4,2449,4,笑了起来,4,8,,笑了起来,,,false,false,false
lp:2450:word:0,2450,0,你,1,2,lpw_a0c7716669,你,pronoun,false,true,true,true
lp:2450:word:1,2450,1,不公平,2,5,,不公平,,,false,false,false
lp:2450:word:2,2450,2,小,6,7,lpw_6a7339bb75,小,other,false,false,true,true
lp:2450:word:3,2450,3,家伙,7,9,,家伙,,,false,false,false
lp:2451:word:0,2451,0,我,0,1,lpw_b70bb4acc0,我,pronoun,false,true,true,true
lp:2451:word:1,2451,1,可就,1,3,,可就,,,false,false,false
lp:2451:word:2,2451,2,画,3,4,lpw_de9f18b00a,画,physical_action,true,false,false,false
lp:2451:word:3,2451,3,过,4,5,lpw_f777893480,过,other,false,false,true,true
lp:2451:word:4,2451,4,剖,5,6,,剖,,,false,false,false
lp:2451:word:5,2451,5,开,6,7,lpw_39eae64cfc,开,other,true,false,false,false
lp:2451:word:6,2451,6,和,7,8,lpw_3d7114281f,和,function,false,false,true,true
lp:2451:word:7,2451,7,不,8,9,lpw_b02dfe2160,不,negation_modality,false,false,true,true
lp:2451:word:8,2451,8,剖,9,10,,剖,,,false,false,false
lp:2451:word:9,2451,9,开,10,11,lpw_39eae64cfc,开,other,true,false,false,false
lp:2451:word:10,2451,10,的,11,12,lpw_8af2350cfd,的,function,false,true,true,true
lp:2451:word:11,2451,11,蟒蛇,12,14,lpw_7d2bda9879,蟒蛇,other,true,false,false,false
lp:2452:word:0,2452,0,别的,0,2,lpw_3966c0d55d,别的,other,false,false,false,false
lp:2452:word:1,2452,1,都没,2,4,,都没,,,false,false,false
lp:2452:word:2,2452,2,学,4,5,,学,,,false,false,false
lp:2452:word:3,2452,3,过,5,6,lpw_f777893480,过,other,false,false,true,true
lp:2453:word:0,2453,0,噢,1,2,,噢,,,false,false,false
lp:2453:word:1,2453,1,这,3,4,lpw_d409ab2ab3,这,pronoun,false,true,true,true
lp:2453:word:2,2453,2,就,4,5,lpw_2f9d9872e5,就,function,false,true,true,true
lp:2453:word:3,2453,3,行,5,6,,行,,,false,false,false
lp:2453:word:4,2453,4,了,6,7,lpw_b2dd27e84f,了,function,false,true,true,true
lp:2454:word:0,2454,0,他,0,1,lpw_8b7b91e000,他,pronoun,false,true,true,true
lp:2454:word:1,2454,1,说,1,2,lpw_ccca744613,说,speech,false,true,true,true
lp:2455:word:0,2455,0,孩子,1,3,lpw_5f887419f4,孩子,narrative_character,true,false,false,false
lp:2455:word:1,2455,1,们,3,4,lpw_b4dcb3305a,们,other,false,false,false,false
lp:2455:word:2,2455,2,会,4,5,lpw_5ba1e3c0eb,会,negation_modality,false,true,true,true
lp:2455:word:3,2455,3,看懂,5,7,,看懂,,,false,false,false
lp:2455:word:4,2455,4,的,7,8,lpw_8af2350cfd,的,function,false,true,true,true
lp:2456:word:0,2456,0,我,0,1,lpw_b70bb4acc0,我,pronoun,false,true,true,true
lp:2456:word:1,2456,1,用,1,2,lpw_04e45efb3b,用,other,false,false,false,true
lp:2456:word:2,2456,2,铅笔,2,4,,铅笔,,,false,false,false
lp:2456:word:3,2456,3,画,4,5,lpw_de9f18b00a,画,physical_action,true,false,false,false
lp:2456:word:4,2456,4,了,5,6,lpw_b2dd27e84f,了,function,false,true,true,true
lp:2456:word:5,2456,5,一只,6,8,lpw_216a478784,一只,time_quantity,false,false,false,false
lp:2456:word:6,2456,6,嘴,8,9,,嘴,,,false,false,false
lp:2456:word:7,2456,7,罩,9,10,,罩,,,false,false,false
lp:2457:word:0,2457,0,把,0,1,lpw_2442748e41,把,function,false,false,true,true
lp:2457:word:1,2457,1,画,1,2,lpw_de9f18b00a,画,physical_action,true,false,false,false
lp:2457:word:2,2457,2,递,2,3,,递,,,false,false,false
lp:2457:word:3,2457,3,给,3,4,lpw_6e55fb9d8a,给,other,false,true,true,true
lp:2457:word:4,2457,4,他,4,5,lpw_8b7b91e000,他,pronoun,false,true,true,true
lp:2457:word:5,2457,5,时,5,6,lpw_7d58b6422c,时,other,false,false,false,false
lp:2458:word:0,2458,0,我,0,1,lpw_b70bb4acc0,我,pronoun,false,true,true,true
lp:2458:word:1,2458,1,的,1,2,lpw_8af2350cfd,的,function,false,true,true,true
lp:2458:word:2,2458,2,心,2,3,,心,,,false,false,false
lp:2458:word:3,2458,3,揪,3,4,,揪,,,false,false,false
lp:2458:word:4,2458,4,紧了,4,6,,紧了,,,false,false,false
lp:2459:word:0,2459,0,你,1,2,lpw_a0c7716669,你,pronoun,false,true,true,true
lp:2459:word:1,2459,1,有些,2,4,,有些,,,false,false,false
lp:2459:word:2,2459,2,什么,4,6,lpw_c1b52e0e64,什么,pronoun|interrogative,false,true,true,true
lp:2459:word:3,2459,3,打算,6,8,,打算,,,false,false,false
lp:2460:word:0,2460,0,我,0,1,lpw_b70bb4acc0,我,pronoun,false,true,true,true
lp:2460:word:1,2460,1,都不,1,3,,都不,,,false,false,false
lp:2460:word:2,2460,2,知道,3,5,lpw_d7b6472b11,知道,cognition,false,false,true,true
lp:2461:word:0,2461,0,但,0,1,lpw_1f863793c6,但,other,false,false,false,false
lp:2461:word:1,2461,1,他,1,2,lpw_8b7b91e000,他,pronoun,false,true,true,true
lp:2461:word:2,2461,2,没,2,3,lpw_279e8b3573,没,negation_modality,false,false,true,true
lp:2461:word:3,2461,3,回答,3,5,lpw_f3f5126487,回答,speech,false,false,true,true
lp:2462:word:0,2462,0,却,0,1,lpw_da153c5b45,却,other,false,false,false,false
lp:2462:word:1,2462,1,对,1,2,lpw_74570c7270,对,function,false,true,true,true
lp:2462:word:2,2462,2,我,2,3,lpw_b70bb4acc0,我,pronoun,false,true,true,true
lp:2462:word:3,2462,3,说,3,4,lpw_ccca744613,说,speech,false,true,true,true
lp:2463:word:0,2463,0,你,1,2,lpw_a0c7716669,你,pronoun,false,true,true,true
lp:2463:word:1,2463,1,知道,2,4,lpw_d7b6472b11,知道,cognition,false,false,true,true
lp:2464:word:0,2464,0,我,0,1,lpw_b70bb4acc0,我,pronoun,false,true,true,true
lp:2464:word:1,2464,1,降落,1,3,,降落,,,false,false,false
lp:2464:word:2,2464,2,到,3,4,lpw_b56f36b529,到,other,false,false,false,false
lp:2464:word:3,2464,3,地球,4,6,lpw_eeef861b87,地球,place,false,false,false,true
lp:2464:word:4,2464,4,上,6,7,lpw_db5ba671d2,上,function,false,true,true,true
lp:2465:word:0,2465,0,到,0,1,lpw_b56f36b529,到,other,false,false,false,false
lp:2465:word:1,2465,1,明天,1,3,,明天,,,false,false,false
lp:2465:word:2,2465,2,就,3,4,lpw_2f9d9872e5,就,function,false,true,true,true
lp:2465:word:3,2465,3,满,4,5,lpw_abc511ca95,满,other,false,false,false,false
lp:2465:word:4,2465,4,一年,5,7,,一年,,,false,false,false
lp:2465:word:5,2465,5,了,7,8,lpw_b2dd27e84f,了,function,false,true,true,true
lp:2466:word:0,2466,0,然后,0,2,lpw_ca4f5ee82e,然后,other,false,false,false,false
lp:2467:word:0,2467,0,一阵,0,2,,一阵,,,false,false,false
lp:2467:word:1,2467,1,静默,2,4,,静默,,,false,false,false
lp:2467:word:2,2467,2,过后,4,6,,过后,,,false,false,false
lp:2468:word:0,2468,0,他,0,1,lpw_8b7b91e000,他,pronoun,false,true,true,true
lp:2468:word:1,2468,1,又,1,2,lpw_e71ce5deab,又,function,false,true,true,true
lp:2468:word:2,2468,2,说道,2,4,,说道,,,false,false,false
lp:2469:word:0,2469,0,我,1,2,lpw_b70bb4acc0,我,pronoun,false,true,true,true
lp:2469:word:1,2469,1,就,2,3,lpw_2f9d9872e5,就,function,false,true,true,true
lp:2469:word:2,2469,2,落在,3,5,,落在,,,false,false,false
lp:2469:word:3,2469,3,这儿,5,7,lpw_19a29e87c9,这儿,other,false,false,true,true
lp:2469:word:4,2469,4,附近,7,9,,附近,,,false,false,false
lp:2470:word:0,2470,0,说,0,1,lpw_ccca744613,说,speech,false,true,true,true
lp:2470:word:1,2470,1,着,1,2,lpw_9e5bf0d2d9,着,function,false,true,true,true
lp:2470:word:2,2470,2,他,2,3,lpw_8b7b91e000,他,pronoun,false,true,true,true
lp:2470:word:3,2470,3,的,3,4,lpw_8af2350cfd,的,function,false,true,true,true
lp:2470:word:4,2470,4,脸红,4,6,,脸红,,,false,false,false
lp:2470:word:5,2470,5,了,6,7,lpw_b2dd27e84f,了,function,false,true,true,true
lp:2470:word:6,2470,6,起来,7,9,lpw_b8a694b2df,起来,other,false,false,false,true
lp:2471:word:0,2471,0,我也,0,2,,我也,,,false,false,false
lp:2471:word:1,2471,1,不知,2,4,,不知,,,false,false,false
lp:2471:word:2,2471,2,是,4,5,lpw_b5141d3d19,是,function,false,true,true,true
lp:2471:word:3,2471,3,什么,5,7,lpw_c1b52e0e64,什么,pronoun|interrogative,false,true,true,true
lp:2471:word:4,2471,4,原因,7,9,,原因,,,false,false,false
lp:2472:word:0,2472,0,只,0,1,lpw_409e2c3882,只,function,false,false,true,true
lp:2472:word:1,2472,1,觉得,1,3,lpw_78c82d9f41,觉得,cognition,false,false,false,true
lp:2472:word:2,2472,2,又,3,4,lpw_e71ce5deab,又,function,false,true,true,true
lp:2472:word:3,2472,3,感到,4,6,lpw_15c2457566,感到,perception,false,false,false,true
lp:2472:word:4,2472,4,一阵,6,8,,一阵,,,false,false,false
lp:2472:word:5,2472,5,异,8,9,,异,,,false,false,false
lp:2472:word:6,2472,6,样,9,10,,样,,,false,false,false
lp:2472:word:7,2472,7,的,10,11,lpw_8af2350cfd,的,function,false,true,true,true
lp:2472:word:8,2472,8,忧伤,11,13,,忧伤,,,false,false,false
lp:2473:word:0,2473,0,可是,0,2,lpw_38ca4a9c76,可是,function,false,false,true,true
lp:2473:word:1,2473,1,我想,2,4,lpw_42230da180,我想,other,false,false,false,false
lp:2473:word:2,2473,2,到了,4,6,,到了,,,false,false,false
lp:2473:word:3,2473,3,一个,6,8,lpw_e1dbc1c99f,一个,function|time_quantity,false,true,true,true
lp:2473:word:4,2473,4,问题,8,10,lpw_33a8618cb6,问题,other,false,false,false,false
lp:2474:word:0,2474,0,这么,1,3,lpw_7677ca84c6,这么,other,false,false,false,true
lp:2474:word:1,2474,1,说,3,4,lpw_ccca744613,说,speech,false,true,true,true
lp:2475:word:0,2475,0,一星期,0,3,,一星期,,,false,false,false
lp:2475:word:1,2475,1,前,3,4,,前,,,false,false,false
lp:2475:word:2,2475,2,我,4,5,lpw_b70bb4acc0,我,pronoun,false,true,true,true
lp:2475:word:3,2475,3,遇见,5,7,,遇见,,,false,false,false
lp:2475:word:4,2475,4,你,7,8,lpw_a0c7716669,你,pronoun,false,true,true,true
lp:2475:word:5,2475,5,的,8,9,lpw_8af2350cfd,的,function,false,true,true,true
lp:2475:word:6,2475,6,那个,9,11,lpw_fa6e73c549,那个,function,false,false,false,false
lp:2475:word:7,2475,7,早晨,11,13,,早晨,,,false,false,false
lp:2476:word:0,2476,0,你,0,1,lpw_a0c7716669,你,pronoun,false,true,true,true
lp:2476:word:1,2476,1,独自,1,3,,独自,,,false,false,false
lp:2476:word:2,2476,2,在,3,4,lpw_12404a0b63,在,function,false,true,true,true
lp:2476:word:3,2476,3,这,4,5,lpw_d409ab2ab3,这,pronoun,false,true,true,true
lp:2476:word:4,2476,4,片,5,6,,片,,,false,false,false
lp:2476:word:5,2476,5,荒无人烟,6,10,,荒无人烟,,,false,false,false
lp:2476:word:6,2476,6,的,10,11,lpw_8af2350cfd,的,function,false,true,true,true
lp:2476:word:7,2476,7,沙漠,11,13,lpw_4fbf406572,沙漠,place,false,false,false,true
lp:2476:word:8,2476,8,里,13,14,lpw_79f43de6e3,里,function,false,false,true,true
lp:2476:word:9,2476,9,走,14,15,lpw_f66de6c4cd,走,physical_action,false,false,false,false
lp:2476:word:10,2476,10,来,15,16,lpw_6d8229118c,来,physical_action,false,true,true,true
lp:2477:word:0,2477,0,并不,0,2,lpw_5b693ea232,并不,other,false,false,false,false
lp:2477:word:1,2477,1,是,2,3,lpw_b5141d3d19,是,function,false,true,true,true
lp:2477:word:2,2477,2,偶然,3,5,,偶然,,,false,false,false
lp:2477:word:3,2477,3,的,5,6,lpw_8af2350cfd,的,function,false,true,true,true
lp:2477:word:4,2477,4,了,6,7,lpw_b2dd27e84f,了,function,false,true,true,true
lp:2478:word:0,2478,0,你是,0,2,,你是,,,false,false,false
lp:2478:word:1,2478,1,要,2,3,lpw_975f35218e,要,negation_modality,false,false,true,true
lp:2478:word:2,2478,2,回到,3,5,,回到,,,false,false,false
lp:2478:word:3,2478,3,当初,5,7,,当初,,,false,false,false
lp:2478:word:4,2478,4,降落,7,9,,降落,,,false,false,false
lp:2478:word:5,2478,5,的,9,10,lpw_8af2350cfd,的,function,false,true,true,true
lp:2478:word:6,2478,6,地方,10,12,lpw_1462a7d853,地方,other,false,false,false,true
lp:2478:word:7,2478,7,来,12,13,lpw_6d8229118c,来,physical_action,false,true,true,true
lp:2478:word:8,2478,8,吧,13,14,lpw_bad8b6c7ae,吧,function,false,false,false,true
lp:2479:word:0,2479,0,小王子,0,3,lpw_87f2a033cf,小王子,narrative_character,false,true,true,true
lp:2479:word:1,2479,1,的,3,4,lpw_8af2350cfd,的,function,false,true,true,true
lp:2479:word:2,2479,2,脸,4,5,,脸,,,false,false,false
lp:2479:word:3,2479,3,又,5,6,lpw_e71ce5deab,又,function,false,true,true,true
lp:2479:word:4,2479,4,红了,6,8,,红了,,,false,false,false
lp:2480:word:0,2480,0,我,0,1,lpw_b70bb4acc0,我,pronoun,false,true,true,true
lp:2480:word:1,2480,1,有些,1,3,,有些,,,false,false,false
lp:2480:word:2,2480,2,犹豫,3,5,,犹豫,,,false,false,false
lp:2480:word:3,2480,3,地,5,6,lpw_bdbd41e490,地,function,false,true,true,true
lp:2480:word:4,2480,4,接着,6,8,lpw_58ed4c69fb,接着,other,false,false,false,false
lp:2480:word:5,2480,5,说,8,9,lpw_ccca744613,说,speech,false,true,true,true
lp:2481:word:0,2481,0,也许,1,3,,也许,,,false,false,false
lp:2482:word:0,2482,0,是,0,1,lpw_b5141d3d19,是,function,false,true,true,true
lp:2482:word:1,2482,1,为了,1,3,lpw_2ed64c1d92,为了,other,false,false,false,false
lp:2482:word:2,2482,2,周年,3,5,,周年,,,false,false,false
lp:2482:word:3,2482,3,纪念,5,7,,纪念,,,false,false,false
lp:2483:word:0,2483,0,小王子,0,3,lpw_87f2a033cf,小王子,narrative_character,false,true,true,true
lp:2483:word:1,2483,1,脸,3,4,,脸,,,false,false,false
lp:2483:word:2,2483,2,又,4,5,lpw_e71ce5deab,又,function,false,true,true,true
lp:2483:word:3,2483,3,红了,5,7,,红了,,,false,false,false
lp:2484:word:0,2484,0,他,0,1,lpw_8b7b91e000,他,pronoun,false,true,true,true
lp:2484:word:1,2484,1,往往,1,3,,往往,,,false,false,false
lp:2484:word:2,2484,2,不,3,4,lpw_b02dfe2160,不,negation_modality,false,false,true,true
lp:2484:word:3,2484,3,回答,4,6,lpw_f3f5126487,回答,speech,false,false,true,true
lp:2484:word:4,2484,4,人家,6,8,,人家,,,false,false,false
lp:2484:word:5,2484,5,的,8,9,lpw_8af2350cfd,的,function,false,true,true,true
lp:2484:word:6,2484,6,问题,9,11,lpw_33a8618cb6,问题,other,false,false,false,false
lp:2485:word:0,2485,0,但,0,1,lpw_1f863793c6,但,other,false,false,false,false
lp:2485:word:1,2485,1,他,1,2,lpw_8b7b91e000,他,pronoun,false,true,true,true
lp:2485:word:2,2485,2,脸,2,3,,脸,,,false,false,false
lp:2485:word:3,2485,3,一,3,4,lpw_51a75f4634,一,other,false,false,true,true
lp:2485:word:4,2485,4,红,4,5,,红,,,false,false,false
lp:2486:word:0,2486,0,就,0,1,lpw_2f9d9872e5,就,function,false,true,true,true
lp:2486:word:1,2486,1,等于,1,3,,等于,,,false,false,false
lp:2486:word:2,2486,2,在,3,4,lpw_12404a0b63,在,function,false,true,true,true
lp:2486:word:3,2486,3,说,4,5,lpw_ccca744613,说,speech,false,true,true,true
lp:2486:word:4,2486,4,对,6,7,lpw_74570c7270,对,function,false,true,true,true
lp:2486:word:5,2486,5,的,7,8,lpw_8af2350cfd,的,function,false,true,true,true
lp:2487:word:0,2487,0,可不是,0,3,lpw_b30391caa1,可不是,other,false,false,false,false
lp:2487:word:1,2487,1,吗,3,4,lpw_5ac1612110,吗,function|interrogative,false,false,false,true
lp:2488:word:0,2488,0,哎,1,2,,哎,,,false,false,false
lp:2489:word:0,2489,0,我,0,1,lpw_b70bb4acc0,我,pronoun,false,true,true,true
lp:2489:word:1,2489,1,对,1,2,lpw_74570c7270,对,function,false,true,true,true
lp:2489:word:2,2489,2,他,2,3,lpw_8b7b91e000,他,pronoun,false,true,true,true
lp:2489:word:3,2489,3,说,3,4,lpw_ccca744613,说,speech,false,true,true,true
lp:2490:word:0,2490,0,我,1,2,lpw_b70bb4acc0,我,pronoun,false,true,true,true
lp:2490:word:1,2490,1,怕,2,3,,怕,,,false,false,false
lp:2491:word:0,2491,0,他,0,1,lpw_8b7b91e000,他,pronoun,false,true,true,true
lp:2491:word:1,2491,1,却,1,2,lpw_da153c5b45,却,other,false,false,false,false
lp:2491:word:2,2491,2,回答,2,4,lpw_f3f5126487,回答,speech,false,false,true,true
lp:2491:word:3,2491,3,我,4,5,lpw_b70bb4acc0,我,pronoun,false,true,true,true
lp:2491:word:4,2491,4,说,5,6,lpw_ccca744613,说,speech,false,true,true,true
lp:2492:word:0,2492,0,现在,1,3,lpw_43584f37c1,现在,other,false,false,false,false
lp:2492:word:1,2492,1,你,3,4,lpw_a0c7716669,你,pronoun,false,true,true,true
lp:2492:word:2,2492,2,该去,4,6,,该去,,,false,false,false
lp:2492:word:3,2492,3,工作,6,8,,工作,,,false,false,false
lp:2492:word:4,2492,4,了,8,9,lpw_b2dd27e84f,了,function,false,true,true,true
lp:2493:word:0,2493,0,你,0,1,lpw_a0c7716669,你,pronoun,false,true,true,true
lp:2493:word:1,2493,1,得,1,2,lpw_71b1ed1114,得,function,false,false,true,true
lp:2493:word:2,2493,2,回到,2,4,,回到,,,false,false,false
lp:2493:word:3,2493,3,你,4,5,lpw_a0c7716669,你,pronoun,false,true,true,true
lp:2493:word:4,2493,4,的,5,6,lpw_8af2350cfd,的,function,false,true,true,true
lp:2493:word:5,2493,5,飞机,6,8,lpw_c05f7cd6ed,飞机,concrete_entity,true,false,false,false
lp:2493:word:6,2493,6,那儿,8,10,lpw_b4444021ad,那儿,other,false,false,false,false
lp:2493:word:7,2493,7,去,10,11,lpw_99ae21ea6c,去,physical_action,false,false,true,true
lp:2494:word:0,2494,0,我在,0,2,lpw_33f40475f8,我在,other,false,false,false,false
lp:2494:word:1,2494,1,这儿,2,4,lpw_19a29e87c9,这儿,other,false,false,true,true
lp:2494:word:2,2494,2,等,4,5,,等,,,false,false,false
lp:2494:word:3,2494,3,你,5,6,lpw_a0c7716669,你,pronoun,false,true,true,true
lp:2495:word:0,2495,0,明天,0,2,,明天,,,false,false,false
lp:2495:word:1,2495,1,晚上,2,4,lpw_a9b1124b34,晚上,time_quantity,false,false,false,false
lp:2495:word:2,2495,2,再来,4,6,,再来,,,false,false,false
lp:2495:word:3,2495,3,吧,6,7,lpw_bad8b6c7ae,吧,function,false,false,false,true
lp:2496:word:0,2496,0,可是,0,2,lpw_38ca4a9c76,可是,function,false,false,true,true
lp:2496:word:1,2496,1,我,2,3,lpw_b70bb4acc0,我,pronoun,false,true,true,true
lp:2496:word:2,2496,2,放心不下,3,7,,放心不下,,,false,false,false
lp:2497:word:0,2497,0,我想,0,2,lpw_42230da180,我想,other,false,false,false,false
lp:2497:word:1,2497,1,起了,2,4,,起了,,,false,false,false
lp:2497:word:2,2497,2,狐狸,4,6,lpw_0a93e4ffe2,狐狸,narrative_character,true,false,false,false
lp:2497:word:3,2497,3,的话,6,8,lpw_9b952dd4e3,的话,other,false,false,false,false
lp:2498:word:0,2498,0,一个,0,2,lpw_e1dbc1c99f,一个,function|time_quantity,false,true,true,true
lp:2498:word:1,2498,1,人,2,3,lpw_50f5d65d57,人,other,false,true,true,true
lp:2498:word:2,2498,2,要是,3,5,lpw_467b2562ed,要是,function,false,false,false,true
lp:2498:word:3,2498,3,被,5,6,,被,,,false,false,false
lp:2498:word:4,2498,4,驯,6,7,lpw_c3a6e91c19,驯,other,true,false,false,false
lp:2498:word:5,2498,5,养,7,8,lpw_bd49c65dde,养,other,true,false,false,false
lp:2498:word:6,2498,6,过,8,9,lpw_f777893480,过,other,false,false,true,true
lp:2499:word:0,2499,0,恐怕,0,2,,恐怕,,,false,false,false
lp:2499:word:1,2499,1,难免,2,4,,难免,,,false,false,false
lp:2499:word:2,2499,2,要,4,5,lpw_975f35218e,要,negation_modality,false,false,true,true
lp:2499:word:3,2499,3,哭,5,6,,哭,,,false,false,false
lp:2499:word:4,2499,4,的,6,7,lpw_8af2350cfd,的,function,false,true,true,true
lp:2501:word:0,2501,0,在,0,1,lpw_12404a0b63,在,function,false,true,true,true
lp:2501:word:1,2501,1,水井,1,3,,水井,,,false,false,false
lp:2501:word:2,2501,2,边,3,4,,边,,,false,false,false
lp:2501:word:3,2501,3,上,4,5,lpw_db5ba671d2,上,function,false,true,true,true
lp:2502:word:0,2502,0,有一,0,2,,有一,,,false,false,false
lp:2502:word:1,2502,1,堵,2,3,,堵,,,false,false,false
lp:2502:word:2,2502,2,残,3,4,,残,,,false,false,false
lp:2502:word:3,2502,3,败,4,5,,败,,,false,false,false
lp:2502:word:4,2502,4,的,5,6,lpw_8af2350cfd,的,function,false,true,true,true
lp:2502:word:5,2502,5,旧,6,7,,旧,,,false,false,false
lp:2502:word:6,2502,6,石,7,8,,石,,,false,false,false
lp:2502:word:7,2502,7,墙,8,9,,墙,,,false,false,false
lp:2503:word:0,2503,0,第二,0,2,,第二,,,false,false,false
lp:2503:word:1,2503,1,天,2,3,lpw_49da61ceee,天,other,false,false,false,true
lp:2503:word:2,2503,2,傍晚,3,5,,傍晚,,,false,false,false
lp:2504:word:0,2504,0,我,0,1,lpw_b70bb4acc0,我,pronoun,false,true,true,true
lp:2504:word:1,2504,1,干完,1,3,,干完,,,false,false,false
lp:2504:word:2,2504,2,活儿,3,5,,活儿,,,false,false,false
lp:2504:word:3,2504,3,回来,5,7,,回来,,,false,false,false
lp:2505:word:0,2505,0,远远,0,2,,远远,,,false,false,false
lp:2505:word:1,2505,1,地,2,3,lpw_bdbd41e490,地,function,false,true,true,true
lp:2505:word:2,2505,2,看见,3,5,lpw_7205426737,看见,perception,false,false,false,true
lp:2505:word:3,2505,3,小王子,5,8,lpw_87f2a033cf,小王子,narrative_character,false,true,true,true
lp:2505:word:4,2505,4,两,8,9,lpw_83385d2eda,两,other,false,false,false,false
lp:2505:word:5,2505,5,腿,9,10,,腿,,,false,false,false
lp:2505:word:6,2505,6,悬空,10,12,,悬空,,,false,false,false
lp:2505:word:7,2505,7,地,12,13,lpw_bdbd41e490,地,function,false,true,true,true
lp:2505:word:8,2505,8,坐在,13,15,,坐在,,,false,false,false
lp:2505:word:9,2505,9,断,15,16,,断,,,false,false,false
lp:2505:word:10,2505,10,墙,16,17,,墙,,,false,false,false
lp:2505:word:11,2505,11,上,17,18,lpw_db5ba671d2,上,function,false,true,true,true
lp:2506:word:0,2506,0,我还,0,2,,我还,,,false,false,false
lp:2506:word:1,2506,1,听见,2,4,,听见,,,false,false,false
lp:2506:word:2,2506,2,他在,4,6,,他在,,,false,false,false
lp:2506:word:3,2506,3,说话,6,8,,说话,,,false,false,false
lp:2507:word:0,2507,0,难道,1,3,,难道,,,false,false,false
lp:2507:word:1,2507,1,你,3,4,lpw_a0c7716669,你,pronoun,false,true,true,true
lp:2507:word:2,2507,2,不,4,5,lpw_b02dfe2160,不,negation_modality,false,false,true,true
lp:2507:word:3,2507,3,记得,5,7,,记得,,,false,false,false
lp:2507:word:4,2507,4,了,7,8,lpw_b2dd27e84f,了,function,false,true,true,true
lp:2508:word:0,2508,0,他,0,1,lpw_8b7b91e000,他,pronoun,false,true,true,true
lp:2508:word:1,2508,1,说,1,2,lpw_ccca744613,说,speech,false,true,true,true
lp:2509:word:0,2509,0,根本,1,3,,根本,,,false,false,false
lp:2509:word:1,2509,1,不是,3,5,lpw_584cd0fcf3,不是,other,false,false,false,false
lp:2509:word:2,2509,2,这儿,5,7,lpw_19a29e87c9,这儿,other,false,false,true,true
lp:2510:word:0,2510,0,想必,0,2,,想必,,,false,false,false
lp:2510:word:1,2510,1,有,2,3,lpw_90ce0f66f0,有,other,false,true,true,true
lp:2510:word:2,2510,2,一个,3,5,lpw_e1dbc1c99f,一个,function|time_quantity,false,true,true,true
lp:2510:word:3,2510,3,声音,5,7,lpw_473400815c,声音,other,false,false,false,false
lp:2510:word:4,2510,4,在,7,8,lpw_12404a0b63,在,function,false,true,true,true
lp:2510:word:5,2510,5,回答,8,10,lpw_f3f5126487,回答,speech,false,false,true,true
lp:2510:word:6,2510,6,他,10,11,lpw_8b7b91e000,他,pronoun,false,true,true,true
lp:2511:word:0,2511,0,只,0,1,lpw_409e2c3882,只,function,false,false,true,true
lp:2511:word:1,2511,1,见,1,2,,见,,,false,false,false
lp:2511:word:2,2511,2,他在,2,4,,他在,,,false,false,false
lp:2511:word:3,2511,3,反驳,4,6,,反驳,,,false,false,false
lp:2512:word:0,2512,0,对,1,2,lpw_74570c7270,对,function,false,true,true,true
lp:2512:word:1,2512,1,对,3,4,lpw_74570c7270,对,function,false,true,true,true
lp:2512:word:2,2512,2,是,5,6,lpw_b5141d3d19,是,function,false,true,true,true
lp:2512:word:3,2512,3,今天,6,8,,今天,,,false,false,false
lp:2513:word:0,2513,0,可不是,0,3,lpw_b30391caa1,可不是,other,false,false,false,false
lp:2513:word:1,2513,1,这个,3,5,lpw_979e2bc35b,这个,function,false,false,true,true
lp:2513:word:2,2513,2,地方,5,7,lpw_1462a7d853,地方,other,false,false,false,true
lp:2514:word:0,2514,0,我,0,1,lpw_b70bb4acc0,我,pronoun,false,true,true,true
lp:2514:word:1,2514,1,往,1,2,,往,,,false,false,false
lp:2514:word:2,2514,2,石,2,3,,石,,,false,false,false
lp:2514:word:3,2514,3,墙,3,4,,墙,,,false,false,false
lp:2514:word:4,2514,4,走去,4,6,,走去,,,false,false,false
lp:2515:word:0,2515,0,我,0,1,lpw_b70bb4acc0,我,pronoun,false,true,true,true
lp:2515:word:1,2515,1,既,1,2,,既,,,false,false,false
lp:2515:word:2,2515,2,没,2,3,lpw_279e8b3573,没,negation_modality,false,false,true,true
lp:2515:word:3,2515,3,看见,3,5,lpw_7205426737,看见,perception,false,false,false,true
lp:2515:word:4,2515,4,人影,5,7,,人影,,,false,false,false
lp:2516:word:0,2516,0,也没,0,2,,也没,,,false,false,false
lp:2516:word:1,2516,1,听见,2,4,,听见,,,false,false,false
lp:2516:word:2,2516,2,人声,4,6,,人声,,,false,false,false
lp:2517:word:0,2517,0,但是,0,2,lpw_8cb1f721c8,但是,other,false,false,false,false
lp:2517:word:1,2517,1,小王子,2,5,lpw_87f2a033cf,小王子,narrative_character,false,true,true,true
lp:2517:word:2,2517,2,又在,5,7,,又在,,,false,false,false
lp:2517:word:3,2517,3,说,7,8,lpw_ccca744613,说,speech,false,true,true,true
lp:2518:word:0,2518,0,那,7,8,lpw_5a2362a202,那,pronoun,false,true,true,true
lp:2518:word:1,2518,1,当然,8,10,lpw_0002e2d87f,当然,other,false,false,false,false
lp:2519:word:0,2519,0,在,0,1,lpw_12404a0b63,在,function,false,true,true,true
lp:2519:word:1,2519,1,沙,1,2,,沙,,,false,false,false
lp:2519:word:2,2519,2,地上,2,4,,地上,,,false,false,false
lp:2520:word:0,2520,0,你会,0,2,lpw_8e80d04a82,你会,other,true,false,false,false
lp:2520:word:1,2520,1,看到,2,4,lpw_e9c1d16595,看到,other,false,false,false,false
lp:2520:word:2,2520,2,我,4,5,lpw_b70bb4acc0,我,pronoun,false,true,true,true
lp:2520:word:3,2520,3,的,5,6,lpw_8af2350cfd,的,function,false,true,true,true
lp:2520:word:4,2520,4,足迹,6,8,,足迹,,,false,false,false
lp:2520:word:5,2520,5,从,8,9,lpw_2719a8ea30,从,function,false,false,false,true
lp:2520:word:6,2520,6,哪儿,9,11,lpw_1ca2298198,哪儿,interrogative,false,false,false,false
lp:2520:word:7,2520,7,开始,11,13,,开始,,,false,false,false
lp:2520:word:8,2520,8,的,13,14,lpw_8af2350cfd,的,function,false,true,true,true
lp:2521:word:0,2521,0,你,0,1,lpw_a0c7716669,你,pronoun,false,true,true,true
lp:2521:word:1,2521,1,只要,1,3,,只要,,,false,false,false
lp:2521:word:2,2521,2,等着,3,5,,等着,,,false,false,false
lp:2521:word:3,2521,3,我,5,6,lpw_b70bb4acc0,我,pronoun,false,true,true,true
lp:2521:word:4,2521,4,就,6,7,lpw_2f9d9872e5,就,function,false,true,true,true
lp:2521:word:5,2521,5,行,7,8,,行,,,false,false,false
lp:2521:word:6,2521,6,了,8,9,lpw_b2dd27e84f,了,function,false,true,true,true
lp:2522:word:0,2522,0,今天,0,2,,今天,,,false,false,false
lp:2522:word:1,2522,1,夜里,2,4,lpw_41f8d30e7f,夜里,other,false,false,false,false
lp:2522:word:2,2522,2,我,4,5,lpw_b70bb4acc0,我,pronoun,false,true,true,true
lp:2522:word:3,2522,3,就去,5,7,,就去,,,false,false,false
lp:2522:word:4,2522,4,那儿,7,9,lpw_b4444021ad,那儿,other,false,false,false,false
lp:2523:word:0,2523,0,我,0,1,lpw_b70bb4acc0,我,pronoun,false,true,true,true
lp:2523:word:1,2523,1,离,1,2,,离,,,false,false,false
lp:2523:word:2,2523,2,石,2,3,,石,,,false,false,false
lp:2523:word:3,2523,3,墙,3,4,,墙,,,false,false,false
lp:2523:word:4,2523,4,只有,4,6,lpw_ba8bd7c8c9,只有,other,false,false,false,false
lp:2523:word:5,2523,5,二十,6,8,,二十,,,false,false,false
lp:2523:word:6,2523,6,米,8,9,,米,,,false,false,false
lp:2523:word:7,2523,7,了,9,10,lpw_b2dd27e84f,了,function,false,true,true,true
lp:2524:word:0,2524,0,可,0,1,lpw_8b9cefa38e,可,other,false,false,true,true
lp:2524:word:1,2524,1,还是,1,3,lpw_dfaa7d6f73,还是,other,false,false,false,false
lp:2524:word:2,2524,2,什么,3,5,lpw_c1b52e0e64,什么,pronoun|interrogative,false,true,true,true
lp:2524:word:3,2524,3,也没,5,7,,也没,,,false,false,false
lp:2524:word:4,2524,4,看见,7,9,lpw_7205426737,看见,perception,false,false,false,true
lp:2525:word:0,2525,0,停了,0,2,,停了,,,false,false,false
lp:2525:word:1,2525,1,一,2,3,lpw_51a75f4634,一,other,false,false,true,true
lp:2525:word:2,2525,2,会,3,4,lpw_5ba1e3c0eb,会,negation_modality,false,true,true,true
lp:2525:word:3,2525,3,儿,4,5,lpw_1ed5efc3dc,儿,other,false,false,false,false
lp:2526:word:0,2526,0,小王子,0,3,lpw_87f2a033cf,小王子,narrative_character,false,true,true,true
lp:2526:word:1,2526,1,又,3,4,lpw_e71ce5deab,又,function,false,true,true,true
lp:2526:word:2,2526,2,说道,4,6,,说道,,,false,false,false
lp:2527:word:0,2527,0,你,1,2,lpw_a0c7716669,你,pronoun,false,true,true,true
lp:2527:word:1,2527,1,的,2,3,lpw_8af2350cfd,的,function,false,true,true,true
lp:2527:word:2,2527,2,毒液,3,5,,毒液,,,false,false,false
lp:2527:word:3,2527,3,管用,5,7,,管用,,,false,false,false
lp:2527:word:4,2527,4,吗,7,8,lpw_5ac1612110,吗,function|interrogative,false,false,false,true
lp:2528:word:0,2528,0,你有,0,2,,你有,,,false,false,false
lp:2528:word:1,2528,1,把握,2,4,,把握,,,false,false,false
lp:2528:word:2,2528,2,不会,4,6,lpw_c7ae73a94d,不会,negation_modality,false,false,false,false
lp:2528:word:3,2528,3,让,6,7,lpw_ad37574404,让,other,false,true,true,true
lp:2528:word:4,2528,4,我,7,8,lpw_b70bb4acc0,我,pronoun,false,true,true,true
lp:2528:word:5,2528,5,难受,8,10,,难受,,,false,false,false
lp:2528:word:6,2528,6,很久,10,12,,很久,,,false,false,false
lp:2528:word:7,2528,7,吗,12,13,lpw_5ac1612110,吗,function|interrogative,false,false,false,true
lp:2529:word:0,2529,0,我,0,1,lpw_b70bb4acc0,我,pronoun,false,true,true,true
lp:2529:word:1,2529,1,心头,1,3,,心头,,,false,false,false
lp:2529:word:2,2529,2,猛,3,4,,猛,,,false,false,false
lp:2529:word:3,2529,3,地,4,5,lpw_bdbd41e490,地,function,false,true,true,true
lp:2529:word:4,2529,4,揪,5,6,,揪,,,false,false,false
lp:2529:word:5,2529,5,紧,6,7,,紧,,,false,false,false
lp:2530:word:0,2530,0,停下,0,2,,停下,,,false,false,false
lp:2530:word:1,2530,1,了,2,3,lpw_b2dd27e84f,了,function,false,true,true,true
lp:2530:word:2,2530,2,脚步,3,5,,脚步,,,false,false,false
lp:2531:word:0,2531,0,可,0,1,lpw_8b9cefa38e,可,other,false,false,true,true
lp:2531:word:1,2531,1,我还是,1,4,,我还是,,,false,false,false
lp:2531:word:2,2531,2,什么,4,6,lpw_c1b52e0e64,什么,pronoun|interrogative,false,true,true,true
lp:2531:word:3,2531,3,也不,6,8,lpw_941252022a,也不,other,false,false,false,false
lp:2531:word:4,2531,4,明白,8,10,lpw_8e37cd5f7f,明白,cognition,false,false,false,false
lp:2532:word:0,2532,0,现在,1,3,lpw_43584f37c1,现在,other,false,false,false,false
lp:2532:word:1,2532,1,来,4,5,lpw_6d8229118c,来,physical_action,false,true,true,true
lp:2532:word:2,2532,2,吧,5,6,lpw_bad8b6c7ae,吧,function,false,false,false,true
lp:2533:word:0,2533,0,小王子,0,3,lpw_87f2a033cf,小王子,narrative_character,false,true,true,true
lp:2533:word:1,2533,1,说,3,4,lpw_ccca744613,说,speech,false,true,true,true
lp:2534:word:0,2534,0,我要,7,9,lpw_30bc5c7b4c,我要,other,false,false,false,false
lp:2534:word:1,2534,1,下来,9,11,,下来,,,false,false,false
lp:2534:word:2,2534,2,了,11,12,lpw_b2dd27e84f,了,function,false,true,true,true
lp:2535:word:0,2535,0,这时,0,2,,这时,,,false,false,false
lp:2536:word:0,2536,0,我,0,1,lpw_b70bb4acc0,我,pronoun,false,true,true,true
lp:2536:word:1,2536,1,低头,1,3,,低头,,,false,false,false
lp:2536:word:2,2536,2,朝,3,4,,朝,,,false,false,false
lp:2536:word:3,2536,3,墙,4,5,,墙,,,false,false,false
lp:2536:word:4,2536,4,脚,5,6,,脚,,,false,false,false
lp:2536:word:5,2536,5,看去,6,8,,看去,,,false,false,false
lp:2537:word:0,2537,0,不由得,0,3,,不由得,,,false,false,false
lp:2537:word:1,2537,1,吓了,3,5,,吓了,,,false,false,false
lp:2537:word:2,2537,2,一跳,5,7,,一跳,,,false,false,false
lp:2538:word:0,2538,0,只,0,1,lpw_409e2c3882,只,function,false,false,true,true
lp:2538:word:1,2538,1,见,1,2,,见,,,false,false,false
lp:2538:word:2,2538,2,一条,2,4,,一条,,,false,false,false
lp:2538:word:3,2538,3,半,4,5,,半,,,false,false,false
lp:2538:word:4,2538,4,分钟,5,7,lpw_bd957bc497,分钟,time_quantity,false,false,false,false
lp:2538:word:5,2538,5,就,7,8,lpw_2f9d9872e5,就,function,false,true,true,true
lp:2538:word:6,2538,6,能,8,9,lpw_413c06bcef,能,other,false,false,false,false
lp:2538:word:7,2538,7,叫,9,10,,叫,,,false,false,false
lp:2538:word:8,2538,8,人,10,11,lpw_50f5d65d57,人,other,false,true,true,true
lp:2538:word:9,2538,9,致命,11,13,,致命,,,false,false,false
lp:2538:word:10,2538,10,的,13,14,lpw_8af2350cfd,的,function,false,true,true,true
lp:2538:word:11,2538,11,黄,14,15,,黄,,,false,false,false
lp:2538:word:12,2538,12,蛇,15,16,lpw_e49587b1da,蛇,narrative_character|concrete_entity,true,false,false,false
lp:2539:word:0,2539,0,昂然,0,2,,昂然,,,false,false,false
lp:2539:word:1,2539,1,竖起,2,4,,竖起,,,false,false,false
lp:2539:word:2,2539,2,身子,4,6,,身子,,,false,false,false
lp:2539:word:3,2539,3,对,6,7,lpw_74570c7270,对,function,false,true,true,true
lp:2539:word:4,2539,4,着,7,8,lpw_9e5bf0d2d9,着,function,false,true,true,true
lp:2539:word:5,2539,5,小王子,8,11,lpw_87f2a033cf,小王子,narrative_character,false,true,true,true
lp:2540:word:0,2540,0,我,0,1,lpw_b70bb4acc0,我,pronoun,false,true,true,true
lp:2540:word:1,2540,1,一边,1,3,,一边,,,false,false,false
lp:2540:word:2,2540,2,伸手,3,5,,伸手,,,false,false,false
lp:2540:word:3,2540,3,去,5,6,lpw_99ae21ea6c,去,physical_action,false,false,true,true
lp:2540:word:4,2540,4,掏,6,7,,掏,,,false,false,false
lp:2540:word:5,2540,5,手枪,7,9,,手枪,,,false,false,false
lp:2541:word:0,2541,0,一边,0,2,,一边,,,false,false,false
lp:2541:word:1,2541,1,撒腿,2,4,,撒腿,,,false,false,false
lp:2541:word:2,2541,2,往前,4,6,,往前,,,false,false,false
lp:2541:word:3,2541,3,奔去,6,8,,奔去,,,false,false,false
lp:2542:word:0,2542,0,可是,0,2,lpw_38ca4a9c76,可是,function,false,false,true,true
lp:2543:word:0,2543,0,那,0,1,lpw_5a2362a202,那,pronoun,false,true,true,true
lp:2543:word:1,2543,1,条,1,2,,条,,,false,false,false
lp:2543:word:2,2543,2,蛇,2,3,lpw_e49587b1da,蛇,narrative_character|concrete_entity,true,false,false,false
lp:2543:word:3,2543,3,听见,3,5,,听见,,,false,false,false
lp:2543:word:4,2543,4,我,5,6,lpw_b70bb4acc0,我,pronoun,false,true,true,true
lp:2543:word:5,2543,5,的,6,7,lpw_8af2350cfd,的,function,false,true,true,true
lp:2543:word:6,2543,6,声音,7,9,lpw_473400815c,声音,other,false,false,false,false
lp:2544:word:0,2544,0,就像,0,2,lpw_3a1a30dbb2,就像,other,false,false,false,false
lp:2544:word:1,2544,1,一条,2,4,,一条,,,false,false,false
lp:2544:word:2,2544,2,水柱,4,6,,水柱,,,false,false,false
lp:2544:word:3,2544,3,骤然,6,8,,骤然,,,false,false,false
lp:2544:word:4,2544,4,跌落,8,10,,跌落,,,false,false,false
lp:2544:word:5,2544,5,下来,10,12,,下来,,,false,false,false
lp:2545:word:0,2545,0,缓缓,0,2,,缓缓,,,false,false,false
lp:2545:word:1,2545,1,渗入,2,4,,渗入,,,false,false,false
lp:2545:word:2,2545,2,沙地,4,6,,沙地,,,false,false,false
lp:2546:word:0,2546,0,不慌不忙,0,4,,不慌不忙,,,false,false,false
lp:2546:word:1,2546,1,地,4,5,lpw_bdbd41e490,地,function,false,true,true,true
lp:2546:word:2,2546,2,钻,5,6,,钻,,,false,false,false
lp:2546:word:3,2546,3,进,6,7,,进,,,false,false,false
lp:2546:word:4,2546,4,石,7,8,,石,,,false,false,false
lp:2546:word:5,2546,5,缝,8,9,,缝,,,false,false,false
lp:2546:word:6,2546,6,中,9,10,lpw_a567bdaa11,中,other,false,false,false,false
lp:2546:word:7,2546,7,去,10,11,lpw_99ae21ea6c,去,physical_action,false,false,true,true
lp:2547:word:0,2547,0,发出,0,2,,发出,,,false,false,false
lp:2547:word:1,2547,1,轻微,2,4,,轻微,,,false,false,false
lp:2547:word:2,2547,2,的,4,5,lpw_8af2350cfd,的,function,false,true,true,true
lp:2547:word:3,2547,3,金属,5,7,,金属,,,false,false,false
lp:2547:word:4,2547,4,声,7,8,lpw_693e132f27,声,other,false,false,false,true
lp:2548:word:0,2548,0,我,0,1,lpw_b70bb4acc0,我,pronoun,false,true,true,true
lp:2548:word:1,2548,1,赶,1,2,,赶,,,false,false,false
lp:2548:word:2,2548,2,到,2,3,lpw_b56f36b529,到,other,false,false,false,false
lp:2548:word:3,2548,3,墙,3,4,,墙,,,false,false,false
lp:2548:word:4,2548,4,边,4,5,,边,,,false,false,false
lp:2549:word:0,2549,0,正好,0,2,,正好,,,false,false,false
lp:2549:word:1,2549,1,接住,2,4,,接住,,,false,false,false
lp:2549:word:2,2549,2,从,4,5,lpw_2719a8ea30,从,function,false,false,false,true
lp:2549:word:3,2549,3,墙,5,6,,墙,,,false,false,false
lp:2549:word:4,2549,4,上,6,7,lpw_db5ba671d2,上,function,false,true,true,true
lp:2549:word:5,2549,5,跳下,7,9,,跳下,,,false,false,false
lp:2549:word:6,2549,6,的,9,10,lpw_8af2350cfd,的,function,false,true,true,true
lp:2549:word:7,2549,7,小王子,10,13,lpw_87f2a033cf,小王子,narrative_character,false,true,true,true
lp:2550:word:0,2550,0,把,0,1,lpw_2442748e41,把,function,false,false,true,true
lp:2550:word:1,2550,1,这个,1,3,lpw_979e2bc35b,这个,function,false,false,true,true
lp:2550:word:2,2550,2,脸色,3,5,,脸色,,,false,false,false
lp:2550:word:3,2550,3,白,5,6,,白,,,false,false,false
lp:2550:word:4,2550,4,得,6,7,lpw_71b1ed1114,得,function,false,false,true,true
lp:2550:word:5,2550,5,像,7,8,lpw_cf8cedd58b,像,other,false,false,false,true
lp:2550:word:6,2550,6,雪,8,9,,雪,,,false,false,false
lp:2550:word:7,2550,7,的,9,10,lpw_8af2350cfd,的,function,false,true,true,true
lp:2550:word:8,2550,8,小,10,11,lpw_6a7339bb75,小,other,false,false,true,true
lp:2550:word:9,2550,9,家伙,11,13,,家伙,,,false,false,false
lp:2550:word:10,2550,10,抱在,13,15,,抱在,,,false,false,false
lp:2550:word:11,2550,11,怀,15,16,,怀,,,false,false,false
lp:2550:word:12,2550,12,里,16,17,lpw_79f43de6e3,里,function,false,false,true,true
lp:2551:word:0,2551,0,这,1,2,lpw_d409ab2ab3,这,pronoun,false,true,true,true
lp:2551:word:1,2551,1,是,2,3,lpw_b5141d3d19,是,function,false,true,true,true
lp:2551:word:2,2551,2,怎么,3,5,lpw_5ee8091a38,怎么,interrogative,false,false,false,false
lp:2551:word:3,2551,3,回,5,6,,回,,,false,false,false
lp:2551:word:4,2551,4,事,6,7,lpw_1d9ed56951,事,other,false,false,true,true
lp:2552:word:0,2552,0,你,0,1,lpw_a0c7716669,你,pronoun,false,true,true,true
lp:2552:word:1,2552,1,居然,1,3,,居然,,,false,false,false
lp:2552:word:2,2552,2,跟,3,4,lpw_383a53d95c,跟,function,false,false,false,true
lp:2552:word:3,2552,3,蛇,4,5,lpw_e49587b1da,蛇,narrative_character|concrete_entity,true,false,false,false
lp:2552:word:4,2552,4,在,5,6,lpw_12404a0b63,在,function,false,true,true,true
lp:2552:word:5,2552,5,谈话,6,8,,谈话,,,false,false,false
lp:2553:word:0,2553,0,我,0,1,lpw_b70bb4acc0,我,pronoun,false,true,true,true
lp:2553:word:1,2553,1,解开,1,3,,解开,,,false,false,false
lp:2553:word:2,2553,2,他,3,4,lpw_8b7b91e000,他,pronoun,false,true,true,true
lp:2553:word:3,2553,3,一直,4,6,,一直,,,false,false,false
lp:2553:word:4,2553,4,戴着,6,8,,戴着,,,false,false,false
lp:2553:word:5,2553,5,的,8,9,lpw_8af2350cfd,的,function,false,true,true,true
lp:2553:word:6,2553,6,金,9,10,,金,,,false,false,false
lp:2553:word:7,2553,7,黄色,10,12,,黄色,,,false,false,false
lp:2553:word:8,2553,8,围巾,12,14,,围巾,,,false,false,false
lp:2554:word:0,2554,0,我,0,1,lpw_b70bb4acc0,我,pronoun,false,true,true,true
lp:2554:word:1,2554,1,用水,1,3,,用水,,,false,false,false
lp:2554:word:2,2554,2,沾湿,3,5,,沾湿,,,false,false,false
lp:2554:word:3,2554,3,他,5,6,lpw_8b7b91e000,他,pronoun,false,true,true,true
lp:2554:word:4,2554,4,的,6,7,lpw_8af2350cfd,的,function,false,true,true,true
lp:2554:word:5,2554,5,太阳,7,9,,太阳,,,false,false,false
lp:2554:word:6,2554,6,穴,9,10,,穴,,,false,false,false
lp:2555:word:0,2555,0,给,0,1,lpw_6e55fb9d8a,给,other,false,true,true,true
lp:2555:word:1,2555,1,他,1,2,lpw_8b7b91e000,他,pronoun,false,true,true,true
lp:2555:word:2,2555,2,喝了,2,4,,喝了,,,false,false,false
lp:2555:word:3,2555,3,点,4,5,lpw_08dddeac13,点,other,false,false,false,false
lp:2555:word:4,2555,4,水,5,6,lpw_327b54d04f,水,concrete_entity,false,false,false,false
lp:2556:word:0,2556,0,可,0,1,lpw_8b9cefa38e,可,other,false,false,true,true
lp:2556:word:1,2556,1,此刻,1,3,,此刻,,,false,false,false
lp:2556:word:2,2556,2,我,3,4,lpw_b70bb4acc0,我,pronoun,false,true,true,true
lp:2556:word:3,2556,3,不敢,4,6,,不敢,,,false,false,false
lp:2556:word:4,2556,4,再问,6,8,,再问,,,false,false,false
lp:2556:word:5,2556,5,他,8,9,lpw_8b7b91e000,他,pronoun,false,true,true,true
lp:2556:word:6,2556,6,什么,9,11,lpw_c1b52e0e64,什么,pronoun|interrogative,false,true,true,true
lp:2557:word:0,2557,0,他,0,1,lpw_8b7b91e000,他,pronoun,false,true,true,true
lp:2557:word:1,2557,1,神色,1,3,,神色,,,false,false,false
lp:2557:word:2,2557,2,凝重,3,5,,凝重,,,false,false,false
lp:2557:word:3,2557,3,地,5,6,lpw_bdbd41e490,地,function,false,true,true,true
lp:2557:word:4,2557,4,望,6,7,lpw_260bd80462,望,other,false,false,false,false
lp:2557:word:5,2557,5,着,7,8,lpw_9e5bf0d2d9,着,function,false,true,true,true
lp:2557:word:6,2557,6,我,8,9,lpw_b70bb4acc0,我,pronoun,false,true,true,true
lp:2558:word:0,2558,0,用,0,1,lpw_04e45efb3b,用,other,false,false,false,true
lp:2558:word:1,2558,1,双臂,1,3,,双臂,,,false,false,false
lp:2558:word:2,2558,2,搂,3,4,,搂,,,false,false,false
lp:2558:word:3,2558,3,住,4,5,lpw_cbba0a98ab,住,other,false,false,false,false
lp:2558:word:4,2558,4,我,5,6,lpw_b70bb4acc0,我,pronoun,false,true,true,true
lp:2558:word:5,2558,5,的,6,7,lpw_8af2350cfd,的,function,false,true,true,true
lp:2558:word:6,2558,6,脖子,7,9,,脖子,,,false,false,false
lp:2559:word:0,2559,0,我,0,1,lpw_b70bb4acc0,我,pronoun,false,true,true,true
lp:2559:word:1,2559,1,感觉,1,3,,感觉,,,false,false,false
lp:2559:word:2,2559,2,到,3,4,lpw_b56f36b529,到,other,false,false,false,false
lp:2559:word:3,2559,3,他,4,5,lpw_8b7b91e000,他,pronoun,false,true,true,true
lp:2559:word:4,2559,4,的,5,6,lpw_8af2350cfd,的,function,false,true,true,true
lp:2559:word:5,2559,5,心跳,6,8,,心跳,,,false,false,false
lp:2560:word:0,2560,0,就像,0,2,lpw_3a1a30dbb2,就像,other,false,false,false,false
lp:2560:word:1,2560,1,被,2,3,,被,,,false,false,false
lp:2560:word:2,2560,2,枪,3,4,,枪,,,false,false,false
lp:2560:word:3,2560,3,弹,4,5,,弹,,,false,false,false
lp:2560:word:4,2560,4,击中,5,7,,击中,,,false,false,false
lp:2560:word:5,2560,5,濒临,7,9,,濒临,,,false,false,false
lp:2560:word:6,2560,6,死亡,9,11,,死亡,,,false,false,false
lp:2560:word:7,2560,7,的,11,12,lpw_8af2350cfd,的,function,false,true,true,true
lp:2560:word:8,2560,8,小,12,13,lpw_6a7339bb75,小,other,false,false,true,true
lp:2560:word:9,2560,9,鸟,13,14,,鸟,,,false,false,false
lp:2560:word:10,2560,10,的,14,15,lpw_8af2350cfd,的,function,false,true,true,true
lp:2560:word:11,2560,11,心跳,15,17,,心跳,,,false,false,false
lp:2561:word:0,2561,0,他,0,1,lpw_8b7b91e000,他,pronoun,false,true,true,true
lp:2561:word:1,2561,1,对,1,2,lpw_74570c7270,对,function,false,true,true,true
lp:2561:word:2,2561,2,我,2,3,lpw_b70bb4acc0,我,pronoun,false,true,true,true
lp:2561:word:3,2561,3,说,3,4,lpw_ccca744613,说,speech,false,true,true,true
lp:2562:word:0,2562,0,现在,1,3,lpw_43584f37c1,现在,other,false,false,false,false
lp:2562:word:1,2562,1,来,4,5,lpw_6d8229118c,来,physical_action,false,true,true,true
lp:2562:word:2,2562,2,吧,5,6,lpw_bad8b6c7ae,吧,function,false,false,false,true
lp:2563:word:0,2563,0,小王子,0,3,lpw_87f2a033cf,小王子,narrative_character,false,true,true,true
lp:2563:word:1,2563,1,说,3,4,lpw_ccca744613,说,speech,false,true,true,true
lp:2564:word:0,2564,0,我要,1,3,lpw_30bc5c7b4c,我要,other,false,false,false,false
lp:2564:word:1,2564,1,下来,3,5,,下来,,,false,false,false
lp:2564:word:2,2564,2,了,5,6,lpw_b2dd27e84f,了,function,false,true,true,true
lp:2565:word:0,2565,0,我,1,2,lpw_b70bb4acc0,我,pronoun,false,true,true,true
lp:2565:word:1,2565,1,很,2,3,lpw_f2b91797ea,很,other,false,true,true,true
lp:2565:word:2,2565,2,高兴,3,5,,高兴,,,false,false,false
lp:2566:word:0,2566,0,你找,0,2,,你找,,,false,false,false
lp:2566:word:1,2566,1,到了,2,4,,到了,,,false,false,false
lp:2566:word:2,2566,2,飞机,4,6,lpw_c05f7cd6ed,飞机,concrete_entity,true,false,false,false
lp:2566:word:3,2566,3,上,6,7,lpw_db5ba671d2,上,function,false,true,true,true
lp:2566:word:4,2566,4,缺少,7,9,,缺少,,,false,false,false
lp:2566:word:5,2566,5,的,9,10,lpw_8af2350cfd,的,function,false,true,true,true
lp:2566:word:6,2566,6,东西,10,12,lpw_b181350186,东西,other,false,false,false,true
lp:2567:word:0,2567,0,你,0,1,lpw_a0c7716669,你,pronoun,false,true,true,true
lp:2567:word:1,2567,1,可以,1,3,lpw_0ef5c86fab,可以,negation_modality,false,false,false,true
lp:2567:word:2,2567,2,回家,3,5,,回家,,,false,false,false
lp:2567:word:3,2567,3,了,5,6,lpw_b2dd27e84f,了,function,false,true,true,true
lp:2568:word:0,2568,0,你,1,2,lpw_a0c7716669,你,pronoun,false,true,true,true
lp:2568:word:1,2568,1,怎么,2,4,lpw_5ee8091a38,怎么,interrogative,false,false,false,false
lp:2568:word:2,2568,2,知道,4,6,lpw_d7b6472b11,知道,cognition,false,false,true,true
lp:2568:word:3,2568,3,的,6,7,lpw_8af2350cfd,的,function,false,true,true,true
lp:2569:word:0,2569,0,我,0,1,lpw_b70bb4acc0,我,pronoun,false,true,true,true
lp:2569:word:1,2569,1,正想,1,3,,正想,,,false,false,false
lp:2569:word:2,2569,2,告诉,3,5,,告诉,,,false,false,false
lp:2569:word:3,2569,3,他,5,6,lpw_8b7b91e000,他,pronoun,false,true,true,true
lp:2570:word:0,2570,0,就在,0,2,,就在,,,false,false,false
lp:2570:word:1,2570,1,刚才,2,4,,刚才,,,false,false,false
lp:2571:word:0,2571,0,在,0,1,lpw_12404a0b63,在,function,false,true,true,true
lp:2571:word:1,2571,1,眼看,1,3,,眼看,,,false,false,false
lp:2571:word:2,2571,2,没有,3,5,lpw_f127804b92,没有,negation_modality,false,false,true,true
lp:2571:word:3,2571,3,希望,5,7,,希望,,,false,false,false
lp:2571:word:4,2571,4,的,7,8,lpw_8af2350cfd,的,function,false,true,true,true
lp:2571:word:5,2571,5,情况,8,10,,情况,,,false,false,false
lp:2571:word:6,2571,6,下,10,11,lpw_13c12b064b,下,function,false,false,false,false
lp:2572:word:0,2572,0,我,0,1,lpw_b70bb4acc0,我,pronoun,false,true,true,true
lp:2572:word:1,2572,1,修好,1,3,,修好,,,false,false,false
lp:2572:word:2,2572,2,了,3,4,lpw_b2dd27e84f,了,function,false,true,true,true
lp:2572:word:3,2572,3,飞机,4,6,lpw_c05f7cd6ed,飞机,concrete_entity,true,false,false,false
lp:2573:word:0,2573,0,他,0,1,lpw_8b7b91e000,他,pronoun,false,true,true,true
lp:2573:word:1,2573,1,没,1,2,lpw_279e8b3573,没,negation_modality,false,false,true,true
lp:2573:word:2,2573,2,回答,2,4,lpw_f3f5126487,回答,speech,false,false,true,true
lp:2573:word:3,2573,3,我,4,5,lpw_b70bb4acc0,我,pronoun,false,true,true,true
lp:2573:word:4,2573,4,的,5,6,lpw_8af2350cfd,的,function,false,true,true,true
lp:2573:word:5,2573,5,问题,6,8,lpw_33a8618cb6,问题,other,false,false,false,false
lp:2574:word:0,2574,0,但,0,1,lpw_1f863793c6,但,other,false,false,false,false
lp:2574:word:1,2574,1,接着,1,3,lpw_58ed4c69fb,接着,other,false,false,false,false
lp:2574:word:2,2574,2,说,3,4,lpw_ccca744613,说,speech,false,true,true,true
lp:2575:word:0,2575,0,我也,1,3,,我也,,,false,false,false
lp:2575:word:1,2575,1,一样,3,5,lpw_9dc5c0158d,一样,other,false,false,false,true
lp:2575:word:2,2575,2,今天,6,8,,今天,,,false,false,false
lp:2576:word:0,2576,0,我要,0,2,lpw_30bc5c7b4c,我要,other,false,false,false,false
lp:2576:word:1,2576,1,回家,2,4,,回家,,,false,false,false
lp:2576:word:2,2576,2,了,4,5,lpw_b2dd27e84f,了,function,false,true,true,true
lp:2577:word:0,2577,0,然后,0,2,lpw_ca4f5ee82e,然后,other,false,false,false,false
lp:2578:word:0,2578,0,忧郁,0,2,,忧郁,,,false,false,false
lp:2578:word:1,2578,1,地,2,3,lpw_bdbd41e490,地,function,false,true,true,true
lp:2578:word:2,2578,2,说,3,4,lpw_ccca744613,说,speech,false,true,true,true
lp:2579:word:0,2579,0,那,1,2,lpw_5a2362a202,那,pronoun,false,true,true,true
lp:2579:word:1,2579,1,要,2,3,lpw_975f35218e,要,negation_modality,false,false,true,true
lp:2579:word:2,2579,2,远,3,4,lpw_057c8f7842,远,other,false,false,false,false
lp:2579:word:3,2579,3,得,4,5,lpw_71b1ed1114,得,function,false,false,true,true
lp:2579:word:4,2579,4,多,5,6,lpw_1940119f05,多,other,false,false,false,false
lp:2580:word:0,2580,0,难得,0,2,,难得,,,false,false,false
lp:2580:word:1,2580,1,多,2,3,lpw_1940119f05,多,other,false,false,false,false
lp:2581:word:0,2581,0,我,0,1,lpw_b70bb4acc0,我,pronoun,false,true,true,true
lp:2581:word:1,2581,1,意识,1,3,,意识,,,false,false,false
lp:2581:word:2,2581,2,到,3,4,lpw_b56f36b529,到,other,false,false,false,false
lp:2581:word:3,2581,3,发生,4,6,,发生,,,false,false,false
lp:2581:word:4,2581,4,了,6,7,lpw_b2dd27e84f,了,function,false,true,true,true
lp:2581:word:5,2581,5,一件,7,9,,一件,,,false,false,false
lp:2581:word:6,2581,6,非同,9,11,,非同,,,false,false,false
lp:2581:word:7,2581,7,寻常,11,13,,寻常,,,false,false,false
lp:2581:word:8,2581,8,的,13,14,lpw_8af2350cfd,的,function,false,true,true,true
lp:2581:word:9,2581,9,事情,14,16,lpw_e66d9fac19,事情,other,false,false,false,false
lp:2582:word:0,2582,0,我把,0,2,lpw_5ebf3d1bfd,我把,other,false,false,false,false
lp:2582:word:1,2582,1,他,2,3,lpw_8b7b91e000,他,pronoun,false,true,true,true
lp:2582:word:2,2582,2,像,3,4,lpw_cf8cedd58b,像,other,false,false,false,true
lp:2582:word:3,2582,3,小孩,4,6,,小孩,,,false,false,false
lp:2582:word:4,2582,4,那样,6,8,,那样,,,false,false,false
lp:2582:word:5,2582,5,抱在,8,10,,抱在,,,false,false,false
lp:2582:word:6,2582,6,怀,10,11,,怀,,,false,false,false
lp:2582:word:7,2582,7,里,11,12,lpw_79f43de6e3,里,function,false,false,true,true
lp:2583:word:0,2583,0,只,0,1,lpw_409e2c3882,只,function,false,false,true,true
lp:2583:word:1,2583,1,觉得,1,3,lpw_78c82d9f41,觉得,cognition,false,false,false,true
lp:2583:word:2,2583,2,他在,3,5,,他在,,,false,false,false
lp:2583:word:3,2583,3,笔直,5,7,,笔直,,,false,false,false
lp:2583:word:4,2583,4,地,7,8,lpw_bdbd41e490,地,function,false,true,true,true
lp:2583:word:5,2583,5,滑入,8,10,,滑入,,,false,false,false
lp:2583:word:6,2583,6,一个,10,12,lpw_e1dbc1c99f,一个,function|time_quantity,false,true,true,true
lp:2583:word:7,2583,7,深渊,12,14,,深渊,,,false,false,false
lp:2584:word:0,2584,0,而,0,1,lpw_08e2725ce1,而,function,false,false,false,true
lp:2584:word:1,2584,1,我,1,2,lpw_b70bb4acc0,我,pronoun,false,true,true,true
lp:2584:word:2,2584,2,全然,2,4,,全然,,,false,false,false
lp:2584:word:3,2584,3,无法,4,6,,无法,,,false,false,false
lp:2584:word:4,2584,4,拉住,6,8,,拉住,,,false,false,false
lp:2584:word:5,2584,5,他,8,9,lpw_8b7b91e000,他,pronoun,false,true,true,true
lp:2585:word:0,2585,0,他,0,1,lpw_8b7b91e000,他,pronoun,false,true,true,true
lp:2585:word:1,2585,1,的,1,2,lpw_8af2350cfd,的,function,false,true,true,true
lp:2585:word:2,2585,2,目光,2,4,,目光,,,false,false,false
lp:2585:word:3,2585,3,很,4,5,lpw_f2b91797ea,很,other,false,true,true,true
lp:2585:word:4,2585,4,严肃,5,7,,严肃,,,false,false,false
lp:2586:word:0,2586,0,视线,0,2,,视线,,,false,false,false
lp:2586:word:1,2586,1,消失,2,4,,消失,,,false,false,false
lp:2586:word:2,2586,2,在,4,5,lpw_12404a0b63,在,function,false,true,true,true
lp:2586:word:3,2586,3,很,5,6,lpw_f2b91797ea,很,other,false,true,true,true
lp:2586:word:4,2586,4,远,6,7,lpw_057c8f7842,远,other,false,false,false,false
lp:2586:word:5,2586,5,很,7,8,lpw_f2b91797ea,很,other,false,true,true,true
lp:2586:word:6,2586,6,远,8,9,lpw_057c8f7842,远,other,false,false,false,false
lp:2586:word:7,2586,7,的,9,10,lpw_8af2350cfd,的,function,false,true,true,true
lp:2586:word:8,2586,8,地方,10,12,lpw_1462a7d853,地方,other,false,false,false,true
lp:2587:word:0,2587,0,我有,1,3,lpw_59cbe38d1c,我有,other,false,false,false,false
lp:2587:word:1,2587,1,你,3,4,lpw_a0c7716669,你,pronoun,false,true,true,true
lp:2587:word:2,2587,2,的,4,5,lpw_8af2350cfd,的,function,false,true,true,true
lp:2587:word:3,2587,3,绵羊,5,7,lpw_238b95ae07,羊,concrete_entity,true,false,false,false
lp:2588:word:0,2588,0,我有,0,2,lpw_59cbe38d1c,我有,other,false,false,false,false
lp:2588:word:1,2588,1,绵羊,2,4,lpw_238b95ae07,羊,concrete_entity,true,false,false,false
lp:2588:word:2,2588,2,的,4,5,lpw_8af2350cfd,的,function,false,true,true,true
lp:2588:word:3,2588,3,箱子,5,7,,箱子,,,false,false,false
lp:2589:word:0,2589,0,还有,0,2,lpw_83eec76b39,还有,other,false,false,false,false
lp:2589:word:1,2589,1,嘴,2,3,,嘴,,,false,false,false
lp:2589:word:2,2589,2,罩,3,4,,罩,,,false,false,false
lp:2590:word:0,2590,0,说,0,1,lpw_ccca744613,说,speech,false,true,true,true
lp:2590:word:1,2590,1,着,1,2,lpw_9e5bf0d2d9,着,function,false,true,true,true
lp:2591:word:0,2591,0,他,0,1,lpw_8b7b91e000,他,pronoun,false,true,true,true
lp:2591:word:1,2591,1,忧郁,1,3,,忧郁,,,false,false,false
lp:2591:word:2,2591,2,地,3,4,lpw_bdbd41e490,地,function,false,true,true,true
lp:2591:word:3,2591,3,微微,4,6,,微微,,,false,false,false
lp:2591:word:4,2591,4,一笑,6,8,,一笑,,,false,false,false
lp:2592:word:0,2592,0,我,0,1,lpw_b70bb4acc0,我,pronoun,false,true,true,true
lp:2592:word:1,2592,1,等,1,2,,等,,,false,false,false
lp:2592:word:2,2592,2,了,2,3,lpw_b2dd27e84f,了,function,false,true,true,true
lp:2592:word:3,2592,3,很久,3,5,,很久,,,false,false,false
lp:2593:word:0,2593,0,我,0,1,lpw_b70bb4acc0,我,pronoun,false,true,true,true
lp:2593:word:1,2593,1,感到,1,3,lpw_15c2457566,感到,perception,false,false,false,true
lp:2593:word:2,2593,2,他,3,4,lpw_8b7b91e000,他,pronoun,false,true,true,true
lp:2593:word:3,2593,3,的,4,5,lpw_8af2350cfd,的,function,false,true,true,true
lp:2593:word:4,2593,4,身子,5,7,,身子,,,false,false,false
lp:2593:word:5,2593,5,渐渐,7,9,,渐渐,,,false,false,false
lp:2593:word:6,2593,6,暖,9,10,,暖,,,false,false,false
lp:2593:word:7,2593,7,了,10,11,lpw_b2dd27e84f,了,function,false,true,true,true
lp:2593:word:8,2593,8,起来,11,13,lpw_b8a694b2df,起来,other,false,false,false,true
lp:2594:word:0,2594,0,小,1,2,lpw_6a7339bb75,小,other,false,false,true,true
lp:2594:word:1,2594,1,家伙,2,4,,家伙,,,false,false,false
lp:2595:word:0,2595,0,你,0,1,lpw_a0c7716669,你,pronoun,false,true,true,true
lp:2595:word:1,2595,1,受,1,2,,受,,,false,false,false
lp:2595:word:2,2595,2,惊,2,3,,惊,,,false,false,false
lp:2595:word:3,2595,3,了,3,4,lpw_b2dd27e84f,了,function,false,true,true,true
lp:2596:word:0,2596,0,他,0,1,lpw_8b7b91e000,他,pronoun,false,true,true,true
lp:2596:word:1,2596,1,刚才,1,3,,刚才,,,false,false,false
lp:2596:word:2,2596,2,受,3,4,,受,,,false,false,false
lp:2596:word:3,2596,3,惊,4,5,,惊,,,false,false,false
lp:2596:word:4,2596,4,了,5,6,lpw_b2dd27e84f,了,function,false,true,true,true
lp:2597:word:0,2597,0,可不是,0,3,lpw_b30391caa1,可不是,other,false,false,false,false
lp:2598:word:0,2598,0,但,0,1,lpw_1f863793c6,但,other,false,false,false,false
lp:2598:word:1,2598,1,他,1,2,lpw_8b7b91e000,他,pronoun,false,true,true,true
lp:2598:word:2,2598,2,轻轻,2,4,,轻轻,,,false,false,false
lp:2598:word:3,2598,3,地,4,5,lpw_bdbd41e490,地,function,false,true,true,true
lp:2598:word:4,2598,4,笑了起来,5,9,,笑了起来,,,false,false,false
lp:2599:word:0,2599,0,今天,1,3,,今天,,,false,false,false
lp:2599:word:1,2599,1,晚上,3,5,lpw_a9b1124b34,晚上,time_quantity,false,false,false,false
lp:2599:word:2,2599,2,我要,5,7,lpw_30bc5c7b4c,我要,other,false,false,false,false
lp:2599:word:3,2599,3,受,7,8,,受,,,false,false,false
lp:2599:word:4,2599,4,更大,8,10,,更大,,,false,false,false
lp:2599:word:5,2599,5,的,10,11,lpw_8af2350cfd,的,function,false,true,true,true
lp:2599:word:6,2599,6,惊,11,12,,惊,,,false,false,false
lp:2600:word:0,2600,0,一种,0,2,,一种,,,false,false,false
lp:2600:word:1,2600,1,无法,2,4,,无法,,,false,false,false
lp:2600:word:2,2600,2,补救,4,6,,补救,,,false,false,false
lp:2600:word:3,2600,3,的,6,7,lpw_8af2350cfd,的,function,false,true,true,true
lp:2600:word:4,2600,4,感觉,7,9,,感觉,,,false,false,false
lp:2601:word:0,2601,0,再,0,1,,再,,,false,false,false
lp:2601:word:1,2601,1,一次,1,3,,一次,,,false,false,false
lp:2601:word:2,2601,2,使,3,4,lpw_22c95798a9,使,other,false,false,false,false
lp:2601:word:3,2601,3,我,4,5,lpw_b70bb4acc0,我,pronoun,false,true,true,true
lp:2601:word:4,2601,4,凉,5,6,,凉,,,false,false,false
lp:2601:word:5,2601,5,到了,6,8,,到了,,,false,false,false
lp:2601:word:6,2601,6,心里,8,10,,心里,,,false,false,false
lp:2602:word:0,2602,0,想到,0,2,,想到,,,false,false,false
lp:2602:word:1,2602,1,从此,2,4,,从此,,,false,false,false
lp:2602:word:2,2602,2,就,4,5,lpw_2f9d9872e5,就,function,false,true,true,true
lp:2602:word:3,2602,3,再也,5,7,,再也,,,false,false,false
lp:2602:word:4,2602,4,听,7,8,lpw_1f2eb2608d,听,perception,false,false,false,false
lp:2602:word:5,2602,5,不到,8,10,,不到,,,false,false,false
lp:2602:word:6,2602,6,他,10,11,lpw_8b7b91e000,他,pronoun,false,true,true,true
lp:2602:word:7,2602,7,的,11,12,lpw_8af2350cfd,的,function,false,true,true,true
lp:2602:word:8,2602,8,笑声,12,14,,笑声,,,false,false,false
lp:2603:word:0,2603,0,我,0,1,lpw_b70bb4acc0,我,pronoun,false,true,true,true
lp:2603:word:1,2603,1,感到,1,3,lpw_15c2457566,感到,perception,false,false,false,true
lp:2603:word:2,2603,2,受不了,3,6,,受不了,,,false,false,false
lp:2604:word:0,2604,0,他,0,1,lpw_8b7b91e000,他,pronoun,false,true,true,true
lp:2604:word:1,2604,1,的,1,2,lpw_8af2350cfd,的,function,false,true,true,true
lp:2604:word:2,2604,2,笑声,2,4,,笑声,,,false,false,false
lp:2604:word:3,2604,3,对,4,5,lpw_74570c7270,对,function,false,true,true,true
lp:2604:word:4,2604,4,我,5,6,lpw_b70bb4acc0,我,pronoun,false,true,true,true
lp:2604:word:5,2604,5,来说,6,8,lpw_a0cc5593ee,来说,other,false,false,false,true
lp:2605:word:0,2605,0,就像,0,2,lpw_3a1a30dbb2,就像,other,false,false,false,false
lp:2605:word:1,2605,1,沙漠,2,4,lpw_4fbf406572,沙漠,place,false,false,false,true
lp:2605:word:2,2605,2,中的,4,6,,中的,,,false,false,false
lp:2605:word:3,2605,3,清泉,6,8,,清泉,,,false,false,false
lp:2606:word:0,2606,0,小,1,2,lpw_6a7339bb75,小,other,false,false,true,true
lp:2606:word:1,2606,1,家伙,2,4,,家伙,,,false,false,false
lp:2607:word:0,2607,0,我,0,1,lpw_b70bb4acc0,我,pronoun,false,true,true,true
lp:2607:word:1,2607,1,还想,1,3,,还想,,,false,false,false
lp:2607:word:2,2607,2,听到,3,5,,听到,,,false,false,false
lp:2607:word:3,2607,3,你,5,6,lpw_a0c7716669,你,pronoun,false,true,true,true
lp:2607:word:4,2607,4,咯咯,6,8,,咯咯,,,false,false,false
lp:2607:word:5,2607,5,地,8,9,lpw_bdbd41e490,地,function,false,true,true,true
lp:2607:word:6,2607,6,笑,9,10,lpw_1d8fb5e34e,笑,other,false,false,false,false
lp:2608:word:0,2608,0,可是,0,2,lpw_38ca4a9c76,可是,function,false,false,true,true
lp:2608:word:1,2608,1,他,2,3,lpw_8b7b91e000,他,pronoun,false,true,true,true
lp:2608:word:2,2608,2,对,3,4,lpw_74570c7270,对,function,false,true,true,true
lp:2608:word:3,2608,3,我,4,5,lpw_b70bb4acc0,我,pronoun,false,true,true,true
lp:2608:word:4,2608,4,说,5,6,lpw_ccca744613,说,speech,false,true,true,true
lp:2609:word:0,2609,0,到,1,2,lpw_b56f36b529,到,other,false,false,false,false
lp:2609:word:1,2609,1,今天,2,4,,今天,,,false,false,false
lp:2609:word:2,2609,2,夜里,4,6,lpw_41f8d30e7f,夜里,other,false,false,false,false
lp:2610:word:0,2610,0,就是,0,2,lpw_88aa006eb3,就是,other,false,false,true,true
lp:2610:word:1,2610,1,一年,2,4,,一年,,,false,false,false
lp:2610:word:2,2610,2,了,4,5,lpw_b2dd27e84f,了,function,false,true,true,true
lp:2611:word:0,2611,0,我,0,1,lpw_b70bb4acc0,我,pronoun,false,true,true,true
lp:2611:word:1,2611,1,的,1,2,lpw_8af2350cfd,的,function,false,true,true,true
lp:2611:word:2,2611,2,星星,2,4,lpw_6a9fec7faf,星星,concrete_entity,false,true,true,true
lp:2611:word:3,2611,3,就在,4,6,,就在,,,false,false,false
lp:2611:word:4,2611,4,我,6,7,lpw_b70bb4acc0,我,pronoun,false,true,true,true
lp:2611:word:5,2611,5,去年,7,9,,去年,,,false,false,false
lp:2611:word:6,2611,6,降落,9,11,,降落,,,false,false,false
lp:2611:word:7,2611,7,的,11,12,lpw_8af2350cfd,的,function,false,true,true,true
lp:2611:word:8,2611,8,地方,12,14,lpw_1462a7d853,地方,other,false,false,false,true
lp:2611:word:9,2611,9,顶,14,15,,顶,,,false,false,false
lp:2611:word:10,2611,10,上,15,16,lpw_db5ba671d2,上,function,false,true,true,true
lp:2612:word:0,2612,0,小,1,2,lpw_6a7339bb75,小,other,false,false,true,true
lp:2612:word:1,2612,1,家伙,2,4,,家伙,,,false,false,false
lp:2612:word:2,2612,2,蛇,5,6,lpw_e49587b1da,蛇,narrative_character|concrete_entity,true,false,false,false
lp:2612:word:3,2612,3,啊,6,7,lpw_7c2c50fbaf,啊,function,false,false,false,false
lp:2613:word:0,2613,0,相约,0,2,,相约,,,false,false,false
lp:2613:word:1,2613,1,啊,2,3,lpw_7c2c50fbaf,啊,function,false,false,false,false
lp:2613:word:2,2613,2,星星,4,6,lpw_6a9fec7faf,星星,concrete_entity,false,true,true,true
lp:2613:word:3,2613,3,啊,6,7,lpw_7c2c50fbaf,啊,function,false,false,false,false
lp:2614:word:0,2614,0,感情,0,2,,感情,,,false,false,false
lp:2614:word:1,2614,1,只是,2,4,,只是,,,false,false,false
lp:2614:word:2,2614,2,场,4,5,,场,,,false,false,false
lp:2614:word:3,2614,3,恶梦,5,7,,恶梦,,,false,false,false
lp:2614:word:4,2614,4,吧,7,8,lpw_bad8b6c7ae,吧,function,false,false,false,true
lp:2615:word:0,2615,0,可是,0,2,lpw_38ca4a9c76,可是,function,false,false,true,true
lp:2615:word:1,2615,1,他不,2,4,,他不,,,false,false,false
lp:2615:word:2,2615,2,回答,4,6,lpw_f3f5126487,回答,speech,false,false,true,true
lp:2615:word:3,2615,3,我,6,7,lpw_b70bb4acc0,我,pronoun,false,true,true,true
lp:2615:word:4,2615,4,的,7,8,lpw_8af2350cfd,的,function,false,true,true,true
lp:2615:word:5,2615,5,问题,8,10,lpw_33a8618cb6,问题,other,false,false,false,false
lp:2616:word:0,2616,0,他,0,1,lpw_8b7b91e000,他,pronoun,false,true,true,true
lp:2616:word:1,2616,1,对,1,2,lpw_74570c7270,对,function,false,true,true,true
lp:2616:word:2,2616,2,我,2,3,lpw_b70bb4acc0,我,pronoun,false,true,true,true
lp:2616:word:3,2616,3,说,3,4,lpw_ccca744613,说,speech,false,true,true,true
lp:2617:word:0,2617,0,重要,1,3,lpw_a8cd9642aa,重要,other,false,false,false,false
lp:2617:word:1,2617,1,的,3,4,lpw_8af2350cfd,的,function,false,true,true,true
lp:2617:word:2,2617,2,东西,4,6,lpw_b181350186,东西,other,false,false,false,true
lp:2617:word:3,2617,3,是,6,7,lpw_b5141d3d19,是,function,false,true,true,true
lp:2617:word:4,2617,4,看不见,7,10,lpw_f92f065aad,看不见,perception,false,false,false,false
lp:2617:word:5,2617,5,的,10,11,lpw_8af2350cfd,的,function,false,true,true,true
lp:2618:word:0,2618,0,可不是,1,4,lpw_b30391caa1,可不是,other,false,false,false,false
lp:2619:word:0,2619,0,这,1,2,lpw_d409ab2ab3,这,pronoun,false,true,true,true
lp:2619:word:1,2619,1,就好,2,4,,就好,,,false,false,false
lp:2619:word:2,2619,2,比,4,5,lpw_ab158a8483,比,other,false,false,false,false
lp:2619:word:3,2619,3,花儿,5,7,lpw_059ab0f707,花,narrative_character|concrete_entity,false,true,true,true
lp:2619:word:4,2619,4,一样,7,9,lpw_9dc5c0158d,一样,other,false,false,false,true
lp:2620:word:0,2620,0,要是,0,2,lpw_467b2562ed,要是,function,false,false,false,true
lp:2620:word:1,2620,1,你,2,3,lpw_a0c7716669,你,pronoun,false,true,true,true
lp:2620:word:2,2620,2,喜欢,3,5,lpw_653b04330b,喜欢,emotion_social,false,false,false,false
lp:2620:word:3,2620,3,一朵,5,7,lpw_aebd6fbbd2,一朵,other,false,false,false,true
lp:2620:word:4,2620,4,花儿,7,9,lpw_059ab0f707,花,narrative_character|concrete_entity,false,true,true,true
lp:2621:word:0,2621,0,而,0,1,lpw_08e2725ce1,而,function,false,false,false,true
lp:2621:word:1,2621,1,她在,1,3,,她在,,,false,false,false
lp:2621:word:2,2621,2,一颗,3,5,lpw_9a18d5dc38,一颗,time_quantity,false,false,false,false
lp:2621:word:3,2621,3,星星,5,7,lpw_6a9fec7faf,星星,concrete_entity,false,true,true,true
lp:2621:word:4,2621,4,上,7,8,lpw_db5ba671d2,上,function,false,true,true,true
lp:2622:word:0,2622,0,那,0,1,lpw_5a2362a202,那,pronoun,false,true,true,true
lp:2622:word:1,2622,1,你,1,2,lpw_a0c7716669,你,pronoun,false,true,true,true
lp:2622:word:2,2622,2,夜里,2,4,lpw_41f8d30e7f,夜里,other,false,false,false,false
lp:2622:word:3,2622,3,看,4,5,lpw_61f43315f9,看,perception,false,false,false,true
lp:2622:word:4,2622,4,着,5,6,lpw_9e5bf0d2d9,着,function,false,true,true,true
lp:2622:word:5,2622,5,天空,6,8,,天空,,,false,false,false
lp:2623:word:0,2623,0,就,0,1,lpw_2f9d9872e5,就,function,false,true,true,true
lp:2623:word:1,2623,1,会,1,2,lpw_5ba1e3c0eb,会,negation_modality,false,true,true,true
lp:2623:word:2,2623,2,觉得,2,4,lpw_78c82d9f41,觉得,cognition,false,false,false,true
lp:2623:word:3,2623,3,很美,4,6,,很美,,,false,false,false
lp:2624:word:0,2624,0,所有,0,2,lpw_ae99f297e9,所有,other,false,false,false,false
lp:2624:word:1,2624,1,的,2,3,lpw_8af2350cfd,的,function,false,true,true,true
lp:2624:word:2,2624,2,星星,3,5,lpw_6a9fec7faf,星星,concrete_entity,false,true,true,true
lp:2624:word:3,2624,3,都像,5,7,,都像,,,false,false,false
lp:2624:word:4,2624,4,开,7,8,lpw_39eae64cfc,开,other,true,false,false,false
lp:2624:word:5,2624,5,满了,8,10,,满了,,,false,false,false
lp:2624:word:6,2624,6,花儿,10,12,lpw_059ab0f707,花,narrative_character|concrete_entity,false,true,true,true
lp:2625:word:0,2625,0,可不是,1,4,lpw_b30391caa1,可不是,other,false,false,false,false
lp:2626:word:0,2626,0,这,1,2,lpw_d409ab2ab3,这,pronoun,false,true,true,true
lp:2626:word:1,2626,1,就好,2,4,,就好,,,false,false,false
lp:2626:word:2,2626,2,比,4,5,lpw_ab158a8483,比,other,false,false,false,false
lp:2626:word:3,2626,3,水,5,6,lpw_327b54d04f,水,concrete_entity,false,false,false,false
lp:2626:word:4,2626,4,一样,6,8,lpw_9dc5c0158d,一样,other,false,false,false,true
lp:2627:word:0,2627,0,昨天,0,2,,昨天,,,false,false,false
lp:2627:word:1,2627,1,你,2,3,lpw_a0c7716669,你,pronoun,false,true,true,true
lp:2627:word:2,2627,2,给,3,4,lpw_6e55fb9d8a,给,other,false,true,true,true
lp:2627:word:3,2627,3,我,4,5,lpw_b70bb4acc0,我,pronoun,false,true,true,true
lp:2627:word:4,2627,4,喝,5,6,,喝,,,false,false,false
lp:2627:word:5,2627,5,的,6,7,lpw_8af2350cfd,的,function,false,true,true,true
lp:2627:word:6,2627,6,水,7,8,lpw_327b54d04f,水,concrete_entity,false,false,false,false
lp:2628:word:0,2628,0,有了,0,2,,有了,,,false,false,false
lp:2628:word:1,2628,1,那,2,3,lpw_5a2362a202,那,pronoun,false,true,true,true
lp:2628:word:2,2628,2,辘,3,4,,辘,,,false,false,false
lp:2628:word:3,2628,3,轳,4,5,,轳,,,false,false,false
lp:2628:word:4,2628,4,和,5,6,lpw_3d7114281f,和,function,false,false,true,true
lp:2628:word:5,2628,5,吊,6,7,,吊,,,false,false,false
lp:2628:word:6,2628,6,绳,7,8,,绳,,,false,false,false
lp:2629:word:0,2629,0,就像,0,2,lpw_3a1a30dbb2,就像,other,false,false,false,false
lp:2629:word:1,2629,1,一首,2,4,,一首,,,false,false,false
lp:2629:word:2,2629,2,乐曲,4,6,,乐曲,,,false,false,false
lp:2630:word:0,2630,0,你,0,1,lpw_a0c7716669,你,pronoun,false,true,true,true
lp:2630:word:1,2630,1,还,1,2,lpw_1bc709b8bf,还,other,false,false,false,true
lp:2630:word:2,2630,2,记得,2,4,,记得,,,false,false,false
lp:2630:word:3,2630,3,吧,4,5,lpw_bad8b6c7ae,吧,function,false,false,false,true
lp:2631:word:0,2631,0,那,0,1,lpw_5a2362a202,那,pronoun,false,true,true,true
lp:2631:word:1,2631,1,水,1,2,lpw_327b54d04f,水,concrete_entity,false,false,false,false
lp:2631:word:2,2631,2,真好,2,4,,真好,,,false,false,false
lp:2631:word:3,2631,3,喝,4,5,,喝,,,false,false,false
lp:2632:word:0,2632,0,可不是,1,4,lpw_b30391caa1,可不是,other,false,false,false,false
lp:2633:word:0,2633,0,夜里,1,3,lpw_41f8d30e7f,夜里,other,false,false,false,false
lp:2634:word:0,2634,0,你要,0,2,lpw_642b100e13,你要,other,false,false,false,false
lp:2634:word:1,2634,1,抬头,2,4,,抬头,,,false,false,false
lp:2634:word:2,2634,2,望,4,5,lpw_260bd80462,望,other,false,false,false,false
lp:2634:word:3,2634,3,着,5,6,lpw_9e5bf0d2d9,着,function,false,true,true,true
lp:2634:word:4,2634,4,满,6,7,lpw_abc511ca95,满,other,false,false,false,false
lp:2634:word:5,2634,5,天,7,8,lpw_49da61ceee,天,other,false,false,false,true
lp:2634:word:6,2634,6,的,8,9,lpw_8af2350cfd,的,function,false,true,true,true
lp:2634:word:7,2634,7,星星,9,11,lpw_6a9fec7faf,星星,concrete_entity,false,true,true,true
lp:2635:word:0,2635,0,我,0,1,lpw_b70bb4acc0,我,pronoun,false,true,true,true
lp:2635:word:1,2635,1,那颗,1,3,,那颗,,,false,false,false
lp:2635:word:2,2635,2,实在,3,5,,实在,,,false,false,false
lp:2635:word:3,2635,3,太,5,6,lpw_e7ace7adf2,太,other,false,false,false,true
lp:2635:word:4,2635,4,小,6,7,lpw_6a7339bb75,小,other,false,false,true,true
lp:2635:word:5,2635,5,了,7,8,lpw_b2dd27e84f,了,function,false,true,true,true
lp:2636:word:0,2636,0,我,0,1,lpw_b70bb4acc0,我,pronoun,false,true,true,true
lp:2636:word:1,2636,1,都没,1,3,,都没,,,false,false,false
lp:2636:word:2,2636,2,法,3,4,,法,,,false,false,false
lp:2636:word:3,2636,3,指,4,5,,指,,,false,false,false
lp:2636:word:4,2636,4,给,5,6,lpw_6e55fb9d8a,给,other,false,true,true,true
lp:2636:word:5,2636,5,你,6,7,lpw_a0c7716669,你,pronoun,false,true,true,true
lp:2636:word:6,2636,6,看,7,8,lpw_61f43315f9,看,perception,false,false,false,true
lp:2636:word:7,2636,7,它,8,9,lpw_7e9260e925,它,pronoun,false,true,true,true
lp:2636:word:8,2636,8,在,9,10,lpw_12404a0b63,在,function,false,true,true,true
lp:2636:word:9,2636,9,哪儿,10,12,lpw_1ca2298198,哪儿,interrogative,false,false,false,false
lp:2637:word:0,2637,0,这样,0,2,lpw_b7fc681861,这样,other,false,false,true,true
lp:2637:word:1,2637,1,倒也,2,4,,倒也,,,false,false,false
lp:2637:word:2,2637,2,好,4,5,lpw_f867f34178,好,other,false,false,true,true
lp:2638:word:0,2638,0,我,0,1,lpw_b70bb4acc0,我,pronoun,false,true,true,true
lp:2638:word:1,2638,1,的,1,2,lpw_8af2350cfd,的,function,false,true,true,true
lp:2638:word:2,2638,2,星星,2,4,lpw_6a9fec7faf,星星,concrete_entity,false,true,true,true
lp:2639:word:0,2639,0,对,0,1,lpw_74570c7270,对,function,false,true,true,true
lp:2639:word:1,2639,1,你,1,2,lpw_a0c7716669,你,pronoun,false,true,true,true
lp:2639:word:2,2639,2,来说,2,4,lpw_a0cc5593ee,来说,other,false,false,false,true
lp:2639:word:3,2639,3,就是,4,6,lpw_88aa006eb3,就是,other,false,false,true,true
lp:2639:word:4,2639,4,满,6,7,lpw_abc511ca95,满,other,false,false,false,false
lp:2639:word:5,2639,5,天,7,8,lpw_49da61ceee,天,other,false,false,false,true
lp:2639:word:6,2639,6,星星,8,10,lpw_6a9fec7faf,星星,concrete_entity,false,true,true,true
lp:2639:word:7,2639,7,中的,10,12,,中的,,,false,false,false
lp:2639:word:8,2639,8,一颗,12,14,lpw_9a18d5dc38,一颗,time_quantity,false,false,false,false
lp:2640:word:0,2640,0,所以,0,2,lpw_a2f7e42081,所以,function,false,false,false,false
lp:2641:word:0,2641,0,你会,0,2,lpw_8e80d04a82,你会,other,true,false,false,false
lp:2641:word:1,2641,1,爱,2,3,lpw_bafe3b2ee7,爱,emotion_social,false,false,false,false
lp:2641:word:2,2641,2,这,3,4,lpw_d409ab2ab3,这,pronoun,false,true,true,true
lp:2641:word:3,2641,3,满,4,5,lpw_abc511ca95,满,other,false,false,false,false
lp:2641:word:4,2641,4,天,5,6,lpw_49da61ceee,天,other,false,false,false,true
lp:2641:word:5,2641,5,的,6,7,lpw_8af2350cfd,的,function,false,true,true,true
lp:2641:word:6,2641,6,星星,7,9,lpw_6a9fec7faf,星星,concrete_entity,false,true,true,true
lp:2642:word:0,2642,0,所有,0,2,lpw_ae99f297e9,所有,other,false,false,false,false
lp:2642:word:1,2642,1,的,2,3,lpw_8af2350cfd,的,function,false,true,true,true
lp:2642:word:2,2642,2,星星,3,5,lpw_6a9fec7faf,星星,concrete_entity,false,true,true,true
lp:2642:word:3,2642,3,都会,5,7,,都会,,,false,false,false
lp:2642:word:4,2642,4,是,7,8,lpw_b5141d3d19,是,function,false,true,true,true
lp:2642:word:5,2642,5,你,8,9,lpw_a0c7716669,你,pronoun,false,true,true,true
lp:2642:word:6,2642,6,的,9,10,lpw_8af2350cfd,的,function,false,true,true,true
lp:2642:word:7,2642,7,朋友,10,12,lpw_677aad1a0e,朋友,emotion_social,false,false,false,true
lp:2643:word:0,2643,0,我还,0,2,,我还,,,false,false,false
lp:2643:word:1,2643,1,要,2,3,lpw_975f35218e,要,negation_modality,false,false,true,true
lp:2643:word:2,2643,2,给,3,4,lpw_6e55fb9d8a,给,other,false,true,true,true
lp:2643:word:3,2643,3,你,4,5,lpw_a0c7716669,你,pronoun,false,true,true,true
lp:2643:word:4,2643,4,一件,5,7,,一件,,,false,false,false
lp:2643:word:5,2643,5,礼物,7,9,,礼物,,,false,false,false
lp:2644:word:0,2644,0,他,0,1,lpw_8b7b91e000,他,pronoun,false,true,true,true
lp:2644:word:1,2644,1,又,1,2,lpw_e71ce5deab,又,function,false,true,true,true
lp:2644:word:2,2644,2,笑了起来,2,6,,笑了起来,,,false,false,false
lp:2645:word:0,2645,0,呵,1,2,,呵,,,false,false,false
lp:2645:word:1,2645,1,小,3,4,lpw_6a7339bb75,小,other,false,false,true,true
lp:2645:word:2,2645,2,家伙,4,6,,家伙,,,false,false,false
lp:2646:word:0,2646,0,小,0,1,lpw_6a7339bb75,小,other,false,false,true,true
lp:2646:word:1,2646,1,家伙,1,3,,家伙,,,false,false,false
lp:2647:word:0,2647,0,我,0,1,lpw_b70bb4acc0,我,pronoun,false,true,true,true
lp:2647:word:1,2647,1,喜欢,1,3,lpw_653b04330b,喜欢,emotion_social,false,false,false,false
lp:2647:word:2,2647,2,听到,3,5,,听到,,,false,false,false
lp:2647:word:3,2647,3,这,5,6,lpw_d409ab2ab3,这,pronoun,false,true,true,true
lp:2647:word:4,2647,4,笑声,6,8,,笑声,,,false,false,false
lp:2648:word:0,2648,0,这,1,2,lpw_d409ab2ab3,这,pronoun,false,true,true,true
lp:2648:word:1,2648,1,正是,2,4,,正是,,,false,false,false
lp:2648:word:2,2648,2,我,4,5,lpw_b70bb4acc0,我,pronoun,false,true,true,true
lp:2648:word:3,2648,3,的,5,6,lpw_8af2350cfd,的,function,false,true,true,true
lp:2648:word:4,2648,4,礼物,6,8,,礼物,,,false,false,false
lp:2649:word:0,2649,0,就像,0,2,lpw_3a1a30dbb2,就像,other,false,false,false,false
lp:2649:word:1,2649,1,那,2,3,lpw_5a2362a202,那,pronoun,false,true,true,true
lp:2649:word:2,2649,2,水,3,4,lpw_327b54d04f,水,concrete_entity,false,false,false,false
lp:2650:word:0,2650,0,你想,1,3,,你想,,,false,false,false
lp:2650:word:1,2650,1,说,3,4,lpw_ccca744613,说,speech,false,true,true,true
lp:2650:word:2,2650,2,什么,4,6,lpw_c1b52e0e64,什么,pronoun|interrogative,false,true,true,true
lp:2651:word:0,2651,0,人们,1,3,lpw_1ec687a275,人们,other,true,false,false,false
lp:2651:word:1,2651,1,眼,3,4,,眼,,,false,false,false
lp:2651:word:2,2651,2,里,4,5,lpw_79f43de6e3,里,function,false,false,true,true
lp:2651:word:3,2651,3,的,5,6,lpw_8af2350cfd,的,function,false,true,true,true
lp:2651:word:4,2651,4,星星,6,8,lpw_6a9fec7faf,星星,concrete_entity,false,true,true,true
lp:2652:word:0,2652,0,并不,0,2,lpw_5b693ea232,并不,other,false,false,false,false
lp:2652:word:1,2652,1,是,2,3,lpw_b5141d3d19,是,function,false,true,true,true
lp:2652:word:2,2652,2,一样,3,5,lpw_9dc5c0158d,一样,other,false,false,false,true
lp:2652:word:3,2652,3,的,5,6,lpw_8af2350cfd,的,function,false,true,true,true
lp:2653:word:0,2653,0,对,0,1,lpw_74570c7270,对,function,false,true,true,true
lp:2653:word:1,2653,1,旅行,1,3,,旅行,,,false,false,false
lp:2653:word:2,2653,2,的,3,4,lpw_8af2350cfd,的,function,false,true,true,true
lp:2653:word:3,2653,3,人,4,5,lpw_50f5d65d57,人,other,false,true,true,true
lp:2653:word:4,2653,4,来说,5,7,lpw_a0cc5593ee,来说,other,false,false,false,true
lp:2654:word:0,2654,0,星星,0,2,lpw_6a9fec7faf,星星,concrete_entity,false,true,true,true
lp:2654:word:1,2654,1,是,2,3,lpw_b5141d3d19,是,function,false,true,true,true
lp:2654:word:2,2654,2,向导,3,5,,向导,,,false,false,false
lp:2655:word:0,2655,0,对,0,1,lpw_74570c7270,对,function,false,true,true,true
lp:2655:word:1,2655,1,有些人,1,4,,有些人,,,false,false,false
lp:2655:word:2,2655,2,来说,4,6,lpw_a0cc5593ee,来说,other,false,false,false,true
lp:2656:word:0,2656,0,它们,0,2,lpw_c40b3d2880,它们,pronoun,false,false,true,true
lp:2656:word:1,2656,1,只不过是,2,6,,只不过是,,,false,false,false
lp:2656:word:2,2656,2,天空,6,8,,天空,,,false,false,false
lp:2656:word:3,2656,3,微弱,8,10,,微弱,,,false,false,false
lp:2656:word:4,2656,4,的,10,11,lpw_8af2350cfd,的,function,false,true,true,true
lp:2656:word:5,2656,5,亮光,11,13,,亮光,,,false,false,false
lp:2657:word:0,2657,0,对,0,1,lpw_74570c7270,对,function,false,true,true,true
lp:2657:word:1,2657,1,另,1,2,,另,,,false,false,false
lp:2657:word:2,2657,2,一些,2,4,,一些,,,false,false,false
lp:2657:word:3,2657,3,学者,4,6,,学者,,,false,false,false
lp:2657:word:4,2657,4,来说,6,8,lpw_a0cc5593ee,来说,other,false,false,false,true
lp:2658:word:0,2658,0,它们,0,2,lpw_c40b3d2880,它们,pronoun,false,false,true,true
lp:2658:word:1,2658,1,就是,2,4,lpw_88aa006eb3,就是,other,false,false,true,true
lp:2658:word:2,2658,2,要,4,5,lpw_975f35218e,要,negation_modality,false,false,true,true
lp:2658:word:3,2658,3,探讨,5,7,,探讨,,,false,false,false
lp:2658:word:4,2658,4,的,7,8,lpw_8af2350cfd,的,function,false,true,true,true
lp:2658:word:5,2658,5,问题,8,10,lpw_33a8618cb6,问题,other,false,false,false,false
lp:2659:word:0,2659,0,对,0,1,lpw_74570c7270,对,function,false,true,true,true
lp:2659:word:1,2659,1,我,1,2,lpw_b70bb4acc0,我,pronoun,false,true,true,true
lp:2659:word:2,2659,2,那个,2,4,lpw_fa6e73c549,那个,function,false,false,false,false
lp:2659:word:3,2659,3,商人,4,6,lpw_3f1784ce8b,商人,narrative_character,false,false,false,false
lp:2659:word:4,2659,4,来说,6,8,lpw_a0cc5593ee,来说,other,false,false,false,true
lp:2660:word:0,2660,0,它们,0,2,lpw_c40b3d2880,它们,pronoun,false,false,true,true
lp:2660:word:1,2660,1,就是,2,4,lpw_88aa006eb3,就是,other,false,false,true,true
lp:2660:word:2,2660,2,金子,4,6,,金子,,,false,false,false
lp:2661:word:0,2661,0,但是,0,2,lpw_8cb1f721c8,但是,other,false,false,false,false
lp:2661:word:1,2661,1,所有,2,4,lpw_ae99f297e9,所有,other,false,false,false,false
lp:2661:word:2,2661,2,这些,4,6,lpw_7a590a22cd,这些,function,false,false,false,true
lp:2661:word:3,2661,3,星星,6,8,lpw_6a9fec7faf,星星,concrete_entity,false,true,true,true
lp:2661:word:4,2661,4,都是,8,10,lpw_ef4e15ff45,都是,other,false,false,false,false
lp:2661:word:5,2661,5,静默,10,12,,静默,,,false,false,false
lp:2661:word:6,2661,6,的,12,13,lpw_8af2350cfd,的,function,false,true,true,true
lp:2662:word:0,2662,0,而,0,1,lpw_08e2725ce1,而,function,false,false,false,true
lp:2662:word:1,2662,1,你,1,2,lpw_a0c7716669,你,pronoun,false,true,true,true
lp:2663:word:0,2663,0,你,0,1,lpw_a0c7716669,你,pronoun,false,true,true,true
lp:2663:word:1,2663,1,的,1,2,lpw_8af2350cfd,的,function,false,true,true,true
lp:2663:word:2,2663,2,那些,2,4,lpw_abd258db99,那些,function,false,false,false,true
lp:2663:word:3,2663,3,星星,4,6,lpw_6a9fec7faf,星星,concrete_entity,false,true,true,true
lp:2663:word:4,2663,4,是,6,7,lpw_b5141d3d19,是,function,false,true,true,true
lp:2663:word:5,2663,5,谁,7,8,lpw_056b9c6262,谁,pronoun|interrogative,false,false,false,false
lp:2663:word:6,2663,6,也不,8,10,lpw_941252022a,也不,other,false,false,false,false
lp:2663:word:7,2663,7,曾,10,11,,曾,,,false,false,false
lp:2663:word:8,2663,8,见过,11,13,,见过,,,false,false,false
lp:2663:word:9,2663,9,的,13,14,lpw_8af2350cfd,的,function,false,true,true,true
lp:2664:word:0,2664,0,你想,1,3,,你想,,,false,false,false
lp:2664:word:1,2664,1,说,3,4,lpw_ccca744613,说,speech,false,true,true,true
lp:2664:word:2,2664,2,什么,4,6,lpw_c1b52e0e64,什么,pronoun|interrogative,false,true,true,true
lp:2664:word:3,2664,3,呢,6,7,lpw_02811cec0b,呢,function|interrogative,false,true,true,true
lp:2665:word:0,2665,0,当,1,2,lpw_142d843e71,当,other,false,false,false,false
lp:2665:word:1,2665,1,你在,2,4,,你在,,,false,false,false
lp:2665:word:2,2665,2,夜里,4,6,lpw_41f8d30e7f,夜里,other,false,false,false,false
lp:2665:word:3,2665,3,望,6,7,lpw_260bd80462,望,other,false,false,false,false
lp:2665:word:4,2665,4,着,7,8,lpw_9e5bf0d2d9,着,function,false,true,true,true
lp:2665:word:5,2665,5,天空,8,10,,天空,,,false,false,false
lp:2665:word:6,2665,6,时,10,11,lpw_7d58b6422c,时,other,false,false,false,false
lp:2666:word:0,2666,0,既然,0,2,,既然,,,false,false,false
lp:2666:word:1,2666,1,我,2,3,lpw_b70bb4acc0,我,pronoun,false,true,true,true
lp:2666:word:2,2666,2,就在,3,5,,就在,,,false,false,false
lp:2666:word:3,2666,3,其中,5,7,,其中,,,false,false,false
lp:2666:word:4,2666,4,的,7,8,lpw_8af2350cfd,的,function,false,true,true,true
lp:2666:word:5,2666,5,一颗,8,10,lpw_9a18d5dc38,一颗,time_quantity,false,false,false,false
lp:2666:word:6,2666,6,星星,10,12,lpw_6a9fec7faf,星星,concrete_entity,false,true,true,true
lp:2666:word:7,2666,7,上面,12,14,,上面,,,false,false,false
lp:2667:word:0,2667,0,既然,0,2,,既然,,,false,false,false
lp:2667:word:1,2667,1,我在,2,4,lpw_33f40475f8,我在,other,false,false,false,false
lp:2667:word:2,2667,2,其中,4,6,,其中,,,false,false,false
lp:2667:word:3,2667,3,一颗,6,8,lpw_9a18d5dc38,一颗,time_quantity,false,false,false,false
lp:2667:word:4,2667,4,星星,8,10,lpw_6a9fec7faf,星星,concrete_entity,false,true,true,true
lp:2667:word:5,2667,5,上,10,11,lpw_db5ba671d2,上,function,false,true,true,true
lp:2667:word:6,2667,6,笑,11,12,lpw_1d8fb5e34e,笑,other,false,false,false,false
lp:2667:word:7,2667,7,着,12,13,lpw_9e5bf0d2d9,着,function,false,true,true,true
lp:2668:word:0,2668,0,那么,0,2,lpw_a61f02e145,那么,function,false,false,false,true
lp:2668:word:1,2668,1,对,2,3,lpw_74570c7270,对,function,false,true,true,true
lp:2668:word:2,2668,2,你,3,4,lpw_a0c7716669,你,pronoun,false,true,true,true
lp:2668:word:3,2668,3,来说,4,6,lpw_a0cc5593ee,来说,other,false,false,false,true
lp:2669:word:0,2669,0,就,0,1,lpw_2f9d9872e5,就,function,false,true,true,true
lp:2669:word:1,2669,1,好像,1,3,,好像,,,false,false,false
lp:2669:word:2,2669,2,满,3,4,lpw_abc511ca95,满,other,false,false,false,false
lp:2669:word:3,2669,3,天,4,5,lpw_49da61ceee,天,other,false,false,false,true
lp:2669:word:4,2669,4,的,5,6,lpw_8af2350cfd,的,function,false,true,true,true
lp:2669:word:5,2669,5,星星,6,8,lpw_6a9fec7faf,星星,concrete_entity,false,true,true,true
lp:2669:word:6,2669,6,都在,8,10,,都在,,,false,false,false
lp:2669:word:7,2669,7,笑,10,11,lpw_1d8fb5e34e,笑,other,false,false,false,false
lp:2670:word:0,2670,0,只有,0,2,lpw_ba8bd7c8c9,只有,other,false,false,false,false
lp:2670:word:1,2670,1,你,2,3,lpw_a0c7716669,你,pronoun,false,true,true,true
lp:2670:word:2,2670,2,一个,3,5,lpw_e1dbc1c99f,一个,function|time_quantity,false,true,true,true
lp:2670:word:3,2670,3,人,5,6,lpw_50f5d65d57,人,other,false,true,true,true
lp:2671:word:0,2671,0,看见,0,2,lpw_7205426737,看见,perception,false,false,false,true
lp:2671:word:1,2671,1,的是,2,4,lpw_5e1dc2a833,的是,other,false,false,false,false
lp:2671:word:2,2671,2,会,4,5,lpw_5ba1e3c0eb,会,negation_modality,false,true,true,true
lp:2671:word:3,2671,3,笑,5,6,lpw_1d8fb5e34e,笑,other,false,false,false,false
lp:2671:word:4,2671,4,的,6,7,lpw_8af2350cfd,的,function,false,true,true,true
lp:2671:word:5,2671,5,星星,7,9,lpw_6a9fec7faf,星星,concrete_entity,false,true,true,true
lp:2672:word:0,2672,0,说,0,1,lpw_ccca744613,说,speech,false,true,true,true
lp:2672:word:1,2672,1,着,1,2,lpw_9e5bf0d2d9,着,function,false,true,true,true
lp:2672:word:2,2672,2,他,2,3,lpw_8b7b91e000,他,pronoun,false,true,true,true
lp:2672:word:3,2672,3,又,3,4,lpw_e71ce5deab,又,function,false,true,true,true
lp:2672:word:4,2672,4,笑了,4,6,,笑了,,,false,false,false
lp:2673:word:0,2673,0,当,1,2,lpw_142d843e71,当,other,false,false,false,false
lp:2673:word:1,2673,1,你,2,3,lpw_a0c7716669,你,pronoun,false,true,true,true
lp:2673:word:2,2673,2,感到,3,5,lpw_15c2457566,感到,perception,false,false,false,true
lp:2673:word:3,2673,3,心情,5,7,,心情,,,false,false,false
lp:2673:word:4,2673,4,平静,7,9,,平静,,,false,false,false
lp:2673:word:5,2673,5,以后,9,11,lpw_e6ad7a1dbc,以后,other,false,false,false,false
lp:2674:word:0,2674,0,每个人,0,3,,每个人,,,false,false,false
lp:2674:word:1,2674,1,总会,3,5,,总会,,,false,false,false
lp:2674:word:2,2674,2,让,5,6,lpw_ad37574404,让,other,false,true,true,true
lp:2674:word:3,2674,3,自己,6,8,lpw_fb43354d2a,自己,pronoun,false,false,true,true
lp:2674:word:4,2674,4,的,8,9,lpw_8af2350cfd,的,function,false,true,true,true
lp:2674:word:5,2674,5,心情,9,11,,心情,,,false,false,false
lp:2674:word:6,2674,6,平静,11,13,,平静,,,false,false,false
lp:2674:word:7,2674,7,下来,13,15,,下来,,,false,false,false
lp:2675:word:0,2675,0,你会,0,2,lpw_8e80d04a82,你会,other,true,false,false,false
lp:2675:word:1,2675,1,因为,2,4,lpw_795cfc96d4,因为,function,false,false,true,true
lp:2675:word:2,2675,2,认识,4,6,,认识,,,false,false,false
lp:2675:word:3,2675,3,了,6,7,lpw_b2dd27e84f,了,function,false,true,true,true
lp:2675:word:4,2675,4,我,7,8,lpw_b70bb4acc0,我,pronoun,false,true,true,true
lp:2675:word:5,2675,5,而,8,9,lpw_08e2725ce1,而,function,false,false,false,true
lp:2675:word:6,2675,6,感到,9,11,lpw_15c2457566,感到,perception,false,false,false,true
lp:2675:word:7,2675,7,高兴,11,13,,高兴,,,false,false,false
lp:2676:word:0,2676,0,你会,0,2,lpw_8e80d04a82,你会,other,true,false,false,false
lp:2676:word:1,2676,1,永远是,2,5,,永远是,,,false,false,false
lp:2676:word:2,2676,2,我,5,6,lpw_b70bb4acc0,我,pronoun,false,true,true,true
lp:2676:word:3,2676,3,的,6,7,lpw_8af2350cfd,的,function,false,true,true,true
lp:2676:word:4,2676,4,朋友,7,9,lpw_677aad1a0e,朋友,emotion_social,false,false,false,true
lp:2677:word:0,2677,0,你会,0,2,lpw_8e80d04a82,你会,other,true,false,false,false
lp:2677:word:1,2677,1,想要,2,4,,想要,,,false,false,false
lp:2677:word:2,2677,2,跟,4,5,lpw_383a53d95c,跟,function,false,false,false,true
lp:2677:word:3,2677,3,我,5,6,lpw_b70bb4acc0,我,pronoun,false,true,true,true
lp:2677:word:4,2677,4,一起,6,8,,一起,,,false,false,false
lp:2677:word:5,2677,5,笑,8,9,lpw_1d8fb5e34e,笑,other,false,false,false,false
lp:2678:word:0,2678,0,有,0,1,lpw_90ce0f66f0,有,other,false,true,true,true
lp:2678:word:1,2678,1,时候,1,3,lpw_5484678be4,时候,other,false,false,false,false
lp:2679:word:0,2679,0,你会,0,2,lpw_8e80d04a82,你会,other,true,false,false,false
lp:2679:word:1,2679,1,心念,2,4,,心念,,,false,false,false
lp:2679:word:2,2679,2,一,4,5,lpw_51a75f4634,一,other,false,false,true,true
lp:2679:word:3,2679,3,动,5,6,,动,,,false,false,false
lp:2680:word:0,2680,0,就,0,1,lpw_2f9d9872e5,就,function,false,true,true,true
lp:2680:word:1,2680,1,打开,1,3,,打开,,,false,false,false
lp:2680:word:2,2680,2,窗子,3,5,,窗子,,,false,false,false
lp:2681:word:0,2681,0,你,0,1,lpw_a0c7716669,你,pronoun,false,true,true,true
lp:2681:word:1,2681,1,的,1,2,lpw_8af2350cfd,的,function,false,true,true,true
lp:2681:word:2,2681,2,朋友,2,4,lpw_677aad1a0e,朋友,emotion_social,false,false,false,true
lp:2681:word:3,2681,3,会,4,5,lpw_5ba1e3c0eb,会,negation_modality,false,true,true,true
lp:2681:word:4,2681,4,惊奇,5,7,,惊奇,,,false,false,false
lp:2681:word:5,2681,5,地,7,8,lpw_bdbd41e490,地,function,false,true,true,true
lp:2681:word:6,2681,6,看到,8,10,lpw_e9c1d16595,看到,other,false,false,false,false
lp:2682:word:0,2682,0,你,0,1,lpw_a0c7716669,你,pronoun,false,true,true,true
lp:2682:word:1,2682,1,望,1,2,lpw_260bd80462,望,other,false,false,false,false
lp:2682:word:2,2682,2,着,2,3,lpw_9e5bf0d2d9,着,function,false,true,true,true
lp:2682:word:3,2682,3,天空,3,5,,天空,,,false,false,false
lp:2682:word:4,2682,4,在,5,6,lpw_12404a0b63,在,function,false,true,true,true
lp:2682:word:5,2682,5,笑,6,7,lpw_1d8fb5e34e,笑,other,false,false,false,false
lp:2683:word:0,2683,0,于是,0,2,lpw_3617c85a66,于是,other,false,false,false,false
lp:2683:word:1,2683,1,你会,2,4,lpw_8e80d04a82,你会,other,true,false,false,false
lp:2683:word:2,2683,2,对,4,5,lpw_74570c7270,对,function,false,true,true,true
lp:2683:word:3,2683,3,他们,5,7,lpw_10518f8f0a,他们,pronoun,false,true,true,true
lp:2683:word:4,2683,4,说,7,8,lpw_ccca744613,说,speech,false,true,true,true
lp:2684:word:0,2684,0,是,1,2,lpw_b5141d3d19,是,function,false,true,true,true
lp:2684:word:1,2684,1,的,2,3,lpw_8af2350cfd,的,function,false,true,true,true
lp:2685:word:0,2685,0,我,0,1,lpw_b70bb4acc0,我,pronoun,false,true,true,true
lp:2685:word:1,2685,1,看见,1,3,lpw_7205426737,看见,perception,false,false,false,true
lp:2685:word:2,2685,2,这些,3,5,lpw_7a590a22cd,这些,function,false,false,false,true
lp:2685:word:3,2685,3,星星,5,7,lpw_6a9fec7faf,星星,concrete_entity,false,true,true,true
lp:2685:word:4,2685,4,就,7,8,lpw_2f9d9872e5,就,function,false,true,true,true
lp:2685:word:5,2685,5,会,8,9,lpw_5ba1e3c0eb,会,negation_modality,false,true,true,true
lp:2685:word:6,2685,6,笑,9,10,lpw_1d8fb5e34e,笑,other,false,false,false,false
lp:2686:word:0,2686,0,他们,1,3,lpw_10518f8f0a,他们,pronoun,false,true,true,true
lp:2686:word:1,2686,1,会,3,4,lpw_5ba1e3c0eb,会,negation_modality,false,true,true,true
lp:2686:word:2,2686,2,以为,4,6,,以为,,,false,false,false
lp:2686:word:3,2686,3,你,6,7,lpw_a0c7716669,你,pronoun,false,true,true,true
lp:2686:word:4,2686,4,疯了,7,9,,疯了,,,false,false,false
lp:2687:word:0,2687,0,我,0,1,lpw_b70bb4acc0,我,pronoun,false,true,true,true
lp:2687:word:1,2687,1,给,1,2,lpw_6e55fb9d8a,给,other,false,true,true,true
lp:2687:word:2,2687,2,你,2,3,lpw_a0c7716669,你,pronoun,false,true,true,true
lp:2687:word:3,2687,3,闹,3,4,,闹,,,false,false,false
lp:2687:word:4,2687,4,了,4,5,lpw_b2dd27e84f,了,function,false,true,true,true
lp:2687:word:5,2687,5,个,5,6,lpw_3a116815bc,个,other,false,false,true,true
lp:2687:word:6,2687,6,恶作剧,6,9,,恶作剧,,,false,false,false
lp:2688:word:0,2688,0,说,0,1,lpw_ccca744613,说,speech,false,true,true,true
lp:2688:word:1,2688,1,着,1,2,lpw_9e5bf0d2d9,着,function,false,true,true,true
lp:2688:word:2,2688,2,他,2,3,lpw_8b7b91e000,他,pronoun,false,true,true,true
lp:2688:word:3,2688,3,又,3,4,lpw_e71ce5deab,又,function,false,true,true,true
lp:2688:word:4,2688,4,笑了,4,6,,笑了,,,false,false,false
lp:2689:word:0,2689,0,这样,1,3,lpw_b7fc681861,这样,other,false,false,true,true
lp:2689:word:1,2689,1,一,3,4,lpw_51a75f4634,一,other,false,false,true,true
lp:2689:word:2,2689,2,来,4,5,lpw_6d8229118c,来,physical_action,false,true,true,true
lp:2690:word:0,2690,0,我,0,1,lpw_b70bb4acc0,我,pronoun,false,true,true,true
lp:2690:word:1,2690,1,给,1,2,lpw_6e55fb9d8a,给,other,false,true,true,true
lp:2690:word:2,2690,2,你,2,3,lpw_a0c7716669,你,pronoun,false,true,true,true
lp:2690:word:3,2690,3,的,3,4,lpw_8af2350cfd,的,function,false,true,true,true
lp:2690:word:4,2690,4,仿佛,4,6,,仿佛,,,false,false,false
lp:2690:word:5,2690,5,不是,6,8,lpw_584cd0fcf3,不是,other,false,false,false,false
lp:2690:word:6,2690,6,星星,8,10,lpw_6a9fec7faf,星星,concrete_entity,false,true,true,true
lp:2691:word:0,2691,0,而是,0,2,,而是,,,false,false,false
lp:2691:word:1,2691,1,些,2,3,lpw_af76fed85c,些,other,false,false,false,false
lp:2691:word:2,2691,2,会,3,4,lpw_5ba1e3c0eb,会,negation_modality,false,true,true,true
lp:2691:word:3,2691,3,笑,4,5,lpw_1d8fb5e34e,笑,other,false,false,false,false
lp:2691:word:4,2691,4,的,5,6,lpw_8af2350cfd,的,function,false,true,true,true
lp:2691:word:5,2691,5,小,6,7,lpw_6a7339bb75,小,other,false,false,true,true
lp:2691:word:6,2691,6,铃铛,7,9,,铃铛,,,false,false,false
lp:2692:word:0,2692,0,说,0,1,lpw_ccca744613,说,speech,false,true,true,true
lp:2692:word:1,2692,1,着,1,2,lpw_9e5bf0d2d9,着,function,false,true,true,true
lp:2692:word:2,2692,2,他,2,3,lpw_8b7b91e000,他,pronoun,false,true,true,true
lp:2692:word:3,2692,3,又,3,4,lpw_e71ce5deab,又,function,false,true,true,true
lp:2692:word:4,2692,4,笑了,4,6,,笑了,,,false,false,false
lp:2693:word:0,2693,0,随后,0,2,,随后,,,false,false,false
lp:2693:word:1,2693,1,他,2,3,lpw_8b7b91e000,他,pronoun,false,true,true,true
lp:2693:word:2,2693,2,变得,3,5,lpw_23e89ba0a1,变得,other,false,false,false,false
lp:2693:word:3,2693,3,很,5,6,lpw_f2b91797ea,很,other,false,true,true,true
lp:2693:word:4,2693,4,严肃,6,8,,严肃,,,false,false,false
lp:2694:word:0,2694,0,今天,1,3,,今天,,,false,false,false
lp:2694:word:1,2694,1,夜里,3,5,lpw_41f8d30e7f,夜里,other,false,false,false,false
lp:2695:word:0,2695,0,你,0,1,lpw_a0c7716669,你,pronoun,false,true,true,true
lp:2695:word:1,2695,1,知道,1,3,lpw_d7b6472b11,知道,cognition,false,false,true,true
lp:2695:word:2,2695,2,你,9,10,lpw_a0c7716669,你,pronoun,false,true,true,true
lp:2695:word:3,2695,3,不要,10,12,,不要,,,false,false,false
lp:2695:word:4,2695,4,来,12,13,lpw_6d8229118c,来,physical_action,false,true,true,true
lp:2696:word:0,2696,0,我,1,2,lpw_b70bb4acc0,我,pronoun,false,true,true,true
lp:2696:word:1,2696,1,决不,2,4,,决不,,,false,false,false
lp:2696:word:2,2696,2,离开,4,6,,离开,,,false,false,false
lp:2696:word:3,2696,3,你,6,7,lpw_a0c7716669,你,pronoun,false,true,true,true
lp:2697:word:0,2697,0,我,1,2,lpw_b70bb4acc0,我,pronoun,false,true,true,true
lp:2697:word:1,2697,1,看上去,2,5,,看上去,,,false,false,false
lp:2697:word:2,2697,2,会,5,6,lpw_5ba1e3c0eb,会,negation_modality,false,true,true,true
lp:2697:word:3,2697,3,很,6,7,lpw_f2b91797ea,很,other,false,true,true,true
lp:2697:word:4,2697,4,痛苦,7,9,,痛苦,,,false,false,false
lp:2698:word:0,2698,0,会,0,1,lpw_5ba1e3c0eb,会,negation_modality,false,true,true,true
lp:2698:word:1,2698,1,有点,1,3,lpw_29506aa712,有点,other,false,false,false,true
lp:2698:word:2,2698,2,像,3,4,lpw_cf8cedd58b,像,other,false,false,false,true
lp:2698:word:3,2698,3,死去,4,6,,死去,,,false,false,false
lp:2698:word:4,2698,4,的,6,7,lpw_8af2350cfd,的,function,false,true,true,true
lp:2698:word:5,2698,5,样子,7,9,,样子,,,false,false,false
lp:2699:word:0,2699,0,就是,0,2,lpw_88aa006eb3,就是,other,false,false,true,true
lp:2699:word:1,2699,1,这么,2,4,lpw_7677ca84c6,这么,other,false,false,false,true
lp:2699:word:2,2699,2,回,4,5,,回,,,false,false,false
lp:2699:word:3,2699,3,事,5,6,lpw_1d9ed56951,事,other,false,false,true,true
lp:2700:word:0,2700,0,你,0,1,lpw_a0c7716669,你,pronoun,false,true,true,true
lp:2700:word:1,2700,1,还是,1,3,lpw_dfaa7d6f73,还是,other,false,false,false,false
lp:2700:word:2,2700,2,别,3,4,,别,,,false,false,false
lp:2700:word:3,2700,3,看见,4,6,lpw_7205426737,看见,perception,false,false,false,true
lp:2700:word:4,2700,4,的,6,7,lpw_8af2350cfd,的,function,false,true,true,true
lp:2700:word:5,2700,5,好,7,8,lpw_f867f34178,好,other,false,false,true,true
lp:2701:word:0,2701,0,没,0,1,lpw_279e8b3573,没,negation_modality,false,false,true,true
lp:2701:word:1,2701,1,这,1,2,lpw_d409ab2ab3,这,pronoun,false,true,true,true
lp:2701:word:2,2701,2,必要,2,4,,必要,,,false,false,false
lp:2702:word:0,2702,0,我,1,2,lpw_b70bb4acc0,我,pronoun,false,true,true,true
lp:2702:word:1,2702,1,决不,2,4,,决不,,,false,false,false
lp:2702:word:2,2702,2,离开,4,6,,离开,,,false,false,false
lp:2702:word:3,2702,3,你,6,7,lpw_a0c7716669,你,pronoun,false,true,true,true
lp:2703:word:0,2703,0,可是,0,2,lpw_38ca4a9c76,可是,function,false,false,true,true
lp:2703:word:1,2703,1,他,2,3,lpw_8b7b91e000,他,pronoun,false,true,true,true
lp:2703:word:2,2703,2,担心,3,5,,担心,,,false,false,false
lp:2703:word:3,2703,3,起来,5,7,lpw_b8a694b2df,起来,other,false,false,false,true
lp:2704:word:0,2704,0,我,1,2,lpw_b70bb4acc0,我,pronoun,false,true,true,true
lp:2704:word:1,2704,1,这么,2,4,lpw_7677ca84c6,这么,other,false,false,false,true
lp:2704:word:2,2704,2,说,4,5,lpw_ccca744613,说,speech,false,true,true,true
lp:2705:word:0,2705,0,也是,0,2,lpw_256c0476ed,也是,other,false,false,false,false
lp:2705:word:1,2705,1,因为,2,4,lpw_795cfc96d4,因为,function,false,false,true,true
lp:2705:word:2,2705,2,蛇,4,5,lpw_e49587b1da,蛇,narrative_character|concrete_entity,true,false,false,false
lp:2705:word:3,2705,3,的,5,6,lpw_8af2350cfd,的,function,false,true,true,true
lp:2705:word:4,2705,4,缘故,6,8,,缘故,,,false,false,false
lp:2706:word:0,2706,0,你,0,1,lpw_a0c7716669,你,pronoun,false,true,true,true
lp:2706:word:1,2706,1,可别,1,3,,可别,,,false,false,false
lp:2706:word:2,2706,2,让,3,4,lpw_ad37574404,让,other,false,true,true,true
lp:2706:word:3,2706,3,它,4,5,lpw_7e9260e925,它,pronoun,false,true,true,true
lp:2706:word:4,2706,4,咬,5,6,,咬,,,false,false,false
lp:2706:word:5,2706,5,着,6,7,lpw_9e5bf0d2d9,着,function,false,true,true,true
lp:2706:word:6,2706,6,了,7,8,lpw_b2dd27e84f,了,function,false,true,true,true
lp:2707:word:0,2707,0,蛇,0,1,lpw_e49587b1da,蛇,narrative_character|concrete_entity,true,false,false,false
lp:2707:word:1,2707,1,都是,2,4,lpw_ef4e15ff45,都是,other,false,false,false,false
lp:2707:word:2,2707,2,很,4,5,lpw_f2b91797ea,很,other,false,true,true,true
lp:2707:word:3,2707,3,坏,5,6,,坏,,,false,false,false
lp:2707:word:4,2707,4,的,6,7,lpw_8af2350cfd,的,function,false,true,true,true
lp:2708:word:0,2708,0,它们,0,2,lpw_c40b3d2880,它们,pronoun,false,false,true,true
lp:2708:word:1,2708,1,无缘,2,4,,无缘,,,false,false,false
lp:2708:word:2,2708,2,无故,4,6,,无故,,,false,false,false
lp:2708:word:3,2708,3,也,6,7,lpw_658605835b,也,function,false,false,true,true
lp:2708:word:4,2708,4,会,7,8,lpw_5ba1e3c0eb,会,negation_modality,false,true,true,true
lp:2708:word:5,2708,5,咬人,8,10,,咬人,,,false,false,false
lp:2709:word:0,2709,0,我,1,2,lpw_b70bb4acc0,我,pronoun,false,true,true,true
lp:2709:word:1,2709,1,决不,2,4,,决不,,,false,false,false
lp:2709:word:2,2709,2,离开,4,6,,离开,,,false,false,false
lp:2709:word:3,2709,3,你,6,7,lpw_a0c7716669,你,pronoun,false,true,true,true
lp:2710:word:0,2710,0,不过,0,2,lpw_72113362c6,不过,function,false,false,false,true
lp:2711:word:0,2711,0,他想,0,2,,他想,,,false,false,false
lp:2711:word:1,2711,1,到了,2,4,,到了,,,false,false,false
lp:2711:word:2,2711,2,什么,4,6,lpw_c1b52e0e64,什么,pronoun|interrogative,false,true,true,true
lp:2712:word:0,2712,0,又,0,1,lpw_e71ce5deab,又,function,false,true,true,true
lp:2712:word:1,2712,1,觉得,1,3,lpw_78c82d9f41,觉得,cognition,false,false,false,true
lp:2712:word:2,2712,2,放心,3,5,,放心,,,false,false,false
lp:2712:word:3,2712,3,了,5,6,lpw_b2dd27e84f,了,function,false,true,true,true
lp:2713:word:0,2713,0,可,1,2,lpw_8b9cefa38e,可,other,false,false,true,true
lp:2713:word:1,2713,1,也是,2,4,lpw_256c0476ed,也是,other,false,false,false,false
lp:2714:word:0,2714,0,它们,0,2,lpw_c40b3d2880,它们,pronoun,false,false,true,true
lp:2714:word:1,2714,1,咬,2,3,,咬,,,false,false,false
lp:2714:word:2,2714,2,第二,3,5,,第二,,,false,false,false
lp:2714:word:3,2714,3,口,5,6,,口,,,false,false,false
lp:2714:word:4,2714,4,时,6,7,lpw_7d58b6422c,时,other,false,false,false,false
lp:2715:word:0,2715,0,已经,0,2,lpw_8ee12e2310,已经,other,false,false,false,false
lp:2715:word:1,2715,1,没有,2,4,lpw_f127804b92,没有,negation_modality,false,false,true,true
lp:2715:word:2,2715,2,毒液,4,6,,毒液,,,false,false,false
lp:2715:word:3,2715,3,了,6,7,lpw_b2dd27e84f,了,function,false,true,true,true
lp:2716:word:0,2716,0,当天,0,2,,当天,,,false,false,false
lp:2716:word:1,2716,1,夜里,2,4,lpw_41f8d30e7f,夜里,other,false,false,false,false
lp:2717:word:0,2717,0,我没,0,2,lpw_6af7322be2,我没,other,false,false,false,false
lp:2717:word:1,2717,1,看见,2,4,lpw_7205426737,看见,perception,false,false,false,true
lp:2717:word:2,2717,2,他,4,5,lpw_8b7b91e000,他,pronoun,false,true,true,true
lp:2717:word:3,2717,3,起程,5,7,,起程,,,false,false,false
lp:2718:word:0,2718,0,他,0,1,lpw_8b7b91e000,他,pronoun,false,true,true,true
lp:2718:word:1,2718,1,悄,1,2,,悄,,,false,false,false
lp:2718:word:2,2718,2,没,2,3,lpw_279e8b3573,没,negation_modality,false,false,true,true
lp:2718:word:3,2718,3,声,3,4,lpw_693e132f27,声,other,false,false,false,true
lp:2718:word:4,2718,4,儿,4,5,lpw_1ed5efc3dc,儿,other,false,false,false,false
lp:2718:word:5,2718,5,地,5,6,lpw_bdbd41e490,地,function,false,true,true,true
lp:2718:word:6,2718,6,走了,6,8,lpw_25eba59465,走了,other,false,false,false,false
lp:2719:word:0,2719,0,我,0,1,lpw_b70bb4acc0,我,pronoun,false,true,true,true
lp:2719:word:1,2719,1,好不容易,1,5,,好不容易,,,false,false,false
lp:2719:word:2,2719,2,赶上,5,7,,赶上,,,false,false,false
lp:2719:word:3,2719,3,他,7,8,lpw_8b7b91e000,他,pronoun,false,true,true,true
lp:2719:word:4,2719,4,时,8,9,lpw_7d58b6422c,时,other,false,false,false,false
lp:2720:word:0,2720,0,他,0,1,lpw_8b7b91e000,他,pronoun,false,true,true,true
lp:2720:word:1,2720,1,仍然,1,3,,仍然,,,false,false,false
lp:2720:word:2,2720,2,执,3,4,,执,,,false,false,false
lp:2720:word:3,2720,3,著,4,5,,著,,,false,false,false
lp:2720:word:4,2720,4,地,5,6,lpw_bdbd41e490,地,function,false,true,true,true
lp:2720:word:5,2720,5,快步,6,8,,快步,,,false,false,false
lp:2720:word:6,2720,6,往前走,8,11,,往前走,,,false,false,false
lp:2721:word:0,2721,0,他,0,1,lpw_8b7b91e000,他,pronoun,false,true,true,true
lp:2721:word:1,2721,1,只是,1,3,,只是,,,false,false,false
lp:2721:word:2,2721,2,对,3,4,lpw_74570c7270,对,function,false,true,true,true
lp:2721:word:3,2721,3,我,4,5,lpw_b70bb4acc0,我,pronoun,false,true,true,true
lp:2721:word:4,2721,4,说,5,6,lpw_ccca744613,说,speech,false,true,true,true
lp:2722:word:0,2722,0,啊,1,2,lpw_7c2c50fbaf,啊,function,false,false,false,false
lp:2722:word:1,2722,1,你来,3,5,,你来,,,false,false,false
lp:2722:word:2,2722,2,了,5,6,lpw_b2dd27e84f,了,function,false,true,true,true
lp:2723:word:0,2723,0,说,0,1,lpw_ccca744613,说,speech,false,true,true,true
lp:2723:word:1,2723,1,完,1,2,,完,,,false,false,false
lp:2723:word:2,2723,2,他,2,3,lpw_8b7b91e000,他,pronoun,false,true,true,true
lp:2723:word:3,2723,3,就,3,4,lpw_2f9d9872e5,就,function,false,true,true,true
lp:2723:word:4,2723,4,拉住,4,6,,拉住,,,false,false,false
lp:2723:word:5,2723,5,我,6,7,lpw_b70bb4acc0,我,pronoun,false,true,true,true
lp:2723:word:6,2723,6,的,7,8,lpw_8af2350cfd,的,function,false,true,true,true
lp:2723:word:7,2723,7,手,8,9,,手,,,false,false,false
lp:2724:word:0,2724,0,可是,0,2,lpw_38ca4a9c76,可是,function,false,false,true,true
lp:2724:word:1,2724,1,他,2,3,lpw_8b7b91e000,他,pronoun,false,true,true,true
lp:2724:word:2,2724,2,又,3,4,lpw_e71ce5deab,又,function,false,true,true,true
lp:2724:word:3,2724,3,感到,4,6,lpw_15c2457566,感到,perception,false,false,false,true
lp:2724:word:4,2724,4,不安,6,8,,不安,,,false,false,false
lp:2724:word:5,2724,5,起来,8,10,lpw_b8a694b2df,起来,other,false,false,false,true
lp:2725:word:0,2725,0,你,1,2,lpw_a0c7716669,你,pronoun,false,true,true,true
lp:2725:word:1,2725,1,不该,2,4,,不该,,,false,false,false
lp:2725:word:2,2725,2,来,4,5,lpw_6d8229118c,来,physical_action,false,true,true,true
lp:2725:word:3,2725,3,的,5,6,lpw_8af2350cfd,的,function,false,true,true,true
lp:2726:word:0,2726,0,你会,0,2,lpw_8e80d04a82,你会,other,true,false,false,false
lp:2726:word:1,2726,1,难过,2,4,,难过,,,false,false,false
lp:2726:word:2,2726,2,的,4,5,lpw_8af2350cfd,的,function,false,true,true,true
lp:2727:word:0,2727,0,我,0,1,lpw_b70bb4acc0,我,pronoun,false,true,true,true
lp:2727:word:1,2727,1,看上去,1,4,,看上去,,,false,false,false
lp:2727:word:2,2727,2,会,4,5,lpw_5ba1e3c0eb,会,negation_modality,false,true,true,true
lp:2727:word:3,2727,3,像,5,6,lpw_cf8cedd58b,像,other,false,false,false,true
lp:2727:word:4,2727,4,死去,6,8,,死去,,,false,false,false
lp:2727:word:5,2727,5,一样,8,10,lpw_9dc5c0158d,一样,other,false,false,false,true
lp:2728:word:0,2728,0,可那,0,2,,可那,,,false,false,false
lp:2728:word:1,2728,1,不是,2,4,lpw_584cd0fcf3,不是,other,false,false,false,false
lp:2728:word:2,2728,2,真的,4,6,,真的,,,false,false,false
lp:2729:word:0,2729,0,我不,0,2,lpw_3e63e3d08e,我不,other,false,false,false,false
lp:2729:word:1,2729,1,作,2,3,lpw_7ff9df9923,作,other,false,false,false,false
lp:2729:word:2,2729,2,声,3,4,lpw_693e132f27,声,other,false,false,false,true
lp:2730:word:0,2730,0,你是,1,3,,你是,,,false,false,false
lp:2730:word:1,2730,1,明白,3,5,lpw_8e37cd5f7f,明白,cognition,false,false,false,false
lp:2730:word:2,2730,2,的,5,6,lpw_8af2350cfd,的,function,false,true,true,true
lp:2731:word:0,2731,0,路,0,1,,路,,,false,false,false
lp:2731:word:1,2731,1,太,1,2,lpw_e7ace7adf2,太,other,false,false,false,true
lp:2731:word:2,2731,2,远,2,3,lpw_057c8f7842,远,other,false,false,false,false
lp:2731:word:3,2731,3,了,3,4,lpw_b2dd27e84f,了,function,false,true,true,true
lp:2732:word:0,2732,0,我,0,1,lpw_b70bb4acc0,我,pronoun,false,true,true,true
lp:2732:word:1,2732,1,没法,1,3,,没法,,,false,false,false
lp:2732:word:2,2732,2,带走,3,5,,带走,,,false,false,false
lp:2732:word:3,2732,3,这,5,6,lpw_d409ab2ab3,这,pronoun,false,true,true,true
lp:2732:word:4,2732,4,副,6,7,,副,,,false,false,false
lp:2732:word:5,2732,5,躯壳,7,9,,躯壳,,,false,false,false
lp:2733:word:0,2733,0,它,0,1,lpw_7e9260e925,它,pronoun,false,true,true,true
lp:2733:word:1,2733,1,太,1,2,lpw_e7ace7adf2,太,other,false,false,false,true
lp:2733:word:2,2733,2,沉,2,3,,沉,,,false,false,false
lp:2733:word:3,2733,3,了,3,4,lpw_b2dd27e84f,了,function,false,true,true,true
lp:2734:word:0,2734,0,我不,0,2,lpw_3e63e3d08e,我不,other,false,false,false,false
lp:2734:word:1,2734,1,作,2,3,lpw_7ff9df9923,作,other,false,false,false,false
lp:2734:word:2,2734,2,声,3,4,lpw_693e132f27,声,other,false,false,false,true
lp:2735:word:0,2735,0,可,1,2,lpw_8b9cefa38e,可,other,false,false,true,true
lp:2735:word:1,2735,1,这,2,3,lpw_d409ab2ab3,这,pronoun,false,true,true,true
lp:2735:word:2,2735,2,就像,3,5,lpw_3a1a30dbb2,就像,other,false,false,false,false
lp:2735:word:3,2735,3,一棵,5,7,,一棵,,,false,false,false
lp:2735:word:4,2735,4,老树,7,9,,老树,,,false,false,false
lp:2735:word:5,2735,5,脱下,9,11,,脱下,,,false,false,false
lp:2735:word:6,2735,6,的,11,12,lpw_8af2350cfd,的,function,false,true,true,true
lp:2735:word:7,2735,7,树皮,12,14,,树皮,,,false,false,false
lp:2736:word:0,2736,0,脱下,0,2,,脱下,,,false,false,false
lp:2736:word:1,2736,1,一层,2,4,,一层,,,false,false,false
lp:2736:word:2,2736,2,树皮,4,6,,树皮,,,false,false,false
lp:2737:word:0,2737,0,是,0,1,lpw_b5141d3d19,是,function,false,true,true,true
lp:2737:word:1,2737,1,用不着,1,4,,用不着,,,false,false,false
lp:2737:word:2,2737,2,伤心,4,6,,伤心,,,false,false,false
lp:2737:word:3,2737,3,的,6,7,lpw_8af2350cfd,的,function,false,true,true,true
lp:2738:word:0,2738,0,我不,0,2,lpw_3e63e3d08e,我不,other,false,false,false,false
lp:2738:word:1,2738,1,作,2,3,lpw_7ff9df9923,作,other,false,false,false,false
lp:2738:word:2,2738,2,声,3,4,lpw_693e132f27,声,other,false,false,false,true
lp:2739:word:0,2739,0,他,0,1,lpw_8b7b91e000,他,pronoun,false,true,true,true
lp:2739:word:1,2739,1,有点,1,3,lpw_29506aa712,有点,other,false,false,false,true
lp:2739:word:2,2739,2,气馁,3,5,,气馁,,,false,false,false
lp:2740:word:0,2740,0,但,0,1,lpw_1f863793c6,但,other,false,false,false,false
lp:2740:word:1,2740,1,他,1,2,lpw_8b7b91e000,他,pronoun,false,true,true,true
lp:2740:word:2,2740,2,重,2,3,,重,,,false,false,false
lp:2740:word:3,2740,3,又,3,4,lpw_e71ce5deab,又,function,false,true,true,true
lp:2740:word:4,2740,4,打起精神,4,8,,打起精神,,,false,false,false
lp:2741:word:0,2741,0,你,1,2,lpw_a0c7716669,你,pronoun,false,true,true,true
lp:2741:word:1,2741,1,知道,2,4,lpw_d7b6472b11,知道,cognition,false,false,true,true
lp:2741:word:2,2741,2,这样,5,7,lpw_b7fc681861,这样,other,false,false,true,true
lp:2741:word:3,2741,3,挺好,7,9,,挺好,,,false,false,false
lp:2742:word:0,2742,0,我也,0,2,,我也,,,false,false,false
lp:2742:word:1,2742,1,会,2,3,lpw_5ba1e3c0eb,会,negation_modality,false,true,true,true
lp:2742:word:2,2742,2,望,3,4,lpw_260bd80462,望,other,false,false,false,false
lp:2742:word:3,2742,3,着,4,5,lpw_9e5bf0d2d9,着,function,false,true,true,true
lp:2742:word:4,2742,4,满,5,6,lpw_abc511ca95,满,other,false,false,false,false
lp:2742:word:5,2742,5,天,6,7,lpw_49da61ceee,天,other,false,false,false,true
lp:2742:word:6,2742,6,星星,7,9,lpw_6a9fec7faf,星星,concrete_entity,false,true,true,true
lp:2742:word:7,2742,7,的,9,10,lpw_8af2350cfd,的,function,false,true,true,true
lp:2743:word:0,2743,0,每颗,0,2,,每颗,,,false,false,false
lp:2743:word:1,2743,1,星星,2,4,lpw_6a9fec7faf,星星,concrete_entity,false,true,true,true
lp:2743:word:2,2743,2,都会,4,6,,都会,,,false,false,false
lp:2743:word:3,2743,3,有,6,7,lpw_90ce0f66f0,有,other,false,true,true,true
lp:2743:word:4,2743,4,一个,7,9,lpw_e1dbc1c99f,一个,function|time_quantity,false,true,true,true
lp:2743:word:5,2743,5,生锈,9,11,,生锈,,,false,false,false
lp:2743:word:6,2743,6,辘,11,12,,辘,,,false,false,false
lp:2743:word:7,2743,7,轳,12,13,,轳,,,false,false,false
lp:2743:word:8,2743,8,的,13,14,lpw_8af2350cfd,的,function,false,true,true,true
lp:2743:word:9,2743,9,水井,14,16,,水井,,,false,false,false
lp:2744:word:0,2744,0,所有,0,2,lpw_ae99f297e9,所有,other,false,false,false,false
lp:2744:word:1,2744,1,的,2,3,lpw_8af2350cfd,的,function,false,true,true,true
lp:2744:word:2,2744,2,星星,3,5,lpw_6a9fec7faf,星星,concrete_entity,false,true,true,true
lp:2744:word:3,2744,3,都会,5,7,,都会,,,false,false,false
lp:2744:word:4,2744,4,倒水,7,9,,倒水,,,false,false,false
lp:2744:word:5,2744,5,给,9,10,lpw_6e55fb9d8a,给,other,false,true,true,true
lp:2744:word:6,2744,6,我,10,11,lpw_b70bb4acc0,我,pronoun,false,true,true,true
lp:2744:word:7,2744,7,喝,11,12,,喝,,,false,false,false
lp:2745:word:0,2745,0,我不,0,2,lpw_3e63e3d08e,我不,other,false,false,false,false
lp:2745:word:1,2745,1,作,2,3,lpw_7ff9df9923,作,other,false,false,false,false
lp:2745:word:2,2745,2,声,3,4,lpw_693e132f27,声,other,false,false,false,true
lp:2746:word:0,2746,0,这,1,2,lpw_d409ab2ab3,这,pronoun,false,true,true,true
lp:2746:word:1,2746,1,真是,2,4,,真是,,,false,false,false
lp:2746:word:2,2746,2,太,4,5,lpw_e7ace7adf2,太,other,false,false,false,true
lp:2746:word:3,2746,3,有趣,5,7,,有趣,,,false,false,false
lp:2746:word:4,2746,4,了,7,8,lpw_b2dd27e84f,了,function,false,true,true,true
lp:2747:word:0,2747,0,你有,0,2,,你有,,,false,false,false
lp:2747:word:1,2747,1,五,2,3,lpw_c9b87f516a,五,other,true,false,false,false
lp:2747:word:2,2747,2,亿,3,4,lpw_395ae225e5,亿,other,false,false,false,false
lp:2747:word:3,2747,3,个,4,5,lpw_3a116815bc,个,other,false,false,true,true
lp:2747:word:4,2747,4,铃铛,5,7,,铃铛,,,false,false,false
lp:2748:word:0,2748,0,我有,0,2,lpw_59cbe38d1c,我有,other,false,false,false,false
lp:2748:word:1,2748,1,五,2,3,lpw_c9b87f516a,五,other,true,false,false,false
lp:2748:word:2,2748,2,亿,3,4,lpw_395ae225e5,亿,other,false,false,false,false
lp:2748:word:3,2748,3,个,4,5,lpw_3a116815bc,个,other,false,false,true,true
lp:2748:word:4,2748,4,水井,5,7,,水井,,,false,false,false
lp:2749:word:0,2749,0,他,0,1,lpw_8b7b91e000,他,pronoun,false,true,true,true
lp:2749:word:1,2749,1,也不,1,3,lpw_941252022a,也不,other,false,false,false,false
lp:2749:word:2,2749,2,作,3,4,lpw_7ff9df9923,作,other,false,false,false,false
lp:2749:word:3,2749,3,声,4,5,lpw_693e132f27,声,other,false,false,false,true
lp:2749:word:4,2749,4,了,5,6,lpw_b2dd27e84f,了,function,false,true,true,true
lp:2750:word:0,2750,0,因为,0,2,lpw_795cfc96d4,因为,function,false,false,true,true
lp:2750:word:1,2750,1,他,2,3,lpw_8b7b91e000,他,pronoun,false,true,true,true
lp:2750:word:2,2750,2,哭了,3,5,,哭了,,,false,false,false
lp:2751:word:0,2751,0,到了,1,3,,到了,,,false,false,false
lp:2752:word:0,2752,0,让,0,1,lpw_ad37574404,让,other,false,true,true,true
lp:2752:word:1,2752,1,我,1,2,lpw_b70bb4acc0,我,pronoun,false,true,true,true
lp:2752:word:2,2752,2,独自,2,4,,独自,,,false,false,false
lp:2752:word:3,2752,3,跨出,4,6,,跨出,,,false,false,false
lp:2752:word:4,2752,4,一步,6,8,,一步,,,false,false,false
lp:2752:word:5,2752,5,吧,8,9,lpw_bad8b6c7ae,吧,function,false,false,false,true
lp:2753:word:0,2753,0,说,0,1,lpw_ccca744613,说,speech,false,true,true,true
lp:2753:word:1,2753,1,着,1,2,lpw_9e5bf0d2d9,着,function,false,true,true,true
lp:2753:word:2,2753,2,他,2,3,lpw_8b7b91e000,他,pronoun,false,true,true,true
lp:2753:word:3,2753,3,坐了,3,5,,坐了,,,false,false,false
lp:2753:word:4,2753,4,下来,5,7,,下来,,,false,false,false
lp:2754:word:0,2754,0,因为,0,2,lpw_795cfc96d4,因为,function,false,false,true,true
lp:2754:word:1,2754,1,他,2,3,lpw_8b7b91e000,他,pronoun,false,true,true,true
lp:2754:word:2,2754,2,害怕,3,5,,害怕,,,false,false,false
lp:2755:word:0,2755,0,他,0,1,lpw_8b7b91e000,他,pronoun,false,true,true,true
lp:2755:word:1,2755,1,又,1,2,lpw_e71ce5deab,又,function,false,true,true,true
lp:2755:word:2,2755,2,说,2,3,lpw_ccca744613,说,speech,false,true,true,true
lp:2756:word:0,2756,0,你,1,2,lpw_a0c7716669,你,pronoun,false,true,true,true
lp:2756:word:1,2756,1,知道,2,4,lpw_d7b6472b11,知道,cognition,false,false,true,true
lp:2757:word:0,2757,0,我,0,1,lpw_b70bb4acc0,我,pronoun,false,true,true,true
lp:2757:word:1,2757,1,的,1,2,lpw_8af2350cfd,的,function,false,true,true,true
lp:2757:word:2,2757,2,花儿,2,4,lpw_059ab0f707,花,narrative_character|concrete_entity,false,true,true,true
lp:2758:word:0,2758,0,我,0,1,lpw_b70bb4acc0,我,pronoun,false,true,true,true
lp:2758:word:1,2758,1,对,1,2,lpw_74570c7270,对,function,false,true,true,true
lp:2758:word:2,2758,2,她,2,3,lpw_2ab425e0c6,她,pronoun,false,true,true,true
lp:2758:word:3,2758,3,负,3,4,,负,,,false,false,false
lp:2758:word:4,2758,4,有,4,5,lpw_90ce0f66f0,有,other,false,true,true,true
lp:2758:word:5,2758,5,责任,5,7,,责任,,,false,false,false
lp:2759:word:0,2759,0,她是,0,2,,她是,,,false,false,false
lp:2759:word:1,2759,1,那么,2,4,lpw_a61f02e145,那么,function,false,false,false,true
lp:2759:word:2,2759,2,柔弱,4,6,,柔弱,,,false,false,false
lp:2760:word:0,2760,0,她是,0,2,,她是,,,false,false,false
lp:2760:word:1,2760,1,那么,2,4,lpw_a61f02e145,那么,function,false,false,false,true
lp:2760:word:2,2760,2,天真,4,6,,天真,,,false,false,false
lp:2761:word:0,2761,0,她,0,1,lpw_2ab425e0c6,她,pronoun,false,true,true,true
lp:2761:word:1,2761,1,只有,1,3,lpw_ba8bd7c8c9,只有,other,false,false,false,false
lp:2761:word:2,2761,2,四,3,4,lpw_754a9d5828,四,other,false,false,false,false
lp:2761:word:3,2761,3,根,4,5,,根,,,false,false,false
lp:2761:word:4,2761,4,微不足道,5,9,,微不足道,,,false,false,false
lp:2761:word:5,2761,5,的,9,10,lpw_8af2350cfd,的,function,false,true,true,true
lp:2761:word:6,2761,6,刺,10,11,lpw_b2ddecd32a,刺,other,false,false,false,false
lp:2762:word:0,2762,0,用,0,1,lpw_04e45efb3b,用,other,false,false,false,true
lp:2762:word:1,2762,1,来,1,2,lpw_6d8229118c,来,physical_action,false,true,true,true
lp:2762:word:2,2762,2,抵御,2,4,,抵御,,,false,false,false
lp:2762:word:3,2762,3,整个,4,6,,整个,,,false,false,false
lp:2762:word:4,2762,4,世界,6,8,,世界,,,false,false,false
lp:2763:word:0,2763,0,我也,0,2,,我也,,,false,false,false
lp:2763:word:1,2763,1,坐下,2,4,,坐下,,,false,false,false
lp:2764:word:0,2764,0,因为,0,2,lpw_795cfc96d4,因为,function,false,false,true,true
lp:2764:word:1,2764,1,我,2,3,lpw_b70bb4acc0,我,pronoun,false,true,true,true
lp:2764:word:2,2764,2,没法,3,5,,没法,,,false,false,false
lp:2764:word:3,2764,3,再,5,6,,再,,,false,false,false
lp:2764:word:4,2764,4,站,6,7,,站,,,false,false,false
lp:2764:word:5,2764,5,着,7,8,lpw_9e5bf0d2d9,着,function,false,true,true,true
lp:2764:word:6,2764,6,了,8,9,lpw_b2dd27e84f,了,function,false,true,true,true
lp:2765:word:0,2765,0,他,0,1,lpw_8b7b91e000,他,pronoun,false,true,true,true
lp:2765:word:1,2765,1,说,1,2,lpw_ccca744613,说,speech,false,true,true,true
lp:2766:word:0,2766,0,好了,1,3,,好了,,,false,false,false
lp:2767:word:0,2767,0,没,0,1,lpw_279e8b3573,没,negation_modality,false,false,true,true
lp:2767:word:1,2767,1,别的,1,3,lpw_3966c0d55d,别的,other,false,false,false,false
lp:2767:word:2,2767,2,要,3,4,lpw_975f35218e,要,negation_modality,false,false,true,true
lp:2767:word:3,2767,3,说,4,5,lpw_ccca744613,说,speech,false,true,true,true
lp:2767:word:4,2767,4,了,5,6,lpw_b2dd27e84f,了,function,false,true,true,true
lp:2768:word:0,2768,0,他,0,1,lpw_8b7b91e000,他,pronoun,false,true,true,true
lp:2768:word:1,2768,1,稍微,1,3,,稍微,,,false,false,false
lp:2768:word:2,2768,2,犹豫,3,5,,犹豫,,,false,false,false
lp:2768:word:3,2768,3,了,5,6,lpw_b2dd27e84f,了,function,false,true,true,true
lp:2768:word:4,2768,4,一下,6,8,,一下,,,false,false,false
lp:2769:word:0,2769,0,随即,0,2,,随即,,,false,false,false
lp:2769:word:1,2769,1,站了,2,4,,站了,,,false,false,false
lp:2769:word:2,2769,2,起来,4,6,lpw_b8a694b2df,起来,other,false,false,false,true
lp:2770:word:0,2770,0,他,0,1,lpw_8b7b91e000,他,pronoun,false,true,true,true
lp:2770:word:1,2770,1,往前,1,3,,往前,,,false,false,false
lp:2770:word:2,2770,2,跨出,3,5,,跨出,,,false,false,false
lp:2770:word:3,2770,3,了,5,6,lpw_b2dd27e84f,了,function,false,true,true,true
lp:2770:word:4,2770,4,一步,6,8,,一步,,,false,false,false
lp:2771:word:0,2771,0,而,0,1,lpw_08e2725ce1,而,function,false,false,false,true
lp:2771:word:1,2771,1,我,1,2,lpw_b70bb4acc0,我,pronoun,false,true,true,true
lp:2771:word:2,2771,2,却,2,3,lpw_da153c5b45,却,other,false,false,false,false
lp:2771:word:3,2771,3,动弹,3,5,,动弹,,,false,false,false
lp:2771:word:4,2771,4,不得,5,7,,不得,,,false,false,false
lp:2772:word:0,2772,0,只,0,1,lpw_409e2c3882,只,function,false,false,true,true
lp:2772:word:1,2772,1,见,1,2,,见,,,false,false,false
lp:2772:word:2,2772,2,他,2,3,lpw_8b7b91e000,他,pronoun,false,true,true,true
lp:2772:word:3,2772,3,的,3,4,lpw_8af2350cfd,的,function,false,true,true,true
lp:2772:word:4,2772,4,脚踝,4,6,,脚踝,,,false,false,false
lp:2772:word:5,2772,5,边,6,7,,边,,,false,false,false
lp:2772:word:6,2772,6,上,7,8,lpw_db5ba671d2,上,function,false,true,true,true
lp:2772:word:7,2772,7,闪,8,9,,闪,,,false,false,false
lp:2772:word:8,2772,8,过,9,10,lpw_f777893480,过,other,false,false,true,true
lp:2772:word:9,2772,9,一道,10,12,,一道,,,false,false,false
lp:2772:word:10,2772,10,黄,12,13,,黄,,,false,false,false
lp:2772:word:11,2772,11,光,13,14,,光,,,false,false,false
lp:2773:word:0,2773,0,片刻间,0,3,,片刻间,,,false,false,false
lp:2773:word:1,2773,1,他,3,4,lpw_8b7b91e000,他,pronoun,false,true,true,true
lp:2773:word:2,2773,2,一动不动,4,8,,一动不动,,,false,false,false
lp:2774:word:0,2774,0,他,0,1,lpw_8b7b91e000,他,pronoun,false,true,true,true
lp:2774:word:1,2774,1,没有,1,3,lpw_f127804b92,没有,negation_modality,false,false,true,true
lp:2774:word:2,2774,2,叫喊,3,5,,叫喊,,,false,false,false
lp:2775:word:0,2775,0,他,0,1,lpw_8b7b91e000,他,pronoun,false,true,true,true
lp:2775:word:1,2775,1,像,1,2,lpw_cf8cedd58b,像,other,false,false,false,true
lp:2775:word:2,2775,2,一棵,2,4,,一棵,,,false,false,false
lp:2775:word:3,2775,3,树,4,5,,树,,,false,false,false
lp:2775:word:4,2775,4,那样,5,7,,那样,,,false,false,false
lp:2775:word:5,2775,5,缓缓,7,9,,缓缓,,,false,false,false
lp:2775:word:6,2775,6,地,9,10,lpw_bdbd41e490,地,function,false,true,true,true
lp:2775:word:7,2775,7,倒下,10,12,,倒下,,,false,false,false
lp:2776:word:0,2776,0,由于,0,2,,由于,,,false,false,false
lp:2776:word:1,2776,1,是,2,3,lpw_b5141d3d19,是,function,false,true,true,true
lp:2776:word:2,2776,2,沙地,3,5,,沙地,,,false,false,false
lp:2777:word:0,2777,0,甚至,0,2,,甚至,,,false,false,false
lp:2777:word:1,2777,1,都没有,2,5,,都没有,,,false,false,false
lp:2777:word:2,2777,2,一点,5,7,lpw_148b16e603,一点,other,false,false,false,false
lp:2777:word:3,2777,3,声响,7,9,,声响,,,false,false,false
lp:2779:word:0,2779,0,现在,0,2,lpw_43584f37c1,现在,other,false,false,false,false
lp:2780:word:0,2780,0,当然,0,2,lpw_0002e2d87f,当然,other,false,false,false,false
lp:2781:word:0,2781,0,已经,0,2,lpw_8ee12e2310,已经,other,false,false,false,false
lp:2781:word:1,2781,1,过去,2,4,,过去,,,false,false,false
lp:2781:word:2,2781,2,六年,4,6,,六年,,,false,false,false
lp:2781:word:3,2781,3,了,6,7,lpw_b2dd27e84f,了,function,false,true,true,true
lp:2782:word:0,2782,0,我还,0,2,,我还,,,false,false,false
lp:2782:word:1,2782,1,从来没,2,5,,从来没,,,false,false,false
lp:2782:word:2,2782,2,跟,5,6,lpw_383a53d95c,跟,function,false,false,false,true
lp:2782:word:3,2782,3,人,6,7,lpw_50f5d65d57,人,other,false,true,true,true
lp:2782:word:4,2782,4,讲,7,8,,讲,,,false,false,false
lp:2782:word:5,2782,5,过,8,9,lpw_f777893480,过,other,false,false,true,true
lp:2782:word:6,2782,6,这个,9,11,lpw_979e2bc35b,这个,function,false,false,true,true
lp:2782:word:7,2782,7,故事,11,13,,故事,,,false,false,false
lp:2783:word:0,2783,0,同伴,0,2,,同伴,,,false,false,false
lp:2783:word:1,2783,1,们,2,3,lpw_b4dcb3305a,们,other,false,false,false,false
lp:2783:word:2,2783,2,看见,3,5,lpw_7205426737,看见,perception,false,false,false,true
lp:2783:word:3,2783,3,我,5,6,lpw_b70bb4acc0,我,pronoun,false,true,true,true
lp:2783:word:4,2783,4,活着,6,8,,活着,,,false,false,false
lp:2783:word:5,2783,5,回来,8,10,,回来,,,false,false,false
lp:2784:word:0,2784,0,都很,0,2,,都很,,,false,false,false
lp:2784:word:1,2784,1,高兴,2,4,,高兴,,,false,false,false
lp:2785:word:0,2785,0,我,0,1,lpw_b70bb4acc0,我,pronoun,false,true,true,true
lp:2785:word:1,2785,1,很,1,2,lpw_f2b91797ea,很,other,false,true,true,true
lp:2785:word:2,2785,2,忧伤,2,4,,忧伤,,,false,false,false
lp:2786:word:0,2786,0,但,0,1,lpw_1f863793c6,但,other,false,false,false,false
lp:2786:word:1,2786,1,我,1,2,lpw_b70bb4acc0,我,pronoun,false,true,true,true
lp:2786:word:2,2786,2,对,2,3,lpw_74570c7270,对,function,false,true,true,true
lp:2786:word:3,2786,3,他们,3,5,lpw_10518f8f0a,他们,pronoun,false,true,true,true
lp:2786:word:4,2786,4,说,5,6,lpw_ccca744613,说,speech,false,true,true,true
lp:2787:word:0,2787,0,我,1,2,lpw_b70bb4acc0,我,pronoun,false,true,true,true
lp:2787:word:1,2787,1,累了,2,4,,累了,,,false,false,false
lp:2788:word:0,2788,0,现在,0,2,lpw_43584f37c1,现在,other,false,false,false,false
lp:2788:word:1,2788,1,我,2,3,lpw_b70bb4acc0,我,pronoun,false,true,true,true
lp:2788:word:2,2788,2,的,3,4,lpw_8af2350cfd,的,function,false,true,true,true
lp:2788:word:3,2788,3,心情,4,6,,心情,,,false,false,false
lp:2788:word:4,2788,4,有点,6,8,lpw_29506aa712,有点,other,false,false,false,true
lp:2788:word:5,2788,5,平静,8,10,,平静,,,false,false,false
lp:2788:word:6,2788,6,了,10,11,lpw_b2dd27e84f,了,function,false,true,true,true
lp:2789:word:0,2789,0,也就是说,0,4,,也就是说,,,false,false,false
lp:2790:word:0,2790,0,还,0,1,lpw_1bc709b8bf,还,other,false,false,false,true
lp:2790:word:1,2790,1,没有,1,3,lpw_f127804b92,没有,negation_modality,false,false,true,true
lp:2790:word:2,2790,2,完全,3,5,,完全,,,false,false,false
lp:2790:word:3,2790,3,平静,5,7,,平静,,,false,false,false
lp:2791:word:0,2791,0,而,0,1,lpw_08e2725ce1,而,function,false,false,false,true
lp:2791:word:1,2791,1,我,1,2,lpw_b70bb4acc0,我,pronoun,false,true,true,true
lp:2791:word:2,2791,2,知道,2,4,lpw_d7b6472b11,知道,cognition,false,false,true,true
lp:2792:word:0,2792,0,他,0,1,lpw_8b7b91e000,他,pronoun,false,true,true,true
lp:2792:word:1,2792,1,已经,1,3,lpw_8ee12e2310,已经,other,false,false,false,false
lp:2792:word:2,2792,2,回到,3,5,,回到,,,false,false,false
lp:2792:word:3,2792,3,了,5,6,lpw_b2dd27e84f,了,function,false,true,true,true
lp:2792:word:4,2792,4,他,6,7,lpw_8b7b91e000,他,pronoun,false,true,true,true
lp:2792:word:5,2792,5,的,7,8,lpw_8af2350cfd,的,function,false,true,true,true
lp:2792:word:6,2792,6,星球,8,10,lpw_62f2d6c1a1,星球,place,false,true,true,true
lp:2793:word:0,2793,0,因为,0,2,lpw_795cfc96d4,因为,function,false,false,true,true
lp:2793:word:1,2793,1,那天,2,4,,那天,,,false,false,false
lp:2793:word:2,2793,2,天亮,4,6,,天亮,,,false,false,false
lp:2793:word:3,2793,3,以后,6,8,lpw_e6ad7a1dbc,以后,other,false,false,false,false
lp:2794:word:0,2794,0,我没,0,2,lpw_6af7322be2,我没,other,false,false,false,false
lp:2794:word:1,2794,1,发现,2,4,lpw_10493d06b9,发现,perception,false,false,false,false
lp:2794:word:2,2794,2,他,4,5,lpw_8b7b91e000,他,pronoun,false,true,true,true
lp:2794:word:3,2794,3,的,5,6,lpw_8af2350cfd,的,function,false,true,true,true
lp:2794:word:4,2794,4,躯体,6,8,,躯体,,,false,false,false
lp:2795:word:0,2795,0,他,0,1,lpw_8b7b91e000,他,pronoun,false,true,true,true
lp:2795:word:1,2795,1,的,1,2,lpw_8af2350cfd,的,function,false,true,true,true
lp:2795:word:2,2795,2,躯体,2,4,,躯体,,,false,false,false
lp:2795:word:3,2795,3,并不,4,6,lpw_5b693ea232,并不,other,false,false,false,false
lp:2795:word:4,2795,4,太,6,7,lpw_e7ace7adf2,太,other,false,false,false,true
lp:2795:word:5,2795,5,沉,7,8,,沉,,,false,false,false
lp:2796:word:0,2796,0,我,0,1,lpw_b70bb4acc0,我,pronoun,false,true,true,true
lp:2796:word:1,2796,1,喜欢,1,3,lpw_653b04330b,喜欢,emotion_social,false,false,false,false
lp:2796:word:2,2796,2,在,3,4,lpw_12404a0b63,在,function,false,true,true,true
lp:2796:word:3,2796,3,夜里,4,6,lpw_41f8d30e7f,夜里,other,false,false,false,false
lp:2796:word:4,2796,4,倾听,6,8,,倾听,,,false,false,false
lp:2796:word:5,2796,5,星星,8,10,lpw_6a9fec7faf,星星,concrete_entity,false,true,true,true
lp:2796:word:6,2796,6,的,10,11,lpw_8af2350cfd,的,function,false,true,true,true
lp:2796:word:7,2796,7,声音,11,13,lpw_473400815c,声音,other,false,false,false,false
lp:2797:word:0,2797,0,它们,0,2,lpw_c40b3d2880,它们,pronoun,false,false,true,true
lp:2797:word:1,2797,1,就像,2,4,lpw_3a1a30dbb2,就像,other,false,false,false,false
lp:2797:word:2,2797,2,五,4,5,lpw_c9b87f516a,五,other,true,false,false,false
lp:2797:word:3,2797,3,亿,5,6,lpw_395ae225e5,亿,other,false,false,false,false
lp:2797:word:4,2797,4,个,6,7,lpw_3a116815bc,个,other,false,false,true,true
lp:2797:word:5,2797,5,铃铛,7,9,,铃铛,,,false,false,false
lp:2798:word:0,2798,0,可是,0,2,lpw_38ca4a9c76,可是,function,false,false,true,true
lp:2799:word:0,2799,0,我,0,1,lpw_b70bb4acc0,我,pronoun,false,true,true,true
lp:2799:word:1,2799,1,想到,1,3,,想到,,,false,false,false
lp:2799:word:2,2799,2,有件事,3,6,,有件事,,,false,false,false
lp:2799:word:3,2799,3,出了,6,8,,出了,,,false,false,false
lp:2799:word:4,2799,4,意外,8,10,,意外,,,false,false,false
lp:2800:word:0,2800,0,我,0,1,lpw_b70bb4acc0,我,pronoun,false,true,true,true
lp:2800:word:1,2800,1,给,1,2,lpw_6e55fb9d8a,给,other,false,true,true,true
lp:2800:word:2,2800,2,小王子,2,5,lpw_87f2a033cf,小王子,narrative_character,false,true,true,true
lp:2800:word:3,2800,3,画,5,6,lpw_de9f18b00a,画,physical_action,true,false,false,false
lp:2800:word:4,2800,4,的,6,7,lpw_8af2350cfd,的,function,false,true,true,true
lp:2800:word:5,2800,5,嘴,7,8,,嘴,,,false,false,false
lp:2800:word:6,2800,6,罩,8,9,,罩,,,false,false,false
lp:2801:word:0,2801,0,忘了,0,2,,忘了,,,false,false,false
lp:2801:word:1,2801,1,加上,2,4,,加上,,,false,false,false
lp:2801:word:2,2801,2,皮带,4,6,,皮带,,,false,false,false
lp:2802:word:0,2802,0,他,0,1,lpw_8b7b91e000,他,pronoun,false,true,true,true
lp:2802:word:1,2802,1,没法,1,3,,没法,,,false,false,false
lp:2802:word:2,2802,2,把,3,4,lpw_2442748e41,把,function,false,false,true,true
lp:2802:word:3,2802,3,它,4,5,lpw_7e9260e925,它,pronoun,false,true,true,true
lp:2802:word:4,2802,4,系,5,6,,系,,,false,false,false
lp:2802:word:5,2802,5,在,6,7,lpw_12404a0b63,在,function,false,true,true,true
lp:2802:word:6,2802,6,绵羊,7,9,lpw_238b95ae07,羊,concrete_entity,true,false,false,false
lp:2802:word:7,2802,7,嘴上,9,11,,嘴上,,,false,false,false
lp:2802:word:8,2802,8,了,11,12,lpw_b2dd27e84f,了,function,false,true,true,true
lp:2803:word:0,2803,0,于是,0,2,lpw_3617c85a66,于是,other,false,false,false,false
lp:2803:word:1,2803,1,我,2,3,lpw_b70bb4acc0,我,pronoun,false,true,true,true
lp:2803:word:2,2803,2,一直在,3,6,,一直在,,,false,false,false
lp:2803:word:3,2803,3,想,6,7,lpw_df0d251938,想,cognition,false,false,false,true
lp:2804:word:0,2804,0,在,1,2,lpw_12404a0b63,在,function,false,true,true,true
lp:2804:word:1,2804,1,他,2,3,lpw_8b7b91e000,他,pronoun,false,true,true,true
lp:2804:word:2,2804,2,的,3,4,lpw_8af2350cfd,的,function,false,true,true,true
lp:2804:word:3,2804,3,星球,4,6,lpw_62f2d6c1a1,星球,place,false,true,true,true
lp:2804:word:4,2804,4,上,6,7,lpw_db5ba671d2,上,function,false,true,true,true
lp:2804:word:5,2804,5,到底,7,9,,到底,,,false,false,false
lp:2804:word:6,2804,6,会,9,10,lpw_5ba1e3c0eb,会,negation_modality,false,true,true,true
lp:2804:word:7,2804,7,发生,10,12,,发生,,,false,false,false
lp:2804:word:8,2804,8,什么,12,14,lpw_c1b52e0e64,什么,pronoun|interrogative,false,true,true,true
lp:2804:word:9,2804,9,事,14,15,lpw_1d9ed56951,事,other,false,false,true,true
lp:2804:word:10,2804,10,呢,15,16,lpw_02811cec0b,呢,function|interrogative,false,true,true,true
lp:2805:word:0,2805,0,说不定,0,3,lpw_63e84e56ed,说不定,other,false,false,false,false
lp:2805:word:1,2805,1,绵羊,3,5,lpw_238b95ae07,羊,concrete_entity,true,false,false,false
lp:2805:word:2,2805,2,真的,5,7,,真的,,,false,false,false
lp:2805:word:3,2805,3,把,7,8,lpw_2442748e41,把,function,false,false,true,true
lp:2805:word:4,2805,4,花儿,8,10,lpw_059ab0f707,花,narrative_character|concrete_entity,false,true,true,true
lp:2805:word:5,2805,5,给,10,11,lpw_6e55fb9d8a,给,other,false,true,true,true
lp:2805:word:6,2805,6,吃了,11,13,,吃了,,,false,false,false
lp:2806:word:0,2806,0,有时,0,2,,有时,,,false,false,false
lp:2806:word:1,2806,1,我,2,3,lpw_b70bb4acc0,我,pronoun,false,true,true,true
lp:2806:word:2,2806,2,对,3,4,lpw_74570c7270,对,function,false,true,true,true
lp:2806:word:3,2806,3,自己,4,6,lpw_fb43354d2a,自己,pronoun,false,false,true,true
lp:2806:word:4,2806,4,说,6,7,lpw_ccca744613,说,speech,false,true,true,true
lp:2807:word:0,2807,0,肯定,1,3,,肯定,,,false,false,false
lp:2807:word:1,2807,1,不会,3,5,lpw_c7ae73a94d,不会,negation_modality,false,false,false,false
lp:2808:word:0,2808,0,小王子,0,3,lpw_87f2a033cf,小王子,narrative_character,false,true,true,true
lp:2808:word:1,2808,1,每天,3,5,,每天,,,false,false,false
lp:2808:word:2,2808,2,夜里,5,7,lpw_41f8d30e7f,夜里,other,false,false,false,false
lp:2808:word:3,2808,3,给,7,8,lpw_6e55fb9d8a,给,other,false,true,true,true
lp:2808:word:4,2808,4,花儿,8,10,lpw_059ab0f707,花,narrative_character|concrete_entity,false,true,true,true
lp:2808:word:5,2808,5,盖,10,11,,盖,,,false,false,false
lp:2808:word:6,2808,6,上,11,12,lpw_db5ba671d2,上,function,false,true,true,true
lp:2808:word:7,2808,7,玻璃罩,12,15,,玻璃罩,,,false,false,false
lp:2809:word:0,2809,0,再说,0,2,,再说,,,false,false,false
lp:2809:word:1,2809,1,他,2,3,lpw_8b7b91e000,他,pronoun,false,true,true,true
lp:2809:word:2,2809,2,也,3,4,lpw_658605835b,也,function,false,false,true,true
lp:2809:word:3,2809,3,会,4,5,lpw_5ba1e3c0eb,会,negation_modality,false,true,true,true
lp:2809:word:4,2809,4,仔细,5,7,,仔细,,,false,false,false
lp:2809:word:5,2809,5,看好,7,9,,看好,,,false,false,false
lp:2809:word:6,2809,6,绵羊,9,11,lpw_238b95ae07,羊,concrete_entity,true,false,false,false
lp:2809:word:7,2809,7,的,11,12,lpw_8af2350cfd,的,function,false,true,true,true
lp:2810:word:0,2810,0,于是,0,2,lpw_3617c85a66,于是,other,false,false,false,false
lp:2810:word:1,2810,1,我,2,3,lpw_b70bb4acc0,我,pronoun,false,true,true,true
lp:2810:word:2,2810,2,感到,3,5,lpw_15c2457566,感到,perception,false,false,false,true
lp:2810:word:3,2810,3,很,5,6,lpw_f2b91797ea,很,other,false,true,true,true
lp:2810:word:4,2810,4,幸福,6,8,,幸福,,,false,false,false
lp:2811:word:0,2811,0,满,0,1,lpw_abc511ca95,满,other,false,false,false,false
lp:2811:word:1,2811,1,天,1,2,lpw_49da61ceee,天,other,false,false,false,true
lp:2811:word:2,2811,2,的,2,3,lpw_8af2350cfd,的,function,false,true,true,true
lp:2811:word:3,2811,3,星星,3,5,lpw_6a9fec7faf,星星,concrete_entity,false,true,true,true
lp:2811:word:4,2811,4,轻轻,5,7,,轻轻,,,false,false,false
lp:2811:word:5,2811,5,地,7,8,lpw_bdbd41e490,地,function,false,true,true,true
lp:2811:word:6,2811,6,笑,8,9,lpw_1d8fb5e34e,笑,other,false,false,false,false
lp:2811:word:7,2811,7,着,9,10,lpw_9e5bf0d2d9,着,function,false,true,true,true
lp:2812:word:0,2812,0,有时,0,2,,有时,,,false,false,false
lp:2812:word:1,2812,1,我,2,3,lpw_b70bb4acc0,我,pronoun,false,true,true,true
lp:2812:word:2,2812,2,对,3,4,lpw_74570c7270,对,function,false,true,true,true
lp:2812:word:3,2812,3,自己,4,6,lpw_fb43354d2a,自己,pronoun,false,false,true,true
lp:2812:word:4,2812,4,说,6,7,lpw_ccca744613,说,speech,false,true,true,true
lp:2813:word:0,2813,0,万一,1,3,,万一,,,false,false,false
lp:2813:word:1,2813,1,有,3,4,lpw_90ce0f66f0,有,other,false,true,true,true
lp:2813:word:2,2813,2,个,4,5,lpw_3a116815bc,个,other,false,false,true,true
lp:2813:word:3,2813,3,疏忽,5,7,,疏忽,,,false,false,false
lp:2814:word:0,2814,0,那就,0,2,,那就,,,false,false,false
lp:2814:word:1,2814,1,全,2,3,,全,,,false,false,false
lp:2814:word:2,2814,2,完了,3,5,,完了,,,false,false,false
lp:2815:word:0,2815,0,没,0,1,lpw_279e8b3573,没,negation_modality,false,false,true,true
lp:2815:word:1,2815,1,准,1,2,,准,,,false,false,false
lp:2815:word:2,2815,2,哪,2,3,,哪,,,false,false,false
lp:2815:word:3,2815,3,天,3,4,lpw_49da61ceee,天,other,false,false,false,true
lp:2815:word:4,2815,4,晚上,4,6,lpw_a9b1124b34,晚上,time_quantity,false,false,false,false
lp:2816:word:0,2816,0,他,0,1,lpw_8b7b91e000,他,pronoun,false,true,true,true
lp:2816:word:1,2816,1,忘了,1,3,,忘了,,,false,false,false
lp:2816:word:2,2816,2,盖,3,4,,盖,,,false,false,false
lp:2816:word:3,2816,3,玻璃罩,4,7,,玻璃罩,,,false,false,false
lp:2817:word:0,2817,0,或者,0,2,,或者,,,false,false,false
lp:2817:word:1,2817,1,绵羊,2,4,lpw_238b95ae07,羊,concrete_entity,true,false,false,false
lp:2817:word:2,2817,2,在,4,5,lpw_12404a0b63,在,function,false,true,true,true
lp:2817:word:3,2817,3,夜里,5,7,lpw_41f8d30e7f,夜里,other,false,false,false,false
lp:2817:word:4,2817,4,悄悄,7,9,,悄悄,,,false,false,false
lp:2817:word:5,2817,5,钻,9,10,,钻,,,false,false,false
lp:2817:word:6,2817,6,了,10,11,lpw_b2dd27e84f,了,function,false,true,true,true
lp:2817:word:7,2817,7,出来,11,13,,出来,,,false,false,false
lp:2818:word:0,2818,0,于是,0,2,lpw_3617c85a66,于是,other,false,false,false,false
lp:2818:word:1,2818,1,满,2,3,lpw_abc511ca95,满,other,false,false,false,false
lp:2818:word:2,2818,2,天,3,4,lpw_49da61ceee,天,other,false,false,false,true
lp:2818:word:3,2818,3,的,4,5,lpw_8af2350cfd,的,function,false,true,true,true
lp:2818:word:4,2818,4,铃铛,5,7,,铃铛,,,false,false,false
lp:2818:word:5,2818,5,全都,7,9,,全都,,,false,false,false
lp:2818:word:6,2818,6,变成,9,11,,变成,,,false,false,false
lp:2818:word:7,2818,7,了,11,12,lpw_b2dd27e84f,了,function,false,true,true,true
lp:2818:word:8,2818,8,泪珠,12,14,,泪珠,,,false,false,false
lp:2819:word:0,2819,0,这,0,1,lpw_d409ab2ab3,这,pronoun,false,true,true,true
lp:2819:word:1,2819,1,可是,1,3,lpw_38ca4a9c76,可是,function,false,false,true,true
lp:2819:word:2,2819,2,一个,3,5,lpw_e1dbc1c99f,一个,function|time_quantity,false,true,true,true
lp:2819:word:3,2819,3,很大,5,7,,很大,,,false,false,false
lp:2819:word:4,2819,4,很大,7,9,,很大,,,false,false,false
lp:2819:word:5,2819,5,的,9,10,lpw_8af2350cfd,的,function,false,true,true,true
lp:2819:word:6,2819,6,秘密,10,12,,秘密,,,false,false,false
lp:2819:word:7,2819,7,哟,12,13,,哟,,,false,false,false
lp:2820:word:0,2820,0,对于,0,2,,对于,,,false,false,false
lp:2820:word:1,2820,1,也,2,3,lpw_658605835b,也,function,false,false,true,true
lp:2820:word:2,2820,2,爱,3,4,lpw_bafe3b2ee7,爱,emotion_social,false,false,false,false
lp:2820:word:3,2820,3,着,4,5,lpw_9e5bf0d2d9,着,function,false,true,true,true
lp:2820:word:4,2820,4,小王子,5,8,lpw_87f2a033cf,小王子,narrative_character,false,true,true,true
lp:2820:word:5,2820,5,的,8,9,lpw_8af2350cfd,的,function,false,true,true,true
lp:2820:word:6,2820,6,你们,9,11,lpw_8a5d477bda,你们,pronoun,false,false,true,true
lp:2821:word:0,2821,0,就像,0,2,lpw_3a1a30dbb2,就像,other,false,false,false,false
lp:2821:word:1,2821,1,对于,2,4,,对于,,,false,false,false
lp:2821:word:2,2821,2,我,4,5,lpw_b70bb4acc0,我,pronoun,false,true,true,true
lp:2821:word:3,2821,3,一样,5,7,lpw_9dc5c0158d,一样,other,false,false,false,true
lp:2822:word:0,2822,0,要是,0,2,lpw_467b2562ed,要是,function,false,false,false,true
lp:2822:word:1,2822,1,在,2,3,lpw_12404a0b63,在,function,false,true,true,true
lp:2822:word:2,2822,2,我们,3,5,lpw_bcacb40df8,我们,pronoun,false,false,false,false
lp:2822:word:3,2822,3,不,5,6,lpw_b02dfe2160,不,negation_modality,false,false,true,true
lp:2822:word:4,2822,4,知道,6,8,lpw_d7b6472b11,知道,cognition,false,false,true,true
lp:2822:word:5,2822,5,的,8,9,lpw_8af2350cfd,的,function,false,true,true,true
lp:2822:word:6,2822,6,哪个,9,11,,哪个,,,false,false,false
lp:2822:word:7,2822,7,地方,11,13,lpw_1462a7d853,地方,other,false,false,false,true
lp:2823:word:0,2823,0,有,0,1,lpw_90ce0f66f0,有,other,false,true,true,true
lp:2823:word:1,2823,1,一只,1,3,lpw_216a478784,一只,time_quantity,false,false,false,false
lp:2823:word:2,2823,2,我们,3,5,lpw_bcacb40df8,我们,pronoun,false,false,false,false
lp:2823:word:3,2823,3,从,5,6,lpw_2719a8ea30,从,function,false,false,false,true
lp:2823:word:4,2823,4,没,6,7,lpw_279e8b3573,没,negation_modality,false,false,true,true
lp:2823:word:5,2823,5,见过,7,9,,见过,,,false,false,false
lp:2823:word:6,2823,6,的,9,10,lpw_8af2350cfd,的,function,false,true,true,true
lp:2823:word:7,2823,7,绵羊,10,12,lpw_238b95ae07,羊,concrete_entity,true,false,false,false
lp:2824:word:0,2824,0,吃掉,0,2,,吃掉,,,false,false,false
lp:2824:word:1,2824,1,了,2,3,lpw_b2dd27e84f,了,function,false,true,true,true
lp:2824:word:2,2824,2,或者,3,5,,或者,,,false,false,false
lp:2824:word:3,2824,3,没有,5,7,lpw_f127804b92,没有,negation_modality,false,false,true,true
lp:2824:word:4,2824,4,吃掉,7,9,,吃掉,,,false,false,false
lp:2824:word:5,2824,5,一朵,9,11,lpw_aebd6fbbd2,一朵,other,false,false,false,true
lp:2824:word:6,2824,6,玫瑰,11,13,lpw_a6664df1ef,玫瑰,narrative_character|concrete_entity,false,false,false,true
lp:2825:word:0,2825,0,整个,0,2,,整个,,,false,false,false
lp:2825:word:1,2825,1,宇宙,2,4,,宇宙,,,false,false,false
lp:2825:word:2,2825,2,就,4,5,lpw_2f9d9872e5,就,function,false,true,true,true
lp:2825:word:3,2825,3,会,5,6,lpw_5ba1e3c0eb,会,negation_modality,false,true,true,true
lp:2825:word:4,2825,4,完全,6,8,,完全,,,false,false,false
lp:2825:word:5,2825,5,不,8,9,lpw_b02dfe2160,不,negation_modality,false,false,true,true
lp:2825:word:6,2825,6,一样,9,11,lpw_9dc5c0158d,一样,other,false,false,false,true
lp:2826:word:0,2826,0,你们,0,2,lpw_8a5d477bda,你们,pronoun,false,false,true,true
lp:2826:word:1,2826,1,望,2,3,lpw_260bd80462,望,other,false,false,false,false
lp:2826:word:2,2826,2,着,3,4,lpw_9e5bf0d2d9,着,function,false,true,true,true
lp:2826:word:3,2826,3,天空,4,6,,天空,,,false,false,false
lp:2827:word:0,2827,0,想,0,1,lpw_df0d251938,想,cognition,false,false,false,true
lp:2827:word:1,2827,1,一想,1,3,,一想,,,false,false,false
lp:2828:word:0,2828,0,绵羊,0,2,lpw_238b95ae07,羊,concrete_entity,true,false,false,false
lp:2828:word:1,2828,1,到底有,2,5,,到底有,,,false,false,false
lp:2828:word:2,2828,2,没有,5,7,lpw_f127804b92,没有,negation_modality,false,false,true,true
lp:2828:word:3,2828,3,吃掉,7,9,,吃掉,,,false,false,false
lp:2828:word:4,2828,4,花儿,9,11,lpw_059ab0f707,花,narrative_character|concrete_entity,false,true,true,true
lp:2829:word:0,2829,0,你们,0,2,lpw_8a5d477bda,你们,pronoun,false,false,true,true
lp:2829:word:1,2829,1,就,2,3,lpw_2f9d9872e5,就,function,false,true,true,true
lp:2829:word:2,2829,2,会,3,4,lpw_5ba1e3c0eb,会,negation_modality,false,true,true,true
lp:2829:word:3,2829,3,看到,4,6,lpw_e9c1d16595,看到,other,false,false,false,false
lp:2829:word:4,2829,4,一切都,6,9,,一切都,,,false,false,false
lp:2829:word:5,2829,5,变,9,10,,变,,,false,false,false
lp:2829:word:6,2829,6,了,10,11,lpw_b2dd27e84f,了,function,false,true,true,true
lp:2829:word:7,2829,7,样,11,12,,样,,,false,false,false
lp:2830:word:0,2830,0,而,0,1,lpw_08e2725ce1,而,function,false,false,false,true
lp:2830:word:1,2830,1,没有,1,3,lpw_f127804b92,没有,negation_modality,false,false,true,true
lp:2830:word:2,2830,2,一个,3,5,lpw_e1dbc1c99f,一个,function|time_quantity,false,true,true,true
lp:2830:word:3,2830,3,大人,5,7,lpw_44dd6014a5,大人,narrative_character,false,false,false,true
lp:2830:word:4,2830,4,懂得,7,9,,懂得,,,false,false,false
lp:2830:word:5,2830,5,这,9,10,lpw_d409ab2ab3,这,pronoun,false,true,true,true
lp:2830:word:6,2830,6,有,10,11,lpw_90ce0f66f0,有,other,false,true,true,true
lp:2830:word:7,2830,7,多,11,12,lpw_1940119f05,多,other,false,false,false,false
lp:2830:word:8,2830,8,重要,12,14,lpw_a8cd9642aa,重要,other,false,false,false,false
lp:2830:word:9,2830,9,呵,14,15,,呵,,,false,false,false
lp:2831:word:0,2831,0,对,0,1,lpw_74570c7270,对,function,false,true,true,true
lp:2831:word:1,2831,1,我,1,2,lpw_b70bb4acc0,我,pronoun,false,true,true,true
lp:2831:word:2,2831,2,来说,2,4,lpw_a0cc5593ee,来说,other,false,false,false,true
lp:2832:word:0,2832,0,这,0,1,lpw_d409ab2ab3,这,pronoun,false,true,true,true
lp:2832:word:1,2832,1,是,1,2,lpw_b5141d3d19,是,function,false,true,true,true
lp:2832:word:2,2832,2,世界上,2,5,,世界上,,,false,false,false
lp:2832:word:3,2832,3,最,5,6,,最,,,false,false,false
lp:2832:word:4,2832,4,美丽,6,8,,美丽,,,false,false,false
lp:2832:word:5,2832,5,最,9,10,,最,,,false,false,false
lp:2832:word:6,2832,6,伤,10,11,,伤,,,false,false,false
lp:2832:word:7,2832,7,感,11,12,,感,,,false,false,false
lp:2832:word:8,2832,8,的,12,13,lpw_8af2350cfd,的,function,false,true,true,true
lp:2832:word:9,2832,9,景色,13,15,,景色,,,false,false,false
lp:2833:word:0,2833,0,它,0,1,lpw_7e9260e925,它,pronoun,false,true,true,true
lp:2833:word:1,2833,1,跟前,1,3,,跟前,,,false,false,false
lp:2833:word:2,2833,2,一,3,4,lpw_51a75f4634,一,other,false,false,true,true
lp:2833:word:3,2833,3,页,4,5,,页,,,false,false,false
lp:2833:word:4,2833,4,上,5,6,lpw_db5ba671d2,上,function,false,true,true,true
lp:2833:word:5,2833,5,画,6,7,lpw_de9f18b00a,画,physical_action,true,false,false,false
lp:2833:word:6,2833,6,的是,7,9,lpw_5e1dc2a833,的是,other,false,false,false,false
lp:2833:word:7,2833,7,同,9,10,,同,,,false,false,false
lp:2833:word:8,2833,8,一个,10,12,lpw_e1dbc1c99f,一个,function|time_quantity,false,true,true,true
lp:2833:word:9,2833,9,景色,12,14,,景色,,,false,false,false
lp:2834:word:0,2834,0,而,0,1,lpw_08e2725ce1,而,function,false,false,false,true
lp:2834:word:1,2834,1,我,1,2,lpw_b70bb4acc0,我,pronoun,false,true,true,true
lp:2834:word:2,2834,2,之所以,2,5,,之所以,,,false,false,false
lp:2834:word:3,2834,3,再,5,6,,再,,,false,false,false
lp:2834:word:4,2834,4,画,6,7,lpw_de9f18b00a,画,physical_action,true,false,false,false
lp:2834:word:5,2834,5,一遍,7,9,,一遍,,,false,false,false
lp:2835:word:0,2835,0,是,0,1,lpw_b5141d3d19,是,function,false,true,true,true
lp:2835:word:1,2835,1,为了,1,3,lpw_2ed64c1d92,为了,other,false,false,false,false
lp:2835:word:2,2835,2,让,3,4,lpw_ad37574404,让,other,false,true,true,true
lp:2835:word:3,2835,3,你们,4,6,lpw_8a5d477bda,你们,pronoun,false,false,true,true
lp:2835:word:4,2835,4,看清,6,8,,看清,,,false,false,false
lp:2835:word:5,2835,5,这,8,9,lpw_d409ab2ab3,这,pronoun,false,true,true,true
lp:2835:word:6,2835,6,景色,9,11,,景色,,,false,false,false
lp:2836:word:0,2836,0,就是,0,2,lpw_88aa006eb3,就是,other,false,false,true,true
lp:2836:word:1,2836,1,在,2,3,lpw_12404a0b63,在,function,false,true,true,true
lp:2836:word:2,2836,2,这儿,3,5,lpw_19a29e87c9,这儿,other,false,false,true,true
lp:2837:word:0,2837,0,小王子,0,3,lpw_87f2a033cf,小王子,narrative_character,false,true,true,true
lp:2837:word:1,2837,1,在,3,4,lpw_12404a0b63,在,function,false,true,true,true
lp:2837:word:2,2837,2,地球,4,6,lpw_eeef861b87,地球,place,false,false,false,true
lp:2837:word:3,2837,3,上,6,7,lpw_db5ba671d2,上,function,false,true,true,true
lp:2837:word:4,2837,4,出现,7,9,,出现,,,false,false,false
lp:2838:word:0,2838,0,而后,0,2,,而后,,,false,false,false
lp:2838:word:1,2838,1,又,2,3,lpw_e71ce5deab,又,function,false,true,true,true
lp:2838:word:2,2838,2,消失,3,5,,消失,,,false,false,false
lp:2839:word:0,2839,0,请,0,1,lpw_88d5840fab,请,other,false,false,false,false
lp:2839:word:1,2839,1,仔细,1,3,,仔细,,,false,false,false
lp:2839:word:2,2839,2,看看,3,5,,看看,,,false,false,false
lp:2839:word:3,2839,3,这,5,6,lpw_d409ab2ab3,这,pronoun,false,true,true,true
lp:2839:word:4,2839,4,景色,6,8,,景色,,,false,false,false
lp:2840:word:0,2840,0,如果有,0,3,,如果有,,,false,false,false
lp:2840:word:1,2840,1,一天,3,5,lpw_5448481f38,一天,time_quantity,false,false,false,false
lp:2840:word:2,2840,2,你们,5,7,lpw_8a5d477bda,你们,pronoun,false,false,true,true
lp:2840:word:3,2840,3,到,7,8,lpw_b56f36b529,到,other,false,false,false,false
lp:2840:word:4,2840,4,非洲,8,10,,非洲,,,false,false,false
lp:2840:word:5,2840,5,沙漠,10,12,lpw_4fbf406572,沙漠,place,false,false,false,true
lp:2840:word:6,2840,6,去,12,13,lpw_99ae21ea6c,去,physical_action,false,false,true,true
lp:2840:word:7,2840,7,旅行,13,15,,旅行,,,false,false,false
lp:2841:word:0,2841,0,就,0,1,lpw_2f9d9872e5,就,function,false,true,true,true
lp:2841:word:1,2841,1,肯定,1,3,,肯定,,,false,false,false
lp:2841:word:2,2841,2,能,3,4,lpw_413c06bcef,能,other,false,false,false,false
lp:2841:word:3,2841,3,认出,4,6,,认出,,,false,false,false
lp:2841:word:4,2841,4,它,6,7,lpw_7e9260e925,它,pronoun,false,true,true,true
lp:2841:word:5,2841,5,来,7,8,lpw_6d8229118c,来,physical_action,false,true,true,true
lp:2842:word:0,2842,0,而,0,1,lpw_08e2725ce1,而,function,false,false,false,true
lp:2842:word:1,2842,1,要是,1,3,lpw_467b2562ed,要是,function,false,false,false,true
lp:2842:word:2,2842,2,你们,3,5,lpw_8a5d477bda,你们,pronoun,false,false,true,true
lp:2842:word:3,2842,3,有,5,6,lpw_90ce0f66f0,有,other,false,true,true,true
lp:2842:word:4,2842,4,机会,6,8,,机会,,,false,false,false
lp:2842:word:5,2842,5,路过,8,10,,路过,,,false,false,false
lp:2842:word:6,2842,6,那儿,10,12,lpw_b4444021ad,那儿,other,false,false,false,false
lp:2843:word:0,2843,0,请,0,1,lpw_88d5840fab,请,other,false,false,false,false
lp:2843:word:1,2843,1,千万,1,3,,千万,,,false,false,false
lp:2843:word:2,2843,2,别,3,4,,别,,,false,false,false
lp:2843:word:3,2843,3,匆匆,4,6,,匆匆,,,false,false,false
lp:2843:word:4,2843,4,走过,6,8,,走过,,,false,false,false
lp:2844:word:0,2844,0,请在,0,2,,请在,,,false,false,false
lp:2844:word:1,2844,1,那颗,2,4,,那颗,,,false,false,false
lp:2844:word:2,2844,2,星星,4,6,lpw_6a9fec7faf,星星,concrete_entity,false,true,true,true
lp:2844:word:3,2844,3,下面,6,8,,下面,,,false,false,false
lp:2844:word:4,2844,4,等,8,9,,等,,,false,false,false
lp:2844:word:5,2844,5,上,9,10,lpw_db5ba671d2,上,function,false,true,true,true
lp:2844:word:6,2844,6,一,10,11,lpw_51a75f4634,一,other,false,false,true,true
lp:2844:word:7,2844,7,会,11,12,lpw_5ba1e3c0eb,会,negation_modality,false,true,true,true
lp:2844:word:8,2844,8,儿,12,13,lpw_1ed5efc3dc,儿,other,false,false,false,false
lp:2845:word:0,2845,0,如果,0,2,lpw_7ca71b72d7,如果,function,false,false,false,false
lp:2845:word:1,2845,1,这时,2,4,,这时,,,false,false,false
lp:2845:word:2,2845,2,有,4,5,lpw_90ce0f66f0,有,other,false,true,true,true
lp:2845:word:3,2845,3,个,5,6,lpw_3a116815bc,个,other,false,false,true,true
lp:2845:word:4,2845,4,孩子,6,8,lpw_5f887419f4,孩子,narrative_character,true,false,false,false
lp:2845:word:5,2845,5,向,8,9,lpw_a2f77db0e9,向,other,false,false,false,false
lp:2845:word:6,2845,6,你们,9,11,lpw_8a5d477bda,你们,pronoun,false,false,true,true
lp:2845:word:7,2845,7,走,11,12,lpw_f66de6c4cd,走,physical_action,false,false,false,false
lp:2845:word:8,2845,8,来,12,13,lpw_6d8229118c,来,physical_action,false,true,true,true
lp:2846:word:0,2846,0,如果,0,2,lpw_7ca71b72d7,如果,function,false,false,false,false
lp:2846:word:1,2846,1,他在,2,4,,他在,,,false,false,false
lp:2846:word:2,2846,2,笑,4,5,lpw_1d8fb5e34e,笑,other,false,false,false,false
lp:2847:word:0,2847,0,如果,0,2,lpw_7ca71b72d7,如果,function,false,false,false,false
lp:2847:word:1,2847,1,他,2,3,lpw_8b7b91e000,他,pronoun,false,true,true,true
lp:2847:word:2,2847,2,的,3,4,lpw_8af2350cfd,的,function,false,true,true,true
lp:2847:word:3,2847,3,头发,4,6,,头发,,,false,false,false
lp:2847:word:4,2847,4,是,6,7,lpw_b5141d3d19,是,function,false,true,true,true
lp:2847:word:5,2847,5,金,7,8,,金,,,false,false,false
lp:2847:word:6,2847,6,黄色,8,10,,黄色,,,false,false,false
lp:2847:word:7,2847,7,的,10,11,lpw_8af2350cfd,的,function,false,true,true,true
lp:2848:word:0,2848,0,如果,0,2,lpw_7ca71b72d7,如果,function,false,false,false,false
lp:2848:word:1,2848,1,问,2,3,lpw_4628c0e06f,问,speech,false,false,true,true
lp:2848:word:2,2848,2,他,3,4,lpw_8b7b91e000,他,pronoun,false,true,true,true
lp:2848:word:3,2848,3,而,4,5,lpw_08e2725ce1,而,function,false,false,false,true
lp:2848:word:4,2848,4,他不,5,7,,他不,,,false,false,false
lp:2848:word:5,2848,5,回答,7,9,lpw_f3f5126487,回答,speech,false,false,true,true
lp:2849:word:0,2849,0,你们,0,2,lpw_8a5d477bda,你们,pronoun,false,false,true,true
lp:2849:word:1,2849,1,一定能,2,5,,一定能,,,false,false,false
lp:2849:word:2,2849,2,猜到,5,7,,猜到,,,false,false,false
lp:2849:word:3,2849,3,他是,7,9,,他是,,,false,false,false
lp:2849:word:4,2849,4,谁,9,10,lpw_056b9c6262,谁,pronoun|interrogative,false,false,false,false
lp:2849:word:5,2849,5,了,10,11,lpw_b2dd27e84f,了,function,false,true,true,true
lp:2850:word:0,2850,0,那么,0,2,lpw_a61f02e145,那么,function,false,false,false,true
lp:2850:word:1,2850,1,就,2,3,lpw_2f9d9872e5,就,function,false,true,true,true
lp:2850:word:2,2850,2,请,3,4,lpw_88d5840fab,请,other,false,false,false,false
lp:2850:word:3,2850,3,你们,4,6,lpw_8a5d477bda,你们,pronoun,false,false,true,true
lp:2850:word:4,2850,4,做,6,7,lpw_94f5404441,做,other,false,false,false,false
lp:2850:word:5,2850,5,件,7,8,,件,,,false,false,false
lp:2850:word:6,2850,6,好事,8,10,,好事,,,false,false,false
lp:2850:word:7,2850,7,吧,10,11,lpw_bad8b6c7ae,吧,function,false,false,false,true
lp:2851:word:0,2851,0,请,0,1,lpw_88d5840fab,请,other,false,false,false,false
lp:2851:word:1,2851,1,别,1,2,,别,,,false,false,false
lp:2851:word:2,2851,2,让,2,3,lpw_ad37574404,让,other,false,true,true,true
lp:2851:word:3,2851,3,我再,3,5,,我再,,,false,false,false
lp:2851:word:4,2851,4,这么,5,7,lpw_7677ca84c6,这么,other,false,false,false,true
lp:2851:word:5,2851,5,忧伤,7,9,,忧伤,,,false,false,false
lp:2852:word:0,2852,0,赶快,0,2,,赶快,,,false,false,false
lp:2852:word:1,2852,1,写信,2,4,,写信,,,false,false,false
lp:2852:word:2,2852,2,告诉,4,6,,告诉,,,false,false,false
lp:2852:word:3,2852,3,我,6,7,lpw_b70bb4acc0,我,pronoun,false,true,true,true
